Economy_Label,Quarter_Label,Albania_Index_Value,Algeria_Index_Value,American Samoa_Index_Value,Angola_Index_Value,Anguilla_Index_Value,Antigua and Barbuda_Index_Value,Argentina_Index_Value,Aruba_Index_Value,Australia_Index_Value,Bahamas_Index_Value,Bahrain_Index_Value,Bangladesh_Index_Value,Barbados_Index_Value,Belgium_Index_Value,Belize_Index_Value,Benin_Index_Value,Bermuda_Index_Value,"Bonaire, Sint Eustatius and Saba_Index_Value",Brazil_Index_Value,British Virgin Islands_Index_Value,Brunei Darussalam_Index_Value,Bulgaria_Index_Value,Cabo Verde_Index_Value,Cambodia_Index_Value,Cameroon_Index_Value,Canada_Index_Value,Cayman Islands_Index_Value,Chile_Index_Value,China_Index_Value,"China, Hong Kong SAR_Index_Value","China, Taiwan Province of_Index_Value",Christmas Island_Index_Value,Cocos (Keeling) Islands_Index_Value,Colombia_Index_Value,Comoros_Index_Value,Congo_Index_Value,Cook Islands_Index_Value,Costa Rica_Index_Value,Cote d'Ivoire_Index_Value,Croatia_Index_Value,Cuba_Index_Value,Curacao_Index_Value,Cyprus_Index_Value,Dem. People's Rep. of Korea_Index_Value,Dem. Rep. of the Congo_Index_Value,Denmark_Index_Value,Djibouti_Index_Value,Dominica_Index_Value,Dominican Republic_Index_Value,Ecuador_Index_Value,Egypt_Index_Value,El Salvador_Index_Value,Equatorial Guinea_Index_Value,Eritrea_Index_Value,Estonia_Index_Value,Falkland Islands (Malvinas)_Index_Value,Faroe Islands_Index_Value,Fiji_Index_Value,Finland_Index_Value,France_Index_Value,French Guiana_Index_Value,French Polynesia_Index_Value,Gabon_Index_Value,Gambia_Index_Value,Georgia_Index_Value,Germany_Index_Value,Ghana_Index_Value,Gibraltar_Index_Value,Greece_Index_Value,Greenland_Index_Value,Grenada_Index_Value,Guadeloupe_Index_Value,Guam_Index_Value,Guatemala_Index_Value,Guernsey_Index_Value,Guinea_Index_Value,Guinea-Bissau_Index_Value,Guyana_Index_Value,Haiti_Index_Value,Honduras_Index_Value,Iceland_Index_Value,India_Index_Value,Indonesia_Index_Value,Iran (Islamic Republic of)_Index_Value,Iraq_Index_Value,Ireland_Index_Value,Israel_Index_Value,Italy_Index_Value,Jamaica_Index_Value,Japan_Index_Value,Jersey_Index_Value,Jordan_Index_Value,Kenya_Index_Value,Kiribati_Index_Value,Kuwait_Index_Value,Latvia_Index_Value,Lebanon_Index_Value,Liberia_Index_Value,Libya_Index_Value,Lithuania_Index_Value,Madagascar_Index_Value,Malaysia_Index_Value,Maldives_Index_Value,Malta_Index_Value,Marshall Islands_Index_Value,Martinique_Index_Value,Mauritania_Index_Value,Mauritius_Index_Value,Mayotte_Index_Value,Mexico_Index_Value,Micronesia (Federated States of)_Index_Value,Montenegro_Index_Value,Montserrat_Index_Value,Morocco_Index_Value,Mozambique_Index_Value,Myanmar_Index_Value,Namibia_Index_Value,Nauru_Index_Value,Netherlands (Kingdom of the)_Index_Value,Netherlands Antilles_Index_Value,New Caledonia_Index_Value,New Zealand_Index_Value,Nicaragua_Index_Value,Nigeria_Index_Value,Niue_Index_Value,Norfolk Island_Index_Value,Northern Mariana Islands_Index_Value,Norway_Index_Value,Oman_Index_Value,Pakistan_Index_Value,Palau_Index_Value,Panama_Index_Value,Papua New Guinea_Index_Value,Paraguay_Index_Value,Peru_Index_Value,Philippines_Index_Value,Poland_Index_Value,Portugal_Index_Value,Puerto Rico_Index_Value,Qatar_Index_Value,Republic of Korea_Index_Value,Republic of Moldova_Index_Value,Reunion_Index_Value,Romania_Index_Value,Russian Federation_Index_Value,Saint Helena_Index_Value,Saint Kitts and Nevis_Index_Value,Saint Lucia_Index_Value,Saint Pierre and Miquelon_Index_Value,Saint Vincent and the Grenadines_Index_Value,Samoa_Index_Value,Sao Tome and Principe_Index_Value,Saudi Arabia_Index_Value,Senegal_Index_Value,Serbia and Montenegro_Index_Value,Seychelles_Index_Value,Sierra Leone_Index_Value,Singapore_Index_Value,Sint Maarten (Dutch part)_Index_Value,Slovenia_Index_Value,Solomon Islands_Index_Value,Somalia_Index_Value,South Africa_Index_Value,Spain_Index_Value,Sri Lanka_Index_Value,Sudan_Index_Value,Sudan (...2011)_Index_Value,Suriname_Index_Value,Sweden_Index_Value,Syrian Arab Republic_Index_Value,Thailand_Index_Value,Timor-Leste_Index_Value,Togo_Index_Value,Tonga_Index_Value,Trinidad and Tobago_Index_Value,Tunisia_Index_Value,Turkiye_Index_Value,Turks and Caicos Islands_Index_Value,Tuvalu_Index_Value,Ukraine_Index_Value,United Arab Emirates_Index_Value,United Kingdom_Index_Value,United Republic of Tanzania_Index_Value,United States_Index_Value,United States Virgin Islands_Index_Value,Uruguay_Index_Value,Vanuatu_Index_Value,Venezuela (Bolivarian Rep. of)_Index_Value,Viet Nam_Index_Value,Wallis and Futuna Islands_Index_Value,Yemen_Index_Value
"Albania","Q1 2016",,0.18,0.1,0.18,0.09,0.09,0.18,0.17,0.19,0.18,0.17,0.1,0.1,0.21,0.1,0.18,0.08,0.1,0.18,0.09,0.09,0.16,0.16,0.1,0.18,0.19,0.08,0.18,0.21,0.19,0.19,,,0.19,0.1,0.18,0.02,0.18,0.18,0.25,0.17,0.17,0.25,,0.1,0.17,0.18,0.1,0.19,0.18,0.2,0.09,0.17,0.08,0.1,,0.09,0.1,0.18,0.21,0.16,0.1,0.18,0.17,0.16,0.2,0.18,0.15,0.19,0.08,0.11,0.18,0.1,0.18,,0.17,0.16,0.1,0.1,0.1,0.1,0.19,0.17,0.18,0.09,0.17,0.25,0.28,0.19,0.19,,0.18,0.18,0.1,0.09,0.1,0.19,0.16,0.18,0.1,0.1,0.2,0.09,0.26,0.1,0.17,0.16,0.18,0.1,0.19,0.08,0.23,0.09,0.2,0.17,0.1,0.17,0.08,0.2,,0.11,0.11,0.09,0.19,,0.07,0.09,0.17,0.19,0.19,,0.19,0.1,0.07,0.18,0.1,0.17,0.19,0.1,0.17,0.2,0.07,0.18,0.18,0.2,,0.1,0.11,,0.11,0.1,0.09,0.19,0.17,,0.1,0.17,0.2,0.18,0.25,0.1,0.09,0.19,0.28,0.19,0.1,,0.11,0.18,0.17,0.18,0.08,0.18,0.1,0.18,0.24,0.2,,0.02,0.18,0.19,0.21,0.18,0.21,0.1,0.17,0.1,0.18,0.19,0.02,0.1
"Albania","Q1 2017",,0.18,0.1,0.11,0.1,0.09,0.18,0.1,0.19,0.19,0.1,0.1,0.11,0.21,0.1,0.18,0.08,0.09,0.18,0.1,0.1,0.17,0.09,0.1,0.18,0.19,0.08,0.18,0.21,0.2,0.2,0.07,,0.2,0.09,0.11,0.01,0.18,0.18,0.25,0.17,0.1,0.18,,0.1,0.11,0.18,0.1,0.19,0.18,0.27,0.1,0.17,0.08,0.1,,0.09,0.11,0.18,0.2,0.1,0.11,0.18,0.1,0.17,0.2,0.18,0.15,0.19,0.01,0.1,0.18,0.1,0.19,,0.11,0.09,0.11,0.11,0.11,0.09,0.2,0.18,0.18,0.1,0.18,0.26,0.27,0.19,0.2,,0.18,0.18,0.1,0.1,0.1,0.19,0.1,0.17,0.1,0.1,0.2,0.1,0.26,0.1,0.18,0.1,0.18,0.1,0.19,0.08,0.23,0.09,0.2,0.18,0.1,0.11,0.01,0.2,,0.11,0.11,0.1,0.18,,0.01,0.1,0.1,0.2,0.19,0.09,0.2,0.11,0.07,0.18,0.11,0.11,0.19,0.11,0.11,0.21,0.07,0.18,0.18,0.2,,0.1,0.1,,0.11,0.1,0.1,0.2,0.18,,0.1,0.1,0.21,0.11,0.25,0.11,0.1,0.19,0.21,0.19,0.17,,0.1,0.18,0.18,0.19,0.08,0.18,0.1,0.11,0.17,0.2,,0.01,0.18,0.2,0.21,0.18,0.21,0.1,0.18,0.1,0.18,0.19,0.01,0.09
"Albania","Q1 2018",,0.17,0.1,0.1,0.09,0.1,0.17,0.1,0.17,0.17,0.09,0.09,0.1,0.19,0.1,0.17,0.08,0.09,0.18,0.1,0.09,0.16,0.09,0.09,0.17,0.18,0.08,0.17,0.2,0.18,0.18,0.07,,0.18,0.09,0.1,0.01,0.17,0.17,0.24,0.17,0.1,0.17,,0.08,0.1,0.17,0.09,0.18,0.17,0.19,0.1,0.17,0.08,0.09,,0.09,0.1,0.16,0.19,0.09,0.1,0.17,0.09,0.16,0.19,0.17,0.15,0.18,0.01,0.1,0.17,0.09,0.17,,0.1,0.09,0.1,0.1,0.1,0.09,0.18,0.17,0.17,0.17,0.17,0.24,0.26,0.18,0.18,,0.17,0.17,0.09,0.09,0.09,0.17,0.09,0.17,0.09,0.09,0.19,0.09,0.25,0.1,0.17,0.1,0.17,0.09,0.18,0.08,0.22,0.09,0.19,0.17,0.09,0.1,0.01,0.19,,0.1,0.1,0.09,0.17,,0.07,0.09,0.09,0.19,0.18,0.08,0.18,0.1,0.07,0.17,0.1,0.1,0.18,0.1,0.17,0.19,0.07,0.17,0.17,0.18,,0.1,0.1,,0.1,0.1,0.09,0.19,0.17,,0.09,0.1,0.19,0.1,0.24,0.1,0.09,0.18,0.19,0.18,0.09,,0.1,0.17,0.17,0.17,0.08,0.17,0.1,0.1,0.16,0.19,,0.01,0.17,0.18,0.19,0.17,0.2,0.09,0.17,0.1,0.1,0.18,0.01,0.09
"Albania","Q1 2019",,0.24,0.09,0.17,0.09,0.09,0.17,0.16,0.18,0.17,0.09,0.09,0.1,0.2,0.09,0.17,0.07,0.09,0.18,0.1,0.09,0.16,0.16,0.09,0.17,0.18,0.08,0.17,0.2,0.18,0.19,0.08,,0.19,0.09,0.17,0.02,0.17,0.17,0.17,0.17,0.16,0.17,,0.16,0.1,0.18,0.1,0.18,0.18,0.19,0.09,0.17,0.08,0.09,,0.09,0.1,0.09,0.2,0.16,0.1,0.17,0.16,0.16,0.2,0.17,0.15,0.25,0.01,0.1,0.17,0.09,0.17,,0.17,0.15,0.17,0.1,0.1,0.09,0.19,0.17,0.17,0.09,0.17,0.18,0.27,0.18,0.18,,0.17,0.17,0.01,0.09,0.09,0.18,0.16,0.24,0.17,0.09,0.19,0.09,0.26,0.09,0.17,0.16,0.17,0.09,0.18,0.09,0.16,0.09,0.2,0.17,0.09,0.17,0.08,0.2,,0.1,0.1,0.09,0.17,,0,0.09,0.17,0.18,0.18,0.08,0.18,0.1,0.08,0.18,0.1,0.17,0.19,0.1,0.18,0.2,0.07,0.17,0.17,0.19,,0.1,0.1,,0.1,0.09,0.09,0.19,0.17,,0.09,0.16,0.2,0.17,0.17,0.1,0.09,0.18,0.27,0.19,0.09,,0.17,0.17,0.17,0.17,0.08,0.17,0.09,0.17,0.24,0.26,0.07,0.01,0.18,0.19,0.2,0.17,0.2,0.09,0.17,0.09,0.17,0.18,0.01,0.08
"Albania","Q1 2020",,0.25,0.1,0.19,0.09,0.1,0.18,0.18,0.19,0.19,0.1,0.11,0.1,0.22,0.11,0.19,0.08,0.09,0.19,0.1,0.1,0.18,0.16,0.1,0.18,0.2,0.08,0.11,0.22,0.2,0.21,0.08,,0.2,0.1,0.18,0.02,0.19,0.19,0.25,0.18,0.18,0.19,,0.16,0.11,0.19,0.1,0.2,0.19,0.21,0.11,0.18,0.09,0.11,,0.09,0.11,0.11,0.22,0.17,0.11,0.18,0.17,0.17,0.21,0.19,0.15,0.27,0.01,0.1,0.19,0.11,0.19,,0.18,0.16,0.1,0.11,0.11,0.1,0.2,0.18,0.18,0.11,0.18,0.2,0.28,0.2,0.2,,0.18,0.19,0.1,0.11,0.18,0.2,0.18,0.26,0.11,0.11,0.21,0.1,0.21,0.1,0.19,0.17,0.19,0.11,0.2,0.09,0.24,0.09,0.21,0.19,0.1,0.18,0.01,0.21,,0.11,0.12,0.1,0.19,,0,0.1,0.17,0.2,0.19,0.09,0.2,0.11,0.08,0.12,0.11,0.19,0.2,0.11,0.19,0.21,0.07,0.19,0.19,0.2,,0.1,0.1,,0.1,0.1,0.09,0.21,0.18,,0.11,0.17,0.21,0.18,0.26,0.11,0.11,0.2,0.28,0.2,0.1,,0.1,0.18,0.18,0.19,0.08,0.19,0.09,0.19,0.17,0.27,0.07,0.01,0.19,0.21,0.22,0.19,0.22,0.1,0.19,0.1,0.11,0.19,0.01,0.1
"Albania","Q1 2021",,0.25,0.1,0.17,0.09,0.09,0.17,0.17,0.18,0.18,0.09,0.09,0.17,0.2,0.09,0.17,0.08,0.09,0.18,0.1,0.09,0.17,0.15,0.09,0.17,0.18,0.08,0.1,0.2,0.19,0.19,0.08,,0.19,0.09,0.17,0.02,0.17,0.17,0.24,0.17,0.17,0.17,,0.16,0.1,0.18,0.1,0.18,0.18,0.19,0.09,0.17,0.09,0.09,,0.09,0.1,0.1,0.2,0.16,0.1,0.17,0.16,0.16,0.2,0.18,0.15,0.26,0.09,0.1,0.18,0.09,0.17,,0.16,0.15,0.17,0.09,0.1,0.09,0.19,0.1,0.09,0.1,0.17,0.18,0.27,0.18,0.11,,0.17,0.17,0.09,0.09,0.09,0.18,0.16,0.24,0.09,0.09,0.2,0.09,0.19,0.1,0.17,0.16,0.1,0.09,0.18,0.09,0.23,0.09,0.19,0.18,0.09,0.17,,0.2,,0.1,0.11,0.1,0.18,0.01,0,0.09,0.17,0.18,0.18,0.08,0.19,0.1,0.08,0.1,0.1,0.18,0.19,0.1,0.18,0.2,0.07,0.17,0.17,0.19,,0.1,0.1,,0.1,0.1,0.09,0.19,0.17,,0.1,0.16,0.2,0.17,0.18,0.1,0.1,0.18,0.27,0.19,0.08,,0.17,0.17,0.17,0.17,0.08,0.17,0.1,0.17,0.17,0.25,0.07,0.01,0.18,0.19,0.2,0.17,0.2,0.1,0.17,0.1,0.1,0.17,,0.09
"Algeria","Q1 2016",0.18,,0.19,0.24,0.18,0.18,0.24,0.21,0.25,0.23,0.21,0.13,0.2,0.37,0.2,0.23,0.15,0.19,0.25,0.17,0.12,0.19,0.18,0.13,0.22,0.26,0.15,0.24,0.29,0.27,0.27,,,0.34,0.18,0.22,0.09,0.25,0.23,0.23,0.21,0.21,0.23,,0.19,0.23,0.25,0.19,0.34,0.25,0.35,0.19,0.19,0.09,0.2,,0.17,0.2,0.23,0.36,0.18,0.21,0.22,0.2,0.18,0.36,0.24,0.16,0.32,0.08,0.21,0.22,0.19,0.32,,0.22,0.18,0.22,0.21,0.23,0.18,0.26,0.22,0.23,0.12,0.22,0.25,0.36,0.26,0.26,,0.23,0.21,0.11,0.2,0.2,0.33,0.18,0.3,0.2,0.2,0.28,0.11,0.34,0.11,0.2,0.18,0.23,0.19,0.34,0.09,0.17,0.17,0.35,0.21,0.13,0.22,0.09,0.36,,0.22,0.23,0.19,0.25,,0.08,0.1,0.21,0.26,0.25,,0.34,0.13,0.08,0.24,0.15,0.23,0.33,0.21,0.21,0.29,0.14,0.22,0.29,0.27,,0.18,0.21,,0.21,0.19,0.18,0.26,0.23,,0.12,0.2,0.28,0.21,0.23,0.13,0.11,0.26,0.37,0.25,0.2,,0.22,0.23,0.21,0.24,0.09,0.24,0.12,0.24,0.28,0.34,,0.09,0.24,0.27,0.36,0.21,0.36,0.18,0.23,0.12,0.3,0.25,0.09,0.19
"Algeria","Q1 2017",0.18,,0.19,0.23,0.19,0.18,0.24,0.19,0.25,0.23,0.2,0.13,0.22,0.36,0.21,0.23,0.15,0.17,0.25,0.19,0.12,0.2,0.17,0.13,0.23,0.26,0.16,0.24,0.29,0.27,0.26,0.08,,0.34,0.17,0.22,0.09,0.25,0.23,0.22,0.21,0.19,0.23,,0.19,0.22,0.24,0.19,0.34,0.25,0.35,0.2,0.21,0.09,0.2,,0.17,0.2,0.21,0.35,0.18,0.21,0.22,0.19,0.18,0.36,0.24,0.16,0.32,0.08,0.19,0.23,0.19,0.32,,0.2,0.17,0.21,0.21,0.23,0.18,0.26,0.22,0.23,0.13,0.22,0.25,0.36,0.26,0.26,,0.23,0.21,0.11,0.11,0.19,0.33,0.18,0.29,0.19,0.19,0.27,0.11,0.34,0.12,0.22,0.19,0.21,0.18,0.33,0.09,0.17,0.18,0.35,0.2,0.13,0.21,0.08,0.35,,0.22,0.23,0.19,0.24,,0.08,0.12,0.21,0.26,0.24,0.1,0.34,0.13,0.08,0.25,0.15,0.23,0.33,0.22,0.21,0.28,0.14,0.21,0.28,0.27,,0.19,0.2,,0.21,0.18,0.18,0.26,0.23,,0.11,0.19,0.28,0.22,0.23,0.13,0.11,0.25,0.36,0.26,0.18,,0.21,0.23,0.28,0.23,0.09,0.23,0.19,0.23,0.26,0.34,,0.09,0.23,0.26,0.36,0.21,0.36,0.18,0.24,0.12,0.3,0.24,0.09,0.1
"Algeria","Q1 2018",0.17,,0.12,0.22,0.11,0.11,0.23,0.19,0.23,0.21,0.12,0.13,0.2,0.34,0.19,0.23,0.08,0.1,0.23,0.11,0.1,0.19,0.19,0.12,0.21,0.24,0.08,0.23,0.27,0.25,0.25,0.08,,0.25,0.17,0.22,0.09,0.23,0.22,0.21,0.19,0.19,0.22,,0.1,0.21,0.24,0.11,0.25,0.23,0.32,0.12,0.2,0.08,0.19,,0.17,0.13,0.21,0.33,0.18,0.2,0.2,0.19,0.18,0.33,0.22,0.16,0.32,0.08,0.11,0.21,0.11,0.23,,0.2,0.17,0.2,0.12,0.21,0.18,0.25,0.22,0.22,0.21,0.22,0.24,0.34,0.24,0.24,,0.23,0.2,0.11,0.12,0.19,0.31,0.18,0.29,0.2,0.18,0.26,0.11,0.32,0.11,0.21,0.2,0.2,0.18,0.24,0.08,0.16,0.1,0.33,0.2,0.13,0.2,0.01,0.33,,0.2,0.22,0.12,0.22,,0.08,0.11,0.19,0.25,0.24,0.09,0.25,0.12,0.08,0.23,0.14,0.22,0.31,0.19,0.21,0.26,0.14,0.22,0.28,0.26,,0.12,0.19,,0.19,0.11,0.17,0.25,0.22,,0.11,0.19,0.27,0.21,0.22,0.12,0.1,0.24,0.34,0.25,0.11,,0.2,0.23,0.21,0.23,0.09,0.22,0.12,0.21,0.26,0.32,,0.02,0.29,0.26,0.33,0.2,0.27,0.11,0.23,0.11,0.2,0.23,0.02,0.09
"Algeria","Q1 2019",0.24,,0.12,0.21,0.1,0.1,0.22,0.19,0.23,0.21,0.12,0.12,0.19,0.33,0.18,0.22,0.08,0.1,0.23,0.11,0.11,0.19,0.18,0.12,0.21,0.23,0.08,0.22,0.26,0.24,0.24,0.08,,0.24,0.18,0.2,0.09,0.22,0.22,0.2,0.19,0.19,0.22,,0.18,0.21,0.23,0.18,0.24,0.22,0.31,0.12,0.2,0.09,0.19,,0.17,0.13,0.2,0.33,0.18,0.19,0.2,0.17,0.18,0.32,0.22,0.16,0.31,0.08,0.18,0.2,0.11,0.22,,0.2,0.17,0.2,0.12,0.21,0.18,0.24,0.2,0.21,0.13,0.21,0.23,0.33,0.23,0.23,,0.21,0.2,0.02,0.12,0.2,0.3,0.18,0.29,0.21,0.18,0.26,0.11,0.31,0.1,0.2,0.19,0.21,0.18,0.24,0.1,0.16,0.1,0.32,0.19,0.12,0.2,0.08,0.33,,0.2,0.21,0.11,0.22,,0.07,0.1,0.2,0.24,0.23,0.09,0.24,0.12,0.08,0.23,0.13,0.22,0.31,0.19,0.22,0.26,0.14,0.2,0.28,0.24,,0.12,0.18,,0.18,0.12,0.18,0.25,0.21,,0.11,0.18,0.26,0.2,0.21,0.12,0.11,0.23,0.33,0.24,0.11,,0.2,0.22,0.21,0.22,0.09,0.21,0.12,0.21,0.26,0.32,0.08,0.02,0.22,0.25,0.33,0.21,0.26,0.11,0.22,0.11,0.2,0.23,0.02,0.1
"Algeria","Q1 2020",0.25,,0.12,0.22,0.1,0.11,0.22,0.19,0.24,0.21,0.11,0.13,0.19,0.34,0.19,0.22,0.08,0.1,0.23,0.11,0.11,0.19,0.16,0.12,0.21,0.25,0.08,0.22,0.28,0.25,0.26,0.08,,0.26,0.18,0.21,0.09,0.23,0.23,0.27,0.18,0.19,0.23,,0.18,0.21,0.23,0.19,0.25,0.23,0.33,0.12,0.2,0.1,0.19,,0.17,0.13,0.21,0.34,0.18,0.2,0.21,0.17,0.18,0.33,0.23,0.17,0.33,0.08,0.19,0.21,0.11,0.23,,0.2,0.16,0.2,0.12,0.14,0.18,0.26,0.22,0.19,0.14,0.21,0.25,0.35,0.24,0.24,,0.22,0.21,0.11,0.13,0.19,0.31,0.18,0.3,0.2,0.19,0.27,0.11,0.32,0.11,0.2,0.19,0.21,0.18,0.25,0.1,0.25,0.1,0.34,0.2,0.13,0.2,0.01,0.34,,0.2,0.22,0.11,0.23,,0.07,0.11,0.2,0.26,0.24,0.09,0.25,0.12,0.08,0.23,0.14,0.22,0.32,0.19,0.23,0.28,0.14,0.21,0.28,0.25,,0.11,0.18,,0.19,0.12,0.17,0.26,0.21,,0.12,0.17,0.28,0.21,0.29,0.12,0.12,0.24,0.35,0.25,0.11,,0.2,0.22,0.22,0.23,0.09,0.22,0.11,0.22,0.25,0.33,0.08,0.02,0.23,0.26,0.34,0.21,0.28,0.11,0.23,0.12,0.2,0.23,0.02,0.11
"Algeria","Q1 2021",0.25,,0.12,0.21,0.1,0.11,0.23,0.19,0.24,0.22,0.12,0.14,0.2,0.34,0.18,0.22,0.08,0.1,0.23,0.11,0.11,0.19,0.16,0.13,0.22,0.25,0.08,0.22,0.28,0.26,0.26,0.08,,0.26,0.11,0.21,0.09,0.24,0.23,0.28,0.19,0.19,0.22,,0.18,0.22,0.22,0.18,0.25,0.24,0.33,0.12,0.2,0.1,0.2,,0.18,0.13,0.21,0.34,0.18,0.2,0.2,0.18,0.18,0.34,0.23,0.16,0.33,0.1,0.18,0.22,0.11,0.23,,0.18,0.16,0.2,0.12,0.14,0.18,0.26,0.14,0.12,0.14,0.21,0.25,0.34,0.23,0.24,,0.23,0.21,0.11,0.12,0.19,0.31,0.18,0.29,0.2,0.11,0.28,0.11,0.32,0.11,0.21,0.19,0.12,0.11,0.26,0.1,0.25,0.1,0.33,0.22,0.13,0.2,,0.34,,0.2,0.23,0.2,0.23,0.09,0.07,0.11,0.2,0.25,0.25,0.09,0.26,0.13,0.08,0.23,0.14,0.3,0.32,0.2,0.23,0.28,0.07,0.2,0.22,0.25,,0.11,0.18,,0.18,0.12,0.17,0.27,0.22,,0.12,0.18,0.28,0.21,0.28,0.12,0.19,0.24,0.35,0.26,0.11,,0.2,0.22,0.22,0.24,0.09,0.22,0.12,0.22,0.25,0.33,0.08,0.01,0.23,0.26,0.28,0.21,0.28,0.11,0.23,0.12,0.13,0.23,,0.1
"American Samoa","Q1 2016",0.1,0.19,,0.2,0.17,0.17,0.19,0.18,0.29,0.2,0.19,0.18,0.18,0.24,0.18,0.2,0.15,0.18,0.2,0.16,0.17,0.1,0.1,0.18,0.19,0.21,0.15,0.2,0.31,0.22,0.3,,,0.22,0.1,0.19,0.23,0.19,0.19,0.19,0.18,0.18,0.11,,0.11,0.19,0.2,0.18,0.21,0.2,0.22,0.17,0.17,0.08,0.11,,0.1,0.28,0.19,0.24,0.1,0.27,0.19,0.11,0.1,0.23,0.2,0.09,0.2,0.08,0.19,0.19,0.19,0.2,,0.12,0.1,0.19,0.19,0.18,0.17,0.22,0.2,0.2,0.1,0.11,0.2,0.23,0.22,0.3,,0.19,0.19,0.26,0.17,0.11,0.2,0.17,0.12,0.11,0.11,0.23,0.1,0.21,0.26,0.11,0.1,0.2,0.11,0.21,0.16,0.1,0.16,0.21,0.18,0.18,0.19,0.16,0.23,,0.28,0.29,0.17,0.2,,0.14,0.17,0.19,0.21,0.2,,0.22,0.2,0.08,0.2,0.2,0.19,0.21,0.18,0.18,0.31,0.07,0.19,0.19,0.21,,0.18,0.19,,0.19,0.28,0.1,0.21,0.19,,0.11,0.11,0.23,0.19,0.19,0.28,0.1,0.21,0.23,0.21,0.18,,0.19,0.19,0.11,0.21,0.16,0.2,0.28,0.2,0.11,0.2,,0.17,0.19,0.21,0.24,0.19,0.31,0.18,0.19,0.27,0.19,0.21,0.17,0.18
"American Samoa","Q1 2017",0.1,0.19,,0.2,0.17,0.17,0.2,0.18,0.29,0.2,0.11,0.18,0.19,0.24,0.18,0.2,0.15,0.16,0.2,0.17,0.17,0.11,0.1,0.18,0.2,0.22,0.15,0.2,0.31,0.22,0.3,0.15,,0.23,0.1,0.19,0.16,0.19,0.19,0.19,0.18,0.18,0.11,,0.11,0.19,0.2,0.17,0.21,0.2,0.22,0.18,0.18,0.08,0.11,,0.1,0.28,0.11,0.24,0.1,0.27,0.19,0.11,0.1,0.23,0.2,0.08,0.2,0.08,0.18,0.19,0.2,0.2,,0.11,0.09,0.19,0.19,0.19,0.17,0.22,0.2,0.19,0.18,0.11,0.2,0.23,0.22,0.3,,0.19,0.19,0.25,0.11,0.11,0.2,0.1,0.11,0.11,0.18,0.23,0.1,0.21,0.26,0.19,0.11,0.2,0.1,0.21,0.16,0.09,0.17,0.22,0.18,0.18,0.19,0.15,0.23,,0.28,0.28,0.17,0.2,,0.14,0.19,0.18,0.21,0.2,0.16,0.22,0.2,0.08,0.21,0.2,0.2,0.21,0.18,0.18,0.31,0.07,0.19,0.18,0.21,,0.18,0.18,,0.19,0.27,0.1,0.21,0.19,,0.11,0.11,0.23,0.19,0.19,0.27,0.11,0.21,0.23,0.21,0.11,,0.18,0.19,0.11,0.21,0.16,0.2,0.28,0.2,0.1,0.21,,0.15,0.19,0.21,0.24,0.19,0.31,0.17,0.19,0.27,0.19,0.2,0.15,0.1
"American Samoa","Q1 2018",0.1,0.12,,0.2,0.17,0.17,0.2,0.18,0.29,0.2,0.18,0.18,0.19,0.24,0.18,0.2,0.15,0.17,0.2,0.18,0.17,0.11,0.11,0.18,0.19,0.22,0.15,0.2,0.31,0.23,0.3,0.15,,0.22,0.1,0.19,0.16,0.19,0.19,0.19,0.18,0.18,0.12,,0.09,0.19,0.2,0.17,0.21,0.2,0.22,0.18,0.18,0.08,0.11,,0.1,0.28,0.11,0.24,0.11,0.27,0.19,0.11,0.1,0.23,0.2,0.08,0.21,0.08,0.18,0.19,0.18,0.2,,0.12,0.1,0.19,0.18,0.19,0.17,0.21,0.2,0.19,0.19,0.12,0.2,0.23,0.21,0.3,,0.19,0.19,0.25,0.11,0.11,0.2,0.1,0.12,0.11,0.11,0.23,0.1,0.21,0.26,0.19,0.18,0.19,0.11,0.21,0.16,0.09,0.17,0.22,0.19,0.18,0.19,0.15,0.24,,0.28,0.28,0.18,0.2,,0.15,0.18,0.11,0.21,0.2,0.16,0.22,0.2,0.08,0.21,0.2,0.19,0.21,0.19,0.19,0.31,0.07,0.19,0.19,0.21,,0.18,0.18,,0.18,0.27,0.1,0.21,0.2,,0.11,0.11,0.24,0.2,0.19,0.28,0.1,0.21,0.23,0.22,0.11,,0.19,0.19,0.11,0.22,0.16,0.2,0.28,0.19,0.1,0.21,,0.15,0.2,0.22,0.24,0.19,0.31,0.18,0.2,0.27,0.19,0.21,0.15,0.09
"American Samoa","Q1 2019",0.09,0.12,,0.2,0.17,0.17,0.2,0.18,0.29,0.2,0.19,0.18,0.19,0.23,0.18,0.2,0.15,0.16,0.2,0.17,0.18,0.11,0.11,0.18,0.2,0.21,0.15,0.2,0.31,0.22,0.3,0.15,,0.22,0.11,0.19,0.16,0.19,0.19,0.19,0.18,0.18,0.12,,0.1,0.19,0.2,0.17,0.21,0.2,0.21,0.18,0.19,0.09,0.11,,0.09,0.28,0.11,0.23,0.1,0.28,0.19,0.1,0.1,0.22,0.2,0.08,0.21,0.08,0.17,0.19,0.18,0.2,,0.11,0.09,0.19,0.19,0.19,0.17,0.21,0.2,0.19,0.19,0.12,0.2,0.23,0.21,0.29,,0.19,0.19,0.15,0.18,0.11,0.19,0.1,0.12,0.19,0.11,0.23,0.1,0.21,0.17,0.18,0.11,0.19,0.1,0.21,0.17,0.09,0.17,0.21,0.18,0.18,0.19,0.15,0.23,,0.28,0.28,0.17,0.2,,0.14,0.18,0.11,0.21,0.2,0.16,0.22,0.2,0.08,0.21,0.2,0.2,0.21,0.19,0.2,0.31,0.07,0.19,0.19,0.21,,0.18,0.18,,0.18,0.28,0.1,0.21,0.18,,0.11,0.1,0.24,0.19,0.19,0.28,0.11,0.21,0.23,0.21,0.1,,0.19,0.19,0.11,0.21,0.15,0.2,0.27,0.19,0.1,0.21,0.14,0.15,0.2,0.21,0.24,0.19,0.31,0.17,0.19,0.27,0.19,0.2,0.15,0.1
"American Samoa","Q1 2020",0.1,0.12,,0.2,0.17,0.17,0.2,0.18,0.29,0.2,0.11,0.18,0.19,0.24,0.18,0.2,0.15,0.16,0.2,0.18,0.18,0.11,0.09,0.19,0.19,0.22,0.15,0.2,0.31,0.23,0.3,0.15,,0.22,0.11,0.2,0.23,0.2,0.2,0.19,0.18,0.18,0.12,,0.11,0.19,0.2,0.18,0.22,0.2,0.22,0.18,0.19,0.09,0.12,,0.1,0.29,0.12,0.24,0.1,0.27,0.19,0.1,0.1,0.23,0.2,0.09,0.21,0.08,0.18,0.19,0.19,0.2,,0.11,0.09,0.19,0.19,0.18,0.17,0.22,0.21,0.19,0.19,0.12,0.2,0.23,0.22,0.3,,0.19,0.19,0.26,0.18,0.11,0.2,0.1,0.12,0.12,0.11,0.23,0.1,0.21,0.26,0.19,0.11,0.2,0.11,0.22,0.18,0.1,0.17,0.22,0.19,0.19,0.19,0.15,0.24,,0.29,0.29,0.18,0.2,,0.14,0.18,0.11,0.21,0.21,0.16,0.22,0.21,0.08,0.21,0.19,0.2,0.21,0.19,0.2,0.32,0.07,0.19,0.19,0.22,,0.18,0.18,,0.18,0.29,0.1,0.22,0.19,,0.11,0.1,0.24,0.2,0.19,0.28,0.11,0.21,0.23,0.22,0.11,,0.19,0.19,0.12,0.21,0.16,0.2,0.27,0.2,0.1,0.21,0.15,0.15,0.2,0.22,0.24,0.19,0.32,0.17,0.2,0.27,0.19,0.2,0.15,0.1
"American Samoa","Q1 2021",0.1,0.12,,0.19,0.17,0.17,0.2,0.18,0.29,0.2,0.18,0.18,0.19,0.23,0.17,0.2,0.15,0.16,0.2,0.17,0.18,0.11,0.09,0.19,0.2,0.22,0.15,0.2,0.32,0.23,0.31,0.15,,0.23,0.1,0.19,0.23,0.2,0.19,0.19,0.18,0.18,0.12,,0.1,0.19,0.2,0.18,0.21,0.2,0.21,0.18,0.19,0.09,0.11,,0.1,0.28,0.12,0.24,0.1,0.27,0.18,0.1,0.1,0.23,0.21,0.09,0.21,0.1,0.18,0.2,0.18,0.2,,0.1,0.09,0.19,0.18,0.18,0.18,0.22,0.2,0.18,0.19,0.19,0.2,0.23,0.22,0.3,,0.19,0.19,0.26,0.11,0.11,0.2,0.1,0.12,0.11,0.1,0.23,0.1,0.21,0.27,0.19,0.11,0.19,0.1,0.22,0.18,0.1,0.17,0.22,0.19,0.18,0.19,,0.24,,0.29,0.29,0.18,0.2,0.16,0.14,0.18,0.11,0.21,0.21,0.16,0.23,0.21,0.08,0.2,0.19,0.2,0.21,0.19,0.2,0.31,0.07,0.19,0.19,0.21,,0.17,0.18,,0.18,0.29,0.1,0.22,0.19,,0.11,0.1,0.24,0.2,0.19,0.28,0.12,0.21,0.23,0.22,0.1,,0.19,0.19,0.12,0.21,0.16,0.2,0.28,0.2,0.1,0.21,0.15,0.15,0.2,0.22,0.24,0.19,0.32,0.18,0.2,0.27,0.19,0.21,,0.1
"Angola","Q1 2016",0.18,0.24,0.2,,0.18,0.19,0.32,0.21,0.31,0.31,0.28,0.22,0.21,0.47,0.21,0.38,0.15,0.19,0.39,0.17,0.19,0.12,0.19,0.21,0.35,0.34,0.16,0.32,0.46,0.44,0.35,,,0.34,0.2,0.41,0.1,0.26,0.36,0.29,0.21,0.22,0.27,,0.28,0.3,0.34,0.2,0.31,0.31,0.35,0.2,0.28,0.09,0.2,,0.18,0.22,0.24,0.46,0.2,0.24,0.32,0.22,0.11,0.46,0.38,0.16,0.33,0.09,0.21,0.23,0.21,0.28,,0.31,0.18,0.22,0.22,0.23,0.19,0.43,0.25,0.39,0.22,0.23,0.33,0.39,0.29,0.42,,0.31,0.26,0.19,0.21,0.2,0.33,0.21,0.24,0.24,0.23,0.45,0.2,0.35,0.19,0.21,0.19,0.39,0.22,0.42,0.16,0.17,0.17,0.43,0.24,0.21,0.39,0.09,0.45,,0.25,0.27,0.2,0.4,,0.08,0.18,0.23,0.35,0.34,,0.35,0.22,0.08,0.32,0.26,0.31,0.43,0.22,0.23,0.38,0.08,0.35,0.29,0.36,,0.19,0.21,,0.21,0.2,0.27,0.35,0.34,,0.22,0.22,0.45,0.23,0.3,0.22,0.19,0.44,0.47,0.42,0.26,,0.23,0.31,0.23,0.32,0.16,0.42,0.19,0.28,0.21,0.33,,0.1,0.3,0.43,0.47,0.25,0.46,0.19,0.31,0.2,0.24,0.33,0.1,0.24
"Angola","Q1 2017",0.11,0.23,0.2,,0.19,0.18,0.32,0.19,0.32,0.31,0.23,0.21,0.22,0.47,0.21,0.36,0.15,0.17,0.4,0.19,0.2,0.19,0.18,0.21,0.37,0.34,0.16,0.31,0.45,0.37,0.35,0.15,,0.35,0.18,0.41,0.09,0.25,0.36,0.3,0.21,0.19,0.27,,0.28,0.3,0.32,0.19,0.34,0.3,0.35,0.21,0.31,0.09,0.21,,0.17,0.22,0.22,0.46,0.19,0.24,0.33,0.2,0.11,0.45,0.37,0.16,0.33,0.08,0.19,0.23,0.21,0.27,,0.3,0.17,0.22,0.21,0.23,0.18,0.42,0.25,0.29,0.26,0.22,0.33,0.39,0.33,0.42,,0.31,0.25,0.19,0.21,0.2,0.33,0.2,0.21,0.22,0.22,0.44,0.2,0.34,0.19,0.22,0.21,0.38,0.2,0.41,0.17,0.1,0.18,0.44,0.23,0.21,0.34,0.08,0.38,,0.24,0.32,0.2,0.38,,0.08,0.2,0.21,0.34,0.32,0.17,0.34,0.22,0.08,0.32,0.26,0.33,0.43,0.23,0.28,0.43,0.08,0.38,0.29,0.34,,0.19,0.2,,0.21,0.19,0.27,0.34,0.34,,0.21,0.21,0.45,0.23,0.3,0.21,0.2,0.43,0.46,0.43,0.25,,0.21,0.31,0.24,0.32,0.16,0.41,0.2,0.24,0.19,0.34,,0.09,0.29,0.42,0.47,0.24,0.46,0.19,0.32,0.2,0.23,0.32,0.09,0.12
"Angola","Q1 2018",0.1,0.22,0.2,,0.18,0.19,0.31,0.2,0.3,0.29,0.25,0.21,0.21,0.44,0.21,0.36,0.15,0.17,0.38,0.19,0.18,0.19,0.27,0.2,0.34,0.32,0.16,0.3,0.43,0.34,0.33,0.15,,0.33,0.18,0.39,0.09,0.25,0.35,0.28,0.22,0.2,0.25,,0.17,0.28,0.3,0.18,0.32,0.3,0.33,0.21,0.31,0.09,0.21,,0.18,0.23,0.22,0.44,0.2,0.23,0.32,0.2,0.18,0.43,0.36,0.16,0.32,0.08,0.19,0.23,0.2,0.28,,0.22,0.18,0.22,0.2,0.23,0.19,0.33,0.29,0.29,0.27,0.23,0.31,0.36,0.32,0.39,,0.29,0.24,0.19,0.14,0.21,0.3,0.19,0.23,0.25,0.21,0.42,0.19,0.32,0.2,0.23,0.24,0.28,0.19,0.39,0.16,0.09,0.18,0.42,0.23,0.21,0.32,0.08,0.43,,0.23,0.3,0.2,0.37,,0.08,0.19,0.2,0.32,0.31,0.17,0.32,0.21,0.08,0.3,0.26,0.3,0.41,0.22,0.27,0.42,0.08,0.36,0.28,0.4,,0.2,0.2,,0.2,0.2,0.25,0.32,0.36,,0.2,0.22,0.43,0.23,0.27,0.21,0.12,0.39,0.44,0.34,0.22,,0.22,0.3,0.22,0.31,0.16,0.39,0.2,0.25,0.2,0.32,,0.09,0.29,0.33,0.44,0.24,0.44,0.19,0.3,0.2,0.22,0.3,0.09,0.1
"Angola","Q1 2019",0.17,0.21,0.2,,0.18,0.18,0.29,0.21,0.3,0.29,0.26,0.2,0.2,0.42,0.21,0.28,0.15,0.17,0.36,0.18,0.19,0.12,0.26,0.2,0.37,0.3,0.16,0.29,0.41,0.31,0.32,0.15,,0.31,0.19,0.36,0.09,0.24,0.33,0.26,0.21,0.21,0.24,,0.27,0.27,0.28,0.19,0.3,0.28,0.3,0.2,0.31,0.1,0.2,,0.17,0.21,0.22,0.41,0.19,0.22,0.32,0.18,0.11,0.33,0.34,0.16,0.29,0.08,0.19,0.23,0.2,0.27,,0.22,0.17,0.21,0.2,0.22,0.18,0.31,0.27,0.25,0.26,0.23,0.29,0.33,0.3,0.37,,0.27,0.27,0.09,0.21,0.2,0.28,0.19,0.22,0.26,0.2,0.4,0.19,0.3,0.18,0.22,0.27,0.28,0.19,0.38,0.17,0.09,0.18,0.33,0.21,0.19,0.32,0.09,0.34,,0.22,0.28,0.19,0.35,,0.07,0.18,0.27,0.29,0.29,0.16,0.3,0.21,0.08,0.29,0.25,0.3,0.4,0.22,0.27,0.4,0.07,0.25,0.26,0.31,,0.19,0.19,,0.19,0.2,0.26,0.31,0.25,,0.2,0.19,0.4,0.22,0.26,0.21,0.12,0.38,0.42,0.31,0.13,,0.21,0.28,0.21,0.29,0.16,0.36,0.2,0.24,0.18,0.3,0.15,0.09,0.28,0.31,0.42,0.27,0.41,0.18,0.28,0.2,0.22,0.29,0.09,0.11
"Angola","Q1 2020",0.19,0.22,0.2,,0.18,0.18,0.32,0.2,0.3,0.31,0.13,0.2,0.2,0.45,0.2,0.28,0.15,0.17,0.39,0.19,0.19,0.19,0.17,0.2,0.33,0.34,0.16,0.31,0.44,0.35,0.35,0.15,,0.34,0.19,0.39,0.1,0.27,0.35,0.29,0.2,0.2,0.25,,0.26,0.31,0.32,0.19,0.33,0.32,0.35,0.2,0.31,0.1,0.22,,0.17,0.21,0.22,0.44,0.19,0.24,0.33,0.18,0.18,0.36,0.34,0.17,0.33,0.08,0.2,0.26,0.2,0.27,,0.3,0.17,0.21,0.21,0.21,0.19,0.34,0.31,0.24,0.29,0.21,0.32,0.37,0.32,0.41,,0.3,0.24,0.19,0.21,0.22,0.31,0.2,0.22,0.23,0.2,0.43,0.2,0.33,0.19,0.25,0.2,0.31,0.19,0.41,0.18,0.11,0.18,0.43,0.23,0.2,0.32,0.08,0.44,,0.22,0.3,0.19,0.36,,0.07,0.19,0.28,0.34,0.33,0.17,0.34,0.21,0.09,0.31,0.24,0.33,0.42,0.22,0.31,0.43,0.07,0.28,0.29,0.38,,0.19,0.19,,0.19,0.2,0.24,0.34,0.33,,0.21,0.19,0.44,0.23,0.29,0.2,0.13,0.4,0.45,0.35,0.13,,0.22,0.31,0.21,0.32,0.16,0.4,0.19,0.24,0.18,0.34,0.15,0.09,0.3,0.35,0.45,0.24,0.45,0.18,0.32,0.2,0.22,0.32,0.09,0.12
"Angola","Q1 2021",0.17,0.21,0.19,,0.17,0.18,0.29,0.2,0.29,0.29,0.25,0.2,0.2,0.41,0.19,0.28,0.15,0.17,0.36,0.18,0.18,0.19,0.16,0.19,0.34,0.3,0.15,0.27,0.4,0.31,0.32,0.15,,0.31,0.11,0.36,0.09,0.26,0.26,0.26,0.2,0.2,0.24,,0.25,0.27,0.28,0.19,0.3,0.28,0.3,0.2,0.3,0.11,0.2,,0.18,0.2,0.21,0.4,0.19,0.22,0.3,0.18,0.11,0.32,0.37,0.16,0.3,0.1,0.19,0.26,0.2,0.28,,0.19,0.16,0.21,0.2,0.2,0.19,0.32,0.24,0.25,0.26,0.21,0.29,0.32,0.3,0.29,,0.27,0.24,0.18,0.13,0.2,0.28,0.18,0.22,0.22,0.11,0.39,0.19,0.29,0.19,0.25,0.2,0.26,0.11,0.37,0.17,0.11,0.17,0.39,0.25,0.2,0.31,,0.33,,0.22,0.28,0.21,0.34,0.09,0.07,0.18,0.27,0.3,0.3,0.16,0.3,0.21,0.09,0.28,0.22,0.29,0.38,0.21,0.27,0.32,0.07,0.26,0.27,0.29,,0.18,0.18,,0.19,0.2,0.24,0.3,0.25,,0.19,0.19,0.4,0.22,0.26,0.2,0.13,0.37,0.41,0.31,0.12,,0.21,0.28,0.21,0.29,0.16,0.36,0.19,0.23,0.17,0.3,0.15,0.08,0.28,0.32,0.41,0.24,0.41,0.18,0.29,0.19,0.2,0.28,,0.11
"Anguilla","Q1 2016",0.09,0.18,0.17,0.18,,0.19,0.18,0.18,0.19,0.19,0.17,0.1,0.26,0.22,0.17,0.18,0.15,0.18,0.19,0.17,0.09,0.09,0.09,0.1,0.18,0.19,0.15,0.18,0.21,0.2,0.2,,,0.2,0.1,0.11,0.09,0.18,0.11,0.17,0.17,0.19,0.1,,0.1,0.11,0.18,0.26,0.28,0.18,0.2,0.16,0.17,0.08,0.1,,0.09,0.18,0.11,0.22,0.17,0.17,0.17,0.1,0.09,0.21,0.18,0.08,0.18,0.08,0.27,0.27,0.17,0.19,,0.1,0.09,0.26,0.19,0.18,0.16,0.19,0.17,0.11,0.09,0.1,0.18,0.21,0.21,0.19,,0.11,0.11,0.1,0.16,0.1,0.19,0.17,0.11,0.1,0.1,0.2,0.09,0.19,0.1,0.17,0.09,0.11,0.1,0.2,0.09,0.09,0.24,0.2,0.11,0.1,0.18,0.08,0.21,,0.18,0.18,0.16,0.19,,0.07,0.09,0.18,0.19,0.19,,0.21,0.1,0.08,0.18,0.11,0.11,0.19,0.19,0.17,0.21,0.01,0.11,0.1,0.2,,0.26,0.27,,0.27,0.17,0.1,0.19,0.17,,0.1,0.1,0.2,0.27,0.18,0.11,0.09,0.19,0.22,0.19,0.1,,0.19,0.18,0.1,0.18,0.08,0.11,0.1,0.27,0.1,0.19,,0.09,0.18,0.19,0.23,0.11,0.3,0.26,0.18,0.1,0.19,0.18,0.09,0.1
"Anguilla","Q1 2017",0.1,0.19,0.17,0.19,,0.19,0.19,0.18,0.19,0.2,0.1,0.1,0.28,0.23,0.18,0.18,0.15,0.16,0.19,0.27,0.09,0.1,0.09,0.1,0.19,0.2,0.15,0.19,0.22,0.21,0.2,0.08,,0.29,0.1,0.12,0.09,0.19,0.12,0.18,0.18,0.18,0.11,,0.1,0.11,0.19,0.27,0.29,0.19,0.21,0.18,0.17,0.08,0.1,,0.09,0.18,0.1,0.23,0.17,0.18,0.18,0.1,0.1,0.21,0.19,0.09,0.19,0.01,0.27,0.28,0.17,0.2,,0.11,0.09,0.27,0.19,0.19,0.17,0.2,0.18,0.11,0.1,0.1,0.19,0.22,0.22,0.2,,0.11,0.11,0.1,0.1,0.1,0.19,0.1,0.1,0.1,0.1,0.21,0.1,0.2,0.1,0.2,0.1,0.12,0.1,0.2,0.09,0.09,0.26,0.21,0.11,0.1,0.18,0.08,0.22,,0.19,0.19,0.17,0.19,,0.07,0.1,0.17,0.2,0.19,0.09,0.21,0.11,0.08,0.19,0.11,0.18,0.2,0.19,0.1,0.21,0.01,0.11,0.11,0.2,,0.27,0.26,,0.27,0.17,0.1,0.2,0.18,,0.1,0.1,0.21,0.28,0.18,0.11,0.1,0.19,0.23,0.2,0.1,,0.2,0.18,0.1,0.19,0.08,0.18,0.17,0.28,0.1,0.2,,0.08,0.18,0.2,0.23,0.11,0.31,0.26,0.18,0.11,0.28,0.19,0.08,0.09
"Anguilla","Q1 2018",0.09,0.11,0.17,0.18,,0.19,0.19,0.19,0.19,0.2,0.1,0.1,0.28,0.23,0.18,0.19,0.15,0.16,0.2,0.27,0.09,0.1,0.1,0.1,0.18,0.21,0.15,0.19,0.22,0.21,0.21,0.08,,0.29,0.1,0.12,0.09,0.19,0.11,0.18,0.18,0.19,0.11,,0.09,0.11,0.19,0.27,0.29,0.19,0.2,0.18,0.17,0.08,0.1,,0.09,0.18,0.1,0.23,0.18,0.18,0.18,0.1,0.1,0.21,0.18,0.09,0.19,0.01,0.27,0.28,0.17,0.19,,0.11,0.09,0.27,0.18,0.19,0.17,0.2,0.18,0.11,0.11,0.11,0.19,0.22,0.22,0.2,,0.11,0.11,0.1,0.1,0.1,0.11,0.1,0.11,0.1,0.1,0.21,0.1,0.2,0.11,0.2,0.1,0.11,0.1,0.21,0.08,0.09,0.26,0.21,0.18,0.1,0.18,0.08,0.23,,0.18,0.19,0.17,0.19,,0.08,0.1,0.1,0.2,0.19,0.09,0.21,0.11,0.08,0.19,0.11,0.18,0.2,0.19,0.11,0.21,0.01,0.11,0.11,0.2,,0.27,0.27,,0.27,0.17,0.1,0.2,0.18,,0.1,0.1,0.22,0.28,0.18,0.11,0.1,0.19,0.23,0.2,0.1,,0.2,0.11,0.1,0.19,0.08,0.18,0.17,0.28,0.1,0.2,,0.08,0.19,0.2,0.23,0.11,0.31,0.26,0.19,0.1,0.27,0.19,0.08,0.09
"Anguilla","Q1 2019",0.09,0.1,0.17,0.18,,0.18,0.18,0.17,0.19,0.18,0.17,0.09,0.26,0.21,0.17,0.18,0.14,0.16,0.19,0.26,0.09,0.09,0.1,0.09,0.18,0.19,0.15,0.18,0.21,0.19,0.2,0.08,,0.28,0.1,0.11,0.08,0.18,0.11,0.17,0.17,0.17,0.1,,0.1,0.1,0.18,0.26,0.28,0.18,0.19,0.17,0.17,0.08,0.1,,0.09,0.11,0.1,0.21,0.17,0.17,0.17,0.09,0.09,0.2,0.18,0.08,0.18,0.01,0.26,0.27,0.16,0.18,,0.1,0.09,0.19,0.18,0.18,0.16,0.19,0.17,0.1,0.1,0.1,0.18,0.21,0.2,0.19,,0.1,0.11,0.01,0.09,0.1,0.11,0.09,0.1,0.1,0.1,0.2,0.09,0.19,0.16,0.18,0.1,0.11,0.09,0.2,0.09,0.09,0.26,0.2,0.17,0.09,0.17,0.08,0.22,,0.17,0.18,0.16,0.18,,0.07,0.09,0.1,0.18,0.18,0.09,0.2,0.1,0.08,0.19,0.1,0.18,0.2,0.19,0.17,0.2,0.01,0.1,0.1,0.19,,0.26,0.19,,0.26,0.17,0.1,0.19,0.17,,0.1,0.09,0.21,0.27,0.17,0.1,0.1,0.18,0.22,0.19,0.09,,0.19,0.11,0.1,0.18,0.08,0.18,0.17,0.27,0.09,0.19,0.14,0.01,0.18,0.19,0.22,0.11,0.3,0.19,0.18,0.1,0.27,0.18,0.01,0.08
"Anguilla","Q1 2020",0.09,0.1,0.17,0.18,,0.18,0.18,0.17,0.18,0.19,0.09,0.09,0.26,0.21,0.17,0.17,0.14,0.16,0.19,0.26,0.09,0.09,0.09,0.09,0.17,0.2,0.15,0.18,0.21,0.2,0.2,0.08,,0.28,0.1,0.11,0.08,0.18,0.11,0.1,0.17,0.17,0.1,,0.09,0.1,0.18,0.26,0.28,0.18,0.19,0.17,0.17,0.08,0.1,,0.09,0.11,0.1,0.21,0.17,0.17,0.17,0.09,0.09,0.2,0.18,0.09,0.19,0.01,0.26,0.27,0.16,0.18,,0.1,0.09,0.19,0.17,0.17,0.16,0.19,0.17,0.1,0.1,0.1,0.18,0.2,0.21,0.19,,0.1,0.1,0.1,0.09,0.1,0.11,0.1,0.1,0.1,0.1,0.2,0.09,0.19,0.17,0.19,0.09,0.11,0.1,0.2,0.09,0.09,0.26,0.2,0.17,0.1,0.17,0.01,0.22,,0.17,0.18,0.16,0.18,,0.07,0.09,0.1,0.19,0.18,0.09,0.2,0.1,0.08,0.18,0.1,0.18,0.19,0.18,0.18,0.2,0.01,0.11,0.1,0.19,,0.26,0.18,,0.26,0.17,0.09,0.19,0.17,,0.1,0.09,0.2,0.27,0.1,0.1,0.1,0.18,0.21,0.19,0.09,,0.19,0.11,0.1,0.18,0.08,0.18,0.16,0.27,0.09,0.19,0.14,0.01,0.18,0.19,0.22,0.1,0.3,0.19,0.18,0.1,0.26,0.18,0.01,0.09
"Anguilla","Q1 2021",0.09,0.1,0.17,0.17,,0.18,0.18,0.17,0.18,0.19,0.09,0.09,0.26,0.21,0.17,0.18,0.14,0.16,0.19,0.26,0.09,0.09,0.09,0.09,0.18,0.19,0.15,0.18,0.21,0.2,0.2,0.08,,0.28,0.09,0.11,0.08,0.18,0.11,0.1,0.17,0.17,0.1,,0.09,0.1,0.18,0.26,0.28,0.18,0.19,0.17,0.17,0.08,0.1,,0.09,0.1,0.1,0.21,0.17,0.17,0.17,0.09,0.09,0.2,0.18,0.09,0.19,0.09,0.26,0.27,0.16,0.18,,0.09,0.09,0.18,0.17,0.17,0.16,0.19,0.17,0.09,0.17,0.17,0.18,0.2,0.2,0.19,,0.1,0.1,0.1,0.09,0.09,0.11,0.09,0.1,0.1,0.09,0.2,0.09,0.19,0.17,0.19,0.1,0.1,0.09,0.2,0.1,0.09,0.26,0.2,0.18,0.1,0.17,,0.22,,0.17,0.18,0.17,0.18,0.08,0.07,0.09,0.1,0.18,0.18,0.09,0.2,0.1,0.08,0.18,0.1,0.18,0.19,0.18,0.11,0.2,0.01,0.1,0.1,0.19,,0.26,0.18,,0.26,0.17,0.09,0.19,0.17,,0.1,0.09,0.21,0.27,0.1,0.1,0.1,0.18,0.22,0.19,0.08,,0.18,0.1,0.1,0.18,0.08,0.18,0.17,0.27,0.09,0.19,0.14,0.01,0.18,0.19,0.22,0.1,0.3,0.19,0.18,0.1,0.26,0.18,,0.09
"Antigua and Barbuda","Q1 2016",0.09,0.18,0.17,0.19,0.19,,0.18,0.19,0.2,0.27,0.17,0.1,0.27,0.23,0.18,0.19,0.15,0.18,0.19,0.24,0.09,0.09,0.09,0.1,0.18,0.2,0.15,0.19,0.22,0.21,0.21,,,0.21,0.17,0.18,0.09,0.19,0.18,0.18,0.17,0.19,0.18,,0.17,0.18,0.19,0.26,0.22,0.19,0.2,0.16,0.17,0.08,0.17,,0.16,0.18,0.18,0.3,0.17,0.18,0.18,0.17,0.09,0.22,0.19,0.09,0.19,0.08,0.27,0.21,0.17,0.19,,0.18,0.09,0.27,0.27,0.18,0.17,0.2,0.17,0.11,0.09,0.17,0.19,0.22,0.28,0.2,,0.18,0.18,0.1,0.16,0.17,0.19,0.17,0.18,0.17,0.17,0.21,0.09,0.2,0.1,0.18,0.16,0.19,0.17,0.21,0.09,0.09,0.18,0.21,0.18,0.1,0.18,0.08,0.22,,0.19,0.19,0.16,0.19,,0.08,0.09,0.18,0.2,0.2,,0.22,0.1,0.08,0.19,0.11,0.18,0.2,0.19,0.17,0.22,0.01,0.18,0.11,0.21,,0.27,0.27,,0.27,0.17,0.17,0.2,0.18,,0.1,0.17,0.21,0.28,0.18,0.11,0.09,0.2,0.23,0.2,0.1,,0.27,0.18,0.17,0.19,0.08,0.19,0.1,0.28,0.17,0.19,,0.09,0.11,0.2,0.3,0.18,0.31,0.26,0.18,0.1,0.2,0.19,0.09,0.1
"Antigua and Barbuda","Q1 2017",0.09,0.18,0.17,0.18,0.19,,0.18,0.17,0.19,0.26,0.1,0.09,0.26,0.22,0.18,0.18,0.14,0.16,0.19,0.25,0.09,0.09,0.09,0.1,0.18,0.2,0.15,0.18,0.21,0.2,0.2,0.08,,0.21,0.09,0.11,0.08,0.19,0.11,0.18,0.17,0.17,0.1,,0.1,0.1,0.18,0.25,0.21,0.18,0.19,0.17,0.17,0.08,0.1,,0.09,0.18,0.1,0.22,0.17,0.18,0.17,0.1,0.09,0.21,0.18,0.08,0.18,0.01,0.19,0.2,0.17,0.19,,0.1,0.09,0.26,0.19,0.19,0.16,0.19,0.17,0.11,0.1,0.1,0.18,0.21,0.27,0.19,,0.11,0.11,0.1,0.09,0.1,0.18,0.09,0.1,0.1,0.1,0.2,0.09,0.19,0.1,0.19,0.09,0.11,0.1,0.19,0.09,0.09,0.18,0.2,0.1,0.1,0.18,0.08,0.21,,0.18,0.18,0.16,0.18,,0.07,0.1,0.17,0.19,0.18,0.09,0.2,0.1,0.07,0.18,0.11,0.18,0.19,0.18,0.1,0.2,0.01,0.11,0.1,0.19,,0.26,0.25,,0.2,0.17,0.1,0.19,0.18,,0.1,0.1,0.2,0.27,0.17,0.1,0.1,0.19,0.22,0.19,0.1,,0.25,0.18,0.1,0.18,0.08,0.18,0.17,0.27,0.09,0.19,,0.08,0.1,0.19,0.22,0.11,0.3,0.25,0.18,0.1,0.2,0.18,0.08,0.09
"Antigua and Barbuda","Q1 2018",0.1,0.11,0.17,0.19,0.19,,0.19,0.18,0.19,0.26,0.1,0.1,0.27,0.23,0.18,0.19,0.15,0.16,0.2,0.26,0.09,0.1,0.1,0.1,0.18,0.21,0.15,0.19,0.22,0.2,0.21,0.08,,0.22,0.09,0.12,0.09,0.19,0.11,0.18,0.18,0.18,0.11,,0.09,0.11,0.19,0.25,0.23,0.19,0.2,0.17,0.18,0.08,0.1,,0.09,0.18,0.1,0.22,0.18,0.18,0.18,0.1,0.1,0.21,0.19,0.08,0.19,0.01,0.2,0.28,0.17,0.2,,0.11,0.09,0.27,0.18,0.19,0.17,0.2,0.18,0.11,0.11,0.11,0.19,0.21,0.28,0.2,,0.11,0.11,0.1,0.1,0.1,0.11,0.1,0.11,0.1,0.1,0.21,0.1,0.2,0.11,0.2,0.11,0.11,0.1,0.21,0.08,0.09,0.18,0.21,0.18,0.1,0.18,0.08,0.23,,0.18,0.19,0.17,0.19,,0.08,0.1,0.1,0.2,0.19,0.09,0.21,0.11,0.08,0.19,0.11,0.18,0.2,0.26,0.11,0.21,0.01,0.11,0.11,0.2,,0.27,0.26,,0.2,0.17,0.09,0.2,0.18,,0.1,0.1,0.21,0.28,0.18,0.11,0.1,0.19,0.23,0.2,0.1,,0.26,0.11,0.1,0.19,0.09,0.18,0.17,0.28,0.1,0.2,,0.08,0.12,0.2,0.23,0.11,0.31,0.26,0.18,0.11,0.2,0.19,0.08,0.09
"Antigua and Barbuda","Q1 2019",0.09,0.1,0.17,0.18,0.18,,0.18,0.17,0.18,0.18,0.17,0.09,0.26,0.21,0.17,0.18,0.14,0.16,0.19,0.25,0.09,0.09,0.1,0.09,0.18,0.19,0.15,0.18,0.2,0.19,0.19,0.08,,0.21,0.1,0.11,0.08,0.18,0.11,0.17,0.17,0.17,0.1,,0.1,0.1,0.18,0.25,0.21,0.18,0.19,0.17,0.17,0.09,0.1,,0.09,0.11,0.1,0.21,0.17,0.17,0.17,0.09,0.09,0.2,0.18,0.08,0.18,0.01,0.19,0.2,0.16,0.18,,0.1,0.09,0.25,0.17,0.17,0.16,0.19,0.17,0.1,0.1,0.1,0.18,0.2,0.27,0.19,,0.1,0.11,0.01,0.1,0.1,0.11,0.1,0.1,0.1,0.1,0.2,0.09,0.19,0.16,0.18,0.1,0.11,0.1,0.2,0.09,0.09,0.18,0.2,0.17,0.09,0.17,0.08,0.22,,0.17,0.18,0.16,0.18,,0.07,0.1,0.1,0.18,0.18,0.09,0.2,0.1,0.08,0.18,0.1,0.18,0.19,0.18,0.18,0.2,0,0.1,0.1,0.19,,0.26,0.25,,0.19,0.17,0.1,0.19,0.17,,0.1,0.09,0.2,0.26,0.17,0.1,0.1,0.18,0.21,0.19,0.09,,0.25,0.11,0.1,0.18,0.08,0.18,0.17,0.26,0.1,0.19,0.14,0.01,0.18,0.19,0.22,0.11,0.29,0.25,0.17,0.1,0.19,0.18,0.01,0.08
"Antigua and Barbuda","Q1 2020",0.1,0.11,0.17,0.18,0.18,,0.18,0.18,0.19,0.19,0.1,0.1,0.27,0.22,0.17,0.18,0.15,0.16,0.2,0.26,0.1,0.1,0.09,0.1,0.18,0.2,0.15,0.18,0.21,0.2,0.2,0.08,,0.22,0.1,0.11,0.09,0.19,0.11,0.1,0.17,0.18,0.11,,0.1,0.11,0.18,0.26,0.22,0.18,0.2,0.17,0.18,0.09,0.1,,0.09,0.11,0.1,0.22,0.18,0.18,0.18,0.09,0.1,0.2,0.18,0.09,0.19,0.01,0.2,0.27,0.17,0.19,,0.11,0.09,0.26,0.18,0.17,0.17,0.19,0.18,0.1,0.1,0.1,0.18,0.21,0.28,0.19,,0.11,0.11,0.1,0.1,0.1,0.11,0.1,0.11,0.1,0.1,0.2,0.09,0.19,0.17,0.26,0.1,0.11,0.1,0.21,0.1,0.1,0.18,0.2,0.18,0.1,0.18,0.01,0.22,,0.18,0.19,0.16,0.18,,0.07,0.1,0.11,0.19,0.19,0.09,0.21,0.11,0.08,0.18,0.11,0.18,0.19,0.25,0.18,0.21,0.01,0.11,0.11,0.19,,0.26,0.18,,0.2,0.17,0.09,0.19,0.18,,0.1,0.09,0.21,0.27,0.11,0.11,0.1,0.19,0.22,0.19,0.09,,0.26,0.11,0.1,0.18,0.09,0.18,0.17,0.27,0.1,0.19,0.14,0.01,0.18,0.2,0.23,0.11,0.3,0.25,0.18,0.1,0.2,0.18,0.01,0.09
"Antigua and Barbuda","Q1 2021",0.09,0.11,0.17,0.18,0.18,,0.18,0.18,0.19,0.19,0.1,0.1,0.27,0.22,0.17,0.18,0.15,0.16,0.2,0.25,0.1,0.1,0.09,0.1,0.18,0.2,0.15,0.18,0.21,0.2,0.2,0.08,,0.22,0.1,0.11,0.09,0.19,0.11,0.1,0.17,0.18,0.11,,0.1,0.11,0.18,0.26,0.22,0.19,0.19,0.17,0.18,0.09,0.1,,0.1,0.11,0.1,0.21,0.18,0.18,0.17,0.09,0.1,0.2,0.19,0.09,0.19,0.09,0.2,0.27,0.17,0.19,,0.1,0.09,0.26,0.17,0.18,0.17,0.2,0.17,0.1,0.17,0.17,0.18,0.21,0.28,0.19,,0.11,0.11,0.1,0.1,0.1,0.11,0.09,0.11,0.1,0.1,0.2,0.09,0.19,0.17,0.27,0.1,0.11,0.1,0.21,0.1,0.1,0.18,0.2,0.18,0.1,0.18,,0.22,,0.18,0.19,0.18,0.18,0.08,0.07,0.1,0.11,0.19,0.19,0.09,0.21,0.11,0.08,0.18,0.1,0.19,0.19,0.25,0.11,0.21,0.01,0.11,0.11,0.19,,0.25,0.18,,0.2,0.17,0.09,0.19,0.18,,0.1,0.09,0.21,0.27,0.11,0.11,0.1,0.19,0.23,0.19,0.09,,0.26,0.11,0.1,0.19,0.09,0.18,0.17,0.27,0.1,0.19,0.14,0.01,0.18,0.2,0.23,0.11,0.3,0.26,0.18,0.1,0.19,0.18,,0.09
"Argentina","Q1 2016",0.18,0.24,0.19,0.32,0.18,0.18,,0.21,0.31,0.37,0.28,0.21,0.2,0.46,0.2,0.28,0.15,0.19,0.43,0.17,0.19,0.19,0.18,0.21,0.25,0.36,0.16,0.41,0.46,0.44,0.37,,,0.43,0.19,0.3,0.09,0.26,0.28,0.3,0.21,0.21,0.26,,0.19,0.3,0.33,0.19,0.39,0.4,0.36,0.2,0.19,0.09,0.2,,0.17,0.22,0.25,0.45,0.19,0.23,0.22,0.2,0.1,0.45,0.29,0.16,0.33,0.08,0.2,0.23,0.21,0.29,,0.22,0.18,0.21,0.22,0.24,0.18,0.35,0.27,0.33,0.14,0.22,0.34,0.45,0.3,0.43,,0.31,0.24,0.18,0.21,0.2,0.34,0.19,0.23,0.24,0.21,0.44,0.19,0.34,0.19,0.21,0.18,0.32,0.21,0.44,0.16,0.17,0.17,0.43,0.22,0.22,0.29,0.09,0.45,,0.24,0.28,0.2,0.3,,0.08,0.17,0.23,0.35,0.34,,0.37,0.21,0.21,0.41,0.27,0.32,0.36,0.22,0.22,0.45,0.07,0.26,0.29,0.37,,0.19,0.2,,0.2,0.19,0.18,0.36,0.25,,0.21,0.2,0.44,0.22,0.31,0.21,0.12,0.42,0.46,0.35,0.25,,0.22,0.32,0.22,0.33,0.16,0.32,0.19,0.27,0.2,0.35,,0.09,0.3,0.36,0.46,0.23,0.46,0.19,0.41,0.2,0.23,0.34,0.09,0.23
"Argentina","Q1 2017",0.18,0.24,0.2,0.32,0.19,0.18,,0.19,0.33,0.31,0.22,0.21,0.22,0.46,0.21,0.27,0.15,0.17,0.44,0.19,0.2,0.19,0.17,0.21,0.27,0.35,0.16,0.41,0.45,0.44,0.37,0.15,,0.43,0.18,0.31,0.09,0.27,0.29,0.3,0.22,0.19,0.26,,0.19,0.3,0.32,0.19,0.43,0.4,0.36,0.22,0.23,0.09,0.21,,0.17,0.22,0.23,0.46,0.19,0.24,0.24,0.27,0.18,0.46,0.29,0.16,0.34,0.08,0.19,0.24,0.21,0.3,,0.29,0.17,0.22,0.22,0.25,0.18,0.35,0.27,0.3,0.26,0.22,0.34,0.45,0.34,0.43,,0.31,0.24,0.19,0.13,0.19,0.34,0.19,0.21,0.22,0.21,0.43,0.19,0.35,0.19,0.23,0.2,0.3,0.19,0.43,0.17,0.17,0.18,0.44,0.22,0.22,0.26,0.08,0.45,,0.24,0.34,0.21,0.29,,0.08,0.2,0.21,0.35,0.33,0.17,0.43,0.21,0.21,0.41,0.26,0.32,0.36,0.23,0.27,0.44,0.08,0.29,0.29,0.35,,0.19,0.2,,0.21,0.19,0.19,0.35,0.33,,0.2,0.28,0.44,0.23,0.31,0.21,0.12,0.4,0.46,0.35,0.24,,0.21,0.32,0.24,0.32,0.16,0.31,0.2,0.24,0.19,0.35,,0.09,0.31,0.35,0.46,0.23,0.46,0.19,0.42,0.2,0.23,0.33,0.09,0.12
"Argentina","Q1 2018",0.17,0.23,0.2,0.31,0.19,0.19,,0.21,0.32,0.31,0.27,0.22,0.21,0.47,0.21,0.28,0.15,0.17,0.45,0.19,0.18,0.2,0.2,0.21,0.26,0.36,0.16,0.42,0.47,0.45,0.37,0.15,,0.44,0.18,0.3,0.09,0.27,0.28,0.3,0.22,0.21,0.25,,0.17,0.31,0.33,0.19,0.44,0.41,0.37,0.22,0.23,0.09,0.2,,0.18,0.23,0.23,0.46,0.2,0.24,0.23,0.27,0.18,0.47,0.28,0.16,0.35,0.08,0.19,0.24,0.2,0.31,,0.29,0.18,0.23,0.22,0.25,0.19,0.36,0.32,0.32,0.29,0.23,0.34,0.46,0.35,0.43,,0.32,0.24,0.19,0.14,0.2,0.33,0.19,0.24,0.24,0.2,0.44,0.19,0.43,0.2,0.23,0.24,0.3,0.19,0.43,0.16,0.17,0.18,0.46,0.22,0.23,0.25,0.08,0.46,,0.24,0.33,0.21,0.29,,0.08,0.19,0.2,0.35,0.34,0.17,0.44,0.21,0.22,0.42,0.27,0.32,0.44,0.22,0.3,0.46,0.08,0.29,0.3,0.36,,0.2,0.21,,0.2,0.2,0.18,0.36,0.35,,0.19,0.29,0.46,0.23,0.31,0.21,0.12,0.41,0.47,0.36,0.22,,0.22,0.32,0.22,0.33,0.16,0.33,0.2,0.25,0.2,0.37,,0.09,0.32,0.36,0.47,0.24,0.47,0.19,0.43,0.2,0.23,0.34,0.09,0.1
"Argentina","Q1 2019",0.17,0.22,0.2,0.29,0.18,0.18,,0.22,0.32,0.38,0.28,0.21,0.21,0.45,0.22,0.27,0.15,0.17,0.42,0.19,0.2,0.19,0.19,0.21,0.29,0.35,0.16,0.4,0.45,0.43,0.36,0.15,,0.43,0.19,0.28,0.09,0.26,0.26,0.29,0.21,0.22,0.26,,0.19,0.3,0.32,0.19,0.42,0.4,0.35,0.21,0.23,0.1,0.21,,0.17,0.21,0.23,0.45,0.19,0.22,0.23,0.18,0.18,0.44,0.27,0.16,0.34,0.08,0.19,0.23,0.2,0.3,,0.22,0.17,0.22,0.21,0.24,0.18,0.35,0.31,0.25,0.28,0.23,0.33,0.44,0.35,0.41,,0.3,0.28,0.09,0.22,0.21,0.32,0.19,0.23,0.28,0.2,0.43,0.19,0.41,0.18,0.22,0.2,0.3,0.19,0.42,0.18,0.16,0.18,0.43,0.21,0.2,0.24,0.09,0.45,,0.23,0.31,0.19,0.28,,0.07,0.18,0.21,0.34,0.33,0.17,0.36,0.22,0.22,0.41,0.26,0.32,0.42,0.22,0.31,0.44,0.07,0.26,0.29,0.35,,0.2,0.19,,0.2,0.2,0.18,0.35,0.25,,0.2,0.19,0.44,0.23,0.3,0.21,0.12,0.41,0.45,0.35,0.13,,0.22,0.31,0.22,0.33,0.16,0.31,0.2,0.25,0.19,0.35,0.15,0.09,0.31,0.35,0.45,0.28,0.46,0.18,0.41,0.2,0.23,0.33,0.09,0.11
"Argentina","Q1 2020",0.18,0.22,0.2,0.32,0.18,0.18,,0.21,0.31,0.39,0.13,0.21,0.2,0.45,0.2,0.26,0.15,0.17,0.42,0.19,0.19,0.19,0.17,0.2,0.24,0.35,0.16,0.39,0.44,0.43,0.36,0.15,,0.42,0.19,0.31,0.09,0.28,0.27,0.29,0.2,0.21,0.25,,0.19,0.31,0.31,0.19,0.42,0.4,0.35,0.2,0.22,0.1,0.21,,0.17,0.21,0.22,0.44,0.19,0.23,0.23,0.18,0.11,0.43,0.32,0.17,0.34,0.08,0.2,0.26,0.2,0.28,,0.21,0.17,0.21,0.22,0.22,0.19,0.35,0.31,0.24,0.3,0.21,0.33,0.37,0.34,0.35,,0.3,0.24,0.18,0.21,0.21,0.32,0.19,0.23,0.23,0.2,0.42,0.19,0.34,0.19,0.25,0.19,0.31,0.19,0.42,0.18,0.11,0.18,0.42,0.22,0.21,0.24,0.08,0.44,,0.22,0.3,0.19,0.27,,0.07,0.18,0.2,0.34,0.33,0.17,0.35,0.21,0.22,0.39,0.25,0.32,0.41,0.22,0.31,0.44,0.07,0.28,0.29,0.31,,0.19,0.19,,0.19,0.2,0.17,0.34,0.25,,0.2,0.18,0.43,0.22,0.3,0.2,0.13,0.4,0.44,0.34,0.13,,0.22,0.31,0.21,0.32,0.16,0.31,0.18,0.24,0.18,0.34,0.15,0.08,0.3,0.35,0.44,0.24,0.45,0.18,0.41,0.19,0.22,0.32,0.08,0.12
"Argentina","Q1 2021",0.17,0.23,0.2,0.29,0.18,0.18,,0.21,0.32,0.4,0.27,0.21,0.21,0.45,0.2,0.28,0.15,0.17,0.43,0.18,0.19,0.19,0.17,0.21,0.26,0.34,0.15,0.39,0.45,0.43,0.36,0.15,,0.43,0.11,0.28,0.09,0.28,0.27,0.29,0.2,0.21,0.25,,0.18,0.31,0.31,0.2,0.42,0.4,0.34,0.2,0.22,0.11,0.2,,0.18,0.21,0.23,0.44,0.19,0.23,0.22,0.18,0.11,0.44,0.33,0.17,0.34,0.1,0.2,0.26,0.2,0.31,,0.19,0.17,0.22,0.21,0.22,0.19,0.35,0.26,0.27,0.3,0.22,0.33,0.37,0.34,0.34,,0.3,0.24,0.18,0.13,0.2,0.32,0.18,0.22,0.23,0.12,0.43,0.19,0.33,0.19,0.26,0.2,0.28,0.11,0.42,0.18,0.11,0.18,0.42,0.25,0.21,0.24,,0.45,,0.22,0.31,0.22,0.28,0.09,0.07,0.18,0.2,0.34,0.34,0.16,0.36,0.22,0.22,0.39,0.24,0.33,0.42,0.22,0.31,0.44,0.07,0.27,0.29,0.3,,0.18,0.19,,0.2,0.2,0.17,0.35,0.32,,0.19,0.18,0.44,0.23,0.29,0.21,0.13,0.41,0.45,0.35,0.12,,0.22,0.31,0.21,0.33,0.16,0.32,0.2,0.24,0.18,0.34,0.15,0.08,0.31,0.35,0.45,0.24,0.45,0.19,0.42,0.2,0.21,0.33,,0.11
"Aruba","Q1 2016",0.17,0.21,0.18,0.21,0.18,0.19,0.21,,0.22,0.22,0.2,0.12,0.21,0.26,0.2,0.21,0.15,0.27,0.22,0.17,0.11,0.11,0.17,0.12,0.2,0.29,0.15,0.21,0.25,0.24,0.23,,,0.31,0.11,0.2,0.09,0.29,0.2,0.2,0.27,0.3,0.2,,0.18,0.2,0.21,0.19,0.25,0.22,0.23,0.18,0.18,0.08,0.19,,0.17,0.2,0.2,0.26,0.19,0.2,0.2,0.19,0.1,0.25,0.21,0.16,0.21,0.08,0.28,0.22,0.19,0.22,,0.2,0.17,0.29,0.29,0.21,0.18,0.23,0.19,0.2,0.11,0.2,0.21,0.25,0.31,0.23,,0.2,0.2,0.11,0.18,0.19,0.22,0.18,0.2,0.19,0.12,0.24,0.11,0.23,0.11,0.2,0.18,0.21,0.12,0.24,0.09,0.17,0.17,0.24,0.19,0.11,0.2,0.09,0.32,,0.21,0.21,0.19,0.22,,0.08,0.1,0.2,0.22,0.21,,0.32,0.12,0.08,0.21,0.13,0.2,0.23,0.21,0.19,0.24,0.07,0.2,0.2,0.23,,0.19,0.28,,0.28,0.18,0.17,0.22,0.2,,0.12,0.19,0.24,0.22,0.2,0.12,0.11,0.23,0.32,0.22,0.12,,0.29,0.2,0.19,0.21,0.09,0.21,0.11,0.3,0.18,0.22,,0.09,0.2,0.23,0.33,0.2,0.34,0.19,0.2,0.12,0.3,0.22,0.09,0.11
"Aruba","Q1 2017",0.1,0.19,0.18,0.19,0.18,0.17,0.19,,0.21,0.2,0.18,0.1,0.19,0.23,0.19,0.19,0.15,0.24,0.2,0.18,0.1,0.1,0.16,0.11,0.19,0.28,0.15,0.2,0.22,0.21,0.21,0.08,,0.29,0.1,0.19,0.08,0.2,0.19,0.19,0.26,0.27,0.18,,0.1,0.18,0.19,0.18,0.22,0.2,0.21,0.18,0.18,0.08,0.17,,0.16,0.19,0.18,0.23,0.17,0.19,0.18,0.18,0.1,0.22,0.19,0.15,0.2,0.08,0.19,0.2,0.18,0.21,,0.18,0.16,0.19,0.26,0.2,0.17,0.21,0.18,0.18,0.11,0.18,0.2,0.23,0.28,0.21,,0.18,0.18,0.1,0.1,0.17,0.2,0.17,0.17,0.17,0.11,0.21,0.1,0.21,0.11,0.19,0.17,0.19,0.1,0.21,0.09,0.09,0.17,0.22,0.18,0.1,0.19,0.08,0.29,,0.19,0.2,0.18,0.2,,0.07,0.11,0.18,0.2,0.2,0.09,0.29,0.11,0.07,0.2,0.12,0.19,0.21,0.19,0.18,0.22,0.01,0.19,0.11,0.21,,0.18,0.18,,0.19,0.17,0.1,0.2,0.19,,0.11,0.18,0.22,0.2,0.18,0.11,0.11,0.2,0.3,0.2,0.1,,0.19,0.19,0.18,0.19,0.09,0.19,0.18,0.27,0.17,0.21,,0.08,0.19,0.21,0.23,0.18,0.3,0.17,0.19,0.11,0.27,0.19,0.08,0.1
"Aruba","Q1 2018",0.1,0.19,0.18,0.2,0.19,0.18,0.21,,0.22,0.21,0.11,0.11,0.21,0.26,0.2,0.21,0.15,0.24,0.22,0.19,0.1,0.11,0.18,0.11,0.2,0.3,0.15,0.21,0.25,0.23,0.23,0.08,,0.31,0.17,0.2,0.09,0.29,0.2,0.2,0.28,0.3,0.19,,0.09,0.19,0.21,0.19,0.31,0.21,0.22,0.2,0.19,0.08,0.18,,0.17,0.2,0.19,0.32,0.19,0.2,0.19,0.18,0.11,0.25,0.2,0.16,0.21,0.08,0.19,0.29,0.18,0.3,,0.19,0.17,0.21,0.2,0.28,0.18,0.22,0.2,0.2,0.19,0.2,0.21,0.25,0.3,0.22,,0.2,0.19,0.11,0.11,0.18,0.2,0.17,0.19,0.18,0.18,0.23,0.11,0.22,0.11,0.29,0.19,0.19,0.18,0.23,0.09,0.09,0.18,0.24,0.19,0.11,0.19,0.08,0.32,,0.2,0.21,0.19,0.2,,0.08,0.11,0.18,0.21,0.21,0.09,0.31,0.12,0.08,0.22,0.12,0.2,0.23,0.21,0.12,0.24,0.07,0.2,0.19,0.23,,0.19,0.2,,0.2,0.18,0.17,0.21,0.2,,0.11,0.18,0.24,0.29,0.19,0.12,0.11,0.21,0.32,0.22,0.11,,0.21,0.2,0.18,0.21,0.09,0.2,0.18,0.22,0.17,0.23,,0.08,0.2,0.22,0.26,0.19,0.33,0.19,0.21,0.12,0.28,0.21,0.08,0.1
"Aruba","Q1 2019",0.16,0.19,0.18,0.21,0.17,0.17,0.22,,0.22,0.22,0.19,0.12,0.2,0.26,0.2,0.21,0.15,0.24,0.22,0.18,0.11,0.11,0.18,0.12,0.21,0.3,0.15,0.29,0.25,0.24,0.24,0.08,,0.31,0.11,0.2,0.09,0.29,0.2,0.19,0.28,0.3,0.2,,0.18,0.2,0.21,0.19,0.31,0.22,0.22,0.2,0.2,0.09,0.19,,0.17,0.13,0.19,0.25,0.18,0.2,0.2,0.18,0.11,0.25,0.21,0.15,0.22,0.08,0.19,0.22,0.18,0.23,,0.19,0.16,0.2,0.28,0.21,0.18,0.22,0.2,0.2,0.12,0.2,0.21,0.25,0.31,0.23,,0.2,0.2,0.01,0.12,0.19,0.21,0.18,0.2,0.2,0.12,0.23,0.11,0.23,0.17,0.21,0.18,0.2,0.11,0.24,0.1,0.09,0.17,0.24,0.2,0.11,0.2,0.08,0.32,,0.21,0.22,0.19,0.21,,0.07,0.1,0.19,0.22,0.21,0.09,0.31,0.13,0.08,0.3,0.13,0.21,0.24,0.21,0.2,0.25,0.01,0.2,0.13,0.23,,0.19,0.19,,0.19,0.19,0.11,0.22,0.2,,0.12,0.18,0.25,0.21,0.19,0.13,0.11,0.22,0.33,0.22,0.11,,0.2,0.2,0.19,0.21,0.09,0.21,0.19,0.22,0.18,0.23,0.15,0.01,0.21,0.23,0.32,0.2,0.33,0.18,0.21,0.12,0.29,0.21,0.01,0.1
"Aruba","Q1 2020",0.18,0.19,0.18,0.2,0.17,0.18,0.21,,0.22,0.22,0.11,0.11,0.19,0.31,0.2,0.2,0.15,0.23,0.22,0.18,0.11,0.18,0.16,0.11,0.2,0.29,0.15,0.21,0.24,0.23,0.23,0.08,,0.3,0.18,0.2,0.09,0.28,0.2,0.12,0.26,0.29,0.19,,0.17,0.19,0.2,0.19,0.3,0.22,0.22,0.19,0.2,0.09,0.19,,0.17,0.12,0.19,0.24,0.18,0.2,0.2,0.17,0.11,0.23,0.2,0.16,0.22,0.08,0.19,0.22,0.18,0.22,,0.19,0.16,0.2,0.27,0.2,0.18,0.22,0.2,0.18,0.12,0.2,0.21,0.24,0.3,0.22,,0.19,0.19,0.1,0.11,0.19,0.2,0.18,0.2,0.19,0.18,0.23,0.11,0.22,0.18,0.21,0.18,0.2,0.18,0.23,0.1,0.1,0.17,0.23,0.19,0.11,0.2,0.01,0.31,,0.2,0.21,0.18,0.21,,0.07,0.1,0.18,0.22,0.21,0.09,0.3,0.12,0.08,0.21,0.12,0.21,0.22,0.2,0.2,0.24,0.07,0.2,0.19,0.22,,0.18,0.18,,0.19,0.18,0.1,0.22,0.2,,0.12,0.18,0.24,0.21,0.12,0.12,0.12,0.21,0.31,0.22,0.11,,0.2,0.2,0.19,0.21,0.09,0.2,0.17,0.22,0.17,0.22,0.15,0.01,0.2,0.22,0.31,0.19,0.32,0.18,0.2,0.11,0.28,0.21,0.01,0.1
"Aruba","Q1 2021",0.17,0.19,0.18,0.2,0.17,0.18,0.21,,0.22,0.22,0.11,0.11,0.2,0.31,0.19,0.2,0.15,0.23,0.22,0.18,0.1,0.18,0.16,0.11,0.2,0.29,0.15,0.21,0.24,0.23,0.24,0.08,,0.31,0.11,0.2,0.09,0.28,0.2,0.12,0.26,0.29,0.2,,0.17,0.2,0.21,0.19,0.3,0.22,0.22,0.19,0.2,0.1,0.19,,0.18,0.12,0.19,0.24,0.18,0.2,0.19,0.17,0.11,0.24,0.21,0.16,0.22,0.1,0.19,0.22,0.18,0.22,,0.18,0.16,0.2,0.26,0.2,0.18,0.22,0.19,0.11,0.19,0.2,0.21,0.24,0.3,0.22,,0.19,0.19,0.1,0.11,0.19,0.2,0.17,0.2,0.19,0.11,0.23,0.11,0.22,0.18,0.22,0.18,0.12,0.11,0.23,0.1,0.1,0.17,0.23,0.2,0.11,0.2,,0.31,,0.2,0.21,0.2,0.21,0.08,0.07,0.1,0.18,0.21,0.21,0.09,0.3,0.12,0.08,0.21,0.12,0.21,0.23,0.2,0.2,0.24,0.07,0.2,0.19,0.22,,0.18,0.18,,0.19,0.18,0.1,0.22,0.2,,0.12,0.18,0.24,0.21,0.12,0.12,0.12,0.21,0.32,0.22,0.1,,0.2,0.2,0.19,0.21,0.09,0.2,0.18,0.22,0.17,0.22,0.15,0.01,0.2,0.22,0.31,0.19,0.32,0.19,0.21,0.11,0.27,0.21,,0.11
"Australia","Q1 2016",0.19,0.25,0.29,0.31,0.19,0.2,0.31,0.22,,0.29,0.28,0.23,0.22,0.48,0.22,0.3,0.15,0.2,0.32,0.18,0.2,0.2,0.18,0.23,0.26,0.44,0.16,0.33,0.5,0.47,0.47,,,0.44,0.2,0.29,0.18,0.27,0.29,0.29,0.22,0.23,0.28,,0.2,0.28,0.39,0.2,0.34,0.32,0.45,0.2,0.2,0.16,0.21,,0.18,0.32,0.28,0.48,0.2,0.33,0.23,0.21,0.18,0.47,0.31,0.17,0.33,0.09,0.22,0.24,0.23,0.31,,0.23,0.18,0.23,0.23,0.25,0.19,0.45,0.38,0.34,0.22,0.24,0.33,0.47,0.39,0.47,,0.3,0.26,0.21,0.22,0.21,0.33,0.2,0.25,0.25,0.23,0.48,0.2,0.41,0.21,0.22,0.19,0.37,0.22,0.38,0.17,0.18,0.18,0.37,0.25,0.24,0.28,0.23,0.47,,0.35,0.4,0.21,0.32,,0.21,0.18,0.24,0.44,0.37,,0.45,0.31,0.08,0.33,0.37,0.3,0.36,0.23,0.24,0.49,0.08,0.35,0.28,0.38,,0.2,0.22,,0.22,0.29,0.19,0.44,0.27,,0.23,0.21,0.48,0.23,0.3,0.31,0.2,0.35,0.47,0.44,0.26,,0.24,0.3,0.24,0.43,0.23,0.31,0.28,0.29,0.21,0.35,,0.18,0.3,0.39,0.48,0.26,0.49,0.2,0.31,0.29,0.25,0.44,0.18,0.25
"Australia","Q1 2017",0.19,0.25,0.29,0.32,0.19,0.19,0.33,0.21,,0.32,0.23,0.22,0.23,0.5,0.22,0.29,0.15,0.18,0.33,0.2,0.2,0.2,0.18,0.22,0.28,0.45,0.16,0.34,0.5,0.47,0.48,0.22,,0.45,0.18,0.31,0.17,0.27,0.29,0.3,0.23,0.21,0.27,,0.2,0.29,0.4,0.19,0.36,0.34,0.46,0.22,0.23,0.16,0.21,,0.18,0.32,0.24,0.49,0.2,0.33,0.24,0.2,0.19,0.48,0.3,0.17,0.34,0.08,0.2,0.25,0.23,0.31,,0.23,0.17,0.23,0.23,0.26,0.19,0.46,0.38,0.34,0.27,0.23,0.35,0.48,0.41,0.48,,0.31,0.26,0.2,0.21,0.2,0.34,0.19,0.22,0.23,0.22,0.48,0.2,0.41,0.21,0.24,0.2,0.37,0.2,0.37,0.17,0.18,0.19,0.39,0.23,0.23,0.27,0.16,0.48,,0.34,0.43,0.2,0.31,,0.15,0.22,0.22,0.43,0.37,0.18,0.45,0.31,0.08,0.34,0.37,0.32,0.37,0.24,0.29,0.5,0.08,0.37,0.29,0.39,,0.2,0.21,,0.22,0.28,0.19,0.45,0.27,,0.21,0.21,0.5,0.24,0.31,0.31,0.2,0.35,0.48,0.45,0.26,,0.22,0.33,0.25,0.44,0.23,0.31,0.29,0.25,0.19,0.37,,0.16,0.31,0.39,0.49,0.26,0.5,0.2,0.32,0.29,0.25,0.43,0.16,0.19
"Australia","Q1 2018",0.17,0.23,0.29,0.3,0.19,0.19,0.32,0.22,,0.29,0.25,0.24,0.22,0.48,0.22,0.29,0.15,0.18,0.32,0.2,0.19,0.2,0.2,0.22,0.26,0.43,0.16,0.33,0.48,0.46,0.47,0.22,,0.43,0.18,0.29,0.17,0.28,0.28,0.29,0.23,0.22,0.26,,0.1,0.28,0.31,0.19,0.35,0.32,0.43,0.22,0.23,0.09,0.21,,0.18,0.33,0.24,0.47,0.2,0.33,0.24,0.2,0.19,0.46,0.28,0.17,0.42,0.08,0.2,0.24,0.21,0.32,,0.22,0.18,0.23,0.22,0.25,0.19,0.43,0.41,0.32,0.29,0.24,0.33,0.46,0.33,0.46,,0.3,0.25,0.2,0.21,0.21,0.31,0.18,0.24,0.25,0.21,0.46,0.2,0.34,0.22,0.24,0.24,0.35,0.2,0.36,0.16,0.17,0.19,0.38,0.23,0.24,0.25,0.16,0.47,,0.34,0.42,0.21,0.29,,0.22,0.2,0.2,0.34,0.35,0.18,0.43,0.3,0.08,0.39,0.38,0.3,0.36,0.23,0.29,0.48,0.08,0.36,0.28,0.37,,0.2,0.21,,0.21,0.28,0.18,0.36,0.28,,0.21,0.21,0.48,0.24,0.29,0.31,0.12,0.33,0.46,0.44,0.23,,0.23,0.3,0.23,0.42,0.23,0.3,0.29,0.26,0.2,0.36,,0.16,0.31,0.37,0.47,0.26,0.48,0.2,0.31,0.29,0.23,0.42,0.16,0.11
"Australia","Q1 2019",0.18,0.23,0.29,0.3,0.19,0.18,0.32,0.22,,0.31,0.27,0.24,0.22,0.47,0.22,0.29,0.15,0.17,0.33,0.2,0.2,0.2,0.2,0.22,0.3,0.36,0.16,0.33,0.49,0.45,0.47,0.22,,0.43,0.2,0.29,0.17,0.27,0.28,0.28,0.22,0.22,0.27,,0.2,0.29,0.32,0.2,0.35,0.33,0.43,0.22,0.23,0.1,0.22,,0.18,0.32,0.25,0.47,0.2,0.32,0.24,0.19,0.19,0.46,0.29,0.16,0.42,0.08,0.2,0.24,0.21,0.32,,0.23,0.17,0.23,0.22,0.25,0.19,0.44,0.4,0.27,0.3,0.25,0.33,0.47,0.33,0.45,,0.31,0.29,0.16,0.23,0.22,0.32,0.2,0.24,0.36,0.21,0.46,0.21,0.42,0.19,0.24,0.21,0.37,0.2,0.37,0.19,0.17,0.19,0.38,0.23,0.21,0.26,0.23,0.48,,0.33,0.41,0.2,0.29,,0.14,0.19,0.22,0.36,0.35,0.18,0.43,0.31,0.09,0.4,0.38,0.38,0.44,0.23,0.32,0.48,0.08,0.34,0.29,0.37,,0.2,0.2,,0.2,0.29,0.19,0.37,0.26,,0.22,0.19,0.49,0.23,0.29,0.31,0.2,0.34,0.47,0.44,0.14,,0.23,0.31,0.23,0.42,0.23,0.31,0.29,0.25,0.19,0.36,0.15,0.16,0.31,0.37,0.48,0.29,0.49,0.19,0.31,0.29,0.24,0.35,0.16,0.11
"Australia","Q1 2020",0.19,0.24,0.29,0.3,0.18,0.19,0.31,0.22,,0.31,0.13,0.23,0.21,0.47,0.21,0.27,0.15,0.17,0.33,0.2,0.2,0.2,0.17,0.22,0.24,0.44,0.16,0.32,0.48,0.45,0.46,0.22,,0.43,0.2,0.29,0.17,0.3,0.28,0.28,0.21,0.22,0.26,,0.19,0.29,0.31,0.2,0.35,0.33,0.43,0.21,0.22,0.1,0.22,,0.18,0.31,0.23,0.46,0.2,0.33,0.24,0.18,0.19,0.45,0.32,0.17,0.35,0.08,0.21,0.27,0.21,0.31,,0.22,0.17,0.22,0.22,0.23,0.19,0.37,0.4,0.25,0.29,0.22,0.33,0.45,0.4,0.45,,0.3,0.25,0.2,0.22,0.22,0.32,0.2,0.24,0.23,0.21,0.45,0.2,0.33,0.22,0.26,0.19,0.37,0.2,0.37,0.19,0.18,0.18,0.37,0.24,0.22,0.25,0.15,0.47,,0.32,0.41,0.2,0.29,,0.14,0.19,0.21,0.35,0.35,0.17,0.43,0.3,0.09,0.39,0.28,0.31,0.35,0.23,0.31,0.48,0.08,0.36,0.29,0.33,,0.2,0.2,,0.2,0.29,0.11,0.36,0.26,,0.22,0.19,0.47,0.24,0.29,0.3,0.14,0.34,0.46,0.43,0.13,,0.22,0.3,0.22,0.42,0.23,0.31,0.28,0.26,0.19,0.36,0.15,0.16,0.3,0.37,0.47,0.25,0.48,0.19,0.31,0.29,0.23,0.34,0.16,0.12
"Australia","Q1 2021",0.18,0.24,0.29,0.29,0.18,0.19,0.32,0.22,,0.33,0.27,0.24,0.22,0.47,0.2,0.29,0.15,0.17,0.34,0.19,0.19,0.2,0.17,0.23,0.27,0.44,0.16,0.33,0.49,0.46,0.48,0.22,,0.45,0.19,0.28,0.17,0.3,0.27,0.29,0.21,0.22,0.26,,0.19,0.3,0.31,0.2,0.36,0.33,0.36,0.21,0.22,0.11,0.21,,0.19,0.31,0.24,0.47,0.19,0.33,0.23,0.18,0.18,0.46,0.33,0.17,0.36,0.11,0.21,0.28,0.21,0.33,,0.19,0.17,0.22,0.21,0.23,0.2,0.38,0.37,0.27,0.31,0.23,0.34,0.45,0.41,0.46,,0.31,0.25,0.2,0.14,0.21,0.33,0.18,0.23,0.23,0.19,0.47,0.19,0.4,0.22,0.27,0.2,0.28,0.19,0.37,0.19,0.18,0.18,0.38,0.26,0.23,0.25,,0.47,,0.32,0.42,0.22,0.28,0.17,0.14,0.19,0.21,0.35,0.37,0.17,0.45,0.31,0.09,0.33,0.34,0.33,0.36,0.23,0.33,0.49,0.08,0.35,0.3,0.33,,0.19,0.2,,0.2,0.29,0.11,0.38,0.26,,0.2,0.19,0.49,0.23,0.29,0.3,0.21,0.34,0.47,0.44,0.12,,0.22,0.31,0.22,0.44,0.23,0.32,0.29,0.25,0.18,0.37,0.15,0.15,0.32,0.38,0.48,0.25,0.49,0.2,0.32,0.29,0.21,0.42,,0.11
"Bahamas","Q1 2016",0.18,0.23,0.2,0.31,0.19,0.27,0.37,0.22,0.29,,0.28,0.2,0.22,0.44,0.22,0.27,0.15,0.2,0.38,0.25,0.18,0.19,0.18,0.2,0.26,0.4,0.16,0.31,0.43,0.36,0.41,,,0.34,0.2,0.29,0.1,0.32,0.26,0.28,0.29,0.23,0.26,,0.2,0.28,0.31,0.28,0.39,0.38,0.34,0.2,0.2,0.09,0.2,,0.18,0.23,0.23,0.44,0.2,0.23,0.23,0.21,0.11,0.44,0.27,0.17,0.31,0.09,0.22,0.25,0.21,0.35,,0.22,0.18,0.22,0.29,0.3,0.19,0.4,0.24,0.3,0.2,0.22,0.38,0.43,0.31,0.34,,0.29,0.25,0.19,0.2,0.2,0.32,0.2,0.23,0.23,0.22,0.36,0.19,0.33,0.19,0.22,0.18,0.31,0.21,0.41,0.16,0.18,0.18,0.35,0.23,0.2,0.29,0.09,0.44,,0.24,0.26,0.21,0.28,,0.08,0.18,0.22,0.33,0.38,,0.41,0.21,0.15,0.31,0.24,0.28,0.4,0.23,0.22,0.43,0.08,0.26,0.28,0.34,,0.27,0.22,,0.22,0.2,0.19,0.39,0.24,,0.21,0.21,0.42,0.31,0.28,0.21,0.19,0.4,0.44,0.33,0.26,,0.23,0.29,0.22,0.31,0.16,0.3,0.2,0.29,0.2,0.33,,0.1,0.29,0.4,0.44,0.24,0.46,0.27,0.36,0.21,0.24,0.31,0.1,0.24
"Bahamas","Q1 2017",0.19,0.23,0.2,0.31,0.2,0.26,0.31,0.2,0.32,,0.23,0.2,0.23,0.45,0.23,0.27,0.15,0.18,0.32,0.27,0.18,0.19,0.18,0.2,0.26,0.41,0.16,0.31,0.44,0.36,0.41,0.15,,0.42,0.18,0.3,0.09,0.32,0.26,0.29,0.23,0.2,0.26,,0.2,0.28,0.31,0.27,0.42,0.38,0.35,0.22,0.23,0.09,0.2,,0.18,0.23,0.21,0.44,0.2,0.24,0.23,0.2,0.18,0.44,0.27,0.17,0.32,0.08,0.21,0.26,0.21,0.35,,0.22,0.17,0.22,0.29,0.31,0.19,0.4,0.25,0.29,0.26,0.22,0.39,0.44,0.34,0.35,,0.29,0.25,0.19,0.21,0.2,0.32,0.19,0.2,0.22,0.22,0.35,0.19,0.33,0.2,0.24,0.2,0.3,0.2,0.4,0.17,0.17,0.19,0.35,0.22,0.2,0.26,0.08,0.44,,0.24,0.3,0.21,0.28,,0.08,0.2,0.2,0.4,0.38,0.17,0.41,0.21,0.08,0.38,0.24,0.3,0.4,0.24,0.27,0.43,0.08,0.29,0.27,0.34,,0.28,0.21,,0.22,0.2,0.19,0.4,0.25,,0.2,0.2,0.43,0.32,0.28,0.21,0.2,0.39,0.44,0.33,0.25,,0.22,0.29,0.24,0.31,0.16,0.29,0.2,0.26,0.18,0.34,,0.09,0.28,0.4,0.45,0.25,0.46,0.27,0.3,0.2,0.25,0.38,0.09,0.19
"Bahamas","Q1 2018",0.17,0.21,0.2,0.29,0.2,0.26,0.31,0.21,0.29,,0.28,0.2,0.22,0.44,0.21,0.27,0.15,0.17,0.32,0.27,0.18,0.19,0.19,0.2,0.24,0.41,0.16,0.32,0.44,0.42,0.42,0.15,,0.35,0.18,0.28,0.09,0.24,0.25,0.3,0.22,0.21,0.25,,0.16,0.29,0.32,0.26,0.41,0.31,0.35,0.21,0.22,0.09,0.19,,0.18,0.22,0.21,0.44,0.2,0.23,0.23,0.19,0.18,0.43,0.26,0.16,0.34,0.08,0.2,0.24,0.2,0.28,,0.21,0.18,0.22,0.27,0.23,0.19,0.41,0.29,0.31,0.27,0.22,0.39,0.43,0.34,0.34,,0.31,0.24,0.19,0.2,0.2,0.31,0.18,0.22,0.23,0.2,0.36,0.19,0.33,0.2,0.23,0.23,0.3,0.19,0.41,0.16,0.16,0.19,0.36,0.22,0.2,0.24,0.08,0.44,,0.23,0.3,0.2,0.27,,0.08,0.19,0.19,0.4,0.38,0.17,0.4,0.21,0.08,0.32,0.25,0.3,0.41,0.23,0.29,0.43,0.08,0.28,0.29,0.33,,0.27,0.21,,0.21,0.19,0.18,0.41,0.26,,0.2,0.21,0.44,0.3,0.29,0.21,0.19,0.4,0.44,0.35,0.22,,0.22,0.3,0.21,0.32,0.16,0.31,0.2,0.25,0.18,0.35,,0.09,0.31,0.41,0.44,0.24,0.46,0.27,0.31,0.2,0.23,0.39,0.09,0.17
"Bahamas","Q1 2019",0.17,0.21,0.2,0.29,0.18,0.18,0.38,0.22,0.31,,0.28,0.2,0.21,0.44,0.22,0.27,0.15,0.17,0.39,0.19,0.19,0.19,0.19,0.2,0.29,0.4,0.22,0.31,0.44,0.42,0.35,0.15,,0.34,0.19,0.29,0.09,0.25,0.26,0.28,0.22,0.22,0.25,,0.19,0.28,0.31,0.19,0.4,0.37,0.34,0.21,0.22,0.17,0.2,,0.17,0.22,0.22,0.44,0.2,0.22,0.23,0.19,0.18,0.43,0.27,0.16,0.33,0.08,0.19,0.24,0.2,0.29,,0.22,0.17,0.21,0.28,0.22,0.19,0.4,0.29,0.26,0.28,0.23,0.38,0.44,0.33,0.33,,0.29,0.28,0.09,0.21,0.2,0.3,0.19,0.22,0.27,0.2,0.43,0.2,0.34,0.18,0.23,0.2,0.31,0.19,0.41,0.18,0.16,0.18,0.36,0.22,0.2,0.25,0.09,0.44,,0.23,0.3,0.2,0.28,,0.08,0.18,0.2,0.39,0.39,0.17,0.4,0.22,0.15,0.38,0.26,0.3,0.41,0.22,0.3,0.44,0.08,0.26,0.28,0.33,,0.2,0.19,,0.2,0.2,0.19,0.41,0.24,,0.22,0.19,0.44,0.22,0.28,0.22,0.2,0.4,0.44,0.41,0.2,,0.21,0.29,0.21,0.38,0.16,0.3,0.2,0.24,0.18,0.34,0.22,0.09,0.31,0.41,0.38,0.29,0.46,0.19,0.37,0.2,0.23,0.38,0.09,0.18
"Bahamas","Q1 2020",0.19,0.21,0.2,0.31,0.19,0.19,0.39,0.22,0.31,,0.2,0.21,0.2,0.46,0.22,0.26,0.15,0.17,0.4,0.2,0.19,0.19,0.17,0.2,0.24,0.42,0.23,0.38,0.46,0.44,0.37,0.16,,0.42,0.2,0.31,0.1,0.34,0.26,0.29,0.21,0.22,0.25,,0.18,0.29,0.32,0.2,0.42,0.39,0.35,0.21,0.22,0.17,0.21,,0.18,0.22,0.22,0.46,0.2,0.23,0.23,0.18,0.18,0.45,0.32,0.17,0.35,0.08,0.2,0.27,0.21,0.28,,0.22,0.17,0.21,0.29,0.21,0.19,0.42,0.31,0.24,0.29,0.22,0.39,0.45,0.34,0.36,,0.3,0.25,0.19,0.21,0.21,0.31,0.19,0.22,0.22,0.21,0.44,0.2,0.34,0.2,0.26,0.19,0.32,0.2,0.43,0.18,0.18,0.19,0.37,0.24,0.21,0.25,0.08,0.46,,0.23,0.3,0.2,0.27,,0.08,0.19,0.2,0.41,0.4,0.17,0.42,0.21,0.16,0.39,0.24,0.32,0.41,0.22,0.32,0.46,0.08,0.29,0.29,0.31,,0.2,0.19,,0.2,0.2,0.17,0.42,0.24,,0.22,0.19,0.45,0.23,0.29,0.21,0.21,0.41,0.46,0.42,0.19,,0.22,0.3,0.21,0.39,0.16,0.31,0.19,0.25,0.18,0.35,0.22,0.09,0.31,0.42,0.4,0.25,0.48,0.19,0.39,0.2,0.22,0.39,0.09,0.19
"Bahamas","Q1 2021",0.18,0.22,0.2,0.29,0.19,0.19,0.4,0.22,0.33,,0.28,0.21,0.22,0.47,0.21,0.28,0.15,0.17,0.41,0.2,0.19,0.2,0.17,0.2,0.27,0.43,0.22,0.39,0.47,0.45,0.38,0.15,,0.44,0.19,0.29,0.1,0.35,0.26,0.29,0.22,0.22,0.25,,0.18,0.3,0.32,0.21,0.43,0.4,0.35,0.21,0.22,0.18,0.2,,0.19,0.22,0.22,0.46,0.2,0.24,0.23,0.18,0.18,0.46,0.33,0.17,0.36,0.11,0.21,0.29,0.21,0.31,,0.19,0.17,0.22,0.28,0.22,0.2,0.43,0.25,0.28,0.3,0.23,0.4,0.45,0.42,0.35,,0.31,0.26,0.19,0.21,0.21,0.33,0.18,0.23,0.23,0.12,0.44,0.2,0.35,0.2,0.28,0.2,0.3,0.19,0.43,0.19,0.18,0.19,0.38,0.27,0.2,0.25,,0.47,,0.23,0.31,0.22,0.28,0.09,0.08,0.19,0.2,0.35,0.41,0.17,0.43,0.22,0.16,0.39,0.23,0.32,0.43,0.23,0.32,0.46,0.08,0.29,0.29,0.31,,0.2,0.2,,0.21,0.2,0.17,0.42,0.26,,0.21,0.19,0.46,0.3,0.3,0.22,0.22,0.41,0.47,0.42,0.18,,0.23,0.31,0.21,0.34,0.17,0.32,0.2,0.25,0.18,0.35,0.22,0.08,0.31,0.43,0.41,0.25,0.49,0.27,0.39,0.2,0.22,0.4,,0.18
"Bahrain","Q1 2016",0.17,0.21,0.19,0.28,0.17,0.17,0.28,0.2,0.28,0.28,,0.21,0.19,0.39,0.19,0.26,0.15,0.18,0.28,0.16,0.19,0.11,0.17,0.2,0.23,0.3,0.15,0.28,0.39,0.31,0.31,,,0.29,0.18,0.27,0.09,0.23,0.25,0.27,0.19,0.2,0.25,,0.19,0.27,0.36,0.18,0.28,0.27,0.31,0.19,0.18,0.15,0.19,,0.17,0.21,0.22,0.32,0.18,0.22,0.21,0.2,0.1,0.39,0.26,0.15,0.29,0.08,0.19,0.21,0.2,0.25,,0.21,0.17,0.21,0.2,0.21,0.18,0.37,0.24,0.29,0.28,0.21,0.29,0.32,0.26,0.31,,0.28,0.24,0.18,0.28,0.19,0.3,0.19,0.22,0.23,0.21,0.38,0.19,0.3,0.18,0.19,0.18,0.28,0.2,0.3,0.16,0.17,0.16,0.31,0.22,0.2,0.27,0.09,0.32,,0.23,0.25,0.19,0.27,,0.08,0.17,0.21,0.37,0.37,,0.29,0.2,0.08,0.28,0.25,0.27,0.29,0.21,0.29,0.38,0.07,0.25,0.27,0.31,,0.18,0.19,,0.19,0.19,0.18,0.37,0.24,,0.21,0.19,0.38,0.2,0.27,0.2,0.19,0.3,0.39,0.3,0.26,,0.21,0.27,0.22,0.36,0.16,0.28,0.18,0.25,0.19,0.29,,0.09,0.28,0.38,0.39,0.24,0.4,0.18,0.27,0.19,0.22,0.29,0.09,0.24
"Bahrain","Q1 2017",0.1,0.2,0.11,0.23,0.1,0.1,0.22,0.18,0.23,0.23,,0.18,0.19,0.33,0.19,0.22,0.08,0.1,0.22,0.1,0.11,0.11,0.17,0.11,0.23,0.24,0.08,0.22,0.26,0.25,0.24,0.08,,0.24,0.17,0.22,0.09,0.21,0.22,0.21,0.19,0.18,0.21,,0.18,0.21,0.3,0.1,0.23,0.22,0.25,0.12,0.21,0.15,0.19,,0.17,0.13,0.19,0.26,0.18,0.21,0.21,0.18,0.1,0.32,0.23,0.15,0.23,0.08,0.11,0.2,0.12,0.22,,0.2,0.16,0.19,0.13,0.2,0.17,0.32,0.21,0.23,0.28,0.2,0.23,0.25,0.23,0.24,,0.22,0.22,0.1,0.27,0.19,0.23,0.18,0.19,0.21,0.19,0.25,0.18,0.24,0.11,0.2,0.19,0.23,0.18,0.23,0.09,0.09,0.1,0.25,0.2,0.18,0.21,0.01,0.26,,0.2,0.22,0.12,0.23,,0.07,0.11,0.19,0.31,0.3,0.09,0.23,0.12,0.08,0.22,0.21,0.3,0.23,0.2,0.29,0.25,0.01,0.22,0.14,0.24,,0.11,0.18,,0.19,0.11,0.18,0.31,0.22,,0.19,0.19,0.26,0.2,0.21,0.12,0.19,0.24,0.33,0.25,0.2,,0.19,0.22,0.21,0.23,0.09,0.22,0.11,0.2,0.17,0.24,,0.01,0.21,0.32,0.33,0.22,0.26,0.1,0.22,0.11,0.2,0.23,0.01,0.18
"Bahrain","Q1 2018",0.09,0.12,0.18,0.25,0.1,0.1,0.27,0.11,0.25,0.28,,0.19,0.12,0.34,0.11,0.23,0.08,0.09,0.28,0.1,0.18,0.11,0.11,0.19,0.21,0.31,0.08,0.29,0.4,0.39,0.32,0.15,,0.3,0.17,0.26,0.08,0.13,0.23,0.29,0.12,0.11,0.15,,0.09,0.29,0.29,0.1,0.28,0.27,0.32,0.12,0.13,0.08,0.11,,0.09,0.2,0.12,0.33,0.11,0.14,0.13,0.1,0.1,0.33,0.23,0.08,0.32,0.08,0.1,0.13,0.18,0.23,,0.12,0.1,0.12,0.12,0.13,0.1,0.38,0.26,0.3,0.33,0.12,0.31,0.34,0.28,0.32,,0.29,0.22,0.17,0.27,0.12,0.31,0.1,0.2,0.15,0.19,0.4,0.18,0.32,0.18,0.13,0.21,0.29,0.18,0.3,0.08,0.09,0.1,0.33,0.2,0.19,0.21,0.08,0.34,,0.2,0.26,0.12,0.23,,0.08,0.17,0.11,0.39,0.35,0.16,0.3,0.19,0.07,0.29,0.23,0.3,0.31,0.13,0.3,0.33,0.07,0.26,0.27,0.28,,0.11,0.11,,0.11,0.11,0.1,0.39,0.23,,0.18,0.12,0.4,0.13,0.29,0.19,0.18,0.31,0.34,0.32,0.21,,0.12,0.3,0.12,0.28,0.15,0.29,0.18,0.14,0.11,0.32,,0.08,0.28,0.39,0.34,0.22,0.34,0.1,0.27,0.18,0.12,0.31,0.08,0.17
"Bahrain","Q1 2019",0.09,0.12,0.19,0.26,0.17,0.17,0.28,0.19,0.27,0.28,,0.19,0.19,0.32,0.19,0.24,0.15,0.16,0.28,0.17,0.19,0.11,0.11,0.19,0.26,0.36,0.15,0.28,0.39,0.31,0.31,0.15,,0.3,0.18,0.26,0.09,0.21,0.23,0.27,0.19,0.19,0.15,,0.1,0.27,0.29,0.17,0.29,0.27,0.3,0.19,0.2,0.16,0.12,,0.09,0.2,0.13,0.32,0.11,0.2,0.21,0.11,0.1,0.31,0.23,0.08,0.3,0.08,0.17,0.2,0.18,0.24,,0.13,0.09,0.19,0.19,0.2,0.17,0.37,0.28,0.24,0.33,0.13,0.29,0.32,0.29,0.3,,0.28,0.26,0.08,0.28,0.12,0.28,0.11,0.2,0.24,0.19,0.38,0.19,0.3,0.17,0.2,0.11,0.28,0.18,0.3,0.16,0.09,0.17,0.31,0.2,0.18,0.22,0.08,0.32,,0.2,0.27,0.18,0.24,,0.07,0.17,0.11,0.37,0.35,0.16,0.29,0.2,0.08,0.28,0.23,0.28,0.3,0.2,0.36,0.39,0.07,0.24,0.28,0.29,,0.18,0.18,,0.18,0.19,0.1,0.37,0.22,,0.2,0.11,0.39,0.2,0.27,0.2,0.19,0.3,0.32,0.31,0.2,,0.19,0.27,0.12,0.3,0.15,0.28,0.19,0.21,0.1,0.3,0.14,0.08,0.28,0.37,0.32,0.26,0.39,0.17,0.27,0.18,0.2,0.29,0.08,0.17
"Bahrain","Q1 2020",0.1,0.11,0.11,0.13,0.09,0.1,0.13,0.11,0.13,0.2,,0.18,0.11,0.22,0.11,0.2,0.08,0.09,0.13,0.1,0.11,0.11,0.09,0.11,0.13,0.21,0.08,0.13,0.23,0.22,0.22,0.07,,0.14,0.17,0.2,0.02,0.13,0.13,0.19,0.11,0.11,0.12,,0.1,0.12,0.21,0.1,0.14,0.13,0.21,0.11,0.12,0.16,0.12,,0.09,0.12,0.12,0.22,0.1,0.12,0.13,0.1,0.1,0.22,0.2,0.08,0.21,0.01,0.1,0.13,0.11,0.13,,0.12,0.09,0.11,0.12,0.11,0.1,0.28,0.13,0.2,0.27,0.11,0.21,0.22,0.14,0.21,,0.2,0.2,0.1,0.26,0.12,0.2,0.1,0.19,0.12,0.18,0.22,0.18,0.21,0.1,0.12,0.1,0.2,0.17,0.21,0.09,0.1,0.09,0.22,0.2,0.11,0.12,0.01,0.22,,0.12,0.13,0.11,0.2,,0,0.1,0.1,0.28,0.28,0.08,0.14,0.12,0.01,0.13,0.19,0.13,0.14,0.12,0.21,0.23,0.07,0.2,0.2,0.21,,0.1,0.1,,0.1,0.11,0.09,0.28,0.12,,0.19,0.1,0.23,0.12,0.19,0.11,0.19,0.21,0.22,0.22,0.19,,0.11,0.13,0.11,0.21,0.08,0.13,0.1,0.13,0.1,0.21,0.07,0.01,0.2,0.28,0.23,0.2,0.23,0.1,0.13,0.11,0.12,0.2,0.01,0.18
"Bahrain","Q1 2021",0.09,0.12,0.18,0.25,0.09,0.1,0.27,0.11,0.27,0.28,,0.19,0.12,0.32,0.11,0.24,0.08,0.09,0.28,0.1,0.17,0.11,0.09,0.18,0.23,0.3,0.08,0.28,0.39,0.31,0.31,0.14,,0.3,0.17,0.25,0.08,0.16,0.22,0.28,0.11,0.11,0.15,,0.1,0.28,0.29,0.1,0.29,0.28,0.3,0.12,0.13,0.17,0.12,,0.1,0.19,0.13,0.32,0.1,0.14,0.13,0.1,0.1,0.31,0.29,0.08,0.3,0.1,0.11,0.16,0.19,0.26,,0.11,0.09,0.11,0.12,0.12,0.1,0.38,0.23,0.28,0.36,0.12,0.3,0.31,0.28,0.3,,0.29,0.23,0.17,0.27,0.12,0.3,0.1,0.2,0.14,0.17,0.32,0.18,0.3,0.17,0.16,0.11,0.28,0.17,0.3,0.16,0.1,0.09,0.31,0.22,0.18,0.21,,0.32,,0.2,0.26,0.12,0.23,0.08,0.07,0.17,0.11,0.37,0.37,0.15,0.3,0.19,0.08,0.28,0.21,0.29,0.3,0.13,0.36,0.32,0.07,0.25,0.26,0.25,,0.1,0.1,,0.1,0.18,0.09,0.38,0.15,,0.18,0.1,0.38,0.12,0.28,0.19,0.2,0.3,0.32,0.31,0.18,,0.12,0.28,0.12,0.3,0.16,0.29,0.18,0.14,0.1,0.3,0.07,0.08,0.28,0.38,0.32,0.23,0.32,0.1,0.27,0.18,0.12,0.3,,0.17
"Bangladesh","Q1 2016",0.1,0.13,0.18,0.22,0.1,0.1,0.21,0.12,0.23,0.2,0.21,,0.12,0.25,0.11,0.22,0.08,0.11,0.22,0.09,0.18,0.11,0.1,0.27,0.2,0.23,0.08,0.22,0.32,0.31,0.31,,,0.23,0.17,0.21,0.09,0.14,0.22,0.21,0.11,0.12,0.13,,0.11,0.21,0.23,0.11,0.22,0.21,0.24,0.11,0.1,0.08,0.11,,0.09,0.2,0.21,0.25,0.11,0.19,0.12,0.11,0.1,0.25,0.22,0.08,0.22,0.08,0.12,0.12,0.19,0.21,,0.13,0.1,0.13,0.12,0.13,0.1,0.3,0.21,0.23,0.12,0.13,0.23,0.25,0.22,0.24,,0.21,0.21,0.17,0.19,0.11,0.22,0.11,0.13,0.12,0.2,0.32,0.19,0.23,0.17,0.11,0.1,0.21,0.19,0.23,0.09,0.09,0.09,0.23,0.2,0.27,0.21,0.08,0.25,,0.21,0.22,0.11,0.23,,0.07,0.16,0.2,0.24,0.3,,0.23,0.2,0.07,0.22,0.22,0.21,0.23,0.12,0.2,0.25,0.07,0.21,0.2,0.24,,0.1,0.12,,0.12,0.18,0.1,0.24,0.14,,0.2,0.11,0.32,0.12,0.22,0.2,0.11,0.23,0.25,0.3,0.2,,0.13,0.21,0.12,0.3,0.15,0.22,0.18,0.21,0.12,0.22,,0.09,0.22,0.24,0.25,0.21,0.25,0.1,0.21,0.18,0.13,0.3,0.09,0.19
"Bangladesh","Q1 2017",0.1,0.13,0.18,0.21,0.1,0.09,0.21,0.1,0.22,0.2,0.18,,0.12,0.24,0.11,0.21,0.08,0.09,0.21,0.1,0.19,0.11,0.09,0.2,0.21,0.22,0.08,0.21,0.3,0.3,0.29,0.14,,0.22,0.1,0.21,0.08,0.14,0.21,0.2,0.11,0.1,0.13,,0.11,0.2,0.21,0.1,0.22,0.21,0.23,0.12,0.12,0.08,0.12,,0.09,0.19,0.13,0.24,0.1,0.19,0.13,0.1,0.1,0.24,0.21,0.08,0.22,0.08,0.1,0.12,0.19,0.21,,0.12,0.09,0.12,0.12,0.13,0.09,0.29,0.21,0.21,0.2,0.12,0.22,0.24,0.22,0.23,,0.21,0.2,0.17,0.18,0.11,0.21,0.11,0.11,0.11,0.19,0.3,0.18,0.22,0.17,0.12,0.11,0.2,0.18,0.22,0.09,0.09,0.09,0.23,0.19,0.26,0.2,0.08,0.24,,0.2,0.21,0.11,0.22,,0.07,0.18,0.12,0.23,0.22,0.16,0.22,0.19,0.07,0.21,0.21,0.21,0.22,0.12,0.2,0.24,0.07,0.2,0.2,0.23,,0.1,0.11,,0.11,0.17,0.1,0.23,0.13,,0.18,0.11,0.3,0.13,0.21,0.19,0.18,0.22,0.24,0.29,0.18,,0.12,0.21,0.12,0.22,0.15,0.21,0.18,0.13,0.1,0.22,,0.08,0.2,0.23,0.24,0.2,0.24,0.1,0.21,0.18,0.12,0.29,0.08,0.1
"Bangladesh","Q1 2018",0.09,0.13,0.18,0.21,0.1,0.1,0.22,0.11,0.24,0.2,0.19,,0.11,0.26,0.11,0.22,0.08,0.09,0.23,0.1,0.17,0.11,0.1,0.2,0.2,0.24,0.08,0.22,0.32,0.31,0.31,0.15,,0.24,0.1,0.21,0.08,0.15,0.21,0.21,0.12,0.11,0.13,,0.09,0.21,0.22,0.1,0.23,0.22,0.24,0.13,0.12,0.08,0.11,,0.09,0.21,0.13,0.25,0.11,0.19,0.12,0.1,0.1,0.25,0.22,0.08,0.23,0.08,0.1,0.12,0.18,0.22,,0.12,0.1,0.12,0.12,0.14,0.1,0.31,0.23,0.23,0.21,0.13,0.23,0.25,0.22,0.24,,0.22,0.2,0.17,0.19,0.12,0.22,0.1,0.13,0.12,0.18,0.31,0.19,0.23,0.18,0.12,0.19,0.2,0.11,0.23,0.15,0.09,0.09,0.25,0.19,0.21,0.2,0.08,0.25,,0.2,0.23,0.12,0.22,,0.08,0.17,0.11,0.24,0.23,0.16,0.23,0.2,0.07,0.22,0.23,0.22,0.23,0.12,0.22,0.32,0.07,0.21,0.21,0.24,,0.11,0.11,,0.11,0.18,0.1,0.24,0.21,,0.18,0.12,0.32,0.13,0.22,0.2,0.1,0.23,0.25,0.31,0.18,,0.12,0.21,0.13,0.3,0.15,0.21,0.18,0.13,0.11,0.24,,0.08,0.22,0.24,0.25,0.2,0.26,0.1,0.22,0.18,0.12,0.3,0.08,0.1
"Bangladesh","Q1 2019",0.09,0.12,0.18,0.2,0.09,0.09,0.21,0.12,0.24,0.2,0.19,,0.11,0.25,0.11,0.21,0.08,0.09,0.22,0.1,0.25,0.11,0.1,0.2,0.2,0.24,0.08,0.22,0.32,0.24,0.31,0.15,,0.24,0.1,0.2,0.08,0.14,0.21,0.2,0.12,0.12,0.13,,0.1,0.2,0.22,0.1,0.23,0.22,0.24,0.12,0.12,0.09,0.12,,0.09,0.19,0.13,0.25,0.1,0.19,0.12,0.1,0.1,0.25,0.21,0.08,0.23,0.08,0.1,0.12,0.18,0.22,,0.11,0.09,0.12,0.12,0.14,0.1,0.24,0.23,0.2,0.22,0.12,0.23,0.25,0.22,0.24,,0.22,0.2,0.08,0.2,0.12,0.22,0.11,0.13,0.2,0.18,0.31,0.18,0.23,0.16,0.12,0.11,0.2,0.1,0.23,0.16,0.09,0.09,0.24,0.19,0.26,0.2,0.08,0.25,,0.2,0.23,0.11,0.21,,0.07,0.17,0.11,0.24,0.23,0.16,0.23,0.2,0.08,0.22,0.23,0.21,0.24,0.12,0.23,0.31,0.07,0.19,0.2,0.24,,0.11,0.1,,0.1,0.18,0.1,0.24,0.12,,0.19,0.11,0.32,0.12,0.21,0.19,0.11,0.23,0.25,0.31,0.11,,0.12,0.21,0.12,0.3,0.15,0.21,0.18,0.13,0.1,0.24,0.07,0.08,0.21,0.24,0.25,0.2,0.25,0.1,0.21,0.18,0.12,0.23,0.08,0.1
"Bangladesh","Q1 2020",0.11,0.13,0.18,0.2,0.09,0.1,0.21,0.11,0.23,0.21,0.18,,0.11,0.25,0.11,0.21,0.08,0.09,0.22,0.1,0.19,0.11,0.09,0.2,0.13,0.24,0.08,0.22,0.32,0.31,0.31,0.15,,0.24,0.11,0.2,0.09,0.15,0.21,0.2,0.11,0.11,0.13,,0.1,0.2,0.21,0.1,0.23,0.22,0.24,0.12,0.12,0.09,0.12,,0.09,0.2,0.13,0.25,0.1,0.12,0.12,0.1,0.1,0.25,0.22,0.08,0.24,0.08,0.11,0.12,0.18,0.22,,0.12,0.09,0.12,0.12,0.14,0.1,0.31,0.23,0.2,0.22,0.12,0.23,0.25,0.22,0.24,,0.22,0.2,0.17,0.2,0.12,0.22,0.11,0.13,0.13,0.18,0.32,0.18,0.22,0.18,0.12,0.11,0.2,0.11,0.23,0.16,0.1,0.09,0.24,0.2,0.27,0.2,0.08,0.25,,0.2,0.22,0.11,0.22,,0.07,0.17,0.11,0.24,0.23,0.16,0.23,0.2,0.08,0.22,0.22,0.21,0.23,0.12,0.22,0.25,0.07,0.2,0.2,0.23,,0.1,0.1,,0.1,0.18,0.09,0.24,0.13,,0.19,0.1,0.32,0.13,0.21,0.19,0.18,0.23,0.25,0.31,0.11,,0.12,0.21,0.12,0.3,0.15,0.21,0.1,0.13,0.1,0.24,0.07,0.08,0.21,0.24,0.26,0.2,0.26,0.1,0.21,0.18,0.12,0.3,0.08,0.11
"Bangladesh","Q1 2021",0.09,0.14,0.18,0.2,0.09,0.1,0.21,0.11,0.24,0.21,0.19,,0.12,0.26,0.11,0.21,0.08,0.09,0.22,0.1,0.18,0.11,0.09,0.2,0.21,0.25,0.08,0.21,0.33,0.32,0.33,0.15,,0.25,0.1,0.2,0.08,0.15,0.21,0.2,0.11,0.11,0.13,,0.1,0.2,0.21,0.1,0.23,0.22,0.24,0.12,0.12,0.1,0.12,,0.1,0.19,0.13,0.26,0.1,0.13,0.12,0.1,0.1,0.26,0.22,0.08,0.24,0.1,0.11,0.13,0.18,0.22,,0.11,0.09,0.12,0.12,0.14,0.1,0.32,0.24,0.19,0.22,0.12,0.23,0.25,0.22,0.25,,0.22,0.2,0.17,0.19,0.11,0.22,0.1,0.13,0.12,0.11,0.33,0.18,0.22,0.18,0.12,0.11,0.19,0.17,0.25,0.17,0.1,0.09,0.25,0.2,0.27,0.19,,0.26,,0.2,0.23,0.13,0.22,0.08,0.07,0.17,0.11,0.23,0.25,0.16,0.25,0.21,0.08,0.22,0.23,0.21,0.24,0.12,0.23,0.26,0.07,0.19,0.2,0.24,,0.1,0.1,,0.1,0.18,0.09,0.25,0.13,,0.18,0.1,0.33,0.12,0.2,0.19,0.19,0.23,0.26,0.32,0.11,,0.12,0.21,0.12,0.31,0.16,0.22,0.18,0.13,0.1,0.24,0.07,0.08,0.22,0.26,0.26,0.2,0.27,0.1,0.21,0.18,0.12,0.31,,0.1
"Barbados","Q1 2016",0.1,0.2,0.18,0.21,0.26,0.27,0.2,0.21,0.22,0.22,0.19,0.12,,0.26,0.26,0.21,0.15,0.19,0.22,0.18,0.11,0.11,0.1,0.12,0.2,0.23,0.16,0.21,0.25,0.24,0.23,,,0.24,0.18,0.2,0.09,0.22,0.2,0.2,0.19,0.21,0.2,,0.19,0.2,0.21,0.28,0.32,0.21,0.23,0.18,0.18,0.09,0.18,,0.17,0.2,0.2,0.33,0.18,0.2,0.2,0.19,0.1,0.25,0.21,0.09,0.21,0.08,0.3,0.29,0.18,0.28,,0.2,0.1,0.29,0.29,0.27,0.18,0.22,0.19,0.13,0.11,0.19,0.21,0.24,0.32,0.23,,0.2,0.2,0.11,0.18,0.18,0.22,0.18,0.2,0.19,0.19,0.24,0.11,0.22,0.11,0.19,0.17,0.21,0.19,0.24,0.09,0.1,0.25,0.23,0.2,0.12,0.2,0.09,0.25,,0.21,0.21,0.18,0.22,,0.08,0.1,0.2,0.22,0.22,,0.25,0.12,0.08,0.21,0.13,0.2,0.22,0.28,0.19,0.24,0.01,0.2,0.13,0.23,,0.28,0.3,,0.3,0.18,0.17,0.22,0.2,,0.12,0.18,0.24,0.3,0.2,0.12,0.1,0.22,0.26,0.22,0.12,,0.29,0.2,0.18,0.21,0.09,0.21,0.12,0.32,0.18,0.22,,0.09,0.2,0.23,0.33,0.2,0.35,0.27,0.2,0.12,0.22,0.21,0.09,0.11
"Barbados","Q1 2017",0.11,0.22,0.19,0.22,0.28,0.26,0.22,0.19,0.23,0.23,0.19,0.12,,0.28,0.27,0.21,0.15,0.17,0.23,0.28,0.11,0.12,0.1,0.12,0.22,0.24,0.16,0.22,0.26,0.24,0.24,0.08,,0.34,0.17,0.21,0.09,0.24,0.21,0.2,0.2,0.19,0.2,,0.19,0.2,0.22,0.28,0.34,0.22,0.24,0.2,0.2,0.09,0.19,,0.17,0.2,0.2,0.34,0.19,0.21,0.21,0.18,0.11,0.26,0.22,0.09,0.22,0.08,0.29,0.31,0.19,0.31,,0.19,0.1,0.3,0.29,0.3,0.18,0.23,0.2,0.21,0.12,0.2,0.22,0.26,0.33,0.24,,0.2,0.2,0.11,0.11,0.18,0.23,0.11,0.2,0.19,0.19,0.24,0.11,0.23,0.12,0.29,0.18,0.2,0.18,0.24,0.09,0.1,0.27,0.25,0.19,0.12,0.2,0.08,0.27,,0.22,0.22,0.19,0.22,,0.08,0.12,0.2,0.23,0.22,0.1,0.25,0.13,0.08,0.23,0.14,0.21,0.23,0.29,0.2,0.25,0.01,0.2,0.13,0.24,,0.29,0.3,,0.31,0.19,0.18,0.23,0.21,,0.11,0.18,0.25,0.32,0.2,0.12,0.11,0.23,0.27,0.23,0.11,,0.3,0.21,0.19,0.22,0.09,0.21,0.19,0.33,0.11,0.24,,0.09,0.2,0.23,0.35,0.2,0.37,0.28,0.21,0.12,0.3,0.22,0.09,0.1
"Barbados","Q1 2018",0.1,0.2,0.19,0.21,0.28,0.27,0.21,0.21,0.22,0.22,0.12,0.11,,0.27,0.2,0.21,0.15,0.17,0.23,0.28,0.11,0.11,0.18,0.11,0.2,0.31,0.15,0.22,0.25,0.24,0.24,0.08,,0.34,0.17,0.21,0.09,0.23,0.2,0.2,0.2,0.21,0.2,,0.1,0.2,0.21,0.27,0.34,0.22,0.23,0.19,0.2,0.09,0.19,,0.17,0.2,0.19,0.33,0.2,0.2,0.2,0.18,0.11,0.25,0.21,0.09,0.22,0.08,0.28,0.31,0.18,0.23,,0.19,0.1,0.3,0.26,0.22,0.18,0.23,0.21,0.2,0.12,0.2,0.22,0.25,0.32,0.23,,0.2,0.13,0.11,0.11,0.19,0.21,0.11,0.2,0.19,0.18,0.24,0.11,0.23,0.12,0.29,0.19,0.2,0.18,0.24,0.09,0.09,0.26,0.25,0.19,0.12,0.2,0.08,0.34,,0.21,0.22,0.18,0.21,,0.08,0.11,0.18,0.22,0.22,0.1,0.25,0.12,0.08,0.22,0.13,0.2,0.23,0.28,0.13,0.25,0.01,0.2,0.13,0.23,,0.29,0.3,,0.3,0.19,0.17,0.22,0.21,,0.11,0.19,0.25,0.32,0.19,0.13,0.1,0.22,0.27,0.23,0.11,,0.29,0.2,0.19,0.22,0.09,0.21,0.19,0.32,0.11,0.23,,0.09,0.21,0.23,0.34,0.13,0.36,0.28,0.21,0.12,0.3,0.22,0.09,0.09
"Barbados","Q1 2019",0.1,0.19,0.19,0.2,0.26,0.26,0.21,0.2,0.22,0.21,0.19,0.11,,0.26,0.19,0.21,0.15,0.17,0.23,0.28,0.11,0.11,0.11,0.11,0.2,0.3,0.15,0.21,0.25,0.23,0.24,0.08,,0.33,0.11,0.2,0.09,0.22,0.2,0.19,0.2,0.2,0.19,,0.18,0.19,0.21,0.28,0.33,0.21,0.22,0.19,0.2,0.09,0.19,,0.17,0.13,0.19,0.25,0.19,0.2,0.2,0.1,0.1,0.24,0.21,0.16,0.22,0.08,0.28,0.3,0.18,0.22,,0.19,0.1,0.29,0.2,0.21,0.18,0.22,0.2,0.13,0.12,0.19,0.21,0.25,0.31,0.22,,0.13,0.13,0.02,0.11,0.19,0.2,0.11,0.2,0.2,0.11,0.23,0.11,0.22,0.17,0.28,0.12,0.2,0.11,0.24,0.1,0.09,0.26,0.24,0.19,0.11,0.2,0.08,0.33,,0.2,0.21,0.18,0.21,,0.07,0.11,0.19,0.22,0.21,0.09,0.24,0.12,0.08,0.22,0.13,0.21,0.23,0.28,0.2,0.24,0.01,0.19,0.13,0.23,,0.29,0.28,,0.28,0.19,0.11,0.22,0.19,,0.12,0.11,0.25,0.31,0.19,0.13,0.11,0.21,0.26,0.22,0.11,,0.29,0.2,0.19,0.21,0.09,0.2,0.19,0.31,0.11,0.23,0.15,0.02,0.2,0.22,0.34,0.13,0.35,0.27,0.2,0.12,0.3,0.21,0.02,0.1
"Barbados","Q1 2020",0.1,0.19,0.19,0.2,0.26,0.27,0.2,0.19,0.21,0.2,0.11,0.11,,0.25,0.19,0.2,0.15,0.16,0.22,0.28,0.11,0.11,0.09,0.11,0.2,0.23,0.15,0.2,0.24,0.23,0.23,0.08,,0.32,0.11,0.19,0.09,0.21,0.2,0.12,0.18,0.19,0.19,,0.18,0.19,0.2,0.29,0.32,0.21,0.22,0.18,0.19,0.09,0.18,,0.17,0.13,0.19,0.25,0.19,0.19,0.2,0.1,0.1,0.23,0.2,0.16,0.21,0.08,0.29,0.3,0.18,0.21,,0.18,0.09,0.28,0.19,0.19,0.18,0.22,0.19,0.11,0.12,0.19,0.2,0.24,0.31,0.22,,0.12,0.12,0.11,0.11,0.18,0.2,0.1,0.19,0.18,0.11,0.23,0.1,0.22,0.18,0.28,0.11,0.2,0.11,0.23,0.1,0.1,0.26,0.23,0.19,0.11,0.19,0.01,0.32,,0.2,0.21,0.18,0.2,,0.07,0.11,0.19,0.21,0.21,0.09,0.23,0.12,0.08,0.21,0.12,0.2,0.22,0.21,0.2,0.24,0.01,0.2,0.12,0.22,,0.28,0.27,,0.29,0.19,0.1,0.22,0.19,,0.11,0.1,0.24,0.3,0.12,0.12,0.11,0.21,0.25,0.22,0.1,,0.28,0.2,0.18,0.2,0.09,0.2,0.18,0.31,0.11,0.22,0.15,0.02,0.2,0.22,0.33,0.12,0.34,0.26,0.2,0.11,0.29,0.2,0.02,0.1
"Barbados","Q1 2021",0.17,0.2,0.19,0.2,0.26,0.27,0.21,0.2,0.22,0.22,0.12,0.12,,0.32,0.18,0.21,0.15,0.17,0.23,0.27,0.11,0.18,0.16,0.12,0.21,0.23,0.15,0.21,0.25,0.24,0.24,0.08,,0.33,0.1,0.2,0.09,0.22,0.21,0.12,0.19,0.2,0.2,,0.18,0.2,0.21,0.29,0.33,0.22,0.22,0.19,0.2,0.09,0.19,,0.17,0.13,0.19,0.25,0.19,0.2,0.19,0.17,0.1,0.24,0.22,0.16,0.23,0.09,0.29,0.31,0.18,0.22,,0.18,0.16,0.29,0.19,0.19,0.18,0.23,0.19,0.11,0.19,0.2,0.21,0.25,0.32,0.22,,0.2,0.2,0.11,0.11,0.18,0.21,0.17,0.2,0.19,0.1,0.24,0.1,0.23,0.18,0.29,0.18,0.12,0.1,0.24,0.11,0.1,0.26,0.23,0.2,0.12,0.19,,0.33,,0.2,0.21,0.2,0.21,0.09,0.07,0.11,0.2,0.22,0.22,0.09,0.24,0.12,0.09,0.21,0.12,0.22,0.23,0.21,0.2,0.25,0.07,0.19,0.19,0.23,,0.27,0.27,,0.29,0.19,0.1,0.23,0.2,,0.11,0.17,0.25,0.31,0.12,0.12,0.12,0.22,0.33,0.23,0.1,,0.29,0.2,0.19,0.22,0.09,0.21,0.19,0.31,0.17,0.23,0.15,0.02,0.21,0.23,0.34,0.2,0.35,0.27,0.21,0.12,0.28,0.21,,0.1
"Belgium","Q1 2016",0.21,0.37,0.24,0.47,0.22,0.23,0.46,0.26,0.48,0.44,0.39,0.25,0.26,,0.25,0.43,0.16,0.23,0.49,0.2,0.21,0.22,0.21,0.25,0.4,0.54,0.17,0.47,0.72,0.66,0.59,,,0.58,0.29,0.44,0.18,0.4,0.42,0.37,0.26,0.27,0.38,,0.31,0.49,0.49,0.24,0.49,0.47,0.63,0.23,0.31,0.17,0.31,,0.2,0.28,0.39,0.74,0.23,0.35,0.36,0.32,0.2,0.79,0.45,0.19,0.52,0.16,0.26,0.36,0.24,0.43,,0.35,0.21,0.34,0.28,0.36,0.22,0.56,0.4,0.52,0.24,0.34,0.5,0.69,0.47,0.6,,0.44,0.38,0.22,0.24,0.31,0.53,0.24,0.36,0.35,0.33,0.69,0.22,0.58,0.23,0.32,0.27,0.47,0.32,0.59,0.18,0.19,0.2,0.67,0.29,0.26,0.43,0.17,0.77,,0.37,0.42,0.23,0.47,,0.15,0.2,0.35,0.58,0.51,,0.59,0.26,0.16,0.47,0.33,0.52,0.59,0.34,0.34,0.68,0.15,0.34,0.41,0.6,,0.24,0.26,,0.26,0.24,0.29,0.58,0.39,,0.26,0.32,0.68,0.28,0.39,0.27,0.21,0.55,0.76,0.58,0.31,,0.34,0.51,0.33,0.5,0.18,0.48,0.23,0.42,0.31,0.56,,0.19,0.44,0.64,0.81,0.37,0.72,0.23,0.45,0.25,0.37,0.55,0.19,0.28
"Belgium","Q1 2017",0.21,0.36,0.24,0.47,0.23,0.22,0.46,0.23,0.5,0.45,0.33,0.24,0.28,,0.26,0.41,0.16,0.19,0.48,0.23,0.21,0.23,0.19,0.24,0.41,0.55,0.17,0.48,0.71,0.65,0.59,0.17,,0.58,0.27,0.45,0.18,0.4,0.42,0.38,0.27,0.23,0.38,,0.3,0.49,0.49,0.23,0.52,0.46,0.6,0.25,0.34,0.17,0.32,,0.2,0.27,0.35,0.74,0.23,0.35,0.36,0.3,0.21,0.77,0.43,0.19,0.53,0.16,0.24,0.37,0.24,0.45,,0.34,0.19,0.33,0.27,0.37,0.21,0.58,0.4,0.44,0.3,0.33,0.5,0.67,0.5,0.61,,0.45,0.37,0.22,0.24,0.3,0.51,0.22,0.32,0.32,0.31,0.67,0.22,0.56,0.23,0.35,0.3,0.46,0.29,0.56,0.18,0.19,0.22,0.68,0.28,0.26,0.39,0.09,0.76,,0.36,0.47,0.23,0.44,,0.15,0.23,0.32,0.59,0.5,0.19,0.58,0.26,0.16,0.5,0.34,0.54,0.59,0.35,0.38,0.67,0.08,0.36,0.34,0.54,,0.24,0.25,,0.26,0.23,0.29,0.59,0.39,,0.24,0.31,0.69,0.3,0.39,0.26,0.23,0.53,0.74,0.62,0.28,,0.33,0.53,0.34,0.49,0.18,0.47,0.24,0.37,0.22,0.59,,0.1,0.36,0.63,0.81,0.36,0.71,0.23,0.45,0.24,0.36,0.53,0.1,0.2
"Belgium","Q1 2018",0.19,0.34,0.24,0.44,0.23,0.23,0.47,0.26,0.48,0.44,0.34,0.26,0.27,,0.25,0.42,0.16,0.19,0.49,0.24,0.2,0.22,0.29,0.23,0.38,0.56,0.17,0.49,0.72,0.65,0.6,0.17,,0.57,0.27,0.44,0.18,0.4,0.4,0.37,0.27,0.26,0.37,,0.19,0.44,0.47,0.23,0.53,0.47,0.61,0.26,0.34,0.17,0.31,,0.2,0.28,0.34,0.74,0.24,0.34,0.35,0.3,0.21,0.77,0.42,0.19,0.59,0.09,0.24,0.36,0.23,0.44,,0.33,0.2,0.34,0.26,0.36,0.21,0.57,0.46,0.48,0.4,0.34,0.51,0.69,0.5,0.57,,0.45,0.36,0.22,0.24,0.31,0.5,0.21,0.36,0.35,0.3,0.69,0.22,0.56,0.23,0.36,0.35,0.44,0.29,0.57,0.18,0.18,0.22,0.7,0.28,0.26,0.36,0.09,0.78,,0.35,0.46,0.24,0.42,,0.16,0.21,0.3,0.59,0.51,0.19,0.57,0.26,0.16,0.5,0.35,0.53,0.58,0.34,0.38,0.69,0.08,0.42,0.36,0.54,,0.25,0.26,,0.25,0.23,0.27,0.59,0.42,,0.24,0.32,0.71,0.3,0.38,0.26,0.21,0.52,0.75,0.64,0.25,,0.34,0.52,0.33,0.5,0.18,0.48,0.24,0.37,0.23,0.59,,0.1,0.39,0.64,0.79,0.37,0.68,0.23,0.46,0.24,0.34,0.53,0.1,0.18
"Belgium","Q1 2019",0.2,0.33,0.23,0.42,0.21,0.21,0.45,0.26,0.47,0.44,0.32,0.25,0.26,,0.32,0.41,0.16,0.19,0.47,0.23,0.22,0.22,0.29,0.24,0.42,0.54,0.17,0.48,0.69,0.62,0.63,0.17,,0.55,0.29,0.41,0.11,0.39,0.39,0.35,0.26,0.26,0.37,,0.3,0.49,0.46,0.23,0.52,0.47,0.61,0.25,0.35,0.18,0.25,,0.2,0.26,0.34,0.73,0.23,0.26,0.35,0.21,0.21,0.73,0.41,0.17,0.58,0.16,0.23,0.36,0.22,0.43,,0.33,0.19,0.33,0.26,0.36,0.21,0.54,0.45,0.37,0.33,0.34,0.5,0.67,0.49,0.57,,0.39,0.33,0.1,0.25,0.31,0.5,0.23,0.35,0.4,0.29,0.66,0.22,0.56,0.2,0.35,0.3,0.46,0.28,0.56,0.2,0.18,0.21,0.66,0.26,0.23,0.36,0.17,0.76,,0.27,0.37,0.22,0.42,,0.08,0.21,0.33,0.58,0.48,0.19,0.55,0.26,0.16,0.49,0.33,0.54,0.65,0.34,0.4,0.67,0.08,0.31,0.35,0.53,,0.24,0.23,,0.23,0.23,0.29,0.57,0.36,,0.25,0.22,0.68,0.28,0.36,0.26,0.23,0.52,0.73,0.62,0.22,,0.33,0.51,0.32,0.51,0.18,0.47,0.23,0.37,0.22,0.56,0.16,0.1,0.38,0.62,0.77,0.34,0.69,0.22,0.43,0.23,0.35,0.54,0.1,0.19
"Belgium","Q1 2020",0.22,0.34,0.24,0.45,0.21,0.22,0.45,0.31,0.47,0.46,0.22,0.25,0.25,,0.31,0.39,0.16,0.19,0.48,0.23,0.22,0.22,0.18,0.24,0.37,0.55,0.17,0.46,0.71,0.65,0.62,0.17,,0.56,0.29,0.43,0.11,0.42,0.41,0.36,0.24,0.31,0.37,,0.29,0.49,0.45,0.24,0.51,0.48,0.6,0.23,0.34,0.18,0.32,,0.2,0.26,0.34,0.71,0.23,0.27,0.36,0.2,0.21,0.73,0.49,0.18,0.59,0.16,0.24,0.39,0.23,0.35,,0.33,0.18,0.33,0.26,0.26,0.22,0.55,0.47,0.34,0.36,0.33,0.51,0.66,0.49,0.57,,0.38,0.3,0.21,0.25,0.32,0.51,0.23,0.35,0.34,0.31,0.68,0.22,0.56,0.23,0.37,0.28,0.46,0.29,0.57,0.2,0.2,0.21,0.68,0.29,0.25,0.36,0.09,0.76,,0.27,0.37,0.22,0.42,,0.08,0.21,0.32,0.57,0.51,0.19,0.56,0.25,0.17,0.48,0.31,0.56,0.56,0.33,0.39,0.69,0.08,0.41,0.35,0.49,,0.23,0.22,,0.24,0.24,0.2,0.6,0.37,,0.25,0.21,0.7,0.28,0.38,0.24,0.24,0.52,0.74,0.61,0.22,,0.33,0.51,0.32,0.5,0.18,0.47,0.22,0.37,0.21,0.57,0.16,0.1,0.37,0.63,0.78,0.3,0.69,0.22,0.44,0.23,0.34,0.51,0.1,0.21
"Belgium","Q1 2021",0.2,0.34,0.23,0.41,0.21,0.22,0.45,0.31,0.47,0.47,0.32,0.26,0.32,,0.29,0.41,0.16,0.19,0.47,0.22,0.21,0.22,0.18,0.24,0.4,0.54,0.17,0.46,0.7,0.64,0.65,0.17,,0.56,0.21,0.4,0.11,0.42,0.39,0.36,0.24,0.31,0.36,,0.28,0.49,0.45,0.24,0.51,0.48,0.62,0.23,0.34,0.19,0.31,,0.21,0.25,0.34,0.72,0.22,0.27,0.33,0.2,0.2,0.73,0.5,0.18,0.59,0.19,0.24,0.4,0.23,0.38,,0.28,0.18,0.33,0.24,0.26,0.22,0.55,0.32,0.32,0.38,0.33,0.51,0.68,0.49,0.59,,0.39,0.3,0.21,0.23,0.3,0.51,0.21,0.34,0.33,0.21,0.67,0.21,0.58,0.23,0.39,0.29,0.36,0.21,0.56,0.21,0.2,0.21,0.67,0.37,0.24,0.35,,0.76,,0.27,0.37,0.25,0.41,0.1,0.08,0.21,0.32,0.58,0.52,0.18,0.55,0.26,0.17,0.47,0.29,0.55,0.6,0.33,0.41,0.67,0.08,0.39,0.34,0.48,,0.22,0.22,,0.24,0.24,0.19,0.62,0.38,,0.23,0.21,0.69,0.28,0.37,0.24,0.24,0.52,0.75,0.63,0.2,,0.33,0.5,0.32,0.54,0.18,0.48,0.23,0.36,0.2,0.59,0.16,0.09,0.38,0.64,0.78,0.29,0.73,0.23,0.44,0.23,0.25,0.57,,0.2
"Belize","Q1 2016",0.1,0.2,0.18,0.21,0.17,0.18,0.2,0.2,0.22,0.22,0.19,0.11,0.26,0.25,,0.21,0.15,0.18,0.21,0.17,0.1,0.1,0.1,0.11,0.2,0.22,0.22,0.21,0.24,0.23,0.23,,,0.23,0.11,0.2,0.09,0.29,0.2,0.2,0.2,0.2,0.2,,0.17,0.2,0.21,0.19,0.3,0.21,0.23,0.26,0.18,0.08,0.18,,0.17,0.19,0.19,0.25,0.18,0.2,0.2,0.18,0.1,0.31,0.21,0.15,0.21,0.08,0.2,0.21,0.19,0.29,,0.2,0.1,0.2,0.2,0.28,0.18,0.22,0.19,0.2,0.11,0.26,0.21,0.24,0.3,0.22,,0.2,0.13,0.1,0.18,0.18,0.22,0.18,0.19,0.19,0.12,0.23,0.11,0.22,0.11,0.19,0.1,0.21,0.12,0.3,0.09,0.1,0.16,0.23,0.12,0.11,0.2,0.08,0.31,,0.21,0.21,0.19,0.21,,0.07,0.1,0.19,0.22,0.21,,0.3,0.12,0.08,0.21,0.12,0.2,0.23,0.21,0.19,0.24,0.07,0.2,0.19,0.23,,0.18,0.2,,0.2,0.18,0.18,0.22,0.2,,0.12,0.19,0.23,0.21,0.19,0.12,0.11,0.22,0.25,0.21,0.12,,0.2,0.2,0.19,0.21,0.09,0.2,0.11,0.29,0.11,0.22,,0.09,0.2,0.22,0.31,0.13,0.32,0.18,0.2,0.12,0.21,0.21,0.09,0.12
"Belize","Q1 2017",0.1,0.21,0.18,0.21,0.18,0.18,0.21,0.19,0.22,0.23,0.19,0.11,0.27,0.26,,0.21,0.15,0.17,0.22,0.18,0.1,0.11,0.1,0.11,0.21,0.23,0.22,0.22,0.25,0.24,0.24,0.08,,0.32,0.1,0.2,0.09,0.3,0.21,0.2,0.28,0.19,0.2,,0.17,0.2,0.21,0.18,0.31,0.22,0.23,0.27,0.2,0.08,0.18,,0.17,0.2,0.19,0.26,0.18,0.2,0.2,0.18,0.1,0.32,0.21,0.16,0.21,0.08,0.19,0.22,0.19,0.3,,0.19,0.1,0.2,0.28,0.29,0.18,0.22,0.2,0.2,0.12,0.27,0.21,0.25,0.31,0.23,,0.2,0.13,0.11,0.11,0.18,0.22,0.11,0.18,0.19,0.12,0.23,0.11,0.23,0.11,0.22,0.11,0.2,0.11,0.3,0.09,0.1,0.18,0.24,0.12,0.11,0.2,0.08,0.32,,0.21,0.21,0.19,0.21,,0.08,0.11,0.18,0.22,0.21,0.09,0.31,0.12,0.08,0.22,0.13,0.21,0.23,0.21,0.19,0.24,0.01,0.2,0.12,0.23,,0.19,0.19,,0.2,0.18,0.18,0.22,0.2,,0.12,0.19,0.24,0.22,0.2,0.12,0.12,0.22,0.26,0.22,0.11,,0.2,0.2,0.19,0.21,0.09,0.2,0.18,0.29,0.1,0.23,,0.08,0.2,0.22,0.33,0.13,0.33,0.18,0.21,0.12,0.22,0.21,0.08,0.1
"Belize","Q1 2018",0.1,0.19,0.18,0.21,0.18,0.18,0.21,0.2,0.22,0.21,0.11,0.11,0.2,0.25,,0.21,0.15,0.17,0.22,0.18,0.1,0.11,0.11,0.11,0.2,0.23,0.22,0.22,0.25,0.23,0.23,0.08,,0.31,0.1,0.2,0.09,0.29,0.2,0.2,0.28,0.2,0.19,,0.09,0.2,0.21,0.18,0.31,0.22,0.22,0.27,0.19,0.08,0.18,,0.17,0.2,0.19,0.25,0.19,0.2,0.2,0.18,0.11,0.31,0.21,0.16,0.22,0.08,0.18,0.22,0.18,0.29,,0.19,0.1,0.2,0.27,0.29,0.18,0.22,0.2,0.2,0.19,0.27,0.21,0.25,0.3,0.22,,0.2,0.12,0.1,0.11,0.19,0.2,0.1,0.19,0.19,0.12,0.23,0.11,0.22,0.11,0.21,0.12,0.19,0.11,0.3,0.08,0.09,0.17,0.24,0.19,0.11,0.2,0.08,0.32,,0.2,0.21,0.19,0.21,,0.08,0.11,0.17,0.22,0.21,0.09,0.31,0.12,0.08,0.22,0.13,0.2,0.23,0.21,0.12,0.24,0.01,0.2,0.13,0.23,,0.19,0.19,,0.19,0.18,0.1,0.22,0.2,,0.11,0.19,0.24,0.21,0.19,0.12,0.11,0.21,0.25,0.22,0.11,,0.2,0.2,0.19,0.21,0.09,0.2,0.18,0.22,0.1,0.23,,0.08,0.2,0.22,0.32,0.13,0.32,0.18,0.21,0.12,0.21,0.21,0.08,0.1
"Belize","Q1 2019",0.09,0.18,0.18,0.21,0.17,0.17,0.22,0.2,0.22,0.22,0.19,0.11,0.19,0.32,,0.21,0.15,0.16,0.22,0.18,0.11,0.11,0.17,0.11,0.21,0.23,0.22,0.22,0.25,0.24,0.24,0.08,,0.31,0.17,0.2,0.09,0.3,0.21,0.19,0.2,0.2,0.2,,0.17,0.2,0.21,0.18,0.31,0.23,0.23,0.26,0.2,0.09,0.19,,0.17,0.12,0.2,0.26,0.18,0.19,0.2,0.11,0.1,0.31,0.21,0.15,0.22,0.08,0.18,0.22,0.18,0.3,,0.19,0.09,0.19,0.27,0.28,0.17,0.22,0.2,0.2,0.13,0.27,0.21,0.25,0.3,0.23,,0.13,0.13,0.01,0.12,0.18,0.21,0.11,0.2,0.2,0.18,0.23,0.11,0.23,0.16,0.21,0.17,0.21,0.18,0.31,0.1,0.09,0.17,0.24,0.19,0.1,0.21,0.08,0.26,,0.2,0.21,0.19,0.21,,0.07,0.1,0.18,0.22,0.22,0.09,0.31,0.12,0.08,0.23,0.13,0.21,0.24,0.21,0.2,0.25,0.01,0.2,0.13,0.23,,0.18,0.18,,0.18,0.18,0.17,0.23,0.2,,0.12,0.11,0.25,0.2,0.2,0.12,0.11,0.22,0.26,0.22,0.11,,0.19,0.21,0.19,0.22,0.08,0.21,0.18,0.22,0.1,0.23,0.15,0.01,0.21,0.23,0.32,0.13,0.33,0.17,0.21,0.11,0.21,0.22,0.01,0.1
"Belize","Q1 2020",0.11,0.19,0.18,0.2,0.17,0.17,0.2,0.2,0.21,0.22,0.11,0.11,0.19,0.31,,0.2,0.15,0.16,0.21,0.18,0.1,0.11,0.09,0.11,0.2,0.22,0.22,0.21,0.24,0.23,0.23,0.08,,0.3,0.18,0.19,0.09,0.29,0.2,0.11,0.19,0.2,0.19,,0.17,0.19,0.2,0.18,0.3,0.22,0.22,0.26,0.19,0.09,0.19,,0.17,0.12,0.19,0.24,0.18,0.19,0.19,0.1,0.1,0.3,0.2,0.16,0.21,0.08,0.18,0.21,0.18,0.28,,0.19,0.09,0.19,0.27,0.27,0.18,0.21,0.19,0.18,0.12,0.26,0.2,0.24,0.29,0.22,,0.12,0.12,0.1,0.11,0.18,0.2,0.11,0.19,0.19,0.18,0.22,0.1,0.22,0.18,0.21,0.17,0.2,0.18,0.3,0.1,0.1,0.17,0.23,0.19,0.11,0.19,0.01,0.24,,0.2,0.2,0.19,0.2,,0.07,0.1,0.18,0.21,0.21,0.09,0.3,0.12,0.08,0.21,0.12,0.21,0.22,0.2,0.19,0.24,0.01,0.19,0.12,0.22,,0.18,0.18,,0.18,0.18,0.1,0.21,0.19,,0.12,0.11,0.23,0.2,0.12,0.11,0.11,0.21,0.24,0.21,0.1,,0.19,0.19,0.19,0.2,0.08,0.2,0.17,0.21,0.1,0.22,0.15,0.01,0.2,0.22,0.31,0.12,0.32,0.17,0.2,0.11,0.2,0.2,0.01,0.1
"Belize","Q1 2021",0.09,0.18,0.17,0.19,0.17,0.17,0.2,0.19,0.2,0.21,0.11,0.11,0.18,0.29,,0.19,0.15,0.16,0.21,0.17,0.1,0.1,0.09,0.1,0.19,0.21,0.15,0.2,0.23,0.22,0.22,0.08,,0.29,0.1,0.19,0.09,0.27,0.19,0.11,0.19,0.19,0.19,,0.16,0.19,0.19,0.18,0.22,0.21,0.21,0.19,0.19,0.1,0.18,,0.17,0.11,0.18,0.23,0.17,0.19,0.19,0.1,0.1,0.29,0.2,0.16,0.21,0.1,0.18,0.21,0.18,0.27,,0.17,0.09,0.19,0.18,0.26,0.18,0.21,0.18,0.1,0.18,0.26,0.2,0.23,0.28,0.21,,0.12,0.12,0.1,0.1,0.18,0.19,0.1,0.19,0.18,0.1,0.21,0.1,0.21,0.17,0.2,0.18,0.11,0.11,0.28,0.1,0.1,0.17,0.22,0.19,0.1,0.19,,0.23,,0.19,0.2,0.19,0.2,0.08,0.07,0.1,0.17,0.2,0.2,0.09,0.29,0.11,0.08,0.2,0.11,0.2,0.21,0.2,0.12,0.22,0,0.19,0.11,0.21,,0.17,0.17,,0.18,0.18,0.1,0.21,0.19,,0.11,0.1,0.22,0.19,0.11,0.11,0.11,0.2,0.23,0.21,0.1,,0.19,0.19,0.18,0.2,0.09,0.19,0.17,0.2,0.09,0.21,0.14,0.01,0.19,0.21,0.3,0.12,0.3,0.17,0.2,0.11,0.19,0.2,,0.1
"Benin","Q1 2016",0.18,0.23,0.2,0.38,0.18,0.19,0.28,0.21,0.3,0.27,0.26,0.22,0.21,0.43,0.21,,0.15,0.19,0.29,0.17,0.19,0.19,0.19,0.21,0.34,0.3,0.16,0.28,0.42,0.39,0.31,,,0.3,0.2,0.36,0.1,0.25,0.37,0.26,0.21,0.22,0.26,,0.21,0.26,0.3,0.2,0.3,0.28,0.32,0.2,0.21,0.09,0.2,,0.18,0.22,0.24,0.42,0.19,0.24,0.31,0.29,0.18,0.42,0.39,0.16,0.29,0.09,0.21,0.23,0.21,0.27,,0.32,0.19,0.22,0.22,0.23,0.19,0.39,0.25,0.36,0.21,0.23,0.29,0.41,0.29,0.31,,0.27,0.33,0.19,0.21,0.2,0.29,0.28,0.24,0.24,0.23,0.41,0.2,0.37,0.19,0.21,0.19,0.35,0.22,0.31,0.16,0.18,0.17,0.4,0.24,0.21,0.35,0.09,0.4,,0.25,0.27,0.2,0.4,,0.08,0.18,0.23,0.31,0.31,,0.31,0.22,0.08,0.28,0.26,0.27,0.32,0.22,0.23,0.4,0.08,0.35,0.26,0.32,,0.19,0.21,,0.21,0.2,0.2,0.31,0.34,,0.22,0.29,0.41,0.22,0.26,0.22,0.19,0.39,0.43,0.39,0.24,,0.23,0.27,0.23,0.29,0.16,0.39,0.19,0.28,0.21,0.29,,0.1,0.27,0.4,0.43,0.25,0.42,0.19,0.27,0.2,0.24,0.29,0.1,0.23
"Benin","Q1 2017",0.18,0.23,0.2,0.36,0.18,0.18,0.27,0.19,0.29,0.27,0.22,0.21,0.21,0.41,0.21,,0.15,0.17,0.28,0.18,0.2,0.19,0.17,0.21,0.35,0.29,0.15,0.27,0.4,0.38,0.3,0.15,,0.29,0.18,0.35,0.09,0.24,0.35,0.25,0.21,0.19,0.24,,0.2,0.25,0.28,0.18,0.29,0.27,0.3,0.2,0.24,0.09,0.21,,0.17,0.22,0.22,0.4,0.19,0.23,0.25,0.2,0.18,0.4,0.36,0.16,0.28,0.08,0.19,0.23,0.21,0.27,,0.23,0.17,0.21,0.21,0.23,0.18,0.38,0.25,0.26,0.23,0.22,0.28,0.39,0.28,0.3,,0.26,0.25,0.18,0.2,0.19,0.28,0.19,0.21,0.22,0.21,0.39,0.19,0.29,0.19,0.22,0.27,0.34,0.2,0.29,0.16,0.17,0.18,0.38,0.23,0.21,0.33,0.08,0.39,,0.24,0.27,0.2,0.37,,0.08,0.2,0.21,0.3,0.29,0.17,0.29,0.21,0.08,0.27,0.25,0.28,0.31,0.22,0.24,0.38,0.08,0.33,0.24,0.3,,0.19,0.2,,0.2,0.19,0.19,0.3,0.34,,0.2,0.2,0.39,0.23,0.25,0.21,0.19,0.37,0.4,0.38,0.22,,0.21,0.26,0.23,0.27,0.16,0.35,0.2,0.23,0.19,0.29,,0.09,0.25,0.37,0.4,0.24,0.4,0.18,0.27,0.2,0.23,0.28,0.09,0.12
"Benin","Q1 2018",0.17,0.23,0.2,0.36,0.19,0.19,0.28,0.21,0.29,0.27,0.23,0.22,0.21,0.42,0.21,,0.15,0.17,0.29,0.19,0.18,0.2,0.2,0.2,0.34,0.3,0.16,0.27,0.42,0.39,0.31,0.15,,0.3,0.18,0.36,0.09,0.25,0.36,0.26,0.22,0.21,0.25,,0.18,0.26,0.29,0.19,0.3,0.27,0.38,0.21,0.24,0.09,0.21,,0.18,0.23,0.22,0.41,0.2,0.23,0.31,0.2,0.19,0.41,0.37,0.16,0.3,0.08,0.19,0.23,0.2,0.28,,0.22,0.18,0.22,0.21,0.23,0.19,0.38,0.27,0.27,0.25,0.23,0.29,0.41,0.29,0.31,,0.28,0.25,0.19,0.21,0.21,0.28,0.26,0.24,0.23,0.21,0.41,0.2,0.3,0.2,0.23,0.31,0.26,0.19,0.31,0.16,0.16,0.18,0.41,0.23,0.22,0.33,0.08,0.41,,0.24,0.27,0.2,0.37,,0.08,0.19,0.2,0.37,0.3,0.17,0.3,0.21,0.08,0.28,0.26,0.28,0.39,0.22,0.26,0.4,0.08,0.28,0.26,0.38,,0.2,0.2,,0.2,0.19,0.19,0.31,0.36,,0.2,0.22,0.41,0.23,0.25,0.21,0.19,0.37,0.42,0.39,0.22,,0.22,0.27,0.23,0.29,0.16,0.36,0.2,0.24,0.2,0.31,,0.09,0.27,0.38,0.42,0.25,0.42,0.19,0.28,0.2,0.22,0.29,0.09,0.1
"Benin","Q1 2019",0.17,0.22,0.2,0.28,0.18,0.18,0.27,0.21,0.29,0.27,0.24,0.21,0.21,0.41,0.21,,0.15,0.17,0.28,0.19,0.2,0.19,0.19,0.21,0.35,0.29,0.15,0.27,0.4,0.3,0.38,0.15,,0.3,0.19,0.34,0.09,0.24,0.35,0.24,0.21,0.21,0.25,,0.2,0.25,0.28,0.19,0.29,0.27,0.3,0.21,0.31,0.1,0.21,,0.17,0.21,0.23,0.4,0.19,0.22,0.24,0.19,0.18,0.39,0.37,0.16,0.29,0.08,0.19,0.23,0.2,0.27,,0.3,0.17,0.21,0.21,0.22,0.18,0.37,0.26,0.25,0.24,0.23,0.28,0.39,0.28,0.29,,0.26,0.26,0.09,0.21,0.21,0.27,0.2,0.23,0.26,0.2,0.39,0.2,0.29,0.18,0.22,0.2,0.27,0.19,0.3,0.17,0.16,0.18,0.39,0.22,0.2,0.33,0.09,0.4,,0.23,0.26,0.19,0.36,,0.07,0.18,0.22,0.29,0.28,0.17,0.29,0.22,0.08,0.27,0.25,0.28,0.38,0.22,0.26,0.39,0.08,0.25,0.25,0.37,,0.19,0.19,,0.19,0.2,0.19,0.3,0.33,,0.21,0.19,0.4,0.22,0.24,0.21,0.19,0.36,0.41,0.38,0.2,,0.21,0.26,0.22,0.28,0.16,0.36,0.2,0.24,0.19,0.3,0.15,0.09,0.27,0.37,0.41,0.26,0.41,0.18,0.27,0.2,0.22,0.35,0.09,0.11
"Benin","Q1 2020",0.19,0.22,0.2,0.28,0.17,0.18,0.26,0.2,0.27,0.26,0.2,0.21,0.2,0.39,0.2,,0.15,0.17,0.27,0.18,0.19,0.19,0.16,0.2,0.31,0.29,0.15,0.25,0.39,0.29,0.37,0.15,,0.29,0.19,0.33,0.09,0.26,0.35,0.24,0.19,0.2,0.24,,0.19,0.25,0.27,0.19,0.28,0.26,0.29,0.2,0.29,0.1,0.21,,0.17,0.21,0.22,0.39,0.19,0.23,0.24,0.18,0.18,0.37,0.36,0.17,0.28,0.08,0.19,0.24,0.2,0.26,,0.22,0.16,0.21,0.21,0.21,0.18,0.36,0.26,0.24,0.25,0.21,0.27,0.38,0.27,0.29,,0.25,0.25,0.18,0.21,0.21,0.26,0.2,0.23,0.22,0.2,0.38,0.2,0.28,0.19,0.24,0.19,0.26,0.19,0.29,0.17,0.18,0.17,0.37,0.23,0.21,0.32,0.08,0.32,,0.22,0.26,0.19,0.36,,0.07,0.18,0.21,0.29,0.28,0.17,0.28,0.21,0.09,0.26,0.24,0.27,0.29,0.21,0.26,0.31,0.07,0.26,0.25,0.3,,0.18,0.18,,0.19,0.2,0.17,0.29,0.32,,0.21,0.19,0.38,0.22,0.24,0.2,0.2,0.36,0.39,0.37,0.19,,0.21,0.26,0.21,0.27,0.16,0.34,0.18,0.23,0.18,0.29,0.15,0.08,0.26,0.36,0.39,0.25,0.39,0.18,0.26,0.19,0.21,0.27,0.08,0.19
"Benin","Q1 2021",0.17,0.22,0.2,0.28,0.18,0.18,0.28,0.2,0.29,0.28,0.24,0.21,0.21,0.41,0.19,,0.15,0.17,0.29,0.18,0.19,0.19,0.16,0.21,0.35,0.3,0.15,0.26,0.41,0.31,0.38,0.15,,0.3,0.18,0.34,0.09,0.27,0.35,0.24,0.2,0.2,0.25,,0.19,0.26,0.28,0.19,0.29,0.27,0.3,0.2,0.3,0.11,0.2,,0.18,0.21,0.22,0.4,0.19,0.23,0.23,0.18,0.18,0.39,0.38,0.17,0.3,0.1,0.19,0.26,0.2,0.27,,0.2,0.16,0.21,0.2,0.21,0.19,0.38,0.25,0.23,0.26,0.22,0.29,0.39,0.28,0.29,,0.27,0.25,0.18,0.21,0.2,0.28,0.19,0.22,0.23,0.18,0.4,0.19,0.29,0.19,0.25,0.2,0.32,0.19,0.3,0.18,0.18,0.18,0.39,0.26,0.21,0.32,,0.33,,0.22,0.27,0.21,0.37,0.09,0.07,0.18,0.21,0.3,0.37,0.16,0.29,0.22,0.09,0.27,0.23,0.29,0.31,0.21,0.28,0.33,0.07,0.26,0.26,0.31,,0.18,0.18,,0.19,0.2,0.17,0.3,0.33,,0.2,0.19,0.4,0.22,0.25,0.21,0.21,0.37,0.41,0.38,0.12,,0.21,0.27,0.21,0.29,0.16,0.37,0.2,0.23,0.18,0.3,0.15,0.08,0.27,0.38,0.4,0.25,0.41,0.19,0.28,0.2,0.2,0.28,,0.18
"Bermuda","Q1 2016",0.08,0.15,0.15,0.15,0.15,0.15,0.15,0.15,0.15,0.15,0.15,0.08,0.15,0.16,0.15,0.15,,0.15,0.15,0.14,0.08,0.08,0.08,0.08,0.15,0.15,0.14,0.15,0.16,0.16,0.15,,,0.15,0.08,0.08,0.08,0.15,0.08,0.15,0.15,0.15,0.08,,0.08,0.08,0.15,0.15,0.15,0.15,0.15,0.15,0.15,0.07,0.08,,0.07,0.15,0.08,0.16,0.08,0.15,0.15,0.08,0.08,0.16,0.15,0.07,0.15,0.07,0.15,0.15,0.15,0.15,,0.08,0.07,0.15,0.15,0.15,0.15,0.15,0.15,0.08,0.08,0.08,0.15,0.16,0.15,0.15,,0.08,0.08,0.08,0.15,0.08,0.15,0.15,0.08,0.08,0.08,0.16,0.08,0.15,0.08,0.08,0.08,0.08,0.08,0.15,0.07,0.08,0.14,0.16,0.08,0.08,0.15,0.07,0.16,,0.15,0.15,0.15,0.15,,0.07,0.08,0.15,0.15,0.15,,0.15,0.08,0.07,0.15,0.08,0.08,0.15,0.15,0.15,0.16,0,0.08,0.08,0.15,,0.15,0.15,,0.15,0.15,0.08,0.15,0.15,,0.08,0.08,0.16,0.15,0.15,0.08,0.08,0.15,0.16,0.15,0.08,,0.15,0.15,0.08,0.15,0.08,0.08,0.08,0.15,0.08,0.15,,0.07,0.08,0.15,0.16,0.08,0.22,0.15,0.15,0.08,0.15,0.15,0.07,0.08
"Bermuda","Q1 2017",0.08,0.15,0.15,0.15,0.15,0.14,0.15,0.15,0.15,0.15,0.08,0.08,0.15,0.16,0.15,0.15,,0.14,0.15,0.15,0.08,0.08,0.08,0.08,0.15,0.15,0.14,0.15,0.16,0.16,0.15,0.07,,0.16,0.07,0.08,0.07,0.15,0.08,0.15,0.15,0.15,0.08,,0.08,0.08,0.15,0.15,0.15,0.15,0.15,0.15,0.15,0.07,0.08,,0.07,0.15,0.08,0.16,0.08,0.15,0.15,0.08,0.08,0.16,0.15,0.07,0.15,0,0.15,0.15,0.15,0.15,,0.08,0.07,0.15,0.15,0.15,0.14,0.15,0.15,0.08,0.08,0.08,0.15,0.16,0.15,0.15,,0.08,0.08,0.08,0.08,0.08,0.15,0.08,0.08,0.08,0.08,0.16,0.08,0.15,0.08,0.15,0.08,0.08,0.08,0.15,0.07,0.07,0.14,0.16,0.08,0.08,0.15,0.07,0.16,,0.15,0.15,0.15,0.15,,0.07,0.08,0.15,0.15,0.15,0.07,0.15,0.08,0.07,0.15,0.08,0.15,0.15,0.15,0.08,0.16,0,0.08,0.08,0.15,,0.15,0.15,,0.15,0.15,0.08,0.15,0.15,,0.08,0.08,0.16,0.15,0.15,0.08,0.08,0.15,0.16,0.15,0.08,,0.15,0.15,0.08,0.15,0.08,0.15,0.15,0.15,0.08,0.15,,0.07,0.08,0.15,0.16,0.08,0.22,0.15,0.15,0.08,0.15,0.15,0.07,0.08
"Bermuda","Q1 2018",0.08,0.08,0.15,0.15,0.15,0.15,0.15,0.15,0.15,0.15,0.08,0.08,0.15,0.16,0.15,0.15,,0.14,0.15,0.15,0.08,0.08,0.08,0.08,0.15,0.15,0.14,0.15,0.16,0.16,0.16,0.07,,0.15,0.07,0.08,0.07,0.15,0.08,0.15,0.15,0.15,0.08,,0.08,0.08,0.15,0.15,0.15,0.15,0.15,0.15,0.15,0.07,0.08,,0.07,0.15,0.08,0.16,0.08,0.15,0.15,0.08,0.08,0.16,0.15,0.07,0.15,0,0.15,0.15,0.15,0.15,,0.08,0.08,0.15,0.15,0.15,0.15,0.15,0.15,0.08,0.08,0.08,0.15,0.16,0.15,0.15,,0.08,0.08,0.08,0.08,0.08,0.08,0.08,0.08,0.08,0.08,0.16,0.08,0.15,0.08,0.15,0.08,0.08,0.08,0.15,0.07,0.07,0.14,0.16,0.15,0.08,0.15,0.07,0.16,,0.15,0.15,0.15,0.15,,0.07,0.08,0.08,0.15,0.15,0.07,0.15,0.08,0.07,0.15,0.08,0.15,0.15,0.15,0.08,0.16,0,0.08,0.08,0.15,,0.15,0.15,,0.15,0.15,0.07,0.15,0.15,,0.08,0.08,0.16,0.15,0.15,0.08,0.08,0.15,0.16,0.15,0.08,,0.15,0.08,0.08,0.15,0.08,0.15,0.15,0.15,0.08,0.15,,0.07,0.08,0.15,0.16,0.08,0.22,0.15,0.15,0.08,0.15,0.15,0.07,0.08
"Bermuda","Q1 2019",0.07,0.08,0.15,0.15,0.14,0.14,0.15,0.15,0.15,0.15,0.15,0.08,0.15,0.16,0.15,0.15,,0.14,0.15,0.15,0.08,0.08,0.08,0.08,0.15,0.15,0.14,0.15,0.16,0.15,0.16,0.07,,0.15,0.08,0.08,0.07,0.15,0.08,0.15,0.15,0.15,0.08,,0.08,0.08,0.15,0.15,0.15,0.15,0.15,0.15,0.15,0.07,0.08,,0.07,0.08,0.08,0.16,0.08,0.15,0.15,0.08,0.08,0.16,0.15,0.07,0.15,0,0.15,0.15,0.14,0.15,,0.08,0.07,0.15,0.15,0.15,0.15,0.15,0.15,0.08,0.08,0.08,0.15,0.16,0.15,0.15,,0.08,0.08,0,0.08,0.08,0.08,0.08,0.08,0.08,0.08,0.16,0.08,0.15,0.14,0.15,0.08,0.08,0.08,0.15,0.07,0.07,0.14,0.16,0.15,0.08,0.15,0.07,0.16,,0.15,0.15,0.15,0.15,,0.07,0.08,0.08,0.15,0.15,0.07,0.15,0.08,0.07,0.15,0.08,0.15,0.15,0.15,0.15,0.16,0,0.08,0.08,0.15,,0.15,0.15,,0.15,0.15,0.08,0.15,0.15,,0.08,0.08,0.16,0.15,0.15,0.08,0.08,0.15,0.16,0.15,0.08,,0.15,0.08,0.08,0.15,0.08,0.15,0.15,0.15,0.08,0.15,0.14,0,0.15,0.15,0.16,0.08,0.22,0.15,0.15,0.08,0.15,0.15,0,0.08
"Bermuda","Q1 2020",0.08,0.08,0.15,0.15,0.14,0.15,0.15,0.15,0.15,0.15,0.08,0.08,0.15,0.16,0.15,0.15,,0.14,0.15,0.15,0.08,0.08,0.07,0.08,0.15,0.15,0.14,0.15,0.16,0.16,0.16,0.07,,0.16,0.08,0.08,0.08,0.15,0.08,0.08,0.15,0.15,0.08,,0.08,0.08,0.15,0.15,0.15,0.15,0.15,0.15,0.15,0.07,0.08,,0.08,0.08,0.08,0.16,0.08,0.15,0.15,0.07,0.08,0.16,0.15,0.07,0.15,0,0.15,0.15,0.15,0.15,,0.08,0.07,0.15,0.15,0.15,0.15,0.15,0.15,0.08,0.08,0.08,0.15,0.16,0.15,0.15,,0.08,0.08,0.08,0.08,0.08,0.08,0.08,0.08,0.08,0.08,0.16,0.08,0.15,0.15,0.15,0.08,0.08,0.08,0.15,0.08,0.08,0.14,0.16,0.15,0.08,0.15,0,0.16,,0.15,0.15,0.15,0.15,,0.07,0.08,0.08,0.15,0.15,0.07,0.15,0.08,0.08,0.15,0.08,0.15,0.15,0.15,0.15,0.16,0,0.08,0.08,0.15,,0.15,0.15,,0.15,0.15,0.07,0.15,0.15,,0.08,0.08,0.16,0.15,0.08,0.08,0.08,0.15,0.16,0.15,0.08,,0.15,0.08,0.08,0.15,0.08,0.15,0.15,0.15,0.08,0.15,0.14,0,0.15,0.16,0.16,0.08,0.22,0.15,0.15,0.08,0.15,0.15,0,0.08
"Bermuda","Q1 2021",0.08,0.08,0.15,0.15,0.14,0.15,0.15,0.15,0.15,0.15,0.08,0.08,0.15,0.16,0.15,0.15,,0.14,0.15,0.15,0.08,0.08,0.07,0.08,0.15,0.15,0.14,0.15,0.16,0.16,0.16,0.07,,0.16,0.08,0.08,0.07,0.15,0.08,0.08,0.15,0.15,0.08,,0.08,0.08,0.15,0.15,0.15,0.15,0.15,0.15,0.15,0.07,0.08,,0.08,0.08,0.08,0.16,0.08,0.15,0.15,0.08,0.08,0.16,0.15,0.07,0.15,0.07,0.15,0.15,0.15,0.15,,0.08,0.07,0.15,0.15,0.15,0.15,0.15,0.15,0.08,0.15,0.15,0.15,0.16,0.15,0.15,,0.08,0.08,0.08,0.08,0.08,0.08,0.08,0.08,0.08,0.08,0.16,0.08,0.15,0.15,0.15,0.08,0.08,0.08,0.15,0.08,0.08,0.14,0.16,0.15,0.08,0.15,,0.16,,0.15,0.15,0.15,0.15,0.07,0.07,0.08,0.08,0.15,0.15,0.07,0.15,0.08,0.08,0.15,0.08,0.15,0.15,0.15,0.08,0.16,0,0.08,0.08,0.15,,0.15,0.15,,0.15,0.15,0.07,0.15,0.15,,0.08,0.08,0.16,0.15,0.08,0.08,0.08,0.15,0.16,0.15,0.08,,0.15,0.08,0.08,0.15,0.08,0.15,0.15,0.15,0.08,0.15,0.14,0,0.15,0.16,0.16,0.08,0.22,0.15,0.15,0.08,0.15,0.15,,0.08
"Bonaire, Sint Eustatius and Saba","Q1 2016",0.1,0.19,0.18,0.19,0.18,0.18,0.19,0.27,0.2,0.2,0.18,0.11,0.19,0.23,0.18,0.19,0.15,,0.2,0.16,0.1,0.1,0.1,0.11,0.19,0.21,0.15,0.19,0.22,0.21,0.21,,,0.28,0.11,0.12,0.09,0.2,0.12,0.19,0.19,0.27,0.11,,0.1,0.11,0.19,0.19,0.22,0.2,0.21,0.17,0.17,0.08,0.11,,0.09,0.19,0.12,0.23,0.18,0.19,0.18,0.11,0.1,0.22,0.19,0.15,0.19,0.08,0.27,0.21,0.18,0.2,,0.11,0.1,0.27,0.27,0.19,0.17,0.2,0.18,0.12,0.1,0.18,0.19,0.22,0.29,0.21,,0.12,0.12,0.1,0.17,0.11,0.2,0.17,0.11,0.11,0.11,0.22,0.1,0.21,0.11,0.19,0.1,0.19,0.11,0.21,0.09,0.09,0.16,0.21,0.11,0.1,0.19,0.08,0.23,,0.19,0.2,0.18,0.2,,0.07,0.09,0.18,0.2,0.2,,0.29,0.11,0.08,0.2,0.11,0.12,0.2,0.2,0.18,0.22,0.01,0.12,0.11,0.21,,0.19,0.27,,0.27,0.18,0.1,0.2,0.18,,0.11,0.11,0.21,0.2,0.19,0.12,0.1,0.2,0.23,0.2,0.11,,0.27,0.19,0.11,0.19,0.09,0.12,0.11,0.28,0.11,0.2,,0.09,0.19,0.2,0.24,0.12,0.31,0.18,0.19,0.11,0.28,0.19,0.09,0.11
"Bonaire, Sint Eustatius and Saba","Q1 2017",0.09,0.17,0.16,0.17,0.16,0.16,0.17,0.24,0.18,0.18,0.1,0.09,0.17,0.19,0.17,0.17,0.14,,0.18,0.16,0.09,0.09,0.09,0.09,0.17,0.18,0.14,0.17,0.19,0.18,0.18,0.07,,0.25,0.09,0.1,0.08,0.17,0.1,0.17,0.17,0.24,0.1,,0.09,0.1,0.17,0.16,0.18,0.17,0.18,0.17,0.17,0.08,0.1,,0.09,0.17,0.1,0.19,0.09,0.17,0.17,0.1,0.09,0.19,0.17,0.08,0.17,0.01,0.17,0.18,0.17,0.18,,0.1,0.09,0.17,0.17,0.17,0.16,0.18,0.17,0.1,0.09,0.1,0.17,0.19,0.19,0.18,,0.1,0.1,0.09,0.09,0.09,0.18,0.09,0.09,0.09,0.1,0.18,0.09,0.18,0.1,0.17,0.09,0.1,0.09,0.18,0.08,0.09,0.16,0.18,0.1,0.09,0.17,0.07,0.19,,0.17,0.17,0.16,0.17,,0.07,0.1,0.16,0.18,0.17,0.08,0.19,0.1,0.07,0.17,0.1,0.17,0.18,0.17,0.1,0.19,0,0.1,0.1,0.18,,0.17,0.16,,0.17,0.16,0.09,0.18,0.17,,0.1,0.1,0.19,0.18,0.17,0.1,0.09,0.18,0.2,0.18,0.09,,0.17,0.17,0.1,0.17,0.08,0.17,0.16,0.18,0.09,0.18,,0.08,0.17,0.18,0.19,0.1,0.26,0.16,0.17,0.1,0.24,0.17,0.08,0.09
"Bonaire, Sint Eustatius and Saba","Q1 2018",0.09,0.1,0.17,0.17,0.16,0.16,0.17,0.24,0.18,0.17,0.09,0.09,0.17,0.19,0.17,0.17,0.14,,0.18,0.17,0.09,0.09,0.09,0.09,0.17,0.18,0.14,0.17,0.19,0.18,0.18,0.07,,0.25,0.09,0.1,0.08,0.18,0.1,0.17,0.17,0.24,0.1,,0.08,0.1,0.17,0.16,0.19,0.17,0.18,0.17,0.17,0.08,0.1,,0.09,0.17,0.1,0.19,0.1,0.17,0.17,0.1,0.09,0.19,0.17,0.08,0.18,0.01,0.17,0.18,0.16,0.18,,0.1,0.09,0.17,0.17,0.17,0.16,0.18,0.17,0.1,0.1,0.1,0.17,0.19,0.18,0.18,,0.1,0.1,0.09,0.09,0.09,0.1,0.09,0.1,0.09,0.1,0.18,0.09,0.18,0.1,0.18,0.1,0.1,0.09,0.18,0.08,0.08,0.16,0.19,0.17,0.1,0.17,0.07,0.19,,0.17,0.17,0.16,0.17,,0.07,0.09,0.09,0.18,0.17,0.08,0.19,0.1,0.07,0.17,0.1,0.17,0.18,0.17,0.1,0.19,0,0.1,0.1,0.18,,0.17,0.17,,0.17,0.16,0.09,0.18,0.17,,0.1,0.1,0.19,0.18,0.17,0.1,0.09,0.18,0.2,0.18,0.09,,0.17,0.1,0.1,0.17,0.08,0.17,0.17,0.18,0.09,0.18,,0.08,0.17,0.18,0.19,0.1,0.26,0.16,0.17,0.1,0.24,0.17,0.08,0.09
"Bonaire, Sint Eustatius and Saba","Q1 2019",0.09,0.1,0.16,0.17,0.16,0.16,0.17,0.24,0.17,0.17,0.16,0.09,0.17,0.19,0.16,0.17,0.14,,0.17,0.16,0.09,0.09,0.09,0.09,0.17,0.18,0.14,0.17,0.18,0.18,0.18,0.07,,0.18,0.09,0.1,0.08,0.17,0.1,0.16,0.17,0.24,0.1,,0.09,0.1,0.17,0.16,0.18,0.17,0.18,0.16,0.17,0.09,0.09,,0.09,0.1,0.1,0.18,0.09,0.17,0.17,0.09,0.09,0.18,0.17,0.08,0.17,0.01,0.16,0.17,0.16,0.17,,0.1,0.09,0.17,0.17,0.17,0.16,0.18,0.17,0.1,0.1,0.1,0.17,0.18,0.18,0.17,,0.1,0.1,0.01,0.09,0.09,0.1,0.09,0.1,0.1,0.09,0.18,0.09,0.17,0.15,0.17,0.09,0.1,0.09,0.18,0.08,0.08,0.16,0.18,0.16,0.09,0.17,0.08,0.19,,0.17,0.17,0.16,0.17,,0.07,0.09,0.09,0.17,0.17,0.08,0.18,0.1,0.07,0.18,0.1,0.17,0.18,0.17,0.17,0.18,0,0.1,0.1,0.18,,0.16,0.16,,0.16,0.16,0.09,0.18,0.16,,0.1,0.09,0.18,0.17,0.16,0.1,0.09,0.17,0.19,0.18,0.09,,0.17,0.1,0.09,0.17,0.08,0.17,0.16,0.17,0.09,0.18,0.14,0.01,0.17,0.18,0.19,0.1,0.26,0.16,0.17,0.09,0.24,0.17,0.01,0.09
"Bonaire, Sint Eustatius and Saba","Q1 2020",0.09,0.1,0.16,0.17,0.16,0.16,0.17,0.23,0.17,0.17,0.09,0.09,0.16,0.19,0.16,0.17,0.14,,0.17,0.16,0.09,0.09,0.09,0.09,0.17,0.18,0.14,0.17,0.18,0.18,0.18,0.07,,0.18,0.09,0.1,0.08,0.17,0.1,0.1,0.17,0.23,0.1,,0.09,0.1,0.17,0.16,0.18,0.17,0.18,0.16,0.17,0.09,0.09,,0.09,0.1,0.1,0.18,0.09,0.17,0.17,0.09,0.09,0.18,0.17,0.08,0.17,0.01,0.16,0.17,0.16,0.17,,0.1,0.09,0.17,0.17,0.16,0.16,0.18,0.17,0.09,0.1,0.1,0.17,0.18,0.18,0.18,,0.1,0.1,0.09,0.09,0.09,0.1,0.09,0.1,0.09,0.09,0.18,0.09,0.17,0.16,0.17,0.09,0.1,0.09,0.18,0.09,0.09,0.16,0.18,0.17,0.09,0.17,0.01,0.19,,0.17,0.17,0.16,0.17,,0.07,0.09,0.09,0.17,0.17,0.08,0.18,0.1,0.08,0.17,0.1,0.17,0.17,0.17,0.17,0.18,0,0.1,0.1,0.18,,0.16,0.16,,0.16,0.16,0.09,0.18,0.17,,0.1,0.09,0.18,0.17,0.1,0.1,0.09,0.17,0.19,0.18,0.09,,0.17,0.1,0.09,0.17,0.08,0.17,0.16,0.17,0.09,0.18,0.14,0.01,0.17,0.18,0.19,0.1,0.26,0.16,0.17,0.1,0.24,0.17,0.01,0.09
"Bonaire, Sint Eustatius and Saba","Q1 2021",0.09,0.1,0.16,0.17,0.16,0.16,0.17,0.23,0.17,0.17,0.09,0.09,0.17,0.19,0.16,0.17,0.14,,0.17,0.16,0.09,0.09,0.08,0.09,0.17,0.18,0.14,0.17,0.18,0.18,0.18,0.07,,0.18,0.09,0.1,0.08,0.17,0.1,0.1,0.17,0.23,0.1,,0.09,0.1,0.17,0.16,0.18,0.17,0.17,0.16,0.17,0.09,0.09,,0.09,0.1,0.1,0.18,0.09,0.17,0.16,0.09,0.09,0.18,0.17,0.08,0.17,0.09,0.16,0.17,0.16,0.17,,0.09,0.08,0.16,0.17,0.16,0.16,0.18,0.16,0.09,0.16,0.16,0.17,0.18,0.18,0.17,,0.1,0.1,0.09,0.09,0.09,0.1,0.09,0.1,0.09,0.09,0.18,0.09,0.17,0.16,0.17,0.09,0.1,0.09,0.18,0.09,0.09,0.16,0.18,0.17,0.09,0.17,,0.19,,0.17,0.17,0.16,0.17,0.08,0.07,0.09,0.09,0.17,0.17,0.08,0.18,0.1,0.08,0.17,0.09,0.17,0.17,0.16,0.1,0.18,0,0.1,0.1,0.17,,0.16,0.16,,0.16,0.16,0.09,0.18,0.17,,0.1,0.09,0.18,0.17,0.1,0.1,0.1,0.17,0.19,0.18,0.09,,0.16,0.1,0.09,0.17,0.08,0.17,0.16,0.17,0.09,0.17,0.14,0.01,0.17,0.18,0.19,0.1,0.26,0.16,0.17,0.1,0.24,0.17,,0.09
"Brazil","Q1 2016",0.18,0.25,0.2,0.39,0.19,0.19,0.43,0.22,0.32,0.38,0.28,0.22,0.22,0.49,0.21,0.29,0.15,0.2,,0.18,0.19,0.19,0.18,0.21,0.33,0.37,0.16,0.42,0.48,0.46,0.38,,,0.45,0.19,0.31,0.1,0.28,0.29,0.31,0.22,0.22,0.27,,0.2,0.31,0.33,0.21,0.41,0.41,0.38,0.2,0.2,0.09,0.2,,0.18,0.22,0.26,0.48,0.27,0.24,0.23,0.21,0.11,0.47,0.3,0.16,0.34,0.09,0.22,0.31,0.21,0.31,,0.23,0.18,0.23,0.23,0.25,0.19,0.36,0.27,0.34,0.14,0.23,0.35,0.47,0.38,0.45,,0.31,0.24,0.19,0.21,0.2,0.35,0.2,0.24,0.24,0.22,0.46,0.19,0.36,0.19,0.22,0.19,0.33,0.21,0.46,0.17,0.17,0.18,0.45,0.23,0.22,0.3,0.09,0.48,,0.25,0.3,0.21,0.31,,0.08,0.18,0.23,0.37,0.35,,0.45,0.22,0.15,0.42,0.28,0.33,0.44,0.23,0.23,0.47,0.08,0.26,0.29,0.39,,0.2,0.22,,0.22,0.2,0.19,0.36,0.27,,0.21,0.21,0.46,0.3,0.32,0.22,0.12,0.44,0.49,0.36,0.26,,0.24,0.33,0.23,0.34,0.16,0.33,0.19,0.35,0.21,0.36,,0.1,0.31,0.38,0.49,0.24,0.49,0.2,0.41,0.2,0.25,0.35,0.1,0.23
"Brazil","Q1 2017",0.18,0.25,0.2,0.4,0.19,0.19,0.44,0.2,0.33,0.32,0.22,0.21,0.23,0.48,0.22,0.28,0.15,0.18,,0.2,0.2,0.2,0.18,0.21,0.28,0.36,0.16,0.41,0.47,0.45,0.37,0.15,,0.45,0.18,0.38,0.09,0.27,0.3,0.3,0.23,0.2,0.27,,0.2,0.31,0.32,0.19,0.44,0.4,0.37,0.22,0.23,0.09,0.21,,0.18,0.22,0.23,0.47,0.26,0.24,0.25,0.27,0.18,0.47,0.3,0.16,0.34,0.08,0.2,0.25,0.21,0.31,,0.3,0.17,0.23,0.23,0.26,0.18,0.36,0.27,0.3,0.26,0.23,0.34,0.46,0.42,0.37,,0.31,0.25,0.19,0.14,0.2,0.35,0.2,0.21,0.22,0.21,0.44,0.19,0.35,0.19,0.24,0.2,0.31,0.19,0.43,0.17,0.17,0.19,0.46,0.22,0.22,0.27,0.08,0.47,,0.25,0.34,0.21,0.3,,0.08,0.2,0.21,0.35,0.33,0.17,0.44,0.22,0.15,0.42,0.26,0.33,0.43,0.24,0.27,0.45,0.08,0.3,0.29,0.35,,0.2,0.21,,0.22,0.19,0.2,0.35,0.34,,0.2,0.28,0.45,0.31,0.31,0.21,0.13,0.41,0.48,0.36,0.25,,0.22,0.33,0.24,0.33,0.16,0.32,0.2,0.32,0.19,0.36,,0.09,0.31,0.36,0.48,0.24,0.48,0.19,0.42,0.2,0.24,0.33,0.09,0.12
"Brazil","Q1 2018",0.18,0.23,0.2,0.38,0.2,0.2,0.45,0.22,0.32,0.32,0.28,0.23,0.23,0.49,0.22,0.29,0.15,0.18,,0.2,0.19,0.2,0.2,0.21,0.27,0.37,0.16,0.42,0.48,0.45,0.38,0.15,,0.46,0.18,0.37,0.09,0.28,0.28,0.31,0.23,0.22,0.26,,0.17,0.31,0.34,0.2,0.46,0.41,0.37,0.23,0.24,0.09,0.21,,0.18,0.23,0.23,0.48,0.28,0.24,0.24,0.27,0.19,0.48,0.29,0.17,0.36,0.08,0.21,0.25,0.2,0.32,,0.29,0.18,0.31,0.22,0.26,0.19,0.37,0.32,0.33,0.29,0.23,0.34,0.47,0.43,0.37,,0.33,0.24,0.19,0.14,0.21,0.34,0.19,0.24,0.25,0.21,0.45,0.19,0.44,0.2,0.25,0.25,0.3,0.19,0.45,0.16,0.17,0.19,0.47,0.23,0.23,0.25,0.08,0.48,,0.24,0.33,0.21,0.3,,0.08,0.19,0.2,0.36,0.34,0.17,0.45,0.22,0.15,0.42,0.27,0.32,0.45,0.23,0.31,0.47,0.08,0.3,0.3,0.37,,0.21,0.22,,0.22,0.2,0.19,0.36,0.36,,0.2,0.29,0.47,0.31,0.31,0.22,0.12,0.42,0.49,0.36,0.22,,0.3,0.33,0.22,0.34,0.16,0.34,0.2,0.33,0.2,0.38,,0.09,0.32,0.37,0.49,0.25,0.49,0.2,0.44,0.2,0.24,0.34,0.09,0.11
"Brazil","Q1 2019",0.18,0.23,0.2,0.36,0.19,0.19,0.42,0.22,0.33,0.39,0.28,0.22,0.23,0.47,0.22,0.28,0.15,0.17,,0.2,0.2,0.19,0.2,0.21,0.3,0.36,0.16,0.41,0.47,0.44,0.37,0.15,,0.45,0.19,0.35,0.09,0.27,0.27,0.3,0.22,0.22,0.26,,0.2,0.3,0.33,0.2,0.45,0.41,0.36,0.22,0.24,0.1,0.21,,0.18,0.22,0.23,0.47,0.27,0.23,0.24,0.19,0.19,0.45,0.28,0.16,0.34,0.08,0.2,0.32,0.2,0.31,,0.22,0.17,0.3,0.22,0.25,0.19,0.36,0.31,0.26,0.28,0.24,0.33,0.46,0.43,0.36,,0.31,0.28,0.09,0.22,0.21,0.33,0.19,0.23,0.28,0.2,0.44,0.2,0.43,0.18,0.25,0.21,0.31,0.19,0.44,0.18,0.17,0.19,0.45,0.22,0.2,0.25,0.09,0.47,,0.23,0.32,0.2,0.29,,0.08,0.19,0.22,0.35,0.33,0.17,0.44,0.22,0.15,0.42,0.27,0.33,0.44,0.24,0.32,0.46,0.08,0.26,0.3,0.36,,0.21,0.21,,0.21,0.2,0.19,0.36,0.25,,0.21,0.19,0.46,0.31,0.3,0.22,0.13,0.42,0.48,0.36,0.13,,0.3,0.32,0.22,0.33,0.16,0.32,0.2,0.33,0.19,0.36,0.15,0.09,0.32,0.36,0.48,0.28,0.48,0.19,0.41,0.2,0.25,0.33,0.09,0.11
"Brazil","Q1 2020",0.19,0.23,0.2,0.39,0.19,0.2,0.42,0.22,0.33,0.4,0.13,0.22,0.22,0.48,0.21,0.27,0.15,0.17,,0.2,0.2,0.2,0.17,0.21,0.25,0.37,0.16,0.4,0.47,0.44,0.38,0.15,,0.45,0.19,0.38,0.1,0.3,0.28,0.29,0.21,0.22,0.26,,0.19,0.31,0.33,0.21,0.44,0.41,0.36,0.21,0.23,0.1,0.22,,0.18,0.22,0.23,0.47,0.27,0.24,0.25,0.18,0.18,0.45,0.33,0.17,0.36,0.08,0.21,0.28,0.21,0.3,,0.22,0.17,0.3,0.23,0.23,0.19,0.36,0.32,0.24,0.3,0.22,0.34,0.45,0.42,0.37,,0.31,0.25,0.19,0.22,0.22,0.33,0.19,0.24,0.23,0.21,0.45,0.2,0.42,0.2,0.27,0.2,0.32,0.2,0.45,0.18,0.18,0.19,0.44,0.23,0.21,0.25,0.08,0.48,,0.23,0.32,0.2,0.29,,0.08,0.19,0.21,0.35,0.35,0.17,0.44,0.22,0.16,0.41,0.25,0.33,0.43,0.23,0.32,0.47,0.08,0.29,0.3,0.32,,0.2,0.2,,0.21,0.2,0.18,0.36,0.26,,0.21,0.19,0.46,0.31,0.31,0.21,0.13,0.42,0.47,0.36,0.13,,0.3,0.32,0.22,0.33,0.16,0.33,0.19,0.33,0.19,0.36,0.15,0.09,0.32,0.37,0.48,0.25,0.48,0.19,0.42,0.2,0.24,0.34,0.09,0.12
"Brazil","Q1 2021",0.18,0.23,0.2,0.36,0.19,0.2,0.43,0.22,0.34,0.41,0.28,0.22,0.23,0.47,0.21,0.29,0.15,0.17,,0.19,0.19,0.2,0.17,0.21,0.28,0.36,0.16,0.4,0.47,0.44,0.38,0.15,,0.45,0.12,0.29,0.1,0.3,0.28,0.29,0.21,0.22,0.26,,0.19,0.31,0.32,0.21,0.44,0.41,0.35,0.21,0.23,0.11,0.21,,0.19,0.22,0.23,0.47,0.27,0.24,0.23,0.18,0.18,0.46,0.41,0.17,0.36,0.11,0.21,0.29,0.21,0.33,,0.2,0.17,0.3,0.22,0.23,0.19,0.36,0.27,0.28,0.3,0.23,0.34,0.45,0.43,0.36,,0.31,0.25,0.19,0.14,0.21,0.33,0.19,0.23,0.23,0.12,0.44,0.19,0.35,0.2,0.28,0.21,0.29,0.12,0.45,0.18,0.18,0.19,0.44,0.26,0.21,0.25,,0.48,,0.23,0.32,0.22,0.29,0.09,0.08,0.19,0.21,0.35,0.35,0.17,0.44,0.23,0.16,0.41,0.24,0.34,0.43,0.23,0.32,0.46,0.08,0.28,0.3,0.32,,0.19,0.2,,0.21,0.2,0.18,0.36,0.33,,0.2,0.19,0.46,0.31,0.3,0.21,0.14,0.42,0.48,0.36,0.12,,0.3,0.32,0.22,0.34,0.17,0.33,0.2,0.33,0.18,0.36,0.15,0.08,0.32,0.36,0.48,0.25,0.48,0.2,0.42,0.2,0.22,0.34,,0.11
"British Virgin Islands","Q1 2016",0.09,0.17,0.16,0.17,0.17,0.24,0.17,0.17,0.18,0.25,0.16,0.09,0.18,0.2,0.17,0.17,0.14,0.16,0.18,,0.09,0.09,0.09,0.09,0.17,0.25,0.15,0.17,0.2,0.19,0.19,,,0.18,0.09,0.1,0.08,0.18,0.1,0.17,0.17,0.17,0.1,,0.09,0.1,0.18,0.24,0.26,0.18,0.19,0.16,0.16,0.08,0.09,,0.09,0.17,0.1,0.2,0.16,0.17,0.17,0.1,0.09,0.2,0.17,0.08,0.18,0.08,0.18,0.18,0.16,0.18,,0.1,0.09,0.18,0.18,0.17,0.16,0.19,0.17,0.1,0.09,0.09,0.18,0.2,0.19,0.18,,0.1,0.1,0.09,0.16,0.09,0.18,0.16,0.1,0.09,0.09,0.19,0.09,0.18,0.1,0.09,0.09,0.11,0.09,0.19,0.08,0.09,0.16,0.19,0.1,0.09,0.17,0.08,0.2,,0.17,0.17,0.16,0.18,,0.07,0.09,0.17,0.18,0.18,,0.19,0.1,0.07,0.17,0.1,0.1,0.19,0.17,0.16,0.2,0,0.1,0.1,0.19,,0.24,0.18,,0.18,0.16,0.09,0.18,0.17,,0.1,0.09,0.19,0.25,0.17,0.1,0.09,0.18,0.2,0.18,0.09,,0.17,0.17,0.09,0.18,0.08,0.1,0.09,0.19,0.09,0.18,,0.08,0.17,0.19,0.21,0.1,0.28,0.24,0.17,0.1,0.17,0.18,0.08,0.09
"British Virgin Islands","Q1 2017",0.1,0.19,0.17,0.19,0.27,0.25,0.19,0.18,0.2,0.27,0.1,0.1,0.28,0.23,0.18,0.18,0.15,0.16,0.2,,0.09,0.1,0.09,0.1,0.19,0.27,0.15,0.19,0.22,0.21,0.21,0.08,,0.3,0.1,0.12,0.09,0.2,0.12,0.18,0.18,0.18,0.11,,0.1,0.11,0.19,0.27,0.29,0.19,0.21,0.18,0.18,0.08,0.1,,0.09,0.18,0.1,0.23,0.17,0.18,0.18,0.1,0.1,0.22,0.19,0.09,0.19,0.01,0.27,0.28,0.17,0.21,,0.11,0.09,0.2,0.19,0.19,0.17,0.2,0.18,0.11,0.1,0.11,0.19,0.22,0.22,0.21,,0.11,0.11,0.1,0.1,0.1,0.19,0.1,0.11,0.1,0.1,0.21,0.1,0.2,0.1,0.19,0.1,0.12,0.1,0.21,0.09,0.09,0.26,0.21,0.11,0.1,0.18,0.08,0.23,,0.19,0.19,0.17,0.19,,0.08,0.1,0.17,0.2,0.19,0.09,0.21,0.11,0.08,0.19,0.11,0.19,0.2,0.19,0.11,0.22,0.01,0.11,0.11,0.21,,0.27,0.2,,0.27,0.17,0.1,0.2,0.18,,0.1,0.1,0.22,0.28,0.18,0.11,0.1,0.2,0.23,0.2,0.1,,0.2,0.18,0.1,0.19,0.08,0.18,0.17,0.28,0.1,0.2,,0.08,0.18,0.2,0.24,0.11,0.32,0.27,0.19,0.11,0.28,0.19,0.08,0.09
"British Virgin Islands","Q1 2018",0.1,0.11,0.18,0.19,0.27,0.26,0.19,0.19,0.2,0.27,0.1,0.1,0.28,0.24,0.18,0.19,0.15,0.17,0.2,,0.1,0.1,0.1,0.1,0.19,0.28,0.15,0.19,0.23,0.22,0.22,0.08,,0.3,0.1,0.12,0.09,0.2,0.12,0.18,0.19,0.19,0.11,,0.09,0.11,0.19,0.27,0.3,0.19,0.2,0.18,0.18,0.08,0.1,,0.09,0.19,0.11,0.24,0.18,0.18,0.18,0.1,0.1,0.22,0.19,0.09,0.2,0.01,0.27,0.29,0.17,0.2,,0.11,0.1,0.21,0.19,0.19,0.17,0.2,0.19,0.12,0.11,0.11,0.2,0.23,0.23,0.21,,0.12,0.11,0.1,0.1,0.1,0.12,0.1,0.11,0.1,0.1,0.22,0.1,0.2,0.11,0.2,0.11,0.12,0.1,0.21,0.09,0.09,0.26,0.22,0.18,0.1,0.18,0.08,0.24,,0.19,0.19,0.17,0.19,,0.08,0.1,0.1,0.2,0.2,0.09,0.22,0.11,0.08,0.19,0.12,0.19,0.21,0.26,0.11,0.22,0.01,0.12,0.11,0.21,,0.28,0.21,,0.27,0.18,0.1,0.2,0.19,,0.1,0.11,0.23,0.29,0.18,0.11,0.1,0.2,0.24,0.2,0.1,,0.2,0.12,0.11,0.2,0.09,0.19,0.18,0.29,0.1,0.21,,0.08,0.19,0.21,0.24,0.12,0.32,0.27,0.19,0.11,0.28,0.2,0.08,0.09
"British Virgin Islands","Q1 2019",0.1,0.11,0.17,0.18,0.26,0.25,0.19,0.18,0.2,0.19,0.17,0.1,0.28,0.23,0.18,0.19,0.15,0.16,0.2,,0.1,0.1,0.1,0.1,0.19,0.21,0.15,0.19,0.22,0.21,0.21,0.08,,0.29,0.1,0.12,0.09,0.19,0.12,0.17,0.18,0.18,0.11,,0.1,0.11,0.19,0.27,0.29,0.19,0.2,0.18,0.18,0.09,0.1,,0.09,0.11,0.11,0.22,0.17,0.18,0.18,0.1,0.1,0.21,0.19,0.08,0.19,0.01,0.27,0.28,0.17,0.2,,0.11,0.09,0.2,0.18,0.19,0.17,0.2,0.18,0.11,0.11,0.11,0.19,0.22,0.21,0.2,,0.11,0.11,0.01,0.1,0.1,0.12,0.1,0.11,0.11,0.1,0.21,0.1,0.2,0.17,0.19,0.1,0.12,0.1,0.21,0.1,0.09,0.26,0.21,0.18,0.1,0.18,0.08,0.23,,0.18,0.19,0.17,0.19,,0.07,0.1,0.11,0.19,0.19,0.09,0.21,0.11,0.08,0.2,0.11,0.19,0.21,0.26,0.18,0.22,0.01,0.11,0.11,0.2,,0.28,0.2,,0.27,0.17,0.1,0.2,0.18,,0.11,0.1,0.22,0.28,0.18,0.11,0.1,0.19,0.23,0.2,0.09,,0.2,0.11,0.11,0.19,0.09,0.19,0.17,0.28,0.1,0.2,0.15,0.01,0.19,0.2,0.24,0.11,0.32,0.26,0.19,0.11,0.28,0.19,0.01,0.09
"British Virgin Islands","Q1 2020",0.1,0.11,0.18,0.19,0.26,0.26,0.19,0.18,0.2,0.2,0.1,0.1,0.28,0.23,0.18,0.18,0.15,0.16,0.2,,0.1,0.1,0.09,0.1,0.18,0.21,0.15,0.19,0.22,0.21,0.21,0.08,,0.3,0.1,0.12,0.09,0.2,0.12,0.11,0.18,0.18,0.11,,0.1,0.11,0.19,0.27,0.3,0.19,0.2,0.18,0.18,0.09,0.11,,0.09,0.12,0.11,0.23,0.18,0.18,0.18,0.09,0.1,0.21,0.19,0.09,0.2,0.01,0.27,0.29,0.17,0.19,,0.11,0.09,0.27,0.18,0.18,0.17,0.2,0.18,0.11,0.11,0.11,0.19,0.22,0.29,0.2,,0.11,0.11,0.1,0.1,0.1,0.12,0.1,0.11,0.11,0.11,0.21,0.1,0.2,0.18,0.21,0.1,0.12,0.1,0.22,0.1,0.1,0.26,0.21,0.18,0.11,0.18,0.01,0.24,,0.19,0.19,0.17,0.19,,0.07,0.1,0.11,0.2,0.19,0.09,0.22,0.11,0.08,0.19,0.11,0.19,0.2,0.2,0.19,0.22,0.01,0.12,0.11,0.2,,0.28,0.19,,0.27,0.18,0.09,0.2,0.18,,0.11,0.1,0.22,0.29,0.11,0.11,0.11,0.2,0.23,0.2,0.1,,0.27,0.12,0.11,0.19,0.09,0.19,0.17,0.29,0.1,0.2,0.15,0.02,0.19,0.21,0.25,0.11,0.32,0.26,0.19,0.11,0.28,0.19,0.02,0.09
"British Virgin Islands","Q1 2021",0.1,0.11,0.17,0.18,0.26,0.25,0.18,0.18,0.19,0.2,0.1,0.1,0.27,0.22,0.17,0.18,0.15,0.16,0.19,,0.09,0.1,0.09,0.1,0.18,0.2,0.15,0.18,0.21,0.2,0.21,0.08,,0.29,0.1,0.11,0.09,0.19,0.11,0.1,0.17,0.18,0.1,,0.1,0.11,0.18,0.27,0.29,0.19,0.19,0.17,0.18,0.09,0.1,,0.09,0.11,0.1,0.22,0.17,0.17,0.17,0.09,0.09,0.21,0.19,0.09,0.19,0.09,0.27,0.28,0.17,0.19,,0.1,0.09,0.19,0.18,0.17,0.17,0.2,0.17,0.1,0.17,0.17,0.18,0.21,0.21,0.19,,0.11,0.11,0.1,0.1,0.1,0.11,0.09,0.11,0.1,0.1,0.2,0.09,0.2,0.17,0.2,0.1,0.11,0.1,0.2,0.1,0.09,0.26,0.2,0.18,0.1,0.17,,0.23,,0.18,0.19,0.17,0.18,0.08,0.07,0.1,0.11,0.19,0.19,0.09,0.2,0.11,0.08,0.18,0.1,0.19,0.2,0.19,0.11,0.21,0.01,0.11,0.11,0.19,,0.27,0.19,,0.27,0.17,0.09,0.19,0.18,,0.1,0.1,0.21,0.28,0.1,0.11,0.1,0.19,0.22,0.19,0.09,,0.19,0.11,0.1,0.19,0.09,0.18,0.17,0.28,0.09,0.19,0.15,0.01,0.18,0.2,0.23,0.11,0.31,0.26,0.18,0.1,0.26,0.18,,0.09
"Brunei Darussalam","Q1 2016",0.09,0.12,0.17,0.19,0.09,0.09,0.19,0.11,0.2,0.18,0.19,0.18,0.11,0.21,0.1,0.19,0.08,0.1,0.19,0.09,,0.1,0.09,0.19,0.18,0.2,0.08,0.19,0.27,0.27,0.2,,,0.2,0.1,0.19,0.08,0.12,0.19,0.19,0.1,0.11,0.11,,0.1,0.19,0.2,0.1,0.2,0.19,0.2,0.1,0.09,0.08,0.11,,0.09,0.18,0.19,0.21,0.09,0.11,0.11,0.1,0.09,0.21,0.19,0.08,0.19,0.08,0.11,0.1,0.18,0.19,,0.11,0.09,0.12,0.11,0.11,0.09,0.2,0.19,0.19,0.11,0.11,0.19,0.21,0.19,0.2,,0.19,0.19,0.16,0.11,0.11,0.19,0.1,0.11,0.11,0.18,0.27,0.17,0.2,0.16,0.1,0.1,0.19,0.11,0.2,0.08,0.09,0.08,0.2,0.18,0.18,0.19,0.08,0.21,,0.19,0.2,0.1,0.2,,0.07,0.09,0.18,0.2,0.2,,0.2,0.18,0.07,0.19,0.26,0.19,0.2,0.11,0.11,0.21,0.07,0.18,0.18,0.2,,0.09,0.11,,0.11,0.17,0.09,0.2,0.12,,0.17,0.1,0.27,0.11,0.19,0.18,0.1,0.2,0.21,0.2,0.18,,0.12,0.19,0.1,0.2,0.15,0.19,0.17,0.19,0.11,0.19,,0.08,0.19,0.2,0.21,0.18,0.21,0.09,0.19,0.17,0.12,0.2,0.08,0.17
"Brunei Darussalam","Q1 2017",0.1,0.12,0.17,0.2,0.09,0.09,0.2,0.1,0.2,0.18,0.11,0.19,0.11,0.21,0.1,0.2,0.08,0.09,0.2,0.09,,0.11,0.09,0.19,0.19,0.2,0.08,0.19,0.28,0.27,0.21,0.14,,0.2,0.09,0.19,0.08,0.12,0.2,0.19,0.1,0.1,0.12,,0.1,0.19,0.19,0.09,0.2,0.19,0.2,0.11,0.11,0.08,0.11,,0.09,0.18,0.12,0.21,0.1,0.12,0.12,0.1,0.09,0.21,0.2,0.08,0.2,0.07,0.1,0.11,0.18,0.19,,0.11,0.09,0.11,0.11,0.12,0.09,0.21,0.19,0.19,0.18,0.12,0.2,0.21,0.2,0.21,,0.19,0.18,0.16,0.1,0.1,0.2,0.1,0.11,0.1,0.18,0.27,0.17,0.2,0.17,0.11,0.1,0.18,0.1,0.2,0.08,0.09,0.09,0.21,0.18,0.18,0.19,0.07,0.21,,0.19,0.2,0.1,0.2,,0.07,0.18,0.11,0.2,0.2,0.16,0.2,0.19,0.07,0.19,0.26,0.2,0.2,0.11,0.18,0.21,0.07,0.18,0.19,0.2,,0.1,0.1,,0.1,0.1,0.1,0.2,0.12,,0.17,0.1,0.28,0.11,0.19,0.18,0.1,0.2,0.21,0.2,0.17,,0.11,0.19,0.11,0.2,0.15,0.19,0.17,0.12,0.1,0.2,,0.08,0.19,0.2,0.21,0.19,0.21,0.09,0.19,0.17,0.11,0.2,0.08,0.09
"Brunei Darussalam","Q1 2018",0.09,0.1,0.17,0.18,0.09,0.09,0.18,0.1,0.19,0.18,0.18,0.17,0.11,0.2,0.1,0.18,0.08,0.09,0.19,0.1,,0.1,0.1,0.17,0.18,0.19,0.08,0.18,0.27,0.26,0.2,0.14,,0.19,0.09,0.18,0.08,0.11,0.18,0.18,0.1,0.1,0.1,,0.09,0.18,0.18,0.09,0.19,0.18,0.19,0.1,0.1,0.08,0.1,,0.09,0.18,0.1,0.2,0.09,0.11,0.11,0.1,0.09,0.2,0.18,0.08,0.19,0.07,0.1,0.11,0.17,0.18,,0.1,0.09,0.11,0.1,0.11,0.09,0.19,0.18,0.18,0.17,0.1,0.18,0.2,0.19,0.19,,0.18,0.18,0.16,0.1,0.1,0.18,0.09,0.11,0.1,0.17,0.26,0.17,0.19,0.17,0.11,0.18,0.18,0.1,0.19,0.08,0.08,0.09,0.2,0.18,0.18,0.18,0.07,0.2,,0.18,0.19,0.1,0.18,,0.07,0.17,0.1,0.19,0.19,0.16,0.19,0.18,0.07,0.18,0.25,0.18,0.19,0.11,0.18,0.2,0.07,0.18,0.18,0.19,,0.1,0.1,,0.1,0.1,0.09,0.19,0.18,,0.16,0.1,0.27,0.11,0.18,0.18,0.09,0.19,0.2,0.19,0.17,,0.11,0.18,0.1,0.19,0.15,0.18,0.17,0.11,0.1,0.19,,0.08,0.18,0.19,0.2,0.18,0.2,0.09,0.18,0.17,0.11,0.19,0.08,0.09
"Brunei Darussalam","Q1 2019",0.09,0.11,0.18,0.19,0.09,0.09,0.2,0.11,0.2,0.19,0.19,0.25,0.11,0.22,0.11,0.2,0.08,0.09,0.2,0.1,,0.1,0.1,0.19,0.2,0.2,0.08,0.2,0.28,0.27,0.28,0.14,,0.21,0.1,0.19,0.08,0.12,0.19,0.19,0.11,0.11,0.12,,0.1,0.19,0.2,0.09,0.21,0.2,0.21,0.11,0.12,0.09,0.11,,0.09,0.19,0.12,0.22,0.1,0.19,0.12,0.1,0.1,0.21,0.2,0.08,0.2,0.08,0.1,0.12,0.18,0.2,,0.11,0.09,0.11,0.11,0.12,0.09,0.21,0.2,0.19,0.19,0.12,0.2,0.21,0.2,0.21,,0.19,0.19,0.08,0.18,0.11,0.19,0.11,0.12,0.19,0.18,0.28,0.18,0.2,0.16,0.11,0.11,0.19,0.1,0.2,0.16,0.08,0.09,0.21,0.19,0.18,0.19,0.08,0.22,,0.19,0.2,0.11,0.2,,0.07,0.17,0.11,0.2,0.2,0.16,0.2,0.19,0.07,0.2,0.2,0.2,0.21,0.12,0.2,0.22,0.07,0.18,0.19,0.21,,0.1,0.1,,0.1,0.18,0.1,0.21,0.12,,0.18,0.1,0.28,0.12,0.19,0.19,0.1,0.2,0.22,0.21,0.11,,0.11,0.19,0.12,0.2,0.15,0.2,0.18,0.12,0.1,0.21,0.07,0.08,0.2,0.21,0.22,0.19,0.22,0.09,0.19,0.18,0.12,0.2,0.08,0.1
"Brunei Darussalam","Q1 2020",0.1,0.11,0.18,0.19,0.09,0.1,0.19,0.11,0.2,0.19,0.11,0.19,0.11,0.22,0.1,0.19,0.08,0.09,0.2,0.1,,0.1,0.09,0.19,0.12,0.21,0.08,0.19,0.29,0.28,0.28,0.14,,0.21,0.1,0.19,0.09,0.12,0.19,0.19,0.1,0.11,0.12,,0.1,0.19,0.2,0.1,0.21,0.19,0.21,0.11,0.11,0.09,0.11,,0.09,0.19,0.11,0.22,0.1,0.12,0.12,0.1,0.1,0.21,0.2,0.08,0.21,0.08,0.1,0.12,0.18,0.19,,0.11,0.09,0.11,0.11,0.11,0.1,0.21,0.2,0.19,0.19,0.12,0.2,0.22,0.2,0.21,,0.19,0.19,0.17,0.18,0.11,0.19,0.1,0.12,0.11,0.18,0.28,0.17,0.2,0.17,0.11,0.11,0.19,0.1,0.21,0.16,0.1,0.09,0.21,0.19,0.26,0.19,0.08,0.22,,0.19,0.2,0.11,0.2,,0.07,0.17,0.11,0.21,0.2,0.16,0.21,0.19,0.08,0.19,0.26,0.2,0.2,0.12,0.2,0.22,0.07,0.19,0.19,0.21,,0.1,0.1,,0.1,0.18,0.09,0.21,0.12,,0.18,0.1,0.29,0.12,0.19,0.18,0.11,0.2,0.22,0.21,0.11,,0.11,0.19,0.11,0.21,0.15,0.2,0.1,0.12,0.1,0.2,0.07,0.08,0.19,0.21,0.22,0.19,0.22,0.1,0.19,0.18,0.11,0.27,0.08,0.1
"Brunei Darussalam","Q1 2021",0.09,0.11,0.18,0.18,0.09,0.1,0.19,0.1,0.19,0.19,0.17,0.18,0.11,0.21,0.1,0.19,0.08,0.09,0.19,0.09,,0.1,0.09,0.18,0.19,0.2,0.08,0.18,0.28,0.27,0.27,0.14,,0.2,0.1,0.18,0.08,0.11,0.18,0.18,0.1,0.1,0.11,,0.09,0.18,0.19,0.1,0.2,0.19,0.2,0.1,0.11,0.09,0.1,,0.1,0.18,0.11,0.21,0.1,0.11,0.11,0.1,0.1,0.21,0.19,0.08,0.2,0.09,0.1,0.12,0.17,0.19,,0.1,0.09,0.11,0.1,0.11,0.1,0.2,0.19,0.17,0.19,0.11,0.19,0.2,0.19,0.2,,0.18,0.18,0.17,0.1,0.1,0.19,0.1,0.11,0.1,0.1,0.27,0.17,0.19,0.17,0.11,0.1,0.18,0.1,0.2,0.16,0.1,0.09,0.2,0.18,0.25,0.18,,0.21,,0.18,0.19,0.11,0.19,0.08,0.07,0.17,0.1,0.2,0.2,0.15,0.2,0.18,0.08,0.18,0.19,0.19,0.19,0.11,0.19,0.21,0.07,0.18,0.18,0.2,,0.09,0.1,,0.1,0.18,0.09,0.2,0.11,,0.17,0.1,0.28,0.11,0.18,0.18,0.11,0.19,0.21,0.2,0.1,,0.11,0.18,0.11,0.2,0.16,0.19,0.18,0.11,0.09,0.19,0.07,0.08,0.18,0.2,0.21,0.18,0.21,0.1,0.19,0.18,0.11,0.26,,0.1
"Bulgaria","Q1 2016",0.16,0.19,0.1,0.12,0.09,0.09,0.19,0.11,0.2,0.19,0.11,0.11,0.11,0.22,0.1,0.19,0.08,0.1,0.19,0.09,0.1,,0.1,0.18,0.19,0.2,0.08,0.19,0.22,0.21,0.2,,,0.2,0.1,0.12,0.02,0.19,0.19,0.19,0.18,0.11,0.19,,0.11,0.18,0.19,0.1,0.2,0.2,0.21,0.11,0.17,0.08,0.18,,0.09,0.11,0.19,0.22,0.1,0.11,0.18,0.11,0.24,0.22,0.19,0.15,0.27,0.08,0.11,0.18,0.11,0.19,,0.11,0.09,0.12,0.12,0.11,0.1,0.21,0.18,0.19,0.11,0.18,0.2,0.28,0.2,0.2,,0.19,0.19,0.1,0.11,0.18,0.2,0.1,0.19,0.18,0.11,0.22,0.1,0.27,0.1,0.17,0.1,0.19,0.11,0.2,0.08,0.16,0.09,0.21,0.18,0.18,0.12,0.08,0.22,,0.12,0.12,0.1,0.2,,0.07,0.09,0.18,0.2,0.2,,0.21,0.11,0.07,0.19,0.18,0.19,0.2,0.11,0.11,0.22,0.14,0.19,0.26,0.28,,0.1,0.11,,0.11,0.1,0.1,0.2,0.19,,0.11,0.1,0.21,0.11,0.19,0.11,0.1,0.2,0.22,0.2,0.11,,0.12,0.19,0.18,0.19,0.08,0.19,0.1,0.19,0.18,0.27,,0.02,0.27,0.21,0.22,0.19,0.22,0.1,0.18,0.11,0.19,0.2,0.02,0.1
"Bulgaria","Q1 2017",0.17,0.2,0.11,0.19,0.1,0.09,0.19,0.1,0.2,0.19,0.11,0.11,0.12,0.23,0.11,0.19,0.08,0.09,0.2,0.1,0.11,,0.16,0.18,0.2,0.21,0.08,0.2,0.23,0.21,0.21,0.08,,0.22,0.1,0.19,0.02,0.2,0.2,0.19,0.18,0.1,0.19,,0.11,0.19,0.2,0.1,0.21,0.2,0.22,0.11,0.18,0.08,0.18,,0.09,0.12,0.18,0.22,0.1,0.12,0.19,0.17,0.24,0.22,0.2,0.15,0.28,0.08,0.1,0.19,0.11,0.2,,0.18,0.16,0.12,0.11,0.12,0.09,0.21,0.19,0.19,0.11,0.19,0.21,0.29,0.21,0.21,,0.19,0.19,0.1,0.1,0.17,0.2,0.17,0.19,0.18,0.11,0.22,0.1,0.28,0.1,0.18,0.17,0.18,0.1,0.21,0.09,0.16,0.09,0.28,0.18,0.18,0.12,0.01,0.22,,0.12,0.13,0.11,0.2,,0.01,0.11,0.18,0.21,0.2,0.09,0.21,0.11,0.07,0.2,0.19,0.19,0.21,0.12,0.12,0.22,0.14,0.18,0.27,0.28,,0.1,0.11,,0.11,0.1,0.1,0.21,0.19,,0.1,0.17,0.22,0.12,0.2,0.11,0.1,0.2,0.23,0.21,0.1,,0.12,0.19,0.19,0.2,0.08,0.19,0.11,0.13,0.18,0.28,,0.01,0.27,0.21,0.22,0.19,0.23,0.1,0.19,0.11,0.19,0.2,0.01,0.09
"Bulgaria","Q1 2018",0.16,0.19,0.11,0.19,0.1,0.1,0.2,0.11,0.2,0.19,0.11,0.11,0.11,0.22,0.11,0.2,0.08,0.09,0.2,0.1,0.1,,0.17,0.11,0.19,0.21,0.08,0.2,0.23,0.21,0.21,0.08,,0.21,0.1,0.19,0.02,0.2,0.19,0.19,0.18,0.11,0.19,,0.09,0.19,0.2,0.1,0.21,0.2,0.22,0.11,0.19,0.08,0.18,,0.09,0.12,0.18,0.22,0.1,0.12,0.19,0.17,0.25,0.22,0.2,0.15,0.28,0.08,0.1,0.19,0.1,0.2,,0.18,0.16,0.12,0.11,0.12,0.1,0.21,0.19,0.19,0.18,0.19,0.2,0.29,0.21,0.2,,0.2,0.19,0.1,0.11,0.18,0.2,0.17,0.2,0.18,0.11,0.22,0.1,0.28,0.1,0.19,0.18,0.18,0.1,0.2,0.08,0.16,0.09,0.29,0.19,0.18,0.12,0.01,0.22,,0.12,0.12,0.11,0.2,,0.08,0.1,0.17,0.21,0.2,0.09,0.21,0.11,0.07,0.2,0.19,0.19,0.21,0.12,0.19,0.22,0.14,0.19,0.27,0.28,,0.11,0.11,,0.1,0.11,0.1,0.21,0.19,,0.1,0.18,0.23,0.12,0.19,0.12,0.1,0.2,0.23,0.21,0.1,,0.11,0.2,0.19,0.2,0.08,0.2,0.11,0.12,0.18,0.28,,0.01,0.27,0.21,0.22,0.19,0.23,0.1,0.19,0.11,0.12,0.2,0.01,0.09
"Bulgaria","Q1 2019",0.16,0.19,0.11,0.12,0.09,0.09,0.19,0.11,0.2,0.19,0.11,0.11,0.11,0.22,0.11,0.19,0.08,0.09,0.19,0.1,0.1,,0.17,0.11,0.19,0.2,0.08,0.19,0.22,0.2,0.21,0.08,,0.21,0.1,0.19,0.02,0.19,0.19,0.18,0.18,0.11,0.18,,0.1,0.18,0.19,0.1,0.2,0.2,0.21,0.11,0.18,0.09,0.18,,0.09,0.12,0.18,0.22,0.1,0.11,0.18,0.17,0.25,0.21,0.19,0.08,0.27,0.08,0.1,0.19,0.1,0.19,,0.18,0.09,0.11,0.11,0.11,0.1,0.21,0.19,0.18,0.11,0.18,0.2,0.29,0.2,0.2,,0.18,0.19,0.01,0.11,0.18,0.2,0.17,0.19,0.18,0.11,0.22,0.1,0.28,0.09,0.18,0.17,0.19,0.1,0.2,0.09,0.16,0.09,0.28,0.18,0.1,0.11,0.08,0.22,,0.12,0.12,0.1,0.19,,0,0.1,0.18,0.2,0.19,0.09,0.21,0.11,0.08,0.19,0.18,0.19,0.21,0.11,0.19,0.22,0.14,0.19,0.26,0.28,,0.11,0.1,,0.1,0.11,0.1,0.21,0.18,,0.11,0.17,0.22,0.12,0.19,0.11,0.11,0.19,0.22,0.2,0.1,,0.11,0.19,0.18,0.19,0.08,0.19,0.11,0.12,0.18,0.28,0.07,0.01,0.27,0.21,0.22,0.19,0.22,0.1,0.19,0.11,0.12,0.2,0.01,0.1
"Bulgaria","Q1 2020",0.18,0.19,0.11,0.19,0.09,0.1,0.19,0.18,0.2,0.19,0.11,0.11,0.11,0.22,0.11,0.19,0.08,0.09,0.2,0.1,0.1,,0.16,0.11,0.19,0.21,0.08,0.12,0.22,0.21,0.21,0.08,,0.21,0.1,0.19,0.02,0.19,0.2,0.18,0.18,0.18,0.19,,0.16,0.19,0.2,0.1,0.2,0.2,0.21,0.11,0.19,0.09,0.11,,0.09,0.11,0.11,0.22,0.17,0.12,0.19,0.17,0.24,0.21,0.2,0.15,0.28,0.08,0.1,0.19,0.11,0.19,,0.19,0.16,0.11,0.12,0.11,0.1,0.21,0.19,0.18,0.12,0.19,0.2,0.28,0.2,0.2,,0.19,0.19,0.1,0.11,0.18,0.2,0.18,0.19,0.11,0.11,0.22,0.11,0.21,0.1,0.19,0.17,0.19,0.11,0.2,0.09,0.17,0.09,0.28,0.19,0.11,0.19,0.01,0.22,,0.12,0.12,0.11,0.2,,0,0.1,0.17,0.21,0.2,0.09,0.21,0.11,0.08,0.12,0.12,0.19,0.21,0.12,0.2,0.22,0.14,0.19,0.26,0.21,,0.1,0.1,,0.1,0.11,0.09,0.21,0.19,,0.11,0.17,0.22,0.19,0.19,0.11,0.11,0.2,0.29,0.21,0.11,,0.11,0.19,0.19,0.19,0.08,0.19,0.1,0.19,0.17,0.28,0.07,0.01,0.27,0.21,0.22,0.19,0.22,0.1,0.19,0.11,0.12,0.19,0.01,0.11
"Bulgaria","Q1 2021",0.17,0.19,0.11,0.19,0.09,0.1,0.19,0.18,0.2,0.2,0.11,0.11,0.18,0.22,0.1,0.19,0.08,0.09,0.2,0.1,0.1,,0.16,0.11,0.19,0.2,0.08,0.12,0.22,0.21,0.21,0.08,,0.21,0.1,0.19,0.02,0.19,0.19,0.18,0.18,0.18,0.19,,0.16,0.19,0.2,0.1,0.2,0.2,0.21,0.11,0.19,0.1,0.11,,0.1,0.11,0.11,0.22,0.17,0.12,0.18,0.17,0.24,0.21,0.2,0.15,0.28,0.09,0.1,0.19,0.11,0.19,,0.18,0.16,0.18,0.11,0.11,0.1,0.21,0.12,0.11,0.12,0.19,0.2,0.28,0.2,0.2,,0.19,0.19,0.1,0.11,0.11,0.2,0.17,0.19,0.11,0.1,0.22,0.11,0.21,0.1,0.19,0.18,0.11,0.1,0.2,0.09,0.17,0.09,0.28,0.19,0.11,0.19,,0.22,,0.12,0.12,0.11,0.2,0.01,0,0.1,0.17,0.2,0.2,0.08,0.21,0.12,0.08,0.12,0.11,0.19,0.21,0.12,0.2,0.22,0.14,0.19,0.26,0.21,,0.1,0.1,,0.1,0.11,0.09,0.21,0.19,,0.11,0.17,0.22,0.19,0.19,0.11,0.12,0.2,0.29,0.21,0.1,,0.18,0.19,0.19,0.19,0.09,0.19,0.11,0.19,0.17,0.28,0.07,0.01,0.27,0.21,0.22,0.19,0.22,0.1,0.19,0.11,0.11,0.19,,0.1
"Cabo Verde","Q1 2016",0.16,0.18,0.1,0.19,0.09,0.09,0.18,0.17,0.18,0.18,0.17,0.1,0.1,0.21,0.1,0.19,0.08,0.1,0.18,0.09,0.09,0.1,,0.1,0.18,0.19,0.08,0.18,0.2,0.19,0.19,,,0.19,0.1,0.18,0.02,0.18,0.19,0.17,0.17,0.17,0.17,,0.16,0.18,0.18,0.1,0.19,0.18,0.19,0.1,0.17,0.08,0.1,,0.09,0.11,0.18,0.2,0.17,0.1,0.18,0.25,0.09,0.2,0.19,0.15,0.18,0.08,0.1,0.18,0.1,0.18,,0.25,0.24,0.11,0.11,0.1,0.1,0.19,0.1,0.18,0.1,0.17,0.18,0.2,0.19,0.19,,0.18,0.18,0.09,0.1,0.1,0.19,0.17,0.18,0.1,0.1,0.2,0.1,0.19,0.1,0.17,0.17,0.18,0.1,0.19,0.08,0.16,0.08,0.27,0.17,0.1,0.18,0.08,0.2,,0.11,0.11,0.1,0.19,,0.07,0.09,0.17,0.19,0.18,,0.19,0.1,0.07,0.18,0.11,0.18,0.26,0.1,0.17,0.2,0.07,0.11,0.18,0.19,,0.1,0.1,,0.1,0.1,0.16,0.19,0.18,,0.1,0.25,0.2,0.18,0.18,0.11,0.1,0.19,0.27,0.18,0.1,,0.11,0.18,0.17,0.11,0.08,0.19,0.1,0.18,0.17,0.19,,0.02,0.18,0.19,0.21,0.18,0.2,0.1,0.18,0.1,0.18,0.18,0.02,0.1
"Cabo Verde","Q1 2017",0.09,0.17,0.1,0.18,0.09,0.09,0.17,0.16,0.18,0.18,0.17,0.09,0.1,0.19,0.1,0.17,0.08,0.09,0.18,0.09,0.09,0.16,,0.1,0.18,0.18,0.07,0.17,0.19,0.18,0.18,0.07,,0.18,0.09,0.18,0.01,0.17,0.18,0.17,0.17,0.16,0.17,,0.16,0.17,0.17,0.09,0.18,0.17,0.18,0.1,0.17,0.08,0.1,,0.09,0.1,0.1,0.19,0.16,0.1,0.17,0.17,0.09,0.19,0.18,0.14,0.18,0.07,0.1,0.17,0.1,0.17,,0.17,0.23,0.17,0.1,0.1,0.09,0.18,0.1,0.17,0.1,0.17,0.18,0.19,0.18,0.18,,0.17,0.17,0.09,0.09,0.09,0.18,0.16,0.16,0.1,0.1,0.19,0.09,0.18,0.1,0.17,0.16,0.17,0.09,0.18,0.08,0.09,0.09,0.25,0.17,0.09,0.17,0.01,0.19,,0.1,0.1,0.09,0.18,,0,0.1,0.16,0.18,0.18,0.08,0.18,0.1,0.07,0.18,0.1,0.17,0.25,0.1,0.17,0.18,0.07,0.1,0.17,0.18,,0.09,0.1,,0.1,0.09,0.16,0.18,0.17,,0.09,0.17,0.19,0.17,0.1,0.1,0.1,0.18,0.26,0.18,0.09,,0.17,0.17,0.16,0.1,0.08,0.17,0.1,0.17,0.16,0.18,,0.01,0.17,0.18,0.19,0.17,0.19,0.09,0.17,0.1,0.17,0.1,0.01,0.09
"Cabo Verde","Q1 2018",0.09,0.19,0.11,0.27,0.1,0.1,0.2,0.18,0.2,0.19,0.11,0.1,0.18,0.29,0.11,0.2,0.08,0.09,0.2,0.1,0.1,0.17,,0.1,0.2,0.2,0.08,0.19,0.22,0.21,0.21,0.08,,0.21,0.17,0.27,0.08,0.19,0.2,0.18,0.18,0.18,0.18,,0.16,0.18,0.19,0.1,0.21,0.19,0.21,0.11,0.19,0.08,0.18,,0.09,0.12,0.18,0.29,0.17,0.18,0.26,0.18,0.1,0.22,0.2,0.15,0.2,0.08,0.1,0.19,0.1,0.2,,0.18,0.24,0.18,0.11,0.19,0.1,0.21,0.19,0.19,0.18,0.19,0.2,0.22,0.2,0.2,,0.19,0.18,0.1,0.1,0.17,0.19,0.17,0.19,0.17,0.18,0.22,0.1,0.2,0.11,0.19,0.25,0.19,0.17,0.21,0.08,0.09,0.1,0.29,0.18,0.11,0.19,0.01,0.22,,0.19,0.19,0.1,0.2,,0.08,0.1,0.17,0.2,0.2,0.09,0.21,0.11,0.07,0.2,0.11,0.19,0.28,0.18,0.11,0.22,0.07,0.19,0.18,0.21,,0.11,0.18,,0.18,0.11,0.24,0.2,0.2,,0.1,0.18,0.22,0.19,0.11,0.11,0.1,0.2,0.29,0.21,0.1,,0.18,0.19,0.18,0.19,0.08,0.2,0.11,0.19,0.17,0.21,,0.01,0.19,0.21,0.22,0.19,0.22,0.1,0.19,0.11,0.19,0.19,0.01,0.09
"Cabo Verde","Q1 2019",0.16,0.18,0.11,0.26,0.1,0.1,0.19,0.18,0.2,0.19,0.11,0.1,0.11,0.29,0.17,0.19,0.08,0.09,0.2,0.1,0.1,0.17,,0.1,0.2,0.2,0.08,0.19,0.22,0.2,0.2,0.08,,0.2,0.17,0.2,0.08,0.19,0.19,0.11,0.18,0.18,0.18,,0.25,0.18,0.19,0.1,0.2,0.19,0.2,0.1,0.19,0.09,0.1,,0.09,0.11,0.18,0.29,0.17,0.18,0.26,0.17,0.1,0.21,0.2,0.15,0.2,0.08,0.1,0.19,0.1,0.19,,0.18,0.23,0.18,0.11,0.18,0.1,0.2,0.18,0.18,0.11,0.18,0.19,0.21,0.2,0.2,,0.18,0.18,0.01,0.1,0.17,0.19,0.17,0.18,0.18,0.17,0.21,0.1,0.2,0.09,0.18,0.26,0.19,0.17,0.21,0.09,0.09,0.1,0.27,0.18,0.1,0.18,0.08,0.21,,0.18,0.18,0.1,0.2,,0.07,0.1,0.18,0.2,0.19,0.09,0.2,0.11,0.08,0.19,0.11,0.19,0.28,0.18,0.18,0.21,0.07,0.18,0.18,0.2,,0.11,0.1,,0.1,0.11,0.25,0.2,0.19,,0.11,0.17,0.22,0.18,0.11,0.11,0.1,0.2,0.29,0.2,0.1,,0.18,0.19,0.18,0.19,0.08,0.19,0.11,0.19,0.17,0.2,0.07,0.01,0.18,0.2,0.22,0.18,0.22,0.1,0.19,0.11,0.18,0.19,0.01,0.09
"Cabo Verde","Q1 2020",0.16,0.16,0.09,0.17,0.09,0.09,0.17,0.16,0.17,0.17,0.09,0.09,0.09,0.18,0.09,0.16,0.07,0.09,0.17,0.09,0.09,0.16,,0.09,0.17,0.17,0.07,0.09,0.18,0.17,0.17,0.07,,0.17,0.09,0.17,0.01,0.17,0.17,0.09,0.16,0.16,0.16,,0.15,0.16,0.17,0.09,0.17,0.17,0.17,0.09,0.16,0.08,0.09,,0.08,0.1,0.09,0.18,0.16,0.09,0.17,0.16,0.09,0.18,0.17,0.15,0.17,0.07,0.09,0.17,0.09,0.17,,0.16,0.23,0.09,0.09,0.09,0.09,0.17,0.1,0.09,0.09,0.16,0.17,0.18,0.17,0.1,,0.16,0.16,0.09,0.09,0.16,0.17,0.16,0.16,0.09,0.09,0.18,0.09,0.17,0.09,0.16,0.23,0.17,0.09,0.17,0.08,0.09,0.09,0.18,0.16,0.09,0.16,0.01,0.18,,0.1,0.1,0.09,0.17,,0,0.09,0.16,0.17,0.17,0.08,0.17,0.09,0.07,0.1,0.09,0.17,0.24,0.09,0.17,0.18,0.07,0.16,0.16,0.17,,0.09,0.09,,0.09,0.09,0.15,0.17,0.17,,0.09,0.16,0.18,0.17,0.09,0.09,0.09,0.17,0.25,0.17,0.09,,0.09,0.17,0.16,0.1,0.08,0.17,0.08,0.17,0.15,0.17,0.07,0.01,0.16,0.17,0.18,0.16,0.18,0.09,0.17,0.09,0.1,0.17,0.01,0.09
"Cabo Verde","Q1 2021",0.15,0.16,0.09,0.16,0.09,0.09,0.17,0.16,0.17,0.17,0.09,0.09,0.16,0.18,0.09,0.16,0.07,0.08,0.17,0.09,0.09,0.16,,0.09,0.17,0.17,0.07,0.09,0.18,0.17,0.17,0.07,,0.17,0.09,0.16,0.01,0.16,0.17,0.09,0.16,0.16,0.16,,0.15,0.16,0.16,0.09,0.17,0.16,0.17,0.09,0.16,0.08,0.09,,0.09,0.09,0.09,0.18,0.16,0.09,0.16,0.16,0.09,0.18,0.17,0.15,0.17,0.08,0.09,0.17,0.09,0.16,,0.16,0.23,0.16,0.09,0.09,0.09,0.17,0.09,0.09,0.09,0.16,0.17,0.18,0.17,0.1,,0.16,0.16,0.09,0.09,0.09,0.17,0.16,0.16,0.09,0.09,0.18,0.09,0.17,0.09,0.16,0.23,0.09,0.09,0.17,0.09,0.09,0.09,0.18,0.17,0.09,0.16,,0.18,,0.09,0.1,0.09,0.17,0.01,0,0.09,0.16,0.17,0.17,0.08,0.17,0.09,0.07,0.09,0.09,0.17,0.24,0.09,0.16,0.18,0.07,0.16,0.16,0.17,,0.09,0.09,,0.09,0.09,0.15,0.17,0.17,,0.09,0.16,0.18,0.17,0.09,0.09,0.09,0.17,0.25,0.17,0.08,,0.16,0.16,0.16,0.17,0.08,0.16,0.09,0.16,0.15,0.17,0.07,0.01,0.16,0.17,0.18,0.16,0.18,0.09,0.16,0.09,0.09,0.1,,0.08
"Cambodia","Q1 2016",0.1,0.13,0.18,0.21,0.1,0.1,0.21,0.12,0.23,0.2,0.2,0.27,0.12,0.25,0.11,0.21,0.08,0.11,0.21,0.09,0.19,0.18,0.1,,0.2,0.23,0.08,0.21,0.31,0.3,0.3,,,0.22,0.11,0.2,0.09,0.13,0.21,0.2,0.11,0.12,0.13,,0.11,0.2,0.22,0.11,0.22,0.21,0.23,0.11,0.17,0.08,0.18,,0.09,0.2,0.21,0.24,0.1,0.2,0.12,0.11,0.1,0.24,0.21,0.08,0.22,0.08,0.12,0.12,0.19,0.21,,0.12,0.1,0.13,0.12,0.13,0.1,0.23,0.21,0.21,0.12,0.12,0.22,0.24,0.22,0.3,,0.2,0.2,0.17,0.12,0.18,0.22,0.11,0.13,0.19,0.19,0.31,0.18,0.22,0.18,0.11,0.1,0.21,0.12,0.23,0.16,0.09,0.09,0.22,0.2,0.2,0.2,0.08,0.24,,0.22,0.22,0.11,0.22,,0.07,0.17,0.2,0.23,0.22,,0.23,0.21,0.07,0.21,0.28,0.21,0.22,0.12,0.19,0.31,0.07,0.2,0.2,0.3,,0.1,0.12,,0.12,0.18,0.1,0.23,0.2,,0.19,0.11,0.31,0.12,0.21,0.2,0.11,0.23,0.24,0.23,0.19,,0.13,0.21,0.12,0.29,0.15,0.21,0.18,0.21,0.12,0.22,,0.09,0.21,0.23,0.24,0.2,0.25,0.1,0.2,0.19,0.13,0.29,0.09,0.18
"Cambodia","Q1 2017",0.1,0.13,0.18,0.21,0.1,0.1,0.21,0.11,0.22,0.2,0.11,0.2,0.12,0.24,0.11,0.21,0.08,0.09,0.21,0.1,0.19,0.18,0.1,,0.21,0.23,0.08,0.21,0.31,0.3,0.3,0.15,,0.23,0.1,0.2,0.08,0.13,0.21,0.21,0.11,0.11,0.13,,0.11,0.2,0.21,0.1,0.22,0.21,0.23,0.12,0.19,0.08,0.19,,0.09,0.2,0.19,0.24,0.1,0.2,0.12,0.11,0.17,0.24,0.21,0.08,0.22,0.08,0.11,0.12,0.19,0.21,,0.11,0.09,0.12,0.12,0.13,0.1,0.23,0.21,0.21,0.19,0.12,0.22,0.24,0.22,0.3,,0.2,0.2,0.17,0.11,0.18,0.21,0.1,0.12,0.18,0.19,0.3,0.18,0.22,0.18,0.12,0.11,0.2,0.11,0.22,0.16,0.09,0.1,0.23,0.19,0.2,0.2,0.08,0.24,,0.21,0.22,0.11,0.22,,0.07,0.19,0.12,0.23,0.22,0.16,0.22,0.2,0.07,0.21,0.28,0.21,0.22,0.12,0.19,0.3,0.07,0.19,0.2,0.3,,0.11,0.11,,0.11,0.18,0.1,0.23,0.2,,0.18,0.11,0.31,0.13,0.21,0.2,0.11,0.22,0.24,0.23,0.18,,0.12,0.21,0.12,0.29,0.15,0.21,0.18,0.13,0.17,0.22,,0.08,0.2,0.23,0.24,0.2,0.25,0.1,0.21,0.19,0.13,0.29,0.08,0.1
"Cambodia","Q1 2018",0.09,0.12,0.18,0.2,0.1,0.1,0.21,0.11,0.22,0.2,0.19,0.2,0.11,0.23,0.11,0.2,0.08,0.09,0.21,0.1,0.17,0.11,0.1,,0.2,0.22,0.08,0.2,0.3,0.29,0.29,0.15,,0.22,0.1,0.2,0.08,0.13,0.2,0.2,0.11,0.11,0.12,,0.09,0.2,0.2,0.1,0.21,0.2,0.22,0.12,0.12,0.08,0.11,,0.09,0.2,0.12,0.23,0.1,0.19,0.12,0.1,0.1,0.23,0.2,0.08,0.21,0.08,0.1,0.12,0.18,0.2,,0.11,0.1,0.12,0.11,0.12,0.1,0.22,0.21,0.2,0.19,0.12,0.21,0.23,0.21,0.29,,0.2,0.19,0.17,0.11,0.11,0.2,0.1,0.12,0.12,0.18,0.29,0.18,0.21,0.18,0.12,0.19,0.19,0.1,0.21,0.15,0.09,0.09,0.22,0.19,0.2,0.19,0.08,0.23,,0.2,0.21,0.11,0.21,,0.08,0.18,0.11,0.22,0.21,0.16,0.21,0.2,0.07,0.2,0.21,0.2,0.21,0.12,0.2,0.29,0.07,0.2,0.2,0.22,,0.11,0.11,,0.1,0.18,0.1,0.22,0.2,,0.18,0.11,0.3,0.12,0.2,0.2,0.1,0.21,0.23,0.22,0.18,,0.12,0.2,0.12,0.28,0.15,0.2,0.18,0.13,0.11,0.22,,0.08,0.21,0.22,0.23,0.19,0.23,0.1,0.2,0.18,0.12,0.28,0.08,0.1
"Cambodia","Q1 2019",0.09,0.12,0.18,0.2,0.09,0.09,0.21,0.12,0.22,0.2,0.19,0.2,0.11,0.24,0.11,0.21,0.08,0.09,0.21,0.1,0.19,0.11,0.1,,0.2,0.22,0.08,0.21,0.3,0.29,0.29,0.15,,0.22,0.1,0.19,0.08,0.13,0.2,0.2,0.11,0.12,0.13,,0.1,0.2,0.21,0.1,0.22,0.21,0.22,0.12,0.12,0.09,0.12,,0.09,0.2,0.12,0.24,0.1,0.19,0.12,0.1,0.1,0.23,0.21,0.08,0.22,0.08,0.1,0.12,0.18,0.21,,0.11,0.09,0.12,0.12,0.13,0.1,0.22,0.21,0.19,0.2,0.12,0.21,0.24,0.22,0.29,,0.2,0.2,0.08,0.19,0.12,0.21,0.1,0.12,0.2,0.18,0.3,0.18,0.22,0.16,0.11,0.11,0.2,0.1,0.22,0.16,0.09,0.09,0.22,0.19,0.19,0.19,0.08,0.24,,0.2,0.22,0.1,0.21,,0.07,0.17,0.11,0.22,0.21,0.16,0.22,0.2,0.08,0.21,0.21,0.21,0.22,0.12,0.21,0.3,0.07,0.19,0.2,0.23,,0.11,0.1,,0.1,0.18,0.1,0.23,0.12,,0.18,0.1,0.3,0.12,0.2,0.2,0.11,0.22,0.23,0.22,0.11,,0.12,0.2,0.12,0.28,0.15,0.21,0.18,0.13,0.1,0.22,0.07,0.08,0.21,0.23,0.24,0.2,0.24,0.1,0.21,0.18,0.12,0.28,0.08,0.1
"Cambodia","Q1 2020",0.1,0.12,0.19,0.2,0.09,0.1,0.2,0.11,0.22,0.2,0.11,0.2,0.11,0.24,0.11,0.2,0.08,0.09,0.21,0.1,0.19,0.11,0.09,,0.12,0.22,0.08,0.2,0.3,0.29,0.3,0.15,,0.22,0.11,0.2,0.09,0.13,0.2,0.19,0.1,0.11,0.12,,0.1,0.2,0.2,0.1,0.22,0.21,0.22,0.11,0.11,0.09,0.11,,0.09,0.2,0.12,0.23,0.1,0.19,0.12,0.1,0.1,0.23,0.21,0.08,0.22,0.08,0.11,0.12,0.18,0.21,,0.11,0.09,0.12,0.11,0.12,0.1,0.22,0.21,0.19,0.2,0.12,0.21,0.23,0.22,0.29,,0.2,0.2,0.17,0.19,0.11,0.2,0.1,0.13,0.12,0.18,0.3,0.17,0.21,0.18,0.11,0.11,0.2,0.11,0.22,0.17,0.1,0.09,0.22,0.19,0.2,0.19,0.08,0.24,,0.2,0.21,0.11,0.21,,0.07,0.18,0.11,0.22,0.21,0.16,0.22,0.2,0.08,0.21,0.27,0.21,0.22,0.12,0.21,0.3,0.07,0.19,0.2,0.22,,0.1,0.1,,0.1,0.19,0.09,0.22,0.13,,0.18,0.1,0.3,0.13,0.2,0.19,0.11,0.22,0.23,0.22,0.11,,0.12,0.2,0.12,0.28,0.15,0.2,0.17,0.13,0.1,0.22,0.07,0.08,0.2,0.23,0.24,0.2,0.24,0.1,0.2,0.19,0.12,0.28,0.08,0.1
"Cambodia","Q1 2021",0.09,0.13,0.19,0.19,0.09,0.1,0.21,0.11,0.23,0.2,0.18,0.2,0.12,0.24,0.1,0.21,0.08,0.09,0.21,0.1,0.18,0.11,0.09,,0.2,0.23,0.08,0.21,0.31,0.3,0.3,0.15,,0.23,0.1,0.19,0.08,0.14,0.2,0.19,0.11,0.11,0.12,,0.1,0.2,0.2,0.1,0.22,0.21,0.22,0.11,0.11,0.09,0.11,,0.1,0.2,0.13,0.24,0.1,0.19,0.11,0.1,0.1,0.24,0.21,0.08,0.22,0.1,0.11,0.12,0.18,0.21,,0.1,0.09,0.12,0.12,0.13,0.1,0.23,0.21,0.18,0.21,0.12,0.21,0.23,0.22,0.29,,0.21,0.19,0.17,0.11,0.11,0.21,0.1,0.12,0.12,0.1,0.3,0.17,0.21,0.18,0.12,0.11,0.19,0.1,0.22,0.17,0.1,0.09,0.23,0.19,0.21,0.19,,0.24,,0.2,0.22,0.12,0.21,0.08,0.07,0.18,0.11,0.23,0.22,0.16,0.23,0.21,0.08,0.21,0.28,0.21,0.22,0.12,0.21,0.3,0.07,0.18,0.2,0.23,,0.1,0.1,,0.1,0.19,0.09,0.23,0.13,,0.18,0.1,0.31,0.12,0.2,0.19,0.11,0.22,0.24,0.23,0.11,,0.12,0.2,0.12,0.29,0.16,0.21,0.19,0.13,0.1,0.22,0.07,0.08,0.21,0.23,0.24,0.19,0.25,0.1,0.21,0.19,0.11,0.29,,0.1
"Cameroon","Q1 2016",0.18,0.22,0.19,0.35,0.18,0.18,0.25,0.2,0.26,0.26,0.23,0.2,0.2,0.4,0.2,0.34,0.15,0.19,0.33,0.17,0.18,0.19,0.18,0.2,,0.27,0.16,0.25,0.38,0.3,0.28,,,0.28,0.19,0.34,0.1,0.24,0.34,0.23,0.2,0.21,0.23,,0.27,0.24,0.26,0.19,0.27,0.25,0.28,0.2,0.28,0.09,0.2,,0.17,0.22,0.23,0.39,0.19,0.22,0.31,0.22,0.11,0.38,0.35,0.16,0.26,0.08,0.21,0.23,0.2,0.25,,0.23,0.18,0.21,0.21,0.21,0.18,0.29,0.23,0.26,0.13,0.21,0.26,0.37,0.27,0.29,,0.24,0.25,0.18,0.2,0.2,0.26,0.2,0.22,0.22,0.21,0.38,0.2,0.28,0.19,0.21,0.19,0.27,0.21,0.35,0.09,0.17,0.17,0.36,0.23,0.2,0.26,0.09,0.31,,0.23,0.25,0.2,0.36,,0.08,0.1,0.22,0.28,0.26,,0.28,0.2,0.08,0.26,0.23,0.32,0.36,0.21,0.21,0.3,0.08,0.26,0.24,0.35,,0.19,0.21,,0.21,0.19,0.27,0.27,0.32,,0.21,0.22,0.37,0.22,0.24,0.21,0.12,0.36,0.39,0.34,0.22,,0.21,0.25,0.22,0.25,0.16,0.34,0.19,0.26,0.2,0.27,,0.1,0.25,0.29,0.39,0.24,0.38,0.18,0.25,0.2,0.22,0.26,0.1,0.21
"Cameroon","Q1 2017",0.18,0.23,0.2,0.37,0.19,0.18,0.27,0.19,0.28,0.26,0.23,0.21,0.22,0.41,0.21,0.35,0.15,0.17,0.28,0.19,0.19,0.2,0.18,0.21,,0.29,0.16,0.26,0.4,0.31,0.29,0.15,,0.29,0.18,0.36,0.09,0.25,0.35,0.25,0.21,0.19,0.24,,0.28,0.25,0.27,0.19,0.28,0.26,0.3,0.21,0.31,0.09,0.21,,0.17,0.22,0.22,0.41,0.19,0.23,0.33,0.2,0.18,0.39,0.36,0.16,0.28,0.08,0.19,0.23,0.2,0.26,,0.23,0.17,0.21,0.21,0.23,0.18,0.37,0.25,0.26,0.23,0.22,0.28,0.39,0.28,0.3,,0.25,0.25,0.18,0.2,0.2,0.27,0.19,0.21,0.22,0.21,0.39,0.2,0.28,0.19,0.22,0.21,0.33,0.2,0.35,0.1,0.17,0.18,0.38,0.23,0.21,0.33,0.08,0.32,,0.24,0.26,0.2,0.37,,0.08,0.2,0.21,0.29,0.28,0.17,0.28,0.21,0.08,0.26,0.25,0.34,0.37,0.23,0.24,0.31,0.08,0.26,0.24,0.36,,0.19,0.2,,0.21,0.19,0.27,0.29,0.33,,0.2,0.21,0.39,0.23,0.24,0.21,0.2,0.37,0.41,0.37,0.21,,0.21,0.26,0.23,0.27,0.16,0.35,0.2,0.23,0.19,0.29,,0.09,0.24,0.37,0.41,0.24,0.4,0.19,0.26,0.2,0.23,0.27,0.09,0.12
"Cameroon","Q1 2018",0.17,0.21,0.19,0.34,0.18,0.18,0.26,0.2,0.26,0.24,0.21,0.2,0.2,0.38,0.2,0.34,0.15,0.17,0.27,0.19,0.18,0.19,0.2,0.2,,0.27,0.16,0.25,0.38,0.29,0.28,0.15,,0.28,0.17,0.34,0.09,0.24,0.34,0.23,0.21,0.2,0.23,,0.17,0.24,0.26,0.18,0.27,0.25,0.28,0.21,0.31,0.09,0.2,,0.17,0.22,0.21,0.38,0.19,0.23,0.31,0.19,0.18,0.37,0.34,0.16,0.27,0.08,0.19,0.22,0.19,0.26,,0.21,0.18,0.21,0.2,0.22,0.18,0.28,0.25,0.25,0.23,0.22,0.26,0.37,0.27,0.28,,0.25,0.23,0.18,0.13,0.2,0.25,0.19,0.23,0.22,0.2,0.37,0.19,0.27,0.19,0.22,0.23,0.24,0.19,0.34,0.09,0.16,0.17,0.37,0.22,0.2,0.25,0.08,0.31,,0.22,0.25,0.2,0.34,,0.08,0.18,0.2,0.27,0.26,0.17,0.27,0.2,0.08,0.25,0.24,0.32,0.35,0.21,0.23,0.3,0.07,0.25,0.24,0.35,,0.19,0.2,,0.19,0.19,0.18,0.27,0.33,,0.19,0.21,0.38,0.22,0.23,0.2,0.11,0.27,0.38,0.35,0.2,,0.21,0.25,0.22,0.26,0.16,0.34,0.19,0.24,0.19,0.28,,0.09,0.24,0.28,0.38,0.23,0.38,0.18,0.26,0.19,0.22,0.26,0.09,0.1
"Cameroon","Q1 2019",0.17,0.21,0.2,0.37,0.18,0.18,0.29,0.21,0.3,0.29,0.26,0.2,0.2,0.42,0.21,0.35,0.15,0.17,0.3,0.19,0.2,0.19,0.2,0.2,,0.3,0.16,0.29,0.41,0.31,0.32,0.15,,0.31,0.19,0.36,0.09,0.24,0.34,0.26,0.21,0.21,0.25,,0.27,0.27,0.29,0.19,0.31,0.28,0.31,0.2,0.32,0.1,0.21,,0.17,0.21,0.22,0.42,0.19,0.21,0.32,0.19,0.18,0.33,0.35,0.16,0.3,0.08,0.19,0.23,0.19,0.27,,0.29,0.17,0.21,0.2,0.22,0.18,0.32,0.27,0.25,0.26,0.23,0.29,0.41,0.3,0.31,,0.27,0.27,0.09,0.21,0.21,0.28,0.2,0.22,0.27,0.2,0.4,0.2,0.3,0.18,0.22,0.21,0.28,0.19,0.38,0.17,0.16,0.18,0.4,0.22,0.19,0.25,0.09,0.35,,0.22,0.28,0.19,0.36,,0.07,0.18,0.22,0.3,0.29,0.16,0.31,0.21,0.08,0.29,0.25,0.36,0.4,0.22,0.28,0.4,0.07,0.25,0.27,0.39,,0.19,0.19,,0.19,0.2,0.26,0.31,0.32,,0.21,0.19,0.41,0.22,0.26,0.21,0.12,0.37,0.42,0.32,0.13,,0.21,0.28,0.21,0.29,0.16,0.37,0.2,0.24,0.19,0.31,0.15,0.09,0.28,0.32,0.42,0.27,0.42,0.18,0.29,0.19,0.22,0.3,0.09,0.11
"Cameroon","Q1 2020",0.18,0.21,0.19,0.33,0.17,0.18,0.24,0.2,0.24,0.24,0.13,0.13,0.2,0.37,0.2,0.31,0.15,0.17,0.25,0.18,0.12,0.19,0.17,0.12,,0.25,0.15,0.23,0.29,0.26,0.27,0.08,,0.26,0.19,0.31,0.09,0.24,0.33,0.15,0.19,0.2,0.22,,0.26,0.23,0.24,0.19,0.26,0.24,0.27,0.2,0.31,0.1,0.21,,0.17,0.13,0.22,0.36,0.19,0.22,0.32,0.18,0.18,0.28,0.33,0.16,0.25,0.08,0.19,0.23,0.2,0.24,,0.3,0.17,0.2,0.2,0.2,0.18,0.27,0.23,0.21,0.15,0.21,0.24,0.28,0.25,0.26,,0.22,0.22,0.11,0.13,0.21,0.24,0.26,0.22,0.22,0.2,0.28,0.12,0.25,0.18,0.22,0.19,0.23,0.19,0.33,0.1,0.11,0.17,0.36,0.22,0.12,0.23,0.01,0.29,,0.21,0.23,0.19,0.33,,0.07,0.11,0.21,0.25,0.24,0.09,0.26,0.13,0.09,0.23,0.15,0.31,0.34,0.21,0.23,0.29,0.07,0.23,0.23,0.34,,0.18,0.18,,0.19,0.19,0.18,0.26,0.32,,0.13,0.26,0.29,0.22,0.15,0.13,0.13,0.26,0.37,0.26,0.13,,0.2,0.24,0.21,0.24,0.09,0.33,0.18,0.23,0.18,0.26,0.15,0.02,0.23,0.27,0.37,0.22,0.36,0.18,0.24,0.12,0.21,0.24,0.02,0.12
"Cameroon","Q1 2021",0.17,0.22,0.2,0.34,0.18,0.18,0.26,0.2,0.27,0.27,0.23,0.21,0.21,0.4,0.19,0.35,0.15,0.17,0.28,0.18,0.19,0.19,0.17,0.2,,0.28,0.15,0.25,0.39,0.29,0.3,0.15,,0.29,0.18,0.34,0.09,0.26,0.34,0.23,0.2,0.2,0.24,,0.19,0.25,0.27,0.19,0.28,0.26,0.29,0.2,0.31,0.11,0.2,,0.18,0.21,0.22,0.39,0.19,0.23,0.3,0.18,0.18,0.31,0.36,0.16,0.28,0.1,0.19,0.25,0.2,0.26,,0.26,0.17,0.21,0.2,0.21,0.19,0.37,0.24,0.23,0.24,0.22,0.27,0.31,0.27,0.28,,0.25,0.25,0.18,0.2,0.21,0.26,0.19,0.22,0.23,0.12,0.38,0.19,0.28,0.19,0.25,0.2,0.24,0.19,0.36,0.18,0.11,0.18,0.38,0.26,0.2,0.32,,0.32,,0.22,0.26,0.21,0.36,0.09,0.07,0.18,0.21,0.28,0.28,0.16,0.28,0.21,0.09,0.25,0.22,0.34,0.36,0.22,0.26,0.31,0.07,0.25,0.24,0.35,,0.18,0.19,,0.19,0.2,0.18,0.29,0.33,,0.2,0.19,0.39,0.22,0.24,0.2,0.21,0.35,0.4,0.36,0.12,,0.21,0.26,0.21,0.27,0.16,0.35,0.2,0.24,0.18,0.28,0.15,0.08,0.26,0.37,0.4,0.25,0.4,0.19,0.26,0.2,0.2,0.27,,0.18
"Canada","Q1 2016",0.19,0.26,0.21,0.34,0.19,0.2,0.36,0.29,0.44,0.4,0.3,0.23,0.23,0.54,0.22,0.3,0.15,0.21,0.37,0.25,0.2,0.2,0.19,0.23,0.27,,0.16,0.36,0.55,0.52,0.51,,,0.49,0.2,0.32,0.17,0.29,0.3,0.33,0.29,0.3,0.28,,0.21,0.33,0.37,0.22,0.42,0.36,0.5,0.21,0.2,0.09,0.21,,0.18,0.31,0.29,0.52,0.2,0.26,0.24,0.22,0.18,0.53,0.32,0.17,0.44,0.16,0.23,0.25,0.22,0.32,,0.24,0.19,0.24,0.24,0.26,0.26,0.49,0.32,0.38,0.22,0.24,0.45,0.52,0.4,0.51,,0.33,0.27,0.2,0.22,0.21,0.38,0.2,0.25,0.25,0.23,0.53,0.21,0.39,0.2,0.22,0.19,0.35,0.22,0.49,0.17,0.18,0.18,0.49,0.25,0.24,0.38,0.16,0.53,,0.27,0.38,0.21,0.33,,0.15,0.18,0.32,0.48,0.4,,0.5,0.23,0.08,0.37,0.3,0.34,0.48,0.24,0.24,0.54,0.08,0.29,0.31,0.49,,0.21,0.23,,0.23,0.21,0.2,0.49,0.27,,0.23,0.22,0.53,0.31,0.35,0.23,0.2,0.46,0.54,0.49,0.28,,0.25,0.42,0.24,0.46,0.17,0.35,0.21,0.31,0.22,0.4,,0.17,0.33,0.5,0.54,0.26,0.57,0.27,0.35,0.22,0.26,0.48,0.17,0.25
"Canada","Q1 2017",0.19,0.26,0.22,0.34,0.2,0.2,0.35,0.28,0.45,0.41,0.24,0.22,0.24,0.55,0.23,0.29,0.15,0.18,0.36,0.27,0.2,0.21,0.18,0.23,0.29,,0.16,0.38,0.55,0.53,0.52,0.16,,0.5,0.19,0.33,0.17,0.29,0.3,0.34,0.3,0.28,0.28,,0.21,0.34,0.37,0.21,0.46,0.35,0.51,0.22,0.24,0.09,0.22,,0.18,0.31,0.25,0.54,0.2,0.26,0.25,0.2,0.19,0.54,0.31,0.17,0.46,0.08,0.21,0.26,0.22,0.33,,0.23,0.18,0.23,0.24,0.27,0.26,0.51,0.31,0.34,0.28,0.24,0.46,0.54,0.43,0.52,,0.35,0.27,0.2,0.21,0.21,0.39,0.19,0.22,0.23,0.22,0.52,0.2,0.4,0.21,0.24,0.21,0.35,0.2,0.48,0.17,0.17,0.19,0.51,0.24,0.24,0.34,0.15,0.55,,0.27,0.43,0.21,0.32,,0.15,0.21,0.29,0.48,0.39,0.18,0.5,0.23,0.08,0.39,0.3,0.37,0.49,0.25,0.29,0.53,0.08,0.32,0.31,0.46,,0.22,0.22,,0.23,0.21,0.2,0.5,0.27,,0.21,0.21,0.54,0.32,0.35,0.23,0.21,0.45,0.55,0.5,0.26,,0.23,0.44,0.25,0.45,0.17,0.35,0.22,0.27,0.2,0.43,,0.16,0.33,0.5,0.55,0.26,0.58,0.27,0.35,0.22,0.26,0.48,0.16,0.19
"Canada","Q1 2018",0.18,0.24,0.22,0.32,0.21,0.21,0.36,0.3,0.43,0.41,0.31,0.24,0.31,0.56,0.23,0.3,0.15,0.18,0.37,0.28,0.19,0.21,0.2,0.22,0.27,,0.16,0.39,0.56,0.53,0.53,0.16,,0.52,0.19,0.31,0.17,0.3,0.29,0.34,0.31,0.3,0.27,,0.11,0.35,0.36,0.21,0.48,0.37,0.44,0.23,0.24,0.09,0.21,,0.18,0.31,0.24,0.56,0.21,0.26,0.25,0.2,0.2,0.55,0.29,0.17,0.49,0.08,0.22,0.27,0.21,0.4,,0.22,0.18,0.25,0.23,0.28,0.26,0.44,0.43,0.37,0.31,0.25,0.46,0.55,0.45,0.51,,0.35,0.25,0.2,0.21,0.21,0.38,0.19,0.25,0.25,0.21,0.53,0.2,0.41,0.21,0.33,0.25,0.33,0.2,0.5,0.17,0.17,0.2,0.53,0.24,0.24,0.26,0.16,0.57,,0.26,0.42,0.22,0.3,,0.16,0.2,0.21,0.41,0.39,0.18,0.51,0.24,0.08,0.39,0.32,0.36,0.5,0.32,0.34,0.55,0.08,0.31,0.32,0.47,,0.23,0.3,,0.23,0.21,0.19,0.44,0.29,,0.21,0.22,0.55,0.33,0.34,0.24,0.19,0.38,0.56,0.51,0.23,,0.24,0.37,0.24,0.45,0.17,0.35,0.22,0.34,0.21,0.5,,0.16,0.41,0.51,0.57,0.26,0.58,0.28,0.35,0.21,0.25,0.49,0.16,0.11
"Canada","Q1 2019",0.18,0.23,0.21,0.3,0.19,0.19,0.35,0.3,0.36,0.4,0.36,0.24,0.3,0.54,0.23,0.29,0.15,0.18,0.36,0.21,0.2,0.2,0.2,0.22,0.3,,0.16,0.38,0.55,0.51,0.52,0.16,,0.49,0.2,0.3,0.1,0.29,0.28,0.33,0.3,0.3,0.27,,0.2,0.34,0.36,0.21,0.46,0.36,0.43,0.22,0.24,0.17,0.22,,0.18,0.23,0.25,0.54,0.21,0.24,0.24,0.19,0.19,0.53,0.29,0.16,0.48,0.08,0.21,0.26,0.21,0.4,,0.23,0.18,0.24,0.23,0.27,0.26,0.43,0.42,0.28,0.31,0.25,0.46,0.54,0.44,0.49,,0.36,0.3,0.09,0.24,0.22,0.38,0.2,0.25,0.29,0.21,0.52,0.21,0.41,0.19,0.32,0.21,0.35,0.2,0.49,0.18,0.17,0.19,0.51,0.23,0.22,0.26,0.09,0.55,,0.24,0.34,0.2,0.3,,0.08,0.19,0.22,0.49,0.38,0.17,0.5,0.23,0.09,0.39,0.31,0.37,0.5,0.32,0.43,0.54,0.08,0.27,0.32,0.46,,0.22,0.21,,0.21,0.21,0.19,0.5,0.26,,0.22,0.2,0.54,0.25,0.33,0.23,0.2,0.39,0.54,0.5,0.21,,0.24,0.36,0.23,0.47,0.17,0.36,0.21,0.34,0.2,0.49,0.15,0.09,0.41,0.5,0.55,0.3,0.57,0.27,0.34,0.21,0.25,0.48,0.09,0.18
"Canada","Q1 2020",0.2,0.25,0.22,0.34,0.2,0.2,0.35,0.29,0.44,0.42,0.21,0.24,0.23,0.55,0.22,0.29,0.15,0.18,0.37,0.21,0.21,0.21,0.17,0.22,0.25,,0.16,0.37,0.55,0.52,0.53,0.16,,0.51,0.2,0.33,0.17,0.32,0.29,0.33,0.29,0.29,0.28,,0.2,0.35,0.36,0.22,0.46,0.38,0.5,0.22,0.23,0.17,0.22,,0.18,0.24,0.24,0.55,0.21,0.32,0.25,0.19,0.19,0.53,0.37,0.17,0.48,0.08,0.22,0.36,0.22,0.39,,0.23,0.17,0.24,0.23,0.24,0.26,0.5,0.46,0.26,0.34,0.24,0.46,0.54,0.45,0.51,,0.36,0.27,0.2,0.23,0.22,0.38,0.2,0.26,0.24,0.22,0.53,0.21,0.4,0.21,0.28,0.2,0.36,0.2,0.52,0.19,0.19,0.2,0.51,0.25,0.23,0.26,0.09,0.56,,0.25,0.41,0.21,0.3,,0.15,0.2,0.22,0.48,0.4,0.18,0.52,0.24,0.09,0.38,0.29,0.37,0.48,0.31,0.43,0.55,0.08,0.3,0.32,0.36,,0.21,0.21,,0.22,0.22,0.18,0.5,0.27,,0.22,0.19,0.55,0.32,0.35,0.23,0.22,0.4,0.55,0.51,0.21,,0.24,0.36,0.23,0.48,0.17,0.36,0.2,0.34,0.19,0.49,0.15,0.09,0.34,0.52,0.56,0.27,0.58,0.27,0.35,0.22,0.25,0.48,0.09,0.2
"Canada","Q1 2021",0.18,0.25,0.22,0.3,0.19,0.2,0.34,0.29,0.44,0.43,0.3,0.25,0.23,0.54,0.21,0.3,0.15,0.18,0.36,0.2,0.2,0.2,0.17,0.23,0.28,,0.16,0.37,0.54,0.52,0.52,0.16,,0.51,0.19,0.3,0.17,0.32,0.28,0.33,0.29,0.29,0.27,,0.19,0.35,0.35,0.21,0.46,0.38,0.49,0.22,0.23,0.18,0.21,,0.19,0.23,0.24,0.53,0.2,0.32,0.23,0.19,0.19,0.52,0.38,0.17,0.48,0.18,0.21,0.29,0.21,0.41,,0.2,0.17,0.23,0.23,0.25,0.26,0.49,0.3,0.31,0.35,0.24,0.47,0.52,0.44,0.49,,0.36,0.27,0.19,0.21,0.21,0.38,0.19,0.25,0.24,0.12,0.52,0.2,0.4,0.21,0.28,0.21,0.33,0.19,0.51,0.19,0.18,0.19,0.51,0.27,0.23,0.25,,0.55,,0.25,0.41,0.23,0.3,0.16,0.14,0.19,0.22,0.41,0.41,0.17,0.51,0.24,0.09,0.37,0.27,0.37,0.49,0.31,0.38,0.54,0.08,0.29,0.31,0.35,,0.2,0.2,,0.21,0.22,0.18,0.5,0.27,,0.21,0.19,0.54,0.31,0.34,0.23,0.22,0.4,0.54,0.5,0.19,,0.23,0.36,0.23,0.48,0.17,0.36,0.22,0.26,0.19,0.49,0.15,0.09,0.34,0.51,0.55,0.26,0.58,0.27,0.34,0.21,0.23,0.47,,0.19
"Cayman Islands","Q1 2016",0.08,0.15,0.15,0.16,0.15,0.15,0.16,0.15,0.16,0.16,0.15,0.08,0.16,0.17,0.22,0.16,0.14,0.15,0.16,0.15,0.08,0.08,0.08,0.08,0.16,0.16,,0.16,0.17,0.17,0.16,,,0.17,0.08,0.09,0.08,0.16,0.09,0.15,0.15,0.15,0.08,,0.08,0.08,0.16,0.15,0.17,0.16,0.16,0.15,0.15,0.07,0.08,,0.08,0.15,0.08,0.17,0.08,0.15,0.15,0.08,0.08,0.17,0.16,0.08,0.16,0.07,0.15,0.15,0.15,0.16,,0.08,0.08,0.15,0.16,0.22,0.15,0.16,0.15,0.09,0.08,0.15,0.16,0.17,0.17,0.17,,0.08,0.09,0.08,0.15,0.08,0.16,0.15,0.08,0.08,0.08,0.17,0.08,0.16,0.08,0.08,0.08,0.16,0.08,0.23,0.08,0.08,0.15,0.17,0.08,0.08,0.15,0.07,0.17,,0.16,0.16,0.15,0.16,,0.07,0.08,0.15,0.16,0.16,,0.17,0.08,0.07,0.16,0.08,0.08,0.16,0.16,0.15,0.17,0,0.09,0.08,0.17,,0.15,0.15,,0.15,0.15,0.08,0.16,0.15,,0.08,0.08,0.17,0.15,0.15,0.08,0.08,0.16,0.17,0.16,0.08,,0.15,0.15,0.08,0.16,0.07,0.09,0.08,0.16,0.08,0.16,,0.08,0.09,0.17,0.17,0.09,0.24,0.15,0.15,0.08,0.16,0.16,0.08,0.08
"Cayman Islands","Q1 2017",0.08,0.16,0.15,0.16,0.15,0.15,0.16,0.15,0.16,0.16,0.08,0.08,0.16,0.17,0.22,0.15,0.14,0.14,0.16,0.15,0.08,0.08,0.07,0.08,0.16,0.16,,0.16,0.17,0.17,0.16,0.07,,0.17,0.08,0.09,0.07,0.16,0.09,0.15,0.16,0.15,0.08,,0.08,0.08,0.16,0.15,0.17,0.16,0.16,0.15,0.15,0.07,0.08,,0.08,0.15,0.08,0.17,0.08,0.15,0.15,0.08,0.08,0.17,0.16,0.08,0.16,0,0.15,0.16,0.15,0.16,,0.08,0.07,0.15,0.16,0.22,0.15,0.16,0.15,0.08,0.08,0.15,0.16,0.17,0.17,0.17,,0.08,0.08,0.08,0.08,0.08,0.16,0.08,0.08,0.08,0.08,0.17,0.08,0.16,0.08,0.15,0.08,0.09,0.08,0.23,0.08,0.07,0.15,0.17,0.08,0.08,0.15,0.07,0.17,,0.15,0.16,0.15,0.16,,0.07,0.08,0.15,0.16,0.16,0.08,0.17,0.08,0.07,0.16,0.08,0.16,0.16,0.16,0.08,0.17,0,0.09,0.08,0.16,,0.15,0.15,,0.15,0.15,0.08,0.16,0.15,,0.08,0.08,0.17,0.16,0.15,0.08,0.08,0.16,0.17,0.16,0.08,,0.15,0.15,0.08,0.16,0.07,0.15,0.15,0.16,0.08,0.16,,0.07,0.08,0.16,0.18,0.09,0.24,0.15,0.16,0.08,0.16,0.16,0.07,0.07
"Cayman Islands","Q1 2018",0.08,0.08,0.15,0.16,0.15,0.15,0.16,0.15,0.16,0.16,0.08,0.08,0.15,0.17,0.22,0.16,0.14,0.14,0.16,0.15,0.08,0.08,0.08,0.08,0.16,0.16,,0.16,0.17,0.17,0.17,0.07,,0.17,0.08,0.09,0.07,0.16,0.09,0.15,0.16,0.15,0.08,,0.07,0.08,0.16,0.15,0.17,0.16,0.16,0.15,0.15,0.07,0.08,,0.08,0.15,0.08,0.17,0.08,0.15,0.15,0.08,0.08,0.17,0.16,0.08,0.16,0,0.15,0.16,0.15,0.16,,0.08,0.08,0.16,0.15,0.22,0.15,0.16,0.15,0.09,0.08,0.15,0.16,0.17,0.17,0.16,,0.09,0.08,0.08,0.08,0.08,0.09,0.08,0.08,0.08,0.08,0.17,0.08,0.16,0.08,0.16,0.08,0.08,0.08,0.23,0.08,0.07,0.15,0.17,0.15,0.08,0.15,0.07,0.17,,0.15,0.16,0.15,0.16,,0.07,0.08,0.08,0.16,0.16,0.08,0.17,0.08,0.07,0.16,0.08,0.16,0.16,0.16,0.08,0.17,0,0.09,0.08,0.16,,0.15,0.15,,0.15,0.15,0.08,0.16,0.16,,0.08,0.08,0.17,0.16,0.15,0.08,0.08,0.16,0.17,0.16,0.08,,0.15,0.09,0.08,0.16,0.07,0.16,0.15,0.16,0.08,0.16,,0.07,0.09,0.16,0.18,0.08,0.24,0.15,0.16,0.08,0.16,0.16,0.07,0.07
"Cayman Islands","Q1 2019",0.08,0.08,0.15,0.16,0.15,0.15,0.16,0.15,0.16,0.22,0.15,0.08,0.15,0.17,0.22,0.15,0.14,0.14,0.16,0.15,0.08,0.08,0.08,0.08,0.16,0.16,,0.16,0.17,0.17,0.17,0.07,,0.17,0.08,0.08,0.07,0.16,0.08,0.15,0.15,0.15,0.08,,0.08,0.08,0.16,0.15,0.17,0.16,0.16,0.15,0.15,0.07,0.08,,0.08,0.08,0.08,0.17,0.08,0.15,0.15,0.08,0.08,0.17,0.16,0.07,0.16,0,0.15,0.16,0.15,0.16,,0.08,0.07,0.15,0.15,0.16,0.15,0.16,0.15,0.08,0.08,0.15,0.16,0.17,0.16,0.16,,0.08,0.08,0.01,0.08,0.08,0.09,0.08,0.08,0.08,0.08,0.17,0.08,0.16,0.15,0.15,0.08,0.09,0.08,0.23,0.08,0.07,0.15,0.17,0.15,0.08,0.15,0.07,0.17,,0.15,0.16,0.15,0.16,,0.07,0.08,0.08,0.16,0.16,0.08,0.17,0.08,0.07,0.16,0.08,0.16,0.17,0.15,0.15,0.17,0,0.08,0.08,0.16,,0.15,0.15,,0.15,0.15,0.08,0.16,0.15,,0.08,0.08,0.17,0.15,0.15,0.08,0.08,0.16,0.17,0.16,0.07,,0.15,0.08,0.08,0.16,0.07,0.15,0.15,0.16,0.08,0.16,0.14,0.01,0.15,0.17,0.17,0.08,0.24,0.15,0.16,0.08,0.16,0.16,0.01,0.07
"Cayman Islands","Q1 2020",0.08,0.08,0.15,0.16,0.15,0.15,0.16,0.15,0.16,0.23,0.08,0.08,0.15,0.17,0.22,0.15,0.14,0.14,0.16,0.15,0.08,0.08,0.07,0.08,0.15,0.16,,0.16,0.17,0.17,0.17,0.07,,0.17,0.08,0.08,0.07,0.16,0.09,0.08,0.15,0.15,0.08,,0.08,0.08,0.15,0.15,0.17,0.16,0.16,0.15,0.15,0.07,0.08,,0.08,0.08,0.08,0.17,0.08,0.15,0.15,0.07,0.08,0.17,0.16,0.07,0.16,0,0.15,0.16,0.15,0.16,,0.08,0.07,0.15,0.15,0.15,0.15,0.16,0.15,0.08,0.08,0.15,0.16,0.17,0.16,0.16,,0.08,0.08,0.08,0.08,0.08,0.09,0.08,0.08,0.08,0.08,0.17,0.08,0.16,0.15,0.16,0.08,0.09,0.08,0.23,0.08,0.08,0.15,0.17,0.15,0.08,0.15,0.01,0.17,,0.15,0.15,0.15,0.16,,0.07,0.08,0.08,0.16,0.16,0.08,0.17,0.08,0.07,0.16,0.08,0.16,0.16,0.15,0.15,0.17,0,0.08,0.08,0.16,,0.15,0.15,,0.15,0.15,0.07,0.16,0.15,,0.08,0.08,0.17,0.15,0.08,0.08,0.08,0.16,0.17,0.16,0.07,,0.15,0.08,0.08,0.16,0.07,0.15,0.15,0.16,0.08,0.16,0.14,0.01,0.15,0.17,0.17,0.08,0.24,0.15,0.16,0.08,0.15,0.16,0.01,0.07
"Cayman Islands","Q1 2021",0.08,0.08,0.15,0.15,0.15,0.15,0.15,0.15,0.16,0.22,0.08,0.08,0.15,0.17,0.15,0.15,0.14,0.14,0.16,0.15,0.08,0.08,0.07,0.08,0.15,0.16,,0.15,0.17,0.16,0.16,0.07,,0.16,0.08,0.08,0.08,0.16,0.08,0.08,0.15,0.15,0.08,,0.08,0.08,0.15,0.15,0.16,0.16,0.16,0.15,0.15,0.07,0.08,,0.08,0.08,0.08,0.17,0.08,0.15,0.15,0.08,0.08,0.16,0.15,0.08,0.16,0.07,0.15,0.15,0.15,0.16,,0.08,0.07,0.15,0.15,0.21,0.15,0.16,0.15,0.08,0.15,0.15,0.16,0.16,0.16,0.16,,0.08,0.08,0.08,0.08,0.08,0.09,0.08,0.08,0.08,0.08,0.16,0.08,0.16,0.15,0.15,0.08,0.08,0.08,0.16,0.08,0.08,0.15,0.16,0.15,0.08,0.15,,0.17,,0.15,0.15,0.15,0.15,0.07,0.07,0.08,0.08,0.16,0.16,0.08,0.16,0.08,0.07,0.15,0.08,0.15,0.16,0.15,0.08,0.17,0,0.08,0.08,0.16,,0.15,0.15,,0.15,0.15,0.08,0.16,0.15,,0.08,0.08,0.17,0.16,0.08,0.08,0.08,0.16,0.17,0.16,0.07,,0.15,0.08,0.08,0.15,0.07,0.15,0.15,0.15,0.08,0.16,0.14,0.01,0.15,0.16,0.17,0.08,0.24,0.15,0.15,0.08,0.15,0.16,,0.07
"Chile","Q1 2016",0.18,0.24,0.2,0.32,0.18,0.19,0.41,0.21,0.33,0.31,0.28,0.22,0.21,0.47,0.21,0.28,0.15,0.19,0.42,0.17,0.19,0.19,0.18,0.21,0.25,0.36,0.16,,0.46,0.45,0.44,,,0.44,0.19,0.3,0.1,0.27,0.28,0.3,0.21,0.22,0.26,,0.19,0.3,0.32,0.2,0.39,0.41,0.37,0.2,0.19,0.09,0.2,,0.17,0.22,0.26,0.46,0.19,0.24,0.22,0.2,0.11,0.46,0.29,0.16,0.33,0.08,0.21,0.23,0.21,0.3,,0.22,0.17,0.22,0.29,0.24,0.18,0.36,0.28,0.33,0.14,0.23,0.33,0.46,0.38,0.44,,0.31,0.24,0.18,0.21,0.2,0.34,0.19,0.23,0.24,0.21,0.45,0.19,0.34,0.19,0.21,0.18,0.38,0.21,0.44,0.16,0.17,0.17,0.37,0.23,0.22,0.3,0.09,0.46,,0.25,0.29,0.2,0.3,,0.08,0.18,0.23,0.36,0.34,,0.44,0.21,0.15,0.43,0.28,0.32,0.36,0.22,0.23,0.46,0.07,0.26,0.29,0.44,,0.19,0.21,,0.21,0.2,0.19,0.36,0.26,,0.21,0.2,0.45,0.22,0.31,0.21,0.12,0.42,0.47,0.36,0.26,,0.23,0.32,0.22,0.34,0.16,0.32,0.19,0.28,0.2,0.35,,0.09,0.31,0.37,0.46,0.24,0.47,0.19,0.33,0.2,0.24,0.35,0.09,0.23
"Chile","Q1 2017",0.18,0.24,0.2,0.31,0.19,0.18,0.41,0.2,0.34,0.31,0.22,0.21,0.22,0.48,0.22,0.27,0.15,0.17,0.41,0.19,0.19,0.2,0.17,0.21,0.26,0.38,0.16,,0.48,0.46,0.45,0.08,,0.47,0.18,0.3,0.16,0.27,0.28,0.32,0.22,0.2,0.26,,0.19,0.32,0.34,0.19,0.43,0.42,0.39,0.29,0.23,0.09,0.21,,0.17,0.22,0.23,0.48,0.19,0.25,0.23,0.2,0.18,0.47,0.28,0.16,0.36,0.08,0.2,0.24,0.21,0.38,,0.22,0.17,0.22,0.29,0.26,0.18,0.38,0.27,0.3,0.26,0.22,0.35,0.47,0.41,0.45,,0.33,0.24,0.19,0.13,0.19,0.36,0.19,0.21,0.22,0.2,0.39,0.12,0.43,0.19,0.23,0.2,0.32,0.19,0.46,0.17,0.17,0.18,0.46,0.21,0.21,0.25,0.08,0.48,,0.25,0.41,0.27,0.29,,0.15,0.2,0.21,0.37,0.33,0.17,0.47,0.21,0.15,0.45,0.27,0.34,0.38,0.24,0.27,0.47,0.07,0.29,0.29,0.35,,0.2,0.21,,0.21,0.19,0.19,0.37,0.26,,0.12,0.2,0.4,0.23,0.32,0.21,0.12,0.35,0.48,0.37,0.17,,0.22,0.34,0.24,0.33,0.09,0.32,0.2,0.25,0.19,0.38,,0.09,0.31,0.37,0.48,0.23,0.49,0.19,0.33,0.2,0.24,0.35,0.09,0.12
"Chile","Q1 2018",0.17,0.23,0.2,0.3,0.19,0.19,0.42,0.21,0.33,0.32,0.29,0.22,0.22,0.49,0.22,0.27,0.15,0.17,0.42,0.19,0.18,0.2,0.19,0.2,0.25,0.39,0.16,,0.49,0.47,0.46,0.08,,0.47,0.18,0.29,0.16,0.28,0.27,0.32,0.23,0.21,0.25,,0.1,0.32,0.33,0.19,0.45,0.43,0.38,0.29,0.23,0.09,0.2,,0.17,0.23,0.23,0.48,0.2,0.24,0.23,0.2,0.18,0.48,0.27,0.16,0.37,0.08,0.19,0.24,0.2,0.39,,0.21,0.18,0.23,0.28,0.26,0.18,0.38,0.32,0.34,0.29,0.23,0.35,0.48,0.42,0.45,,0.32,0.23,0.19,0.14,0.2,0.35,0.18,0.24,0.24,0.2,0.4,0.12,0.44,0.2,0.24,0.23,0.31,0.19,0.46,0.16,0.16,0.18,0.47,0.22,0.22,0.24,0.08,0.48,,0.24,0.4,0.28,0.28,,0.15,0.19,0.2,0.36,0.34,0.17,0.47,0.21,0.15,0.45,0.28,0.33,0.45,0.23,0.32,0.48,0.08,0.28,0.3,0.36,,0.2,0.21,,0.2,0.2,0.18,0.38,0.27,,0.12,0.21,0.41,0.24,0.32,0.21,0.12,0.35,0.48,0.38,0.15,,0.23,0.33,0.22,0.34,0.09,0.33,0.2,0.25,0.2,0.38,,0.09,0.32,0.38,0.48,0.23,0.5,0.19,0.34,0.2,0.23,0.36,0.09,0.1
"Chile","Q1 2019",0.17,0.22,0.2,0.29,0.18,0.18,0.4,0.29,0.33,0.31,0.28,0.22,0.21,0.48,0.22,0.27,0.15,0.17,0.41,0.19,0.2,0.19,0.19,0.21,0.29,0.38,0.16,,0.48,0.46,0.45,0.08,,0.47,0.19,0.28,0.16,0.28,0.26,0.31,0.23,0.29,0.26,,0.19,0.31,0.33,0.2,0.44,0.42,0.37,0.22,0.23,0.1,0.21,,0.17,0.22,0.23,0.47,0.2,0.23,0.23,0.19,0.18,0.47,0.27,0.16,0.36,0.08,0.2,0.24,0.2,0.32,,0.22,0.17,0.23,0.29,0.25,0.18,0.37,0.32,0.25,0.29,0.24,0.35,0.47,0.42,0.44,,0.33,0.27,0.09,0.22,0.21,0.35,0.19,0.23,0.28,0.2,0.39,0.13,0.44,0.18,0.23,0.2,0.32,0.19,0.46,0.18,0.17,0.18,0.46,0.21,0.2,0.24,0.09,0.48,,0.23,0.39,0.19,0.28,,0.14,0.19,0.21,0.36,0.33,0.17,0.46,0.22,0.15,0.45,0.27,0.34,0.45,0.23,0.34,0.47,0.08,0.25,0.29,0.36,,0.2,0.2,,0.2,0.2,0.19,0.37,0.25,,0.14,0.19,0.41,0.23,0.31,0.21,0.12,0.36,0.48,0.37,0.13,,0.23,0.33,0.22,0.35,0.09,0.33,0.2,0.25,0.19,0.37,0.15,0.09,0.31,0.37,0.49,0.27,0.49,0.18,0.33,0.2,0.31,0.36,0.09,0.11
"Chile","Q1 2020",0.11,0.22,0.2,0.31,0.18,0.18,0.39,0.21,0.32,0.38,0.13,0.22,0.2,0.46,0.21,0.25,0.15,0.17,0.4,0.19,0.19,0.12,0.09,0.2,0.23,0.37,0.16,,0.47,0.45,0.45,0.08,,0.45,0.19,0.29,0.16,0.29,0.26,0.3,0.2,0.21,0.25,,0.18,0.32,0.32,0.19,0.42,0.43,0.36,0.2,0.21,0.1,0.21,,0.17,0.21,0.22,0.46,0.19,0.24,0.23,0.11,0.11,0.45,0.33,0.16,0.36,0.08,0.2,0.26,0.2,0.3,,0.21,0.09,0.22,0.28,0.23,0.18,0.36,0.34,0.23,0.31,0.21,0.35,0.39,0.4,0.44,,0.32,0.23,0.18,0.21,0.21,0.34,0.12,0.22,0.23,0.19,0.38,0.12,0.35,0.19,0.25,0.19,0.32,0.19,0.45,0.18,0.11,0.18,0.38,0.21,0.21,0.23,0.08,0.46,,0.22,0.38,0.19,0.27,,0.14,0.19,0.2,0.36,0.34,0.17,0.45,0.21,0.15,0.43,0.25,0.34,0.37,0.22,0.32,0.46,0.07,0.27,0.28,0.3,,0.19,0.19,,0.2,0.2,0.1,0.36,0.24,,0.13,0.11,0.39,0.22,0.31,0.2,0.13,0.35,0.4,0.36,0.13,,0.22,0.32,0.21,0.35,0.09,0.32,0.19,0.24,0.18,0.36,0.15,0.08,0.3,0.37,0.47,0.23,0.47,0.18,0.32,0.2,0.22,0.35,0.08,0.12
"Chile","Q1 2021",0.1,0.22,0.2,0.27,0.18,0.18,0.39,0.21,0.33,0.39,0.28,0.21,0.21,0.46,0.2,0.26,0.15,0.17,0.4,0.18,0.18,0.12,0.09,0.21,0.25,0.37,0.15,,0.46,0.45,0.45,0.08,,0.45,0.11,0.26,0.16,0.29,0.25,0.3,0.2,0.21,0.24,,0.18,0.32,0.31,0.19,0.42,0.43,0.35,0.2,0.21,0.11,0.2,,0.18,0.21,0.23,0.46,0.19,0.24,0.22,0.11,0.11,0.45,0.34,0.16,0.36,0.1,0.2,0.26,0.2,0.32,,0.18,0.09,0.21,0.21,0.22,0.19,0.36,0.26,0.29,0.32,0.22,0.34,0.38,0.4,0.43,,0.32,0.23,0.18,0.13,0.2,0.33,0.11,0.21,0.23,0.11,0.38,0.11,0.34,0.19,0.26,0.19,0.3,0.11,0.44,0.18,0.1,0.18,0.37,0.24,0.21,0.23,,0.46,,0.23,0.38,0.22,0.26,0.15,0.14,0.18,0.2,0.35,0.35,0.16,0.44,0.22,0.15,0.43,0.24,0.34,0.36,0.22,0.33,0.46,0.07,0.26,0.28,0.3,,0.18,0.19,,0.19,0.2,0.1,0.36,0.25,,0.12,0.11,0.39,0.22,0.3,0.21,0.13,0.35,0.39,0.36,0.12,,0.22,0.32,0.21,0.35,0.09,0.33,0.2,0.24,0.1,0.36,0.15,0.08,0.3,0.36,0.46,0.23,0.47,0.19,0.32,0.2,0.21,0.35,,0.11
"China","Q1 2016",0.21,0.29,0.31,0.46,0.21,0.22,0.46,0.25,0.5,0.43,0.39,0.32,0.25,0.72,0.24,0.42,0.16,0.22,0.48,0.2,0.27,0.22,0.2,0.31,0.38,0.55,0.17,0.46,,0.77,0.66,,,0.56,0.22,0.43,0.19,0.32,0.41,0.43,0.25,0.26,0.31,,0.23,0.48,0.49,0.23,0.47,0.46,0.6,0.22,0.23,0.17,0.23,,0.2,0.35,0.38,0.68,0.22,0.29,0.28,0.25,0.2,0.69,0.43,0.18,0.51,0.16,0.25,0.28,0.32,0.42,,0.27,0.2,0.26,0.27,0.28,0.22,0.6,0.42,0.51,0.24,0.27,0.49,0.65,0.44,0.69,,0.43,0.38,0.29,0.24,0.23,0.51,0.23,0.29,0.27,0.26,0.76,0.22,0.57,0.3,0.24,0.2,0.46,0.25,0.57,0.18,0.2,0.2,0.63,0.34,0.32,0.42,0.17,0.68,,0.38,0.43,0.23,0.45,,0.15,0.2,0.35,0.57,0.52,,0.58,0.33,0.16,0.47,0.4,0.5,0.56,0.26,0.27,0.81,0.15,0.33,0.4,0.59,,0.23,0.25,,0.25,0.31,0.22,0.59,0.31,,0.26,0.24,0.75,0.27,0.45,0.34,0.21,0.54,0.71,0.62,0.37,,0.27,0.5,0.26,0.54,0.18,0.47,0.31,0.4,0.24,0.54,,0.19,0.43,0.64,0.69,0.37,0.71,0.22,0.44,0.32,0.29,0.6,0.19,0.34
"China","Q1 2017",0.21,0.29,0.31,0.45,0.22,0.21,0.45,0.22,0.5,0.44,0.26,0.3,0.26,0.71,0.25,0.4,0.16,0.19,0.47,0.22,0.28,0.23,0.19,0.31,0.4,0.55,0.17,0.48,,0.75,0.66,0.17,,0.56,0.2,0.44,0.18,0.32,0.41,0.44,0.26,0.22,0.31,,0.23,0.48,0.48,0.22,0.5,0.46,0.59,0.25,0.27,0.17,0.24,,0.2,0.35,0.27,0.69,0.22,0.29,0.29,0.23,0.21,0.68,0.42,0.18,0.53,0.16,0.23,0.28,0.32,0.43,,0.26,0.19,0.25,0.26,0.29,0.21,0.61,0.42,0.44,0.36,0.26,0.5,0.65,0.47,0.69,,0.44,0.37,0.29,0.23,0.22,0.5,0.21,0.25,0.25,0.31,0.72,0.22,0.56,0.3,0.27,0.23,0.46,0.23,0.54,0.19,0.19,0.21,0.64,0.33,0.32,0.38,0.16,0.67,,0.38,0.48,0.23,0.43,,0.15,0.31,0.25,0.59,0.49,0.26,0.56,0.33,0.16,0.49,0.41,0.52,0.57,0.27,0.38,0.79,0.15,0.42,0.4,0.53,,0.23,0.24,,0.24,0.23,0.22,0.59,0.32,,0.24,0.23,0.74,0.28,0.45,0.33,0.23,0.52,0.69,0.65,0.28,,0.25,0.51,0.27,0.53,0.18,0.46,0.31,0.29,0.21,0.58,,0.17,0.43,0.63,0.69,0.36,0.68,0.22,0.44,0.32,0.28,0.58,0.17,0.2
"China","Q1 2018",0.2,0.27,0.31,0.43,0.22,0.22,0.47,0.25,0.48,0.44,0.4,0.32,0.25,0.72,0.25,0.42,0.16,0.19,0.48,0.23,0.27,0.23,0.22,0.3,0.38,0.56,0.17,0.49,,0.76,0.67,0.17,,0.55,0.2,0.42,0.18,0.32,0.4,0.43,0.26,0.25,0.29,,0.19,0.49,0.47,0.22,0.51,0.47,0.6,0.25,0.27,0.17,0.24,,0.2,0.35,0.27,0.7,0.23,0.29,0.28,0.23,0.21,0.7,0.41,0.18,0.59,0.16,0.23,0.28,0.3,0.43,,0.26,0.2,0.27,0.25,0.29,0.21,0.6,0.48,0.48,0.4,0.27,0.5,0.67,0.48,0.66,,0.45,0.36,0.29,0.24,0.24,0.5,0.21,0.29,0.27,0.23,0.75,0.22,0.56,0.31,0.28,0.34,0.43,0.22,0.55,0.18,0.18,0.21,0.67,0.27,0.33,0.36,0.16,0.7,,0.37,0.47,0.24,0.42,,0.16,0.28,0.23,0.6,0.51,0.26,0.55,0.33,0.16,0.49,0.42,0.52,0.57,0.26,0.44,0.82,0.15,0.41,0.42,0.53,,0.24,0.24,,0.24,0.24,0.2,0.59,0.41,,0.23,0.25,0.78,0.28,0.44,0.33,0.21,0.51,0.71,0.66,0.25,,0.26,0.51,0.26,0.52,0.18,0.47,0.31,0.3,0.23,0.58,,0.17,0.45,0.65,0.71,0.37,0.66,0.22,0.45,0.31,0.27,0.59,0.17,0.18
"China","Q1 2019",0.2,0.26,0.31,0.41,0.21,0.2,0.45,0.25,0.49,0.44,0.39,0.32,0.25,0.69,0.25,0.4,0.16,0.18,0.47,0.22,0.28,0.22,0.22,0.3,0.41,0.55,0.17,0.48,,0.72,0.72,0.17,,0.54,0.22,0.4,0.18,0.31,0.39,0.42,0.25,0.25,0.3,,0.22,0.48,0.46,0.22,0.5,0.47,0.61,0.24,0.28,0.18,0.24,,0.2,0.34,0.27,0.69,0.22,0.34,0.28,0.2,0.21,0.67,0.41,0.17,0.58,0.16,0.23,0.28,0.3,0.42,,0.26,0.18,0.26,0.25,0.28,0.21,0.59,0.48,0.38,0.4,0.27,0.5,0.65,0.47,0.66,,0.46,0.4,0.17,0.26,0.24,0.5,0.22,0.28,0.32,0.23,0.74,0.22,0.56,0.28,0.27,0.23,0.45,0.22,0.54,0.28,0.18,0.21,0.64,0.26,0.3,0.36,0.17,0.69,,0.35,0.45,0.22,0.41,,0.15,0.28,0.25,0.59,0.49,0.26,0.54,0.34,0.16,0.49,0.42,0.53,0.63,0.26,0.47,0.82,0.15,0.31,0.41,0.52,,0.23,0.23,,0.23,0.31,0.22,0.59,0.29,,0.25,0.21,0.76,0.27,0.42,0.34,0.23,0.52,0.7,0.66,0.22,,0.26,0.51,0.25,0.55,0.18,0.47,0.31,0.29,0.22,0.56,0.16,0.17,0.45,0.63,0.7,0.4,0.69,0.21,0.43,0.31,0.27,0.61,0.17,0.19
"China","Q1 2020",0.22,0.28,0.31,0.44,0.21,0.21,0.44,0.24,0.48,0.46,0.23,0.32,0.24,0.71,0.24,0.39,0.16,0.18,0.47,0.22,0.29,0.22,0.18,0.3,0.29,0.55,0.17,0.47,,0.74,0.71,0.17,,0.55,0.22,0.42,0.19,0.34,0.4,0.42,0.23,0.24,0.3,,0.21,0.48,0.46,0.23,0.49,0.48,0.6,0.23,0.27,0.18,0.25,,0.2,0.34,0.27,0.68,0.22,0.29,0.28,0.2,0.21,0.68,0.48,0.18,0.59,0.16,0.23,0.31,0.31,0.41,,0.26,0.18,0.25,0.25,0.26,0.21,0.58,0.51,0.34,0.43,0.26,0.5,0.65,0.47,0.67,,0.45,0.37,0.29,0.25,0.24,0.5,0.22,0.28,0.26,0.24,0.76,0.22,0.56,0.31,0.3,0.22,0.45,0.22,0.55,0.28,0.2,0.21,0.66,0.28,0.32,0.36,0.16,0.7,,0.35,0.45,0.22,0.41,,0.15,0.29,0.25,0.58,0.51,0.26,0.55,0.33,0.17,0.48,0.39,0.54,0.54,0.26,0.47,0.84,0.15,0.33,0.41,0.48,,0.22,0.22,,0.23,0.31,0.19,0.61,0.3,,0.25,0.21,0.77,0.27,0.44,0.32,0.24,0.52,0.71,0.64,0.22,,0.26,0.5,0.25,0.55,0.18,0.46,0.23,0.29,0.21,0.57,0.16,0.17,0.44,0.64,0.71,0.36,0.68,0.21,0.44,0.31,0.26,0.58,0.17,0.21
"China","Q1 2021",0.2,0.28,0.32,0.4,0.21,0.21,0.45,0.24,0.49,0.47,0.39,0.33,0.25,0.7,0.23,0.41,0.16,0.18,0.47,0.21,0.28,0.22,0.18,0.31,0.39,0.54,0.17,0.46,,0.75,0.75,0.17,,0.56,0.21,0.4,0.19,0.35,0.39,0.42,0.24,0.24,0.3,,0.21,0.49,0.46,0.23,0.5,0.48,0.62,0.23,0.27,0.19,0.24,,0.21,0.34,0.27,0.69,0.22,0.29,0.27,0.2,0.21,0.67,0.5,0.18,0.59,0.19,0.23,0.32,0.3,0.44,,0.22,0.18,0.25,0.24,0.26,0.22,0.6,0.41,0.39,0.45,0.26,0.51,0.67,0.48,0.71,,0.46,0.37,0.29,0.24,0.23,0.51,0.21,0.28,0.26,0.21,0.75,0.21,0.58,0.32,0.31,0.23,0.43,0.21,0.55,0.29,0.2,0.21,0.66,0.31,0.32,0.35,,0.69,,0.35,0.45,0.25,0.41,0.18,0.15,0.28,0.25,0.6,0.54,0.25,0.55,0.34,0.17,0.47,0.36,0.53,0.58,0.26,0.49,0.83,0.15,0.33,0.41,0.48,,0.21,0.22,,0.23,0.32,0.19,0.64,0.31,,0.24,0.21,0.78,0.27,0.44,0.33,0.25,0.53,0.71,0.67,0.2,,0.26,0.5,0.25,0.6,0.18,0.48,0.32,0.29,0.2,0.58,0.16,0.16,0.45,0.66,0.71,0.36,0.73,0.23,0.44,0.32,0.25,0.65,,0.2
"China, Hong Kong SAR","Q1 2016",0.19,0.27,0.22,0.44,0.2,0.21,0.44,0.24,0.47,0.36,0.31,0.31,0.24,0.66,0.23,0.39,0.16,0.21,0.46,0.19,0.27,0.21,0.19,0.3,0.3,0.52,0.17,0.45,0.77,,0.62,,,0.54,0.21,0.41,0.18,0.3,0.39,0.34,0.24,0.24,0.29,,0.22,0.4,0.45,0.22,0.44,0.44,0.56,0.22,0.22,0.16,0.22,,0.19,0.26,0.37,0.64,0.21,0.27,0.26,0.23,0.19,0.64,0.41,0.17,0.48,0.09,0.24,0.26,0.3,0.4,,0.26,0.19,0.25,0.25,0.27,0.21,0.56,0.41,0.49,0.23,0.25,0.47,0.61,0.42,0.66,,0.35,0.29,0.21,0.23,0.22,0.42,0.22,0.27,0.26,0.24,0.7,0.21,0.47,0.22,0.23,0.2,0.45,0.24,0.54,0.18,0.18,0.19,0.53,0.26,0.31,0.41,0.17,0.63,,0.29,0.4,0.22,0.43,,0.15,0.19,0.33,0.53,0.48,,0.54,0.32,0.16,0.45,0.39,0.49,0.53,0.25,0.26,0.75,0.08,0.32,0.32,0.56,,0.21,0.24,,0.24,0.22,0.21,0.54,0.3,,0.24,0.23,0.7,0.25,0.36,0.31,0.2,0.51,0.65,0.59,0.29,,0.26,0.49,0.24,0.51,0.17,0.45,0.22,0.38,0.22,0.45,,0.18,0.41,0.59,0.65,0.28,0.66,0.21,0.43,0.23,0.27,0.58,0.18,0.26
"China, Hong Kong SAR","Q1 2017",0.2,0.27,0.22,0.37,0.21,0.2,0.44,0.21,0.47,0.36,0.25,0.3,0.24,0.65,0.24,0.38,0.16,0.18,0.45,0.21,0.27,0.21,0.18,0.3,0.31,0.53,0.17,0.46,0.75,,0.61,0.16,,0.52,0.19,0.35,0.17,0.29,0.39,0.35,0.25,0.21,0.29,,0.22,0.4,0.39,0.21,0.47,0.43,0.55,0.24,0.25,0.09,0.23,,0.19,0.26,0.26,0.64,0.21,0.27,0.27,0.22,0.19,0.63,0.4,0.17,0.5,0.08,0.22,0.27,0.3,0.4,,0.25,0.18,0.24,0.25,0.28,0.2,0.56,0.41,0.42,0.29,0.25,0.47,0.6,0.45,0.64,,0.43,0.28,0.2,0.22,0.21,0.41,0.2,0.23,0.24,0.23,0.66,0.21,0.46,0.21,0.25,0.22,0.43,0.21,0.51,0.18,0.18,0.2,0.6,0.25,0.31,0.35,0.09,0.63,,0.29,0.45,0.22,0.4,,0.15,0.29,0.23,0.54,0.46,0.25,0.52,0.31,0.16,0.47,0.39,0.5,0.54,0.26,0.3,0.72,0.08,0.34,0.32,0.5,,0.22,0.22,,0.23,0.21,0.2,0.55,0.3,,0.22,0.22,0.68,0.26,0.36,0.24,0.21,0.48,0.64,0.61,0.27,,0.24,0.5,0.26,0.5,0.17,0.37,0.22,0.27,0.2,0.47,,0.1,0.34,0.58,0.64,0.28,0.63,0.21,0.42,0.23,0.26,0.56,0.1,0.2
"China, Hong Kong SAR","Q1 2018",0.18,0.25,0.23,0.34,0.21,0.2,0.45,0.23,0.46,0.42,0.39,0.31,0.24,0.65,0.23,0.39,0.16,0.18,0.45,0.22,0.26,0.21,0.21,0.29,0.29,0.53,0.17,0.47,0.76,,0.63,0.16,,0.52,0.19,0.33,0.17,0.3,0.3,0.35,0.25,0.23,0.28,,0.18,0.41,0.38,0.21,0.48,0.45,0.54,0.24,0.25,0.09,0.22,,0.19,0.33,0.25,0.64,0.22,0.27,0.26,0.21,0.2,0.64,0.38,0.17,0.55,0.08,0.21,0.26,0.29,0.41,,0.24,0.19,0.25,0.24,0.28,0.2,0.56,0.47,0.46,0.33,0.25,0.41,0.61,0.45,0.63,,0.37,0.27,0.21,0.23,0.22,0.41,0.2,0.26,0.26,0.22,0.68,0.21,0.46,0.29,0.26,0.26,0.41,0.21,0.53,0.18,0.17,0.2,0.61,0.25,0.32,0.27,0.16,0.64,,0.34,0.44,0.23,0.39,,0.16,0.28,0.21,0.55,0.48,0.25,0.52,0.32,0.16,0.47,0.41,0.43,0.52,0.25,0.42,0.73,0.08,0.33,0.33,0.49,,0.22,0.23,,0.23,0.22,0.19,0.55,0.31,,0.22,0.23,0.7,0.27,0.35,0.32,0.2,0.48,0.64,0.62,0.24,,0.25,0.43,0.24,0.5,0.17,0.37,0.23,0.28,0.21,0.47,,0.17,0.36,0.6,0.65,0.28,0.61,0.21,0.43,0.23,0.25,0.57,0.17,0.18
"China, Hong Kong SAR","Q1 2019",0.18,0.24,0.22,0.31,0.19,0.19,0.43,0.24,0.45,0.42,0.31,0.24,0.23,0.62,0.24,0.3,0.15,0.18,0.44,0.21,0.27,0.2,0.2,0.29,0.31,0.51,0.17,0.46,0.72,,0.66,0.16,,0.5,0.21,0.31,0.17,0.29,0.29,0.33,0.24,0.24,0.28,,0.2,0.4,0.37,0.21,0.47,0.44,0.55,0.23,0.25,0.17,0.23,,0.18,0.32,0.25,0.61,0.21,0.25,0.25,0.19,0.19,0.61,0.3,0.17,0.53,0.08,0.21,0.26,0.29,0.4,,0.24,0.18,0.24,0.24,0.27,0.2,0.53,0.46,0.29,0.38,0.25,0.4,0.58,0.45,0.62,,0.37,0.31,0.16,0.24,0.22,0.4,0.21,0.25,0.3,0.21,0.65,0.21,0.46,0.27,0.25,0.21,0.43,0.2,0.51,0.27,0.17,0.19,0.58,0.24,0.29,0.27,0.16,0.62,,0.26,0.42,0.21,0.31,,0.15,0.27,0.23,0.55,0.45,0.25,0.5,0.32,0.16,0.47,0.4,0.43,0.51,0.25,0.38,0.71,0.08,0.29,0.32,0.47,,0.22,0.21,,0.21,0.22,0.2,0.53,0.26,,0.23,0.2,0.67,0.25,0.34,0.31,0.21,0.47,0.61,0.6,0.21,,0.24,0.42,0.24,0.52,0.17,0.37,0.22,0.27,0.2,0.45,0.16,0.16,0.35,0.57,0.62,0.31,0.61,0.2,0.41,0.22,0.26,0.57,0.16,0.18
"China, Hong Kong SAR","Q1 2020",0.2,0.25,0.23,0.35,0.2,0.2,0.43,0.23,0.45,0.44,0.22,0.31,0.23,0.65,0.23,0.29,0.16,0.18,0.44,0.21,0.28,0.21,0.17,0.29,0.26,0.52,0.17,0.45,0.74,,0.66,0.16,,0.52,0.21,0.33,0.18,0.33,0.3,0.34,0.22,0.23,0.28,,0.2,0.4,0.37,0.22,0.47,0.46,0.55,0.22,0.24,0.17,0.23,,0.18,0.32,0.25,0.62,0.21,0.27,0.26,0.19,0.2,0.63,0.38,0.18,0.55,0.08,0.22,0.29,0.3,0.4,,0.24,0.17,0.24,0.24,0.24,0.2,0.53,0.49,0.26,0.41,0.24,0.41,0.59,0.45,0.63,,0.36,0.28,0.2,0.24,0.23,0.41,0.21,0.26,0.25,0.23,0.68,0.21,0.46,0.29,0.28,0.2,0.43,0.21,0.52,0.27,0.19,0.2,0.61,0.26,0.31,0.26,0.16,0.65,,0.26,0.42,0.21,0.32,,0.15,0.28,0.23,0.53,0.48,0.25,0.52,0.31,0.16,0.46,0.38,0.52,0.44,0.25,0.37,0.73,0.08,0.31,0.32,0.43,,0.21,0.21,,0.22,0.23,0.11,0.57,0.27,,0.23,0.2,0.7,0.25,0.36,0.3,0.22,0.47,0.64,0.59,0.21,,0.24,0.41,0.23,0.53,0.17,0.37,0.21,0.28,0.2,0.46,0.16,0.16,0.35,0.58,0.65,0.27,0.62,0.2,0.42,0.23,0.24,0.56,0.16,0.2
"China, Hong Kong SAR","Q1 2021",0.19,0.26,0.23,0.31,0.2,0.2,0.43,0.23,0.46,0.45,0.31,0.32,0.24,0.64,0.22,0.31,0.16,0.18,0.44,0.2,0.27,0.21,0.17,0.3,0.29,0.52,0.16,0.45,0.75,,0.69,0.16,,0.52,0.2,0.31,0.17,0.33,0.29,0.34,0.22,0.23,0.27,,0.19,0.4,0.36,0.22,0.47,0.46,0.57,0.22,0.24,0.18,0.22,,0.2,0.31,0.25,0.63,0.21,0.27,0.24,0.19,0.19,0.62,0.4,0.18,0.55,0.11,0.22,0.3,0.29,0.42,,0.2,0.17,0.24,0.23,0.25,0.21,0.54,0.4,0.31,0.43,0.24,0.42,0.61,0.45,0.67,,0.37,0.28,0.2,0.23,0.22,0.41,0.19,0.25,0.25,0.2,0.68,0.2,0.48,0.29,0.29,0.21,0.41,0.2,0.52,0.28,0.19,0.2,0.6,0.28,0.31,0.26,,0.64,,0.26,0.43,0.24,0.31,0.17,0.15,0.27,0.22,0.56,0.5,0.25,0.52,0.32,0.16,0.45,0.35,0.44,0.48,0.25,0.46,0.73,0.08,0.31,0.32,0.43,,0.2,0.21,,0.22,0.23,0.11,0.59,0.28,,0.22,0.2,0.7,0.25,0.35,0.31,0.23,0.48,0.64,0.62,0.2,,0.25,0.41,0.23,0.58,0.17,0.38,0.23,0.27,0.19,0.47,0.16,0.16,0.36,0.6,0.64,0.27,0.66,0.21,0.42,0.23,0.23,0.63,,0.19
"China, Taiwan Province of","Q1 2016",0.19,0.27,0.3,0.35,0.2,0.21,0.37,0.23,0.47,0.41,0.31,0.31,0.23,0.59,0.23,0.31,0.15,0.21,0.38,0.19,0.2,0.2,0.19,0.3,0.28,0.51,0.16,0.44,0.66,0.62,,,,0.52,0.21,0.33,0.18,0.29,0.3,0.34,0.23,0.24,0.29,,0.21,0.35,0.38,0.22,0.43,0.43,0.54,0.21,0.21,0.09,0.21,,0.18,0.33,0.29,0.57,0.21,0.34,0.24,0.22,0.18,0.57,0.32,0.17,0.47,0.09,0.23,0.25,0.3,0.39,,0.24,0.19,0.24,0.25,0.27,0.2,0.54,0.41,0.48,0.23,0.25,0.46,0.57,0.42,0.61,,0.4,0.28,0.21,0.23,0.21,0.41,0.2,0.26,0.25,0.24,0.62,0.21,0.43,0.23,0.23,0.19,0.43,0.23,0.52,0.18,0.18,0.18,0.46,0.26,0.25,0.32,0.17,0.57,,0.36,0.41,0.22,0.34,,0.15,0.25,0.25,0.52,0.48,,0.54,0.32,0.09,0.45,0.38,0.37,0.44,0.25,0.25,0.65,0.08,0.3,0.31,0.53,,0.21,0.23,,0.23,0.3,0.2,0.53,0.28,,0.24,0.22,0.62,0.25,0.42,0.32,0.2,0.48,0.58,0.55,0.29,,0.25,0.38,0.24,0.5,0.17,0.36,0.29,0.37,0.22,0.44,,0.18,0.34,0.54,0.58,0.28,0.61,0.21,0.35,0.3,0.27,0.56,0.18,0.26
"China, Taiwan Province of","Q1 2017",0.2,0.26,0.3,0.35,0.2,0.2,0.37,0.21,0.48,0.41,0.24,0.29,0.24,0.59,0.24,0.3,0.15,0.18,0.37,0.21,0.21,0.21,0.18,0.3,0.29,0.52,0.16,0.45,0.66,0.61,,0.16,,0.51,0.19,0.34,0.17,0.29,0.31,0.35,0.24,0.21,0.29,,0.21,0.35,0.45,0.21,0.46,0.43,0.53,0.23,0.24,0.16,0.22,,0.18,0.34,0.25,0.58,0.2,0.34,0.25,0.21,0.19,0.57,0.32,0.17,0.47,0.08,0.21,0.26,0.31,0.4,,0.23,0.18,0.24,0.25,0.28,0.2,0.55,0.4,0.41,0.29,0.24,0.47,0.57,0.45,0.62,,0.43,0.28,0.28,0.22,0.21,0.4,0.2,0.23,0.23,0.23,0.59,0.21,0.42,0.29,0.25,0.21,0.42,0.21,0.49,0.18,0.18,0.2,0.47,0.24,0.25,0.28,0.16,0.57,,0.37,0.46,0.22,0.32,,0.15,0.3,0.23,0.5,0.4,0.25,0.52,0.32,0.09,0.47,0.39,0.38,0.44,0.25,0.3,0.64,0.08,0.33,0.31,0.48,,0.22,0.22,,0.23,0.29,0.2,0.52,0.28,,0.22,0.21,0.61,0.26,0.36,0.32,0.21,0.46,0.57,0.55,0.27,,0.23,0.38,0.25,0.5,0.17,0.35,0.3,0.27,0.2,0.45,,0.17,0.34,0.53,0.58,0.27,0.6,0.21,0.35,0.31,0.26,0.55,0.17,0.2
"China, Taiwan Province of","Q1 2018",0.18,0.25,0.3,0.33,0.21,0.21,0.37,0.23,0.47,0.42,0.32,0.31,0.24,0.6,0.23,0.31,0.16,0.18,0.38,0.22,0.2,0.21,0.21,0.29,0.28,0.53,0.17,0.46,0.67,0.63,,0.16,,0.52,0.19,0.32,0.17,0.3,0.29,0.35,0.25,0.23,0.28,,0.18,0.35,0.38,0.21,0.48,0.44,0.53,0.24,0.25,0.09,0.22,,0.19,0.34,0.25,0.58,0.21,0.34,0.25,0.21,0.2,0.58,0.31,0.18,0.51,0.08,0.21,0.26,0.29,0.41,,0.23,0.18,0.25,0.24,0.28,0.2,0.56,0.47,0.46,0.39,0.25,0.48,0.58,0.45,0.61,,0.43,0.28,0.28,0.23,0.22,0.46,0.19,0.27,0.26,0.22,0.62,0.21,0.44,0.3,0.26,0.26,0.41,0.21,0.52,0.18,0.17,0.2,0.49,0.25,0.25,0.26,0.16,0.58,,0.36,0.45,0.23,0.32,,0.16,0.28,0.21,0.5,0.42,0.26,0.52,0.32,0.09,0.47,0.4,0.37,0.46,0.25,0.42,0.66,0.15,0.33,0.4,0.49,,0.22,0.23,,0.23,0.29,0.19,0.53,0.3,,0.22,0.23,0.64,0.26,0.36,0.33,0.2,0.46,0.58,0.56,0.24,,0.24,0.37,0.25,0.5,0.17,0.37,0.31,0.28,0.21,0.53,,0.17,0.43,0.55,0.59,0.28,0.6,0.21,0.36,0.3,0.25,0.56,0.17,0.18
"China, Taiwan Province of","Q1 2019",0.19,0.24,0.3,0.32,0.2,0.19,0.36,0.24,0.47,0.35,0.31,0.31,0.24,0.63,0.24,0.38,0.16,0.18,0.37,0.21,0.28,0.21,0.2,0.29,0.32,0.52,0.17,0.45,0.72,0.66,,0.16,,0.5,0.2,0.31,0.17,0.3,0.3,0.34,0.24,0.24,0.28,,0.21,0.4,0.44,0.21,0.46,0.44,0.56,0.23,0.25,0.18,0.23,,0.19,0.33,0.26,0.62,0.21,0.33,0.25,0.19,0.2,0.61,0.38,0.17,0.54,0.08,0.21,0.26,0.29,0.4,,0.24,0.18,0.24,0.24,0.27,0.2,0.54,0.47,0.36,0.39,0.26,0.47,0.59,0.45,0.62,,0.44,0.32,0.16,0.25,0.23,0.41,0.21,0.26,0.3,0.22,0.65,0.21,0.46,0.2,0.25,0.21,0.36,0.2,0.51,0.2,0.17,0.2,0.52,0.24,0.23,0.34,0.17,0.62,,0.34,0.44,0.21,0.32,,0.15,0.27,0.23,0.55,0.4,0.25,0.51,0.32,0.09,0.46,0.41,0.43,0.51,0.25,0.45,0.7,0.08,0.29,0.33,0.48,,0.22,0.22,,0.22,0.3,0.2,0.54,0.27,,0.23,0.2,0.68,0.25,0.34,0.32,0.21,0.48,0.62,0.61,0.21,,0.24,0.42,0.24,0.53,0.17,0.44,0.3,0.28,0.2,0.52,0.16,0.16,0.36,0.58,0.63,0.32,0.63,0.2,0.35,0.3,0.26,0.58,0.16,0.18
"China, Taiwan Province of","Q1 2020",0.21,0.26,0.3,0.35,0.2,0.2,0.36,0.23,0.46,0.37,0.22,0.31,0.23,0.62,0.23,0.37,0.16,0.18,0.38,0.21,0.28,0.21,0.17,0.3,0.27,0.53,0.17,0.45,0.71,0.66,,0.16,,0.51,0.21,0.34,0.18,0.33,0.31,0.35,0.22,0.23,0.28,,0.2,0.4,0.44,0.22,0.46,0.46,0.55,0.22,0.25,0.17,0.23,,0.19,0.33,0.25,0.62,0.21,0.28,0.26,0.19,0.2,0.6,0.45,0.18,0.54,0.08,0.22,0.29,0.3,0.4,,0.24,0.17,0.24,0.24,0.25,0.2,0.54,0.5,0.33,0.42,0.24,0.48,0.6,0.45,0.63,,0.43,0.29,0.28,0.24,0.23,0.41,0.21,0.27,0.25,0.23,0.66,0.21,0.46,0.3,0.28,0.2,0.37,0.21,0.52,0.21,0.19,0.2,0.52,0.27,0.31,0.34,0.16,0.62,,0.34,0.43,0.21,0.32,,0.15,0.28,0.22,0.54,0.42,0.25,0.52,0.32,0.09,0.46,0.38,0.43,0.44,0.25,0.44,0.7,0.08,0.32,0.33,0.44,,0.21,0.21,,0.22,0.3,0.11,0.56,0.28,,0.23,0.2,0.68,0.26,0.36,0.31,0.23,0.48,0.62,0.6,0.21,,0.24,0.41,0.24,0.53,0.17,0.44,0.22,0.28,0.2,0.53,0.16,0.16,0.35,0.59,0.63,0.28,0.63,0.2,0.35,0.3,0.25,0.55,0.16,0.2
"China, Taiwan Province of","Q1 2021",0.19,0.26,0.31,0.32,0.2,0.2,0.36,0.24,0.48,0.38,0.31,0.33,0.24,0.65,0.22,0.38,0.16,0.18,0.38,0.21,0.27,0.21,0.17,0.3,0.3,0.52,0.16,0.45,0.75,0.69,,0.16,,0.52,0.2,0.32,0.18,0.33,0.3,0.35,0.23,0.24,0.28,,0.2,0.4,0.44,0.22,0.47,0.46,0.59,0.22,0.25,0.19,0.22,,0.2,0.33,0.26,0.65,0.21,0.28,0.25,0.19,0.2,0.63,0.47,0.18,0.56,0.11,0.22,0.31,0.29,0.42,,0.21,0.17,0.24,0.23,0.25,0.21,0.56,0.4,0.32,0.44,0.25,0.48,0.63,0.46,0.66,,0.44,0.29,0.28,0.23,0.22,0.42,0.2,0.26,0.25,0.2,0.69,0.2,0.49,0.31,0.3,0.21,0.35,0.2,0.52,0.28,0.19,0.2,0.55,0.29,0.31,0.34,,0.65,,0.34,0.44,0.24,0.39,0.17,0.15,0.27,0.23,0.57,0.51,0.25,0.52,0.33,0.09,0.45,0.35,0.45,0.48,0.25,0.47,0.72,0.08,0.31,0.33,0.44,,0.21,0.21,,0.22,0.31,0.18,0.6,0.29,,0.22,0.2,0.71,0.26,0.36,0.32,0.24,0.49,0.65,0.63,0.2,,0.25,0.41,0.24,0.58,0.18,0.45,0.31,0.28,0.19,0.55,0.16,0.16,0.36,0.62,0.66,0.28,0.68,0.22,0.35,0.31,0.23,0.62,,0.19
"Christmas Island","Q1 2016",,,,,,,,,,,,,,,,,,,,,,,,,,,,,,,,,,,,,,,,,,,,,,,,,,,,,,,,,,,,,,,,,,,,,,,,,,,,,,,,,,,,,,,,,,,,,,,,,,,,,,,,,,,,,,,,,,,,,,,,,,,,,,,,,,,,,,,,,,,,,,,,,,,,,,,,,,,,,,,,,,,,,,,,,,,,,,,,,,,,,,,,,,,,,,,
"Christmas Island","Q1 2017",0.07,0.08,0.15,0.15,0.08,0.08,0.15,0.08,0.22,0.15,0.08,0.14,0.08,0.17,0.08,0.15,0.07,0.07,0.15,0.08,0.14,0.08,0.07,0.15,0.15,0.16,0.07,0.08,0.17,0.16,0.16,,,0.16,0.07,0.15,0.07,0.08,0.15,0.15,0.08,0.08,0.08,,0.08,0.15,0.16,0.08,0.16,0.08,0.16,0.08,0.08,0.07,0.08,,0.07,0.15,0.08,0.17,0.08,0.15,0.08,0.08,0.08,0.17,0.15,0.07,0.15,0.07,0.08,0.08,0.08,0.09,,0.08,0.07,0.08,0.08,0.08,0.08,0.16,0.15,0.15,0.08,0.08,0.15,0.17,0.16,0.16,,0.15,0.15,0.08,0.08,0.08,0.15,0.08,0.08,0.08,0.15,0.16,0.15,0.16,0.08,0.08,0.08,0.15,0.08,0.16,0.07,0.07,0.08,0.16,0.15,0.15,0.15,0.07,0.16,,0.16,0.16,0.08,0.15,,0.07,0.08,0.08,0.16,0.16,0.07,0.16,0.15,0.07,0.08,0.15,0.15,0.16,0.08,0.08,0.17,0,0.15,0.08,0.16,,0.08,0.08,,0.08,0.15,0.08,0.16,0.08,,0.15,0.08,0.23,0.08,0.15,0.15,0.08,0.16,0.17,0.16,0.15,,0.08,0.15,0.08,0.22,0.14,0.15,0.15,0.08,0.08,0.16,,0.07,0.08,0.16,0.17,0.15,0.17,0.08,0.15,0.15,0.08,0.16,0.07,0.07
"Christmas Island","Q1 2018",0.07,0.08,0.15,0.15,0.08,0.08,0.15,0.08,0.22,0.15,0.15,0.15,0.08,0.17,0.08,0.15,0.07,0.07,0.15,0.08,0.14,0.08,0.08,0.15,0.15,0.16,0.07,0.08,0.17,0.16,0.16,,,0.16,0.07,0.15,0.07,0.08,0.15,0.15,0.08,0.08,0.08,,0.07,0.15,0.15,0.08,0.16,0.08,0.16,0.08,0.08,0.07,0.08,,0.07,0.15,0.08,0.17,0.08,0.15,0.08,0.08,0.08,0.17,0.15,0.07,0.16,0.07,0.08,0.08,0.08,0.08,,0.08,0.07,0.08,0.08,0.08,0.08,0.16,0.15,0.15,0.08,0.08,0.15,0.17,0.16,0.16,,0.15,0.15,0.08,0.08,0.08,0.15,0.08,0.08,0.08,0.15,0.17,0.15,0.16,0.08,0.08,0.15,0.15,0.08,0.16,0.07,0.07,0.08,0.16,0.15,0.15,0.15,0.07,0.17,,0.15,0.16,0.08,0.15,,0.14,0.08,0.08,0.16,0.16,0.07,0.16,0.15,0.07,0.15,0.15,0.15,0.16,0.08,0.15,0.17,0.07,0.15,0.15,0.16,,0.08,0.08,,0.08,0.15,0.07,0.16,0.15,,0.15,0.08,0.23,0.08,0.15,0.15,0.07,0.15,0.17,0.16,0.15,,0.08,0.15,0.08,0.22,0.14,0.15,0.15,0.08,0.08,0.16,,0.07,0.15,0.16,0.17,0.15,0.17,0.08,0.15,0.15,0.08,0.16,0.07,0.07
"Christmas Island","Q1 2019",0.08,0.08,0.15,0.15,0.08,0.08,0.15,0.08,0.22,0.15,0.15,0.15,0.08,0.17,0.08,0.15,0.07,0.07,0.15,0.08,0.14,0.08,0.08,0.15,0.15,0.16,0.07,0.08,0.17,0.16,0.16,,,0.16,0.08,0.15,0.07,0.08,0.15,0.15,0.08,0.08,0.08,,0.08,0.15,0.15,0.08,0.16,0.08,0.16,0.08,0.08,0.07,0.08,,0.07,0.15,0.08,0.17,0.08,0.15,0.08,0.07,0.07,0.16,0.15,0.07,0.16,0.07,0.08,0.08,0.08,0.08,,0.08,0.07,0.08,0.08,0.08,0.08,0.16,0.15,0.15,0.15,0.08,0.15,0.17,0.16,0.16,,0.15,0.15,0.07,0.14,0.08,0.15,0.08,0.08,0.15,0.15,0.16,0.15,0.16,0.08,0.08,0.08,0.15,0.08,0.16,0.08,0.07,0.08,0.16,0.15,0.15,0.15,0.14,0.17,,0.15,0.16,0.07,0.15,,0.07,0.08,0.08,0.16,0.16,0.07,0.16,0.15,0.07,0.15,0.15,0.15,0.16,0.08,0.15,0.17,0.07,0.15,0.15,0.16,,0.08,0.08,,0.08,0.15,0.08,0.16,0.08,,0.15,0.08,0.23,0.08,0.15,0.15,0.08,0.15,0.17,0.16,0.07,,0.08,0.15,0.08,0.22,0.14,0.15,0.15,0.08,0.08,0.16,0.07,0.07,0.15,0.16,0.17,0.15,0.17,0.08,0.15,0.15,0.08,0.16,0.07,0.07
"Christmas Island","Q1 2020",0.08,0.08,0.15,0.15,0.08,0.08,0.15,0.08,0.22,0.16,0.07,0.15,0.08,0.17,0.08,0.15,0.07,0.07,0.15,0.08,0.14,0.08,0.07,0.15,0.08,0.16,0.07,0.08,0.17,0.16,0.16,,,0.16,0.08,0.15,0.07,0.08,0.15,0.15,0.08,0.08,0.08,,0.08,0.15,0.15,0.08,0.16,0.08,0.16,0.08,0.08,0.07,0.08,,0.07,0.15,0.08,0.16,0.08,0.15,0.08,0.07,0.07,0.16,0.15,0.07,0.16,0.07,0.08,0.08,0.08,0.08,,0.08,0.07,0.08,0.08,0.08,0.08,0.16,0.15,0.08,0.15,0.08,0.15,0.17,0.16,0.16,,0.15,0.15,0.08,0.14,0.08,0.15,0.08,0.08,0.08,0.15,0.16,0.14,0.15,0.08,0.08,0.08,0.15,0.08,0.16,0.08,0.07,0.08,0.16,0.15,0.15,0.15,0.07,0.17,,0.15,0.16,0.07,0.15,,0.07,0.08,0.08,0.16,0.16,0.07,0.16,0.15,0.07,0.15,0.15,0.15,0.16,0.08,0.15,0.17,0.07,0.15,0.15,0.16,,0.08,0.08,,0.08,0.15,0.07,0.16,0.08,,0.15,0.08,0.23,0.08,0.15,0.15,0.08,0.15,0.17,0.16,0.07,,0.08,0.15,0.08,0.22,0.14,0.15,0.15,0.08,0.08,0.16,0.07,0.07,0.15,0.16,0.17,0.15,0.17,0.08,0.15,0.15,0.08,0.15,0.07,0.07
"Christmas Island","Q1 2021",0.08,0.08,0.15,0.15,0.08,0.08,0.15,0.08,0.22,0.15,0.14,0.15,0.08,0.17,0.08,0.15,0.07,0.07,0.15,0.08,0.14,0.08,0.07,0.15,0.15,0.16,0.07,0.08,0.17,0.16,0.16,,,0.16,0.08,0.15,0.07,0.08,0.15,0.15,0.08,0.08,0.08,,0.08,0.15,0.15,0.08,0.16,0.08,0.16,0.08,0.08,0.07,0.08,,0.07,0.15,0.08,0.17,0.08,0.15,0.08,0.07,0.07,0.16,0.15,0.07,0.16,0.07,0.08,0.08,0.08,0.08,,0.08,0.07,0.08,0.08,0.08,0.08,0.16,0.15,0.14,0.15,0.08,0.15,0.16,0.16,0.16,,0.15,0.15,0.08,0.08,0.08,0.15,0.07,0.08,0.08,0.08,0.16,0.14,0.16,0.08,0.08,0.08,0.15,0.08,0.16,0.08,0.07,0.08,0.16,0.15,0.15,0.15,,0.17,,0.15,0.16,0.08,0.15,0.07,0.07,0.08,0.08,0.16,0.16,0.07,0.16,0.15,0.07,0.08,0.15,0.15,0.16,0.08,0.15,0.17,0.07,0.15,0.15,0.16,,0.08,0.08,,0.08,0.15,0.07,0.16,0.08,,0.15,0.08,0.23,0.08,0.15,0.15,0.08,0.15,0.17,0.16,0.07,,0.08,0.15,0.08,0.22,0.14,0.15,0.15,0.08,0.07,0.16,0.07,0.07,0.15,0.16,0.17,0.15,0.17,0.08,0.15,0.15,0.08,0.16,,0.07
"Cocos (Keeling) Islands","Q1 2016",,,,,,,,,,,,,,,,,,,,,,,,,,,,,,,,,,,,,,,,,,,,,,,,,,,,,,,,,,,,,,,,,,,,,,,,,,,,,,,,,,,,,,,,,,,,,,,,,,,,,,,,,,,,,,,,,,,,,,,,,,,,,,,,,,,,,,,,,,,,,,,,,,,,,,,,,,,,,,,,,,,,,,,,,,,,,,,,,,,,,,,,,,,,,,,
"Cocos (Keeling) Islands","Q1 2017",,,,,,,,,,,,,,,,,,,,,,,,,,,,,,,,,,,,,,,,,,,,,,,,,,,,,,,,,,,,,,,,,,,,,,,,,,,,,,,,,,,,,,,,,,,,,,,,,,,,,,,,,,,,,,,,,,,,,,,,,,,,,,,,,,,,,,,,,,,,,,,,,,,,,,,,,,,,,,,,,,,,,,,,,,,,,,,,,,,,,,,,,,,,,,,
"Cocos (Keeling) Islands","Q1 2018",,,,,,,,,,,,,,,,,,,,,,,,,,,,,,,,,,,,,,,,,,,,,,,,,,,,,,,,,,,,,,,,,,,,,,,,,,,,,,,,,,,,,,,,,,,,,,,,,,,,,,,,,,,,,,,,,,,,,,,,,,,,,,,,,,,,,,,,,,,,,,,,,,,,,,,,,,,,,,,,,,,,,,,,,,,,,,,,,,,,,,,,,,,,,,,
"Cocos (Keeling) Islands","Q1 2019",,,,,,,,,,,,,,,,,,,,,,,,,,,,,,,,,,,,,,,,,,,,,,,,,,,,,,,,,,,,,,,,,,,,,,,,,,,,,,,,,,,,,,,,,,,,,,,,,,,,,,,,,,,,,,,,,,,,,,,,,,,,,,,,,,,,,,,,,,,,,,,,,,,,,,,,,,,,,,,,,,,,,,,,,,,,,,,,,,,,,,,,,,,,,,,
"Cocos (Keeling) Islands","Q1 2020",,,,,,,,,,,,,,,,,,,,,,,,,,,,,,,,,,,,,,,,,,,,,,,,,,,,,,,,,,,,,,,,,,,,,,,,,,,,,,,,,,,,,,,,,,,,,,,,,,,,,,,,,,,,,,,,,,,,,,,,,,,,,,,,,,,,,,,,,,,,,,,,,,,,,,,,,,,,,,,,,,,,,,,,,,,,,,,,,,,,,,,,,,,,,,,
"Cocos (Keeling) Islands","Q1 2021",,,,,,,,,,,,,,,,,,,,,,,,,,,,,,,,,,,,,,,,,,,,,,,,,,,,,,,,,,,,,,,,,,,,,,,,,,,,,,,,,,,,,,,,,,,,,,,,,,,,,,,,,,,,,,,,,,,,,,,,,,,,,,,,,,,,,,,,,,,,,,,,,,,,,,,,,,,,,,,,,,,,,,,,,,,,,,,,,,,,,,,,,,,,,,,
"Colombia","Q1 2016",0.19,0.34,0.22,0.34,0.2,0.21,0.43,0.31,0.44,0.34,0.29,0.23,0.24,0.58,0.23,0.3,0.15,0.28,0.45,0.18,0.2,0.2,0.19,0.22,0.28,0.49,0.17,0.44,0.56,0.54,0.52,,,,0.2,0.32,0.17,0.38,0.3,0.33,0.3,0.32,0.29,,0.21,0.35,0.37,0.22,0.46,0.45,0.52,0.22,0.21,0.09,0.21,,0.18,0.25,0.29,0.56,0.21,0.33,0.24,0.22,0.19,0.55,0.31,0.17,0.39,0.09,0.25,0.33,0.23,0.41,,0.24,0.19,0.26,0.32,0.33,0.2,0.42,0.31,0.38,0.15,0.25,0.38,0.56,0.44,0.53,,0.33,0.26,0.2,0.22,0.21,0.46,0.2,0.26,0.25,0.23,0.54,0.2,0.47,0.21,0.3,0.19,0.42,0.22,0.54,0.17,0.18,0.18,0.52,0.24,0.23,0.32,0.16,0.56,,0.34,0.39,0.28,0.33,,0.15,0.18,0.25,0.43,0.39,,0.57,0.23,0.15,0.45,0.3,0.36,0.5,0.32,0.24,0.56,0.08,0.28,0.32,0.52,,0.21,0.25,,0.25,0.22,0.2,0.44,0.28,,0.22,0.22,0.48,0.25,0.35,0.24,0.13,0.47,0.57,0.43,0.27,,0.33,0.37,0.24,0.39,0.17,0.35,0.21,0.39,0.22,0.49,,0.17,0.4,0.45,0.57,0.26,0.59,0.21,0.42,0.22,0.35,0.42,0.17,0.24
"Colombia","Q1 2017",0.2,0.34,0.23,0.35,0.29,0.21,0.43,0.29,0.45,0.42,0.24,0.22,0.34,0.58,0.32,0.29,0.16,0.25,0.45,0.3,0.2,0.22,0.18,0.23,0.29,0.5,0.17,0.47,0.56,0.52,0.51,0.16,,,0.19,0.33,0.17,0.38,0.31,0.35,0.32,0.29,0.29,,0.21,0.34,0.37,0.29,0.52,0.45,0.51,0.31,0.25,0.09,0.23,,0.19,0.25,0.25,0.57,0.22,0.34,0.26,0.22,0.2,0.55,0.31,0.18,0.4,0.08,0.31,0.36,0.23,0.44,,0.25,0.18,0.33,0.34,0.37,0.2,0.44,0.31,0.34,0.28,0.25,0.4,0.56,0.49,0.51,,0.35,0.27,0.2,0.15,0.21,0.46,0.2,0.24,0.24,0.22,0.46,0.2,0.48,0.21,0.34,0.21,0.35,0.21,0.53,0.18,0.18,0.28,0.53,0.24,0.23,0.28,0.09,0.58,,0.34,0.45,0.29,0.32,,0.15,0.22,0.23,0.41,0.37,0.18,0.56,0.24,0.16,0.48,0.3,0.37,0.5,0.34,0.29,0.54,0.08,0.32,0.32,0.47,,0.31,0.25,,0.33,0.22,0.2,0.43,0.29,,0.21,0.22,0.54,0.36,0.36,0.24,0.14,0.4,0.57,0.42,0.26,,0.32,0.38,0.26,0.38,0.17,0.35,0.23,0.37,0.21,0.5,,0.1,0.4,0.43,0.59,0.26,0.61,0.23,0.42,0.23,0.37,0.4,0.1,0.13
"Colombia","Q1 2018",0.18,0.25,0.22,0.33,0.29,0.22,0.44,0.31,0.43,0.35,0.3,0.24,0.34,0.57,0.31,0.3,0.15,0.25,0.46,0.3,0.19,0.21,0.21,0.22,0.28,0.52,0.17,0.47,0.55,0.52,0.52,0.16,,,0.19,0.32,0.17,0.39,0.29,0.34,0.32,0.31,0.27,,0.11,0.34,0.36,0.29,0.53,0.46,0.43,0.32,0.25,0.09,0.22,,0.18,0.26,0.25,0.57,0.23,0.33,0.25,0.21,0.2,0.54,0.3,0.18,0.42,0.08,0.3,0.36,0.22,0.43,,0.24,0.19,0.34,0.31,0.36,0.2,0.43,0.36,0.38,0.31,0.26,0.39,0.55,0.49,0.5,,0.35,0.25,0.2,0.15,0.22,0.38,0.19,0.26,0.26,0.21,0.46,0.2,0.48,0.22,0.35,0.25,0.33,0.2,0.53,0.17,0.17,0.28,0.53,0.24,0.24,0.26,0.09,0.58,,0.33,0.43,0.29,0.31,,0.16,0.2,0.21,0.4,0.38,0.18,0.55,0.24,0.16,0.48,0.31,0.36,0.5,0.33,0.34,0.54,0.08,0.31,0.32,0.47,,0.31,0.32,,0.32,0.22,0.19,0.42,0.3,,0.21,0.23,0.54,0.36,0.34,0.24,0.13,0.39,0.57,0.42,0.23,,0.33,0.36,0.24,0.38,0.17,0.36,0.23,0.37,0.21,0.5,,0.1,0.41,0.43,0.57,0.26,0.61,0.23,0.43,0.22,0.35,0.41,0.1,0.11
"Colombia","Q1 2019",0.19,0.24,0.22,0.31,0.28,0.21,0.43,0.31,0.43,0.34,0.3,0.24,0.33,0.55,0.31,0.3,0.15,0.18,0.45,0.29,0.21,0.21,0.2,0.22,0.31,0.49,0.17,0.47,0.54,0.5,0.5,0.16,,,0.2,0.3,0.17,0.38,0.29,0.33,0.31,0.31,0.28,,0.21,0.34,0.36,0.3,0.52,0.45,0.42,0.3,0.25,0.1,0.23,,0.18,0.25,0.25,0.54,0.22,0.31,0.25,0.2,0.2,0.52,0.3,0.17,0.41,0.08,0.3,0.36,0.21,0.42,,0.24,0.18,0.33,0.32,0.35,0.2,0.41,0.35,0.28,0.3,0.26,0.39,0.53,0.49,0.48,,0.35,0.3,0.09,0.23,0.23,0.37,0.21,0.25,0.3,0.21,0.44,0.2,0.48,0.19,0.33,0.22,0.34,0.2,0.52,0.19,0.17,0.28,0.51,0.23,0.21,0.26,0.16,0.57,,0.32,0.42,0.28,0.31,,0.15,0.2,0.23,0.4,0.36,0.18,0.53,0.24,0.16,0.48,0.3,0.37,0.5,0.33,0.37,0.53,0.08,0.27,0.32,0.47,,0.31,0.3,,0.3,0.23,0.2,0.41,0.27,,0.22,0.2,0.53,0.35,0.33,0.24,0.14,0.39,0.56,0.41,0.14,,0.33,0.35,0.24,0.39,0.17,0.35,0.23,0.37,0.21,0.48,0.15,0.09,0.41,0.42,0.57,0.3,0.6,0.22,0.41,0.22,0.35,0.39,0.09,0.11
"Colombia","Q1 2020",0.2,0.26,0.22,0.34,0.28,0.22,0.42,0.3,0.43,0.42,0.14,0.24,0.32,0.56,0.3,0.29,0.16,0.18,0.45,0.3,0.21,0.21,0.17,0.22,0.26,0.51,0.17,0.45,0.55,0.52,0.51,0.16,,,0.2,0.33,0.17,0.41,0.3,0.33,0.23,0.3,0.28,,0.2,0.35,0.36,0.31,0.52,0.47,0.43,0.3,0.24,0.11,0.23,,0.18,0.24,0.25,0.55,0.22,0.26,0.26,0.19,0.2,0.53,0.37,0.18,0.48,0.08,0.31,0.39,0.22,0.41,,0.24,0.17,0.32,0.32,0.32,0.2,0.42,0.38,0.25,0.33,0.24,0.39,0.53,0.49,0.49,,0.35,0.26,0.2,0.23,0.23,0.38,0.21,0.26,0.25,0.22,0.45,0.2,0.47,0.21,0.37,0.2,0.35,0.21,0.53,0.19,0.19,0.28,0.51,0.25,0.23,0.26,0.09,0.57,,0.25,0.41,0.28,0.31,,0.15,0.2,0.23,0.41,0.39,0.18,0.54,0.24,0.16,0.47,0.28,0.44,0.42,0.32,0.36,0.54,0.08,0.3,0.32,0.42,,0.3,0.29,,0.31,0.22,0.11,0.43,0.27,,0.22,0.2,0.53,0.35,0.35,0.23,0.15,0.4,0.55,0.42,0.14,,0.33,0.36,0.23,0.4,0.17,0.36,0.21,0.37,0.2,0.49,0.16,0.09,0.4,0.43,0.58,0.26,0.6,0.22,0.42,0.22,0.34,0.39,0.09,0.13
"Colombia","Q1 2021",0.19,0.26,0.23,0.31,0.28,0.22,0.43,0.31,0.45,0.44,0.3,0.25,0.33,0.56,0.29,0.3,0.16,0.18,0.45,0.29,0.2,0.21,0.17,0.23,0.29,0.51,0.16,0.45,0.56,0.52,0.52,0.16,,,0.13,0.3,0.17,0.42,0.29,0.33,0.3,0.31,0.27,,0.19,0.35,0.35,0.31,0.52,0.47,0.42,0.29,0.24,0.12,0.22,,0.2,0.24,0.25,0.55,0.22,0.26,0.24,0.19,0.2,0.53,0.38,0.18,0.48,0.11,0.31,0.4,0.22,0.44,,0.2,0.17,0.32,0.3,0.33,0.21,0.43,0.31,0.3,0.35,0.25,0.4,0.53,0.49,0.5,,0.36,0.26,0.2,0.15,0.22,0.38,0.19,0.25,0.25,0.13,0.46,0.2,0.47,0.22,0.39,0.21,0.32,0.13,0.54,0.2,0.19,0.28,0.51,0.27,0.23,0.26,,0.58,,0.26,0.42,0.32,0.3,0.17,0.15,0.2,0.23,0.4,0.41,0.18,0.55,0.24,0.16,0.46,0.27,0.45,0.43,0.32,0.38,0.55,0.08,0.3,0.32,0.42,,0.29,0.29,,0.31,0.23,0.11,0.43,0.28,,0.21,0.2,0.54,0.35,0.34,0.23,0.15,0.4,0.57,0.43,0.13,,0.32,0.36,0.24,0.41,0.17,0.36,0.23,0.37,0.19,0.49,0.16,0.09,0.41,0.44,0.58,0.26,0.61,0.24,0.42,0.22,0.32,0.41,,0.12
"Comoros","Q1 2016",0.1,0.18,0.1,0.2,0.1,0.17,0.19,0.11,0.2,0.2,0.18,0.17,0.18,0.29,0.11,0.2,0.08,0.11,0.19,0.09,0.1,0.1,0.1,0.11,0.19,0.2,0.08,0.19,0.22,0.21,0.21,,,0.2,,0.19,0.09,0.19,0.19,0.11,0.11,0.11,0.18,,0.17,0.18,0.2,0.17,0.2,0.19,0.21,0.1,0.17,0.08,0.17,,0.09,0.11,0.18,0.29,0.17,0.18,0.19,0.18,0.1,0.22,0.2,0.08,0.19,0.08,0.18,0.19,0.11,0.19,,0.18,0.1,0.18,0.11,0.18,0.1,0.22,0.18,0.2,0.17,0.18,0.2,0.22,0.2,0.21,,0.19,0.2,0.1,0.17,0.17,0.2,0.1,0.19,0.18,0.26,0.23,0.17,0.2,0.1,0.18,0.17,0.27,0.26,0.21,0.09,0.09,0.09,0.21,0.27,0.1,0.19,0.08,0.22,,0.19,0.19,0.1,0.2,,0.07,0.09,0.18,0.22,0.28,,0.21,0.11,0.07,0.19,0.11,0.18,0.2,0.18,0.18,0.22,0.07,0.27,0.18,0.21,,0.1,0.18,,0.18,0.1,0.17,0.21,0.18,,0.26,0.18,0.23,0.19,0.11,0.11,0.17,0.28,0.23,0.21,0.18,,0.18,0.18,0.17,0.2,0.09,0.2,0.1,0.19,0.17,0.2,,0.09,0.19,0.29,0.22,0.27,0.22,0.1,0.19,0.11,0.18,0.2,0.09,0.18
"Comoros","Q1 2017",0.09,0.17,0.1,0.18,0.1,0.09,0.18,0.1,0.18,0.18,0.17,0.1,0.17,0.27,0.1,0.18,0.07,0.09,0.18,0.1,0.09,0.1,0.09,0.1,0.18,0.19,0.08,0.18,0.2,0.19,0.19,0.07,,0.19,,0.18,0.08,0.18,0.18,0.1,0.1,0.1,0.17,,0.16,0.17,0.18,0.1,0.19,0.18,0.19,0.1,0.17,0.08,0.17,,0.09,0.1,0.17,0.27,0.17,0.17,0.17,0.17,0.09,0.2,0.18,0.08,0.18,0.08,0.1,0.18,0.1,0.18,,0.17,0.09,0.17,0.1,0.17,0.09,0.19,0.17,0.18,0.17,0.17,0.18,0.2,0.18,0.19,,0.17,0.18,0.1,0.16,0.16,0.18,0.09,0.16,0.17,0.24,0.2,0.09,0.19,0.1,0.17,0.17,0.19,0.24,0.18,0.08,0.09,0.09,0.19,0.24,0.1,0.17,0.01,0.2,,0.18,0.18,0.1,0.18,,0.07,0.1,0.16,0.19,0.25,0.09,0.19,0.1,0.07,0.18,0.1,0.18,0.18,0.17,0.17,0.2,0,0.18,0.1,0.19,,0.1,0.17,,0.17,0.1,0.17,0.19,0.17,,0.17,0.17,0.2,0.18,0.1,0.1,0.17,0.19,0.2,0.19,0.16,,0.17,0.17,0.17,0.18,0.08,0.18,0.1,0.18,0.09,0.19,,0.01,0.1,0.26,0.2,0.18,0.2,0.1,0.17,0.1,0.18,0.18,0.01,0.09
"Comoros","Q1 2018",0.09,0.17,0.1,0.18,0.1,0.09,0.18,0.17,0.18,0.18,0.17,0.1,0.17,0.27,0.1,0.18,0.07,0.09,0.18,0.1,0.09,0.1,0.17,0.1,0.17,0.19,0.08,0.18,0.2,0.19,0.19,0.07,,0.19,,0.18,0.08,0.18,0.18,0.1,0.1,0.17,0.17,,0.08,0.1,0.18,0.1,0.19,0.18,0.19,0.1,0.17,0.08,0.17,,0.09,0.1,0.17,0.27,0.17,0.17,0.17,0.17,0.09,0.2,0.18,0.08,0.19,0.01,0.1,0.18,0.1,0.18,,0.17,0.09,0.17,0.1,0.17,0.09,0.19,0.17,0.18,0.17,0.17,0.18,0.2,0.18,0.19,,0.18,0.18,0.1,0.16,0.17,0.18,0.09,0.17,0.17,0.24,0.2,0.09,0.19,0.1,0.18,0.17,0.18,0.24,0.19,0.08,0.08,0.09,0.2,0.24,0.1,0.17,0.01,0.2,,0.18,0.18,0.1,0.18,,0.07,0.1,0.16,0.19,0.25,0.09,0.19,0.1,0.07,0.18,0.1,0.18,0.19,0.17,0.17,0.2,0.07,0.18,0.17,0.19,,0.1,0.17,,0.17,0.1,0.16,0.19,0.18,,0.17,0.17,0.2,0.18,0.1,0.1,0.16,0.19,0.2,0.19,0.16,,0.17,0.18,0.17,0.18,0.08,0.18,0.1,0.18,0.09,0.19,,0.01,0.18,0.26,0.2,0.18,0.2,0.1,0.18,0.1,0.17,0.18,0.01,0.09
"Comoros","Q1 2019",0.09,0.18,0.11,0.19,0.1,0.1,0.19,0.11,0.2,0.19,0.18,0.1,0.11,0.29,0.17,0.19,0.08,0.09,0.19,0.1,0.1,0.1,0.17,0.1,0.19,0.2,0.08,0.19,0.22,0.21,0.2,0.08,,0.2,,0.19,0.08,0.19,0.18,0.11,0.11,0.11,0.18,,0.17,0.18,0.2,0.1,0.2,0.19,0.21,0.1,0.18,0.09,0.1,,0.09,0.11,0.18,0.29,0.17,0.18,0.18,0.1,0.1,0.21,0.19,0.08,0.2,0.08,0.1,0.19,0.1,0.19,,0.18,0.09,0.18,0.11,0.18,0.1,0.21,0.18,0.19,0.18,0.18,0.19,0.22,0.19,0.2,,0.19,0.26,0.01,0.17,0.17,0.19,0.1,0.18,0.18,0.25,0.22,0.17,0.2,0.09,0.18,0.18,0.27,0.25,0.2,0.09,0.09,0.1,0.21,0.25,0.1,0.18,0.08,0.22,,0.18,0.19,0.1,0.19,,0.07,0.1,0.17,0.21,0.27,0.09,0.2,0.11,0.08,0.19,0.18,0.19,0.2,0.18,0.19,0.21,0.07,0.26,0.18,0.2,,0.11,0.1,,0.11,0.11,0.17,0.21,0.18,,0.26,0.1,0.23,0.18,0.11,0.11,0.18,0.21,0.22,0.21,0.17,,0.18,0.18,0.18,0.2,0.09,0.19,0.11,0.19,0.1,0.21,0.08,0.01,0.18,0.28,0.22,0.26,0.22,0.1,0.18,0.11,0.18,0.19,0.01,0.09
"Comoros","Q1 2020",0.1,0.18,0.11,0.19,0.1,0.1,0.19,0.18,0.2,0.2,0.17,0.11,0.11,0.29,0.18,0.19,0.08,0.09,0.19,0.1,0.1,0.1,0.09,0.11,0.19,0.2,0.08,0.19,0.22,0.21,0.21,0.08,,0.2,,0.19,0.09,0.19,0.19,0.11,0.11,0.18,0.18,,0.17,0.18,0.2,0.11,0.2,0.19,0.22,0.11,0.18,0.09,0.18,,0.09,0.12,0.18,0.29,0.17,0.18,0.19,0.1,0.1,0.22,0.2,0.09,0.2,0.08,0.11,0.19,0.11,0.19,,0.18,0.09,0.18,0.11,0.11,0.1,0.22,0.19,0.19,0.18,0.18,0.2,0.22,0.2,0.2,,0.19,0.26,0.1,0.18,0.18,0.19,0.1,0.19,0.18,0.26,0.23,0.17,0.2,0.1,0.19,0.17,0.27,0.26,0.2,0.09,0.1,0.1,0.21,0.26,0.11,0.18,0.01,0.22,,0.19,0.19,0.1,0.2,,0.07,0.1,0.17,0.21,0.27,0.09,0.2,0.11,0.08,0.19,0.11,0.19,0.2,0.18,0.19,0.22,0.07,0.27,0.18,0.2,,0.1,0.1,,0.11,0.11,0.1,0.21,0.18,,0.26,0.1,0.23,0.19,0.11,0.11,0.19,0.21,0.23,0.22,0.17,,0.18,0.19,0.18,0.19,0.09,0.19,0.1,0.19,0.16,0.21,0.08,0.01,0.19,0.29,0.22,0.26,0.22,0.1,0.19,0.11,0.19,0.19,0.01,0.17
"Comoros","Q1 2021",0.09,0.11,0.1,0.11,0.09,0.1,0.11,0.11,0.19,0.19,0.17,0.1,0.1,0.21,0.1,0.18,0.08,0.09,0.12,0.1,0.1,0.1,0.09,0.1,0.18,0.19,0.08,0.11,0.21,0.2,0.2,0.08,,0.13,,0.18,0.02,0.11,0.11,0.11,0.1,0.11,0.11,,0.09,0.11,0.19,0.1,0.12,0.11,0.2,0.1,0.11,0.09,0.1,,0.1,0.11,0.11,0.2,0.1,0.11,0.11,0.1,0.1,0.2,0.19,0.08,0.19,0.03,0.1,0.12,0.1,0.11,,0.1,0.09,0.1,0.1,0.1,0.1,0.2,0.11,0.17,0.18,0.11,0.19,0.2,0.12,0.19,,0.18,0.19,0.1,0.17,0.1,0.18,0.1,0.18,0.1,0.24,0.21,0.17,0.19,0.1,0.11,0.1,0.25,0.25,0.19,0.09,0.09,0.09,0.2,0.26,0.1,0.18,,0.21,,0.11,0.11,0.1,0.18,0.01,0,0.1,0.1,0.2,0.26,0.08,0.12,0.11,0.01,0.11,0.1,0.11,0.19,0.11,0.18,0.2,0,0.25,0.11,0.19,,0.1,0.1,,0.1,0.1,0.09,0.2,0.11,,0.25,0.1,0.21,0.11,0.11,0.11,0.18,0.2,0.21,0.2,0.09,,0.1,0.11,0.1,0.19,0.09,0.19,0.1,0.11,0.09,0.19,0.07,0.01,0.18,0.27,0.21,0.25,0.21,0.1,0.11,0.1,0.11,0.19,,0.16
"Congo","Q1 2016",0.18,0.22,0.19,0.41,0.11,0.18,0.3,0.2,0.29,0.29,0.27,0.21,0.2,0.44,0.2,0.36,0.08,0.12,0.31,0.1,0.19,0.12,0.18,0.2,0.34,0.32,0.09,0.3,0.43,0.41,0.33,,,0.32,0.19,,0.1,0.24,0.35,0.28,0.2,0.21,0.26,,0.28,0.29,0.32,0.19,0.29,0.29,0.33,0.13,0.27,0.09,0.2,,0.17,0.22,0.23,0.43,0.19,0.23,0.31,0.22,0.11,0.43,0.36,0.16,0.31,0.08,0.2,0.22,0.2,0.26,,0.24,0.18,0.21,0.14,0.22,0.18,0.41,0.24,0.38,0.21,0.22,0.31,0.36,0.27,0.33,,0.3,0.25,0.18,0.2,0.2,0.31,0.2,0.23,0.23,0.22,0.43,0.2,0.33,0.19,0.21,0.19,0.32,0.21,0.33,0.09,0.17,0.1,0.41,0.23,0.2,0.38,0.09,0.36,,0.23,0.26,0.13,0.38,,0.08,0.1,0.22,0.33,0.32,,0.32,0.21,0.08,0.3,0.25,0.3,0.41,0.21,0.22,0.35,0.08,0.34,0.28,0.34,,0.12,0.2,,0.2,0.19,0.27,0.32,0.32,,0.22,0.22,0.43,0.21,0.28,0.21,0.19,0.41,0.44,0.4,0.26,,0.21,0.29,0.22,0.31,0.16,0.4,0.19,0.26,0.2,0.31,,0.1,0.29,0.41,0.44,0.24,0.37,0.12,0.29,0.2,0.22,0.31,0.1,0.23
"Congo","Q1 2017",0.11,0.22,0.19,0.41,0.12,0.11,0.31,0.19,0.31,0.3,0.22,0.21,0.21,0.45,0.2,0.35,0.08,0.1,0.38,0.12,0.19,0.19,0.18,0.2,0.36,0.33,0.09,0.3,0.44,0.35,0.34,0.15,,0.33,0.18,,0.09,0.24,0.35,0.29,0.21,0.19,0.26,,0.27,0.29,0.31,0.12,0.33,0.29,0.34,0.14,0.3,0.09,0.2,,0.17,0.22,0.21,0.45,0.19,0.23,0.32,0.2,0.11,0.44,0.36,0.16,0.32,0.08,0.12,0.23,0.2,0.26,,0.23,0.17,0.21,0.14,0.22,0.18,0.41,0.24,0.29,0.26,0.22,0.32,0.37,0.31,0.34,,0.3,0.25,0.18,0.2,0.19,0.32,0.19,0.2,0.22,0.21,0.43,0.19,0.33,0.19,0.22,0.21,0.38,0.2,0.33,0.16,0.1,0.11,0.42,0.22,0.2,0.34,0.08,0.37,,0.23,0.3,0.13,0.37,,0.08,0.2,0.2,0.33,0.31,0.17,0.33,0.21,0.08,0.31,0.25,0.32,0.42,0.22,0.27,0.42,0.08,0.37,0.28,0.33,,0.12,0.2,,0.2,0.19,0.27,0.33,0.33,,0.21,0.21,0.43,0.22,0.29,0.21,0.2,0.42,0.45,0.42,0.25,,0.21,0.3,0.24,0.31,0.16,0.4,0.2,0.23,0.18,0.33,,0.09,0.29,0.41,0.45,0.24,0.38,0.12,0.31,0.2,0.22,0.31,0.09,0.12
"Congo","Q1 2018",0.1,0.22,0.19,0.39,0.12,0.12,0.3,0.2,0.29,0.28,0.26,0.21,0.21,0.44,0.2,0.36,0.08,0.1,0.37,0.12,0.18,0.19,0.27,0.2,0.34,0.31,0.09,0.29,0.42,0.33,0.32,0.15,,0.32,0.18,,0.09,0.24,0.35,0.27,0.21,0.2,0.25,,0.24,0.28,0.3,0.12,0.31,0.29,0.33,0.14,0.3,0.09,0.2,,0.17,0.22,0.21,0.43,0.19,0.23,0.31,0.2,0.11,0.42,0.35,0.16,0.31,0.08,0.12,0.22,0.2,0.28,,0.22,0.18,0.22,0.13,0.22,0.18,0.39,0.29,0.29,0.28,0.22,0.3,0.36,0.31,0.32,,0.29,0.24,0.18,0.21,0.2,0.29,0.19,0.23,0.24,0.2,0.42,0.19,0.31,0.19,0.22,0.24,0.28,0.19,0.32,0.16,0.09,0.11,0.42,0.22,0.21,0.26,0.08,0.36,,0.23,0.29,0.13,0.36,,0.08,0.18,0.2,0.32,0.31,0.17,0.31,0.21,0.08,0.29,0.25,0.3,0.4,0.21,0.28,0.41,0.08,0.36,0.28,0.33,,0.13,0.2,,0.19,0.19,0.25,0.32,0.35,,0.2,0.21,0.42,0.22,0.27,0.21,0.18,0.39,0.43,0.4,0.22,,0.21,0.29,0.22,0.3,0.16,0.38,0.2,0.24,0.19,0.32,,0.09,0.29,0.39,0.43,0.24,0.36,0.12,0.3,0.2,0.22,0.3,0.09,0.1
"Congo","Q1 2019",0.17,0.2,0.19,0.36,0.11,0.11,0.28,0.2,0.29,0.29,0.26,0.2,0.2,0.41,0.2,0.34,0.08,0.1,0.35,0.12,0.19,0.19,0.2,0.19,0.36,0.3,0.08,0.28,0.4,0.31,0.31,0.15,,0.3,0.19,,0.09,0.23,0.26,0.25,0.2,0.2,0.24,,0.27,0.27,0.29,0.18,0.3,0.27,0.3,0.13,0.3,0.1,0.2,,0.17,0.21,0.21,0.4,0.19,0.21,0.31,0.18,0.11,0.33,0.34,0.16,0.3,0.08,0.18,0.22,0.19,0.26,,0.22,0.17,0.2,0.13,0.21,0.18,0.37,0.27,0.25,0.26,0.22,0.29,0.33,0.29,0.29,,0.27,0.27,0.08,0.21,0.2,0.28,0.19,0.22,0.26,0.2,0.39,0.2,0.3,0.17,0.21,0.2,0.28,0.19,0.31,0.17,0.09,0.11,0.39,0.21,0.19,0.31,0.08,0.33,,0.22,0.27,0.12,0.35,,0.07,0.18,0.27,0.3,0.29,0.16,0.29,0.21,0.08,0.28,0.25,0.29,0.39,0.21,0.27,0.39,0.07,0.25,0.27,0.31,,0.12,0.18,,0.19,0.19,0.26,0.3,0.24,,0.21,0.19,0.4,0.21,0.26,0.21,0.19,0.37,0.41,0.38,0.2,,0.2,0.28,0.21,0.28,0.16,0.3,0.19,0.23,0.18,0.3,0.08,0.08,0.27,0.37,0.41,0.27,0.35,0.11,0.28,0.19,0.22,0.29,0.08,0.11
"Congo","Q1 2020",0.18,0.21,0.2,0.39,0.11,0.11,0.31,0.2,0.29,0.31,0.2,0.2,0.19,0.43,0.19,0.33,0.08,0.1,0.38,0.12,0.19,0.19,0.17,0.2,0.31,0.33,0.08,0.29,0.42,0.33,0.34,0.15,,0.33,0.19,,0.09,0.26,0.27,0.28,0.19,0.2,0.24,,0.26,0.3,0.31,0.19,0.32,0.3,0.33,0.13,0.3,0.1,0.21,,0.17,0.21,0.21,0.42,0.19,0.23,0.31,0.18,0.11,0.35,0.33,0.16,0.32,0.08,0.19,0.25,0.2,0.26,,0.22,0.17,0.2,0.14,0.13,0.18,0.4,0.29,0.24,0.29,0.21,0.31,0.35,0.31,0.33,,0.29,0.24,0.18,0.21,0.21,0.31,0.19,0.22,0.22,0.2,0.42,0.2,0.32,0.19,0.24,0.19,0.31,0.19,0.34,0.17,0.11,0.11,0.42,0.23,0.2,0.31,0.08,0.36,,0.21,0.28,0.12,0.35,,0.07,0.18,0.27,0.33,0.32,0.16,0.32,0.21,0.09,0.3,0.24,0.31,0.4,0.21,0.3,0.42,0.07,0.28,0.29,0.3,,0.12,0.18,,0.19,0.2,0.24,0.33,0.25,,0.21,0.18,0.42,0.22,0.29,0.2,0.2,0.4,0.43,0.4,0.19,,0.2,0.3,0.21,0.31,0.16,0.32,0.18,0.23,0.18,0.33,0.08,0.08,0.29,0.4,0.43,0.24,0.37,0.11,0.31,0.19,0.21,0.31,0.08,0.19
"Congo","Q1 2021",0.17,0.21,0.19,0.36,0.11,0.11,0.28,0.2,0.28,0.29,0.25,0.2,0.2,0.4,0.19,0.34,0.08,0.1,0.29,0.11,0.18,0.19,0.16,0.19,0.34,0.3,0.08,0.26,0.4,0.31,0.32,0.15,,0.3,0.18,,0.09,0.25,0.26,0.26,0.19,0.2,0.24,,0.25,0.27,0.29,0.19,0.29,0.27,0.3,0.12,0.3,0.11,0.2,,0.18,0.2,0.21,0.39,0.19,0.22,0.3,0.18,0.11,0.32,0.37,0.16,0.3,0.1,0.19,0.25,0.19,0.27,,0.19,0.16,0.2,0.13,0.13,0.18,0.38,0.24,0.25,0.26,0.21,0.29,0.32,0.29,0.29,,0.27,0.24,0.18,0.2,0.2,0.28,0.18,0.22,0.22,0.11,0.39,0.19,0.29,0.18,0.25,0.2,0.27,0.18,0.31,0.17,0.11,0.11,0.39,0.25,0.19,0.31,,0.33,,0.21,0.27,0.2,0.34,0.09,0.07,0.18,0.27,0.3,0.3,0.16,0.29,0.21,0.09,0.27,0.22,0.29,0.37,0.21,0.28,0.32,0.07,0.27,0.26,0.28,,0.11,0.18,,0.19,0.19,0.24,0.3,0.25,,0.2,0.18,0.4,0.21,0.26,0.2,0.2,0.37,0.41,0.38,0.12,,0.2,0.27,0.2,0.29,0.16,0.3,0.19,0.22,0.17,0.3,0.08,0.08,0.27,0.38,0.41,0.24,0.34,0.12,0.28,0.19,0.13,0.28,,0.18
"Cook Islands","Q1 2016",0.02,0.09,0.23,0.1,0.09,0.09,0.09,0.09,0.18,0.1,0.09,0.09,0.09,0.18,0.09,0.1,0.08,0.09,0.1,0.08,0.08,0.02,0.02,0.09,0.1,0.17,0.08,0.1,0.19,0.18,0.18,,,0.17,0.09,0.1,,0.1,0.1,0.09,0.09,0.09,0.09,,0.09,0.09,0.1,0.09,0.1,0.1,0.1,0.09,0.09,0.01,0.09,,0.08,0.23,0.09,0.18,0.08,0.17,0.09,0.09,0.02,0.11,0.1,0.08,0.1,0.01,0.09,0.1,0.09,0.1,,0.09,0.02,0.09,0.09,0.09,0.09,0.1,0.16,0.1,0.02,0.09,0.1,0.11,0.17,0.18,,0.09,0.1,0.16,0.09,0.09,0.1,0.09,0.09,0.09,0.09,0.18,0.08,0.1,0.17,0.09,0.08,0.1,0.09,0.1,0.08,0.02,0.08,0.11,0.09,0.09,0.09,0.15,0.18,,0.17,0.24,0.09,0.1,,0.07,0.08,0.09,0.1,0.1,,0.17,0.16,0,0.1,0.16,0.09,0.1,0.09,0.09,0.19,0,0.1,0.09,0.1,,0.09,0.09,,0.09,0.23,0.08,0.1,0.09,,0.09,0.09,0.18,0.1,0.09,0.17,0.02,0.1,0.11,0.1,0.09,,0.09,0.09,0.09,0.17,0.08,0.1,0.23,0.1,0.09,0.1,,0.15,0.1,0.1,0.18,0.1,0.19,0.09,0.09,0.17,0.1,0.1,0.15,0.09
"Cook Islands","Q1 2017",0.01,0.09,0.16,0.09,0.09,0.08,0.09,0.08,0.17,0.09,0.09,0.08,0.09,0.18,0.09,0.09,0.07,0.08,0.09,0.09,0.08,0.02,0.01,0.08,0.09,0.17,0.07,0.16,0.18,0.17,0.17,0.07,,0.17,0.08,0.09,,0.09,0.09,0.09,0.09,0.08,0.09,,0.08,0.09,0.09,0.09,0.1,0.09,0.1,0.09,0.09,0.01,0.08,,0.08,0.23,0.09,0.17,0.08,0.16,0.09,0.08,0.02,0.1,0.09,0.08,0.09,0.01,0.09,0.09,0.09,0.09,,0.09,0.01,0.09,0.09,0.09,0.08,0.1,0.16,0.09,0.08,0.09,0.09,0.1,0.17,0.17,,0.09,0.09,0.15,0.02,0.08,0.09,0.02,0.09,0.08,0.09,0.17,0.08,0.1,0.16,0.09,0.08,0.09,0.08,0.17,0.08,0.01,0.08,0.1,0.09,0.08,0.09,0.14,0.17,,0.17,0.23,0.08,0.09,,0.14,0.09,0.09,0.1,0.09,0.08,0.17,0.16,0,0.16,0.16,0.09,0.1,0.09,0.09,0.18,0,0.09,0.09,0.1,,0.09,0.09,,0.09,0.22,0.08,0.1,0.09,,0.09,0.08,0.17,0.09,0.09,0.16,0.02,0.1,0.11,0.1,0.08,,0.09,0.09,0.08,0.16,0.08,0.09,0.23,0.09,0.02,0.1,,0.14,0.09,0.1,0.18,0.09,0.18,0.09,0.09,0.16,0.09,0.09,0.14,0.01
"Cook Islands","Q1 2018",0.01,0.09,0.16,0.09,0.09,0.09,0.09,0.09,0.17,0.09,0.08,0.08,0.09,0.18,0.09,0.09,0.07,0.08,0.09,0.09,0.08,0.02,0.08,0.08,0.09,0.17,0.07,0.16,0.18,0.17,0.17,0.07,,0.17,0.08,0.09,,0.09,0.09,0.09,0.09,0.09,0.09,,0.01,0.09,0.09,0.09,0.1,0.09,0.1,0.09,0.09,0.01,0.08,,0.08,0.23,0.09,0.17,0.08,0.16,0.09,0.08,0.02,0.1,0.09,0.08,0.1,0.01,0.09,0.09,0.08,0.09,,0.09,0.01,0.09,0.09,0.09,0.08,0.1,0.16,0.09,0.09,0.09,0.09,0.1,0.1,0.17,,0.09,0.09,0.15,0.02,0.08,0.09,0.02,0.09,0.08,0.08,0.17,0.08,0.1,0.16,0.09,0.09,0.09,0.08,0.17,0.08,0.01,0.08,0.1,0.09,0.08,0.09,0.14,0.17,,0.16,0.23,0.08,0.09,,0.14,0.08,0.08,0.1,0.09,0.08,0.17,0.16,0,0.16,0.16,0.09,0.1,0.09,0.09,0.18,0,0.09,0.09,0.1,,0.09,0.09,,0.09,0.22,0.08,0.1,0.09,,0.08,0.09,0.18,0.09,0.09,0.16,0.01,0.1,0.11,0.1,0.08,,0.09,0.09,0.09,0.16,0.08,0.09,0.23,0.09,0.02,0.1,,0.14,0.09,0.1,0.17,0.09,0.18,0.09,0.09,0.16,0.09,0.09,0.14,0.01
"Cook Islands","Q1 2019",0.02,0.09,0.16,0.09,0.08,0.08,0.09,0.09,0.17,0.09,0.09,0.08,0.09,0.11,0.09,0.09,0.07,0.08,0.09,0.09,0.08,0.02,0.08,0.08,0.09,0.1,0.07,0.16,0.18,0.17,0.17,0.07,,0.17,0.08,0.09,,0.09,0.09,0.09,0.09,0.09,0.09,,0.09,0.09,0.09,0.09,0.1,0.09,0.1,0.08,0.09,0.01,0.08,,0.08,0.23,0.09,0.17,0.08,0.16,0.09,0.01,0.01,0.1,0.09,0.08,0.1,0.01,0.09,0.09,0.08,0.09,,0.09,0.01,0.09,0.09,0.09,0.08,0.1,0.16,0.09,0.09,0.09,0.09,0.1,0.1,0.17,,0.09,0.09,0.14,0.08,0.08,0.09,0.02,0.09,0.09,0.08,0.17,0.08,0.1,0.15,0.09,0.08,0.09,0.08,0.17,0.15,0.01,0.08,0.1,0.09,0.08,0.09,0.14,0.17,,0.16,0.23,0.08,0.09,,0.14,0.08,0.09,0.1,0.09,0.08,0.17,0.16,0.01,0.16,0.16,0.09,0.1,0.09,0.09,0.18,0,0.09,0.09,0.1,,0.09,0.09,,0.09,0.22,0.08,0.1,0.09,,0.09,0.02,0.18,0.09,0.09,0.16,0.02,0.1,0.11,0.1,0.01,,0.09,0.09,0.09,0.16,0.08,0.09,0.22,0.09,0.02,0.1,0.07,0.14,0.09,0.1,0.17,0.09,0.18,0.09,0.09,0.16,0.09,0.09,0.14,0.01
"Cook Islands","Q1 2020",0.02,0.09,0.23,0.1,0.08,0.09,0.09,0.09,0.17,0.1,0.02,0.09,0.09,0.11,0.09,0.09,0.08,0.08,0.1,0.09,0.09,0.02,0.01,0.09,0.09,0.17,0.07,0.16,0.19,0.18,0.18,0.07,,0.17,0.09,0.09,,0.1,0.1,0.09,0.09,0.09,0.09,,0.09,0.09,0.1,0.09,0.1,0.1,0.1,0.09,0.09,0.01,0.09,,0.08,0.24,0.09,0.18,0.09,0.17,0.09,0.01,0.02,0.11,0.1,0.08,0.1,0.01,0.09,0.1,0.09,0.1,,0.09,0.01,0.09,0.09,0.09,0.09,0.1,0.16,0.09,0.09,0.09,0.1,0.11,0.17,0.18,,0.09,0.09,0.16,0.09,0.09,0.1,0.02,0.09,0.09,0.09,0.18,0.08,0.1,0.16,0.09,0.09,0.1,0.09,0.1,0.15,0.02,0.08,0.11,0.09,0.09,0.09,0.14,0.18,,0.17,0.24,0.09,0.1,,0.14,0.09,0.09,0.1,0.1,0.08,0.17,0.16,0.01,0.16,0.09,0.1,0.1,0.09,0.1,0.19,0,0.09,0.09,0.1,,0.09,0.09,,0.09,0.23,0.01,0.1,0.09,,0.09,0.02,0.18,0.1,0.09,0.17,0.02,0.1,0.11,0.1,0.02,,0.09,0.09,0.09,0.17,0.08,0.1,0.23,0.1,0.09,0.1,0.07,0.14,0.1,0.1,0.18,0.09,0.19,0.09,0.09,0.17,0.09,0.1,0.14,0.02
"Cook Islands","Q1 2021",0.02,0.09,0.23,0.09,0.08,0.09,0.09,0.09,0.17,0.1,0.08,0.08,0.09,0.11,0.09,0.09,0.07,0.08,0.1,0.09,0.08,0.02,0.01,0.08,0.09,0.17,0.08,0.16,0.19,0.17,0.18,0.07,,0.17,0.02,0.09,,0.09,0.09,0.09,0.09,0.09,0.09,,0.08,0.09,0.09,0.09,0.1,0.09,0.1,0.08,0.09,0.01,0.09,,0.08,0.23,0.09,0.18,0.09,0.16,0.09,0.01,0.02,0.1,0.1,0.08,0.1,0.01,0.09,0.1,0.08,0.09,,0.08,0.01,0.09,0.09,0.09,0.08,0.1,0.16,0.08,0.09,0.09,0.09,0.1,0.17,0.17,,0.09,0.09,0.16,0.02,0.08,0.09,0.02,0.09,0.09,0.02,0.17,0.08,0.1,0.16,0.09,0.09,0.09,0.02,0.1,0.15,0.02,0.08,0.1,0.09,0.09,0.09,,0.18,,0.17,0.23,0.09,0.09,0.15,0.14,0.08,0.09,0.1,0.1,0.08,0.17,0.16,0.01,0.16,0.09,0.09,0.1,0.09,0.09,0.18,0,0.09,0.09,0.1,,0.09,0.09,,0.09,0.23,0.01,0.1,0.09,,0.09,0.02,0.18,0.09,0.09,0.17,0.02,0.1,0.11,0.1,0.01,,0.09,0.09,0.09,0.17,0.08,0.09,0.23,0.09,0.02,0.1,0.07,0.14,0.09,0.1,0.18,0.09,0.19,0.09,0.09,0.16,0.09,0.09,,0.01
"Costa Rica","Q1 2016",0.18,0.25,0.19,0.26,0.18,0.19,0.26,0.29,0.27,0.32,0.23,0.14,0.22,0.4,0.29,0.25,0.15,0.2,0.28,0.18,0.12,0.19,0.18,0.13,0.24,0.29,0.16,0.27,0.32,0.3,0.29,,,0.38,0.19,0.24,0.1,,0.26,0.3,0.29,0.3,0.24,,0.2,0.24,0.26,0.21,0.38,0.34,0.3,0.28,0.19,0.09,0.2,,0.18,0.22,0.24,0.39,0.2,0.23,0.23,0.21,0.18,0.39,0.26,0.23,0.27,0.09,0.23,0.31,0.2,0.35,,0.23,0.18,0.24,0.3,0.33,0.19,0.28,0.24,0.25,0.14,0.3,0.27,0.39,0.37,0.29,,0.25,0.23,0.11,0.21,0.2,0.28,0.2,0.24,0.22,0.21,0.31,0.12,0.29,0.12,0.28,0.19,0.24,0.21,0.38,0.09,0.18,0.17,0.37,0.22,0.14,0.23,0.09,0.39,,0.24,0.26,0.28,0.27,,0.08,0.11,0.22,0.28,0.27,,0.39,0.14,0.08,0.27,0.17,0.25,0.36,0.3,0.23,0.31,0.08,0.23,0.23,0.3,,0.2,0.23,,0.23,0.19,0.19,0.28,0.25,,0.14,0.21,0.3,0.23,0.25,0.14,0.12,0.29,0.41,0.27,0.14,,0.24,0.25,0.21,0.26,0.09,0.25,0.12,0.28,0.21,0.36,,0.1,0.25,0.29,0.4,0.23,0.41,0.2,0.26,0.13,0.32,0.27,0.1,0.13
"Costa Rica","Q1 2017",0.18,0.25,0.19,0.25,0.19,0.19,0.27,0.2,0.27,0.32,0.21,0.14,0.24,0.4,0.3,0.24,0.15,0.17,0.27,0.2,0.12,0.2,0.17,0.13,0.25,0.29,0.16,0.27,0.32,0.29,0.29,0.08,,0.38,0.18,0.24,0.09,,0.25,0.3,0.3,0.2,0.23,,0.19,0.23,0.25,0.19,0.38,0.34,0.29,0.29,0.22,0.09,0.21,,0.18,0.21,0.23,0.39,0.2,0.23,0.23,0.2,0.18,0.38,0.26,0.23,0.27,0.08,0.21,0.32,0.2,0.36,,0.21,0.17,0.29,0.3,0.34,0.18,0.28,0.24,0.25,0.14,0.3,0.27,0.39,0.36,0.29,,0.24,0.22,0.11,0.13,0.2,0.27,0.19,0.21,0.21,0.2,0.29,0.12,0.28,0.12,0.31,0.2,0.23,0.19,0.36,0.1,0.17,0.19,0.37,0.21,0.14,0.23,0.08,0.39,,0.24,0.26,0.21,0.26,,0.08,0.13,0.21,0.28,0.26,0.1,0.38,0.14,0.08,0.28,0.17,0.25,0.29,0.31,0.22,0.31,0.08,0.22,0.22,0.29,,0.21,0.22,,0.22,0.19,0.19,0.28,0.24,,0.13,0.2,0.31,0.32,0.24,0.13,0.13,0.26,0.4,0.27,0.13,,0.29,0.25,0.21,0.25,0.09,0.24,0.19,0.26,0.19,0.36,,0.09,0.24,0.28,0.4,0.22,0.41,0.2,0.26,0.13,0.25,0.26,0.09,0.11
"Costa Rica","Q1 2018",0.17,0.23,0.19,0.25,0.19,0.19,0.27,0.29,0.28,0.24,0.13,0.15,0.23,0.4,0.29,0.25,0.15,0.18,0.28,0.2,0.11,0.2,0.19,0.13,0.24,0.3,0.16,0.28,0.32,0.3,0.3,0.08,,0.39,0.18,0.24,0.09,,0.24,0.3,0.3,0.29,0.23,,0.1,0.23,0.26,0.19,0.39,0.35,0.29,0.3,0.22,0.09,0.2,,0.18,0.22,0.23,0.4,0.21,0.22,0.23,0.2,0.19,0.39,0.25,0.23,0.28,0.08,0.2,0.32,0.19,0.37,,0.21,0.18,0.23,0.29,0.34,0.19,0.28,0.25,0.25,0.23,0.3,0.27,0.39,0.36,0.29,,0.25,0.22,0.11,0.13,0.21,0.26,0.18,0.24,0.21,0.2,0.3,0.12,0.29,0.12,0.32,0.21,0.22,0.19,0.37,0.09,0.17,0.19,0.38,0.22,0.15,0.22,0.08,0.4,,0.23,0.27,0.28,0.25,,0.08,0.11,0.2,0.27,0.27,0.1,0.39,0.14,0.08,0.35,0.17,0.25,0.3,0.3,0.23,0.32,0.08,0.23,0.23,0.29,,0.21,0.22,,0.21,0.19,0.18,0.28,0.24,,0.12,0.21,0.31,0.31,0.24,0.14,0.12,0.26,0.4,0.28,0.12,,0.23,0.25,0.22,0.27,0.09,0.24,0.2,0.26,0.2,0.36,,0.09,0.25,0.29,0.4,0.22,0.41,0.2,0.26,0.13,0.24,0.27,0.09,0.1
"Costa Rica","Q1 2019",0.17,0.22,0.19,0.24,0.18,0.18,0.26,0.29,0.27,0.25,0.21,0.14,0.22,0.39,0.3,0.24,0.15,0.17,0.27,0.19,0.12,0.19,0.19,0.13,0.24,0.29,0.16,0.28,0.31,0.29,0.3,0.08,,0.38,0.19,0.23,0.09,,0.24,0.22,0.29,0.29,0.24,,0.19,0.23,0.25,0.19,0.37,0.34,0.28,0.29,0.22,0.1,0.21,,0.17,0.14,0.23,0.38,0.2,0.22,0.23,0.18,0.18,0.37,0.25,0.16,0.27,0.08,0.2,0.31,0.19,0.36,,0.21,0.17,0.23,0.29,0.33,0.18,0.27,0.24,0.23,0.16,0.3,0.26,0.38,0.36,0.28,,0.24,0.23,0.02,0.15,0.21,0.25,0.19,0.23,0.24,0.19,0.29,0.12,0.28,0.17,0.3,0.2,0.23,0.19,0.37,0.1,0.16,0.18,0.3,0.21,0.13,0.23,0.09,0.39,,0.22,0.26,0.26,0.25,,0.07,0.11,0.21,0.27,0.26,0.1,0.38,0.14,0.08,0.35,0.17,0.25,0.29,0.3,0.25,0.31,0.07,0.22,0.23,0.28,,0.2,0.2,,0.2,0.19,0.18,0.28,0.23,,0.13,0.19,0.3,0.23,0.23,0.13,0.12,0.26,0.39,0.27,0.13,,0.23,0.25,0.21,0.26,0.09,0.24,0.19,0.25,0.18,0.28,0.15,0.02,0.25,0.28,0.39,0.23,0.4,0.19,0.25,0.12,0.24,0.26,0.02,0.11
"Costa Rica","Q1 2020",0.19,0.23,0.2,0.27,0.18,0.19,0.28,0.28,0.3,0.34,0.13,0.15,0.21,0.42,0.29,0.26,0.15,0.17,0.3,0.2,0.12,0.19,0.17,0.13,0.24,0.32,0.16,0.29,0.34,0.33,0.33,0.08,,0.41,0.19,0.26,0.1,,0.27,0.24,0.21,0.28,0.26,,0.19,0.26,0.27,0.2,0.4,0.37,0.31,0.28,0.22,0.1,0.22,,0.17,0.14,0.23,0.41,0.2,0.24,0.23,0.18,0.18,0.4,0.28,0.17,0.31,0.08,0.21,0.34,0.2,0.38,,0.21,0.17,0.22,0.3,0.3,0.19,0.31,0.27,0.23,0.19,0.29,0.29,0.4,0.39,0.31,,0.26,0.24,0.11,0.14,0.22,0.28,0.19,0.23,0.23,0.2,0.32,0.13,0.37,0.19,0.33,0.19,0.26,0.19,0.4,0.11,0.18,0.18,0.32,0.22,0.14,0.24,0.02,0.41,,0.22,0.28,0.27,0.27,,0.07,0.11,0.21,0.3,0.3,0.1,0.41,0.14,0.09,0.36,0.18,0.35,0.31,0.3,0.27,0.34,0.07,0.26,0.25,0.31,,0.2,0.2,,0.2,0.2,0.1,0.31,0.25,,0.14,0.18,0.34,0.23,0.26,0.13,0.13,0.29,0.42,0.3,0.13,,0.23,0.27,0.21,0.29,0.09,0.27,0.19,0.26,0.19,0.31,0.15,0.02,0.27,0.31,0.42,0.24,0.43,0.19,0.28,0.13,0.23,0.29,0.02,0.12
"Costa Rica","Q1 2021",0.17,0.24,0.2,0.26,0.18,0.19,0.28,0.28,0.3,0.35,0.16,0.15,0.22,0.42,0.27,0.27,0.15,0.17,0.3,0.19,0.11,0.19,0.16,0.14,0.26,0.32,0.16,0.29,0.35,0.33,0.33,0.08,,0.42,0.11,0.25,0.09,,0.26,0.24,0.21,0.28,0.26,,0.18,0.26,0.27,0.2,0.4,0.36,0.31,0.28,0.22,0.11,0.21,,0.18,0.14,0.23,0.42,0.19,0.24,0.22,0.18,0.18,0.4,0.28,0.17,0.31,0.1,0.21,0.35,0.2,0.38,,0.19,0.16,0.22,0.28,0.31,0.19,0.31,0.26,0.16,0.26,0.29,0.3,0.4,0.38,0.31,,0.27,0.24,0.11,0.14,0.21,0.28,0.18,0.23,0.23,0.12,0.32,0.12,0.36,0.19,0.35,0.2,0.17,0.12,0.41,0.11,0.18,0.18,0.32,0.25,0.14,0.23,,0.42,,0.22,0.29,0.3,0.27,0.09,0.07,0.11,0.21,0.29,0.3,0.09,0.41,0.15,0.09,0.36,0.17,0.36,0.31,0.3,0.28,0.34,0.07,0.25,0.26,0.31,,0.19,0.2,,0.2,0.2,0.1,0.31,0.25,,0.13,0.18,0.34,0.24,0.25,0.13,0.13,0.29,0.42,0.31,0.12,,0.23,0.27,0.21,0.29,0.1,0.27,0.2,0.25,0.18,0.31,0.15,0.02,0.28,0.32,0.43,0.24,0.44,0.2,0.28,0.13,0.22,0.29,,0.11
"Cote d'Ivoire","Q1 2016",0.18,0.23,0.19,0.36,0.11,0.18,0.28,0.2,0.29,0.26,0.25,0.22,0.2,0.42,0.2,0.37,0.08,0.12,0.29,0.1,0.19,0.19,0.19,0.21,0.34,0.3,0.09,0.28,0.41,0.39,0.3,,,0.3,0.19,0.35,0.1,0.26,,0.25,0.2,0.21,0.25,,0.21,0.27,0.28,0.19,0.3,0.28,0.31,0.13,0.27,0.09,0.2,,0.17,0.22,0.25,0.41,0.19,0.23,0.3,0.29,0.11,0.41,0.39,0.16,0.29,0.08,0.2,0.22,0.2,0.27,,0.31,0.18,0.21,0.14,0.23,0.18,0.32,0.26,0.29,0.14,0.22,0.29,0.4,0.29,0.31,,0.27,0.25,0.18,0.14,0.2,0.29,0.27,0.23,0.24,0.21,0.4,0.2,0.3,0.19,0.21,0.19,0.28,0.21,0.31,0.09,0.17,0.1,0.4,0.23,0.22,0.27,0.09,0.34,,0.23,0.27,0.13,0.4,,0.08,0.1,0.23,0.3,0.29,,0.31,0.21,0.08,0.28,0.26,0.35,0.38,0.21,0.22,0.33,0.08,0.27,0.26,0.38,,0.12,0.2,,0.2,0.19,0.2,0.3,0.34,,0.21,0.29,0.4,0.21,0.27,0.21,0.12,0.38,0.42,0.37,0.23,,0.22,0.28,0.22,0.28,0.16,0.37,0.19,0.27,0.2,0.29,,0.1,0.27,0.32,0.42,0.24,0.35,0.12,0.27,0.2,0.23,0.29,0.1,0.22
"Cote d'Ivoire","Q1 2017",0.18,0.23,0.19,0.36,0.12,0.11,0.29,0.19,0.29,0.26,0.22,0.21,0.21,0.42,0.21,0.35,0.08,0.1,0.3,0.12,0.2,0.2,0.18,0.21,0.35,0.3,0.09,0.28,0.41,0.39,0.31,0.15,,0.31,0.18,0.35,0.09,0.25,,0.25,0.21,0.19,0.25,,0.21,0.26,0.28,0.12,0.3,0.28,0.31,0.14,0.31,0.09,0.21,,0.17,0.22,0.23,0.41,0.19,0.23,0.32,0.2,0.18,0.41,0.39,0.16,0.29,0.08,0.12,0.23,0.2,0.28,,0.23,0.17,0.21,0.14,0.24,0.18,0.32,0.26,0.27,0.24,0.22,0.29,0.4,0.29,0.31,,0.26,0.25,0.18,0.13,0.2,0.29,0.26,0.21,0.22,0.21,0.4,0.19,0.29,0.19,0.22,0.27,0.27,0.19,0.31,0.1,0.17,0.11,0.4,0.22,0.22,0.34,0.08,0.4,,0.23,0.28,0.13,0.38,,0.08,0.2,0.21,0.3,0.29,0.17,0.3,0.21,0.08,0.28,0.26,0.35,0.38,0.22,0.25,0.33,0.08,0.26,0.25,0.38,,0.12,0.2,,0.2,0.12,0.2,0.31,0.34,,0.2,0.27,0.4,0.22,0.26,0.21,0.12,0.37,0.42,0.38,0.22,,0.21,0.28,0.23,0.28,0.16,0.36,0.19,0.23,0.19,0.3,,0.09,0.26,0.32,0.42,0.24,0.35,0.12,0.28,0.2,0.23,0.28,0.09,0.12
"Cote d'Ivoire","Q1 2018",0.17,0.22,0.19,0.35,0.11,0.11,0.28,0.2,0.28,0.25,0.23,0.21,0.2,0.4,0.2,0.36,0.08,0.1,0.28,0.12,0.18,0.19,0.2,0.2,0.34,0.29,0.09,0.27,0.4,0.3,0.29,0.15,,0.29,0.18,0.35,0.09,0.24,,0.25,0.21,0.2,0.25,,0.17,0.26,0.27,0.11,0.29,0.27,0.3,0.14,0.3,0.09,0.2,,0.17,0.22,0.22,0.39,0.19,0.23,0.24,0.2,0.18,0.39,0.36,0.16,0.29,0.08,0.12,0.22,0.19,0.27,,0.22,0.18,0.21,0.13,0.23,0.18,0.3,0.26,0.26,0.25,0.23,0.28,0.39,0.28,0.29,,0.27,0.24,0.18,0.14,0.21,0.27,0.25,0.23,0.24,0.2,0.39,0.19,0.28,0.19,0.22,0.24,0.25,0.19,0.29,0.09,0.16,0.11,0.39,0.22,0.21,0.32,0.08,0.39,,0.22,0.26,0.13,0.36,,0.08,0.18,0.2,0.29,0.28,0.17,0.29,0.2,0.08,0.27,0.25,0.34,0.37,0.21,0.25,0.31,0.07,0.26,0.25,0.37,,0.12,0.2,,0.19,0.12,0.18,0.29,0.35,,0.19,0.28,0.39,0.22,0.25,0.21,0.11,0.29,0.4,0.37,0.21,,0.21,0.27,0.22,0.28,0.16,0.36,0.19,0.24,0.2,0.29,,0.09,0.26,0.3,0.4,0.24,0.33,0.12,0.27,0.19,0.22,0.27,0.09,0.1
"Cote d'Ivoire","Q1 2019",0.17,0.22,0.19,0.33,0.11,0.11,0.26,0.2,0.28,0.26,0.23,0.21,0.2,0.39,0.21,0.35,0.08,0.1,0.27,0.12,0.19,0.19,0.19,0.2,0.34,0.28,0.08,0.26,0.39,0.29,0.3,0.15,,0.29,0.18,0.26,0.09,0.24,,0.24,0.2,0.2,0.25,,0.19,0.25,0.27,0.18,0.28,0.26,0.29,0.13,0.3,0.1,0.21,,0.17,0.21,0.23,0.39,0.19,0.21,0.24,0.19,0.18,0.37,0.36,0.16,0.28,0.08,0.19,0.22,0.19,0.26,,0.29,0.17,0.21,0.13,0.22,0.18,0.29,0.25,0.25,0.24,0.23,0.27,0.38,0.28,0.28,,0.25,0.25,0.08,0.21,0.21,0.26,0.26,0.23,0.26,0.19,0.38,0.2,0.28,0.17,0.22,0.2,0.26,0.19,0.29,0.17,0.16,0.11,0.38,0.21,0.2,0.31,0.08,0.38,,0.22,0.26,0.12,0.36,,0.07,0.18,0.21,0.28,0.27,0.16,0.28,0.21,0.08,0.27,0.25,0.34,0.31,0.21,0.26,0.31,0.07,0.24,0.25,0.36,,0.12,0.19,,0.19,0.19,0.19,0.28,0.32,,0.21,0.26,0.38,0.22,0.24,0.21,0.12,0.29,0.4,0.36,0.13,,0.21,0.26,0.22,0.27,0.16,0.35,0.19,0.23,0.19,0.29,0.08,0.08,0.26,0.29,0.39,0.25,0.33,0.11,0.26,0.19,0.22,0.28,0.08,0.11
"Cote d'Ivoire","Q1 2020",0.19,0.23,0.2,0.35,0.11,0.11,0.27,0.2,0.28,0.26,0.13,0.21,0.2,0.41,0.2,0.35,0.08,0.1,0.28,0.12,0.19,0.2,0.17,0.2,0.33,0.29,0.09,0.26,0.4,0.3,0.31,0.15,,0.3,0.19,0.27,0.1,0.27,,0.24,0.2,0.2,0.26,,0.2,0.26,0.27,0.19,0.29,0.27,0.37,0.13,0.3,0.1,0.22,,0.17,0.21,0.23,0.4,0.19,0.23,0.32,0.18,0.19,0.38,0.37,0.17,0.3,0.08,0.19,0.25,0.2,0.27,,0.31,0.17,0.21,0.14,0.14,0.19,0.3,0.26,0.24,0.25,0.22,0.28,0.39,0.28,0.29,,0.26,0.25,0.18,0.21,0.22,0.28,0.27,0.24,0.23,0.2,0.39,0.2,0.28,0.19,0.24,0.2,0.26,0.19,0.3,0.17,0.18,0.11,0.39,0.23,0.21,0.32,0.08,0.4,,0.22,0.26,0.12,0.37,,0.07,0.18,0.21,0.29,0.28,0.17,0.29,0.21,0.09,0.26,0.24,0.34,0.37,0.21,0.27,0.33,0.07,0.26,0.26,0.38,,0.12,0.19,,0.19,0.2,0.18,0.3,0.34,,0.21,0.26,0.39,0.22,0.25,0.2,0.13,0.3,0.41,0.37,0.13,,0.21,0.27,0.22,0.27,0.16,0.36,0.12,0.24,0.19,0.37,0.08,0.09,0.27,0.31,0.4,0.25,0.35,0.11,0.27,0.2,0.21,0.28,0.09,0.12
"Cote d'Ivoire","Q1 2021",0.17,0.23,0.19,0.26,0.11,0.11,0.27,0.2,0.27,0.26,0.22,0.21,0.21,0.39,0.19,0.35,0.08,0.1,0.28,0.11,0.18,0.19,0.17,0.2,0.34,0.28,0.08,0.25,0.39,0.29,0.3,0.15,,0.29,0.11,0.26,0.09,0.26,,0.24,0.19,0.2,0.25,,0.19,0.26,0.26,0.19,0.28,0.27,0.29,0.13,0.3,0.11,0.21,,0.18,0.2,0.23,0.39,0.19,0.23,0.29,0.19,0.18,0.37,0.37,0.17,0.29,0.1,0.19,0.25,0.2,0.26,,0.26,0.17,0.21,0.13,0.14,0.19,0.3,0.24,0.22,0.24,0.22,0.27,0.37,0.27,0.28,,0.25,0.24,0.18,0.13,0.21,0.27,0.25,0.22,0.23,0.12,0.38,0.19,0.28,0.19,0.25,0.27,0.24,0.18,0.29,0.17,0.18,0.11,0.38,0.25,0.21,0.24,,0.38,,0.22,0.26,0.21,0.36,0.09,0.07,0.18,0.21,0.28,0.29,0.16,0.29,0.22,0.09,0.26,0.23,0.34,0.29,0.21,0.26,0.31,0.07,0.24,0.25,0.36,,0.11,0.18,,0.19,0.2,0.17,0.29,0.33,,0.2,0.26,0.38,0.22,0.24,0.2,0.2,0.29,0.4,0.36,0.12,,0.21,0.26,0.21,0.27,0.16,0.35,0.19,0.23,0.18,0.29,0.08,0.08,0.26,0.3,0.39,0.24,0.33,0.12,0.27,0.19,0.13,0.27,,0.11
"Croatia","Q1 2016",0.25,0.23,0.19,0.29,0.17,0.18,0.3,0.2,0.29,0.28,0.27,0.21,0.2,0.37,0.2,0.26,0.15,0.19,0.31,0.17,0.19,0.19,0.17,0.2,0.23,0.33,0.15,0.3,0.43,0.34,0.34,,,0.33,0.11,0.28,0.09,0.3,0.25,,0.2,0.21,0.33,,0.12,0.3,0.32,0.18,0.29,0.3,0.41,0.2,0.18,0.09,0.12,,0.1,0.21,0.23,0.36,0.18,0.22,0.21,0.19,0.18,0.36,0.26,0.23,0.4,0.08,0.2,0.21,0.2,0.27,,0.21,0.17,0.21,0.21,0.22,0.18,0.33,0.24,0.31,0.21,0.22,0.4,0.43,0.27,0.34,,0.3,0.23,0.18,0.21,0.12,0.4,0.19,0.23,0.16,0.2,0.42,0.19,0.41,0.18,0.2,0.18,0.3,0.2,0.34,0.16,0.24,0.17,0.35,0.22,0.2,0.28,0.09,0.36,,0.23,0.25,0.2,0.27,,0.08,0.17,0.21,0.4,0.31,,0.4,0.21,0.08,0.3,0.25,0.3,0.34,0.21,0.22,0.42,0.07,0.25,0.29,0.35,,0.18,0.2,,0.2,0.19,0.11,0.4,0.24,,0.2,0.19,0.42,0.21,0.39,0.2,0.19,0.33,0.44,0.33,0.26,,0.21,0.3,0.23,0.31,0.16,0.31,0.19,0.25,0.2,0.41,,0.09,0.3,0.34,0.37,0.23,0.43,0.18,0.29,0.19,0.23,0.4,0.09,0.23
"Croatia","Q1 2017",0.25,0.22,0.19,0.3,0.18,0.18,0.3,0.19,0.3,0.29,0.21,0.2,0.2,0.38,0.2,0.25,0.15,0.17,0.3,0.18,0.19,0.19,0.17,0.21,0.25,0.34,0.15,0.32,0.44,0.35,0.35,0.15,,0.35,0.1,0.29,0.09,0.3,0.25,,0.2,0.19,0.33,,0.12,0.3,0.33,0.18,0.32,0.29,0.43,0.2,0.21,0.09,0.13,,0.1,0.22,0.21,0.38,0.18,0.22,0.22,0.18,0.18,0.37,0.25,0.23,0.41,0.08,0.19,0.22,0.2,0.26,,0.2,0.17,0.2,0.21,0.22,0.17,0.35,0.24,0.28,0.26,0.22,0.41,0.45,0.31,0.42,,0.31,0.24,0.18,0.2,0.12,0.41,0.18,0.21,0.14,0.2,0.43,0.19,0.41,0.19,0.21,0.19,0.31,0.12,0.34,0.16,0.24,0.17,0.36,0.22,0.2,0.24,0.08,0.37,,0.23,0.3,0.19,0.26,,0.08,0.19,0.2,0.41,0.31,0.17,0.41,0.21,0.08,0.32,0.24,0.32,0.35,0.22,0.27,0.43,0.07,0.29,0.29,0.32,,0.19,0.19,,0.2,0.19,0.11,0.42,0.24,,0.19,0.19,0.43,0.22,0.4,0.2,0.19,0.34,0.44,0.34,0.25,,0.2,0.32,0.24,0.31,0.16,0.32,0.19,0.22,0.19,0.42,,0.09,0.3,0.35,0.38,0.23,0.45,0.18,0.3,0.19,0.22,0.4,0.09,0.19
"Croatia","Q1 2018",0.24,0.21,0.19,0.28,0.18,0.18,0.3,0.2,0.29,0.3,0.29,0.21,0.2,0.37,0.2,0.26,0.15,0.17,0.31,0.18,0.18,0.19,0.18,0.2,0.23,0.34,0.15,0.32,0.43,0.35,0.35,0.15,,0.34,0.1,0.27,0.09,0.3,0.25,,0.2,0.2,0.24,,0.1,0.3,0.32,0.18,0.32,0.3,0.42,0.21,0.21,0.08,0.12,,0.1,0.21,0.21,0.37,0.18,0.22,0.22,0.18,0.18,0.36,0.25,0.23,0.41,0.08,0.18,0.22,0.19,0.27,,0.2,0.17,0.21,0.2,0.22,0.17,0.35,0.29,0.32,0.27,0.22,0.4,0.44,0.31,0.34,,0.31,0.23,0.18,0.2,0.12,0.33,0.17,0.23,0.16,0.19,0.43,0.19,0.41,0.19,0.21,0.23,0.3,0.12,0.34,0.15,0.23,0.17,0.36,0.22,0.21,0.23,0.08,0.37,,0.22,0.29,0.2,0.26,,0.08,0.18,0.19,0.41,0.31,0.16,0.4,0.2,0.08,0.32,0.25,0.32,0.34,0.21,0.32,0.43,0.07,0.28,0.3,0.32,,0.19,0.19,,0.19,0.19,0.1,0.41,0.25,,0.19,0.2,0.43,0.21,0.39,0.2,0.18,0.33,0.43,0.34,0.22,,0.2,0.32,0.21,0.3,0.16,0.31,0.19,0.23,0.2,0.42,,0.08,0.31,0.35,0.37,0.24,0.44,0.18,0.3,0.19,0.21,0.4,0.08,0.17
"Croatia","Q1 2019",0.17,0.2,0.19,0.26,0.17,0.17,0.29,0.19,0.28,0.28,0.27,0.2,0.19,0.35,0.19,0.24,0.15,0.16,0.3,0.17,0.19,0.18,0.11,0.2,0.26,0.33,0.15,0.31,0.42,0.33,0.34,0.15,,0.33,0.11,0.25,0.09,0.22,0.24,,0.19,0.19,0.24,,0.11,0.3,0.3,0.17,0.31,0.29,0.4,0.2,0.21,0.16,0.13,,0.1,0.2,0.21,0.35,0.11,0.2,0.21,0.11,0.18,0.34,0.24,0.08,0.39,0.08,0.18,0.2,0.19,0.25,,0.2,0.09,0.19,0.19,0.21,0.17,0.33,0.29,0.24,0.26,0.22,0.39,0.41,0.3,0.32,,0.31,0.27,0.08,0.21,0.12,0.32,0.18,0.21,0.25,0.18,0.41,0.19,0.4,0.17,0.2,0.12,0.29,0.11,0.32,0.16,0.23,0.17,0.34,0.21,0.19,0.22,0.08,0.35,,0.2,0.28,0.18,0.25,,0.07,0.17,0.12,0.33,0.3,0.16,0.32,0.2,0.08,0.31,0.25,0.31,0.33,0.21,0.32,0.41,0.07,0.24,0.29,0.31,,0.18,0.18,,0.18,0.19,0.1,0.4,0.23,,0.19,0.18,0.41,0.2,0.38,0.2,0.18,0.32,0.35,0.33,0.19,,0.19,0.3,0.2,0.32,0.15,0.3,0.19,0.21,0.18,0.4,0.14,0.08,0.3,0.33,0.35,0.27,0.42,0.17,0.29,0.18,0.2,0.39,0.08,0.17
"Croatia","Q1 2020",0.25,0.27,0.19,0.29,0.1,0.1,0.29,0.12,0.28,0.29,0.19,0.2,0.12,0.36,0.11,0.24,0.08,0.1,0.29,0.11,0.19,0.18,0.09,0.19,0.15,0.33,0.08,0.3,0.42,0.34,0.35,0.15,,0.33,0.11,0.28,0.09,0.24,0.24,,0.18,0.12,0.24,,0.11,0.31,0.3,0.11,0.3,0.3,0.41,0.12,0.13,0.16,0.13,,0.1,0.2,0.21,0.36,0.11,0.21,0.14,0.1,0.18,0.35,0.31,0.09,0.41,0.08,0.11,0.23,0.19,0.25,,0.2,0.09,0.12,0.13,0.13,0.11,0.33,0.31,0.23,0.29,0.2,0.4,0.42,0.29,0.33,,0.31,0.23,0.17,0.21,0.13,0.33,0.18,0.22,0.14,0.19,0.42,0.19,0.4,0.18,0.23,0.11,0.31,0.11,0.33,0.17,0.25,0.1,0.35,0.21,0.2,0.22,0.08,0.36,,0.2,0.27,0.12,0.24,,0.07,0.17,0.12,0.4,0.32,0.16,0.32,0.2,0.08,0.3,0.23,0.32,0.34,0.13,0.31,0.42,0.07,0.26,0.29,0.27,,0.11,0.11,,0.11,0.19,0.1,0.41,0.22,,0.2,0.11,0.42,0.13,0.39,0.19,0.19,0.32,0.36,0.34,0.19,,0.12,0.32,0.2,0.32,0.15,0.31,0.18,0.15,0.18,0.35,0.08,0.08,0.29,0.35,0.36,0.23,0.36,0.1,0.29,0.19,0.13,0.32,0.08,0.18
"Croatia","Q1 2021",0.24,0.28,0.19,0.26,0.1,0.1,0.29,0.12,0.29,0.29,0.28,0.2,0.12,0.36,0.11,0.24,0.08,0.1,0.29,0.1,0.18,0.18,0.09,0.19,0.23,0.33,0.08,0.3,0.42,0.34,0.35,0.15,,0.33,0.11,0.26,0.09,0.24,0.24,,0.18,0.12,0.24,,0.1,0.31,0.3,0.11,0.3,0.3,0.41,0.12,0.13,0.17,0.12,,0.11,0.2,0.21,0.36,0.11,0.22,0.13,0.11,0.18,0.35,0.32,0.09,0.41,0.1,0.11,0.24,0.19,0.27,,0.11,0.09,0.12,0.13,0.13,0.11,0.33,0.24,0.29,0.31,0.2,0.4,0.42,0.3,0.33,,0.31,0.24,0.17,0.2,0.12,0.33,0.11,0.21,0.14,0.18,0.42,0.18,0.4,0.18,0.23,0.12,0.3,0.11,0.33,0.17,0.25,0.1,0.35,0.23,0.19,0.22,,0.36,,0.2,0.27,0.13,0.24,0.08,0.07,0.17,0.12,0.4,0.33,0.16,0.33,0.21,0.08,0.3,0.22,0.32,0.34,0.13,0.32,0.42,0.07,0.26,0.28,0.27,,0.1,0.11,,0.11,0.19,0.1,0.41,0.23,,0.19,0.11,0.42,0.13,0.39,0.2,0.2,0.33,0.36,0.34,0.19,,0.12,0.32,0.2,0.32,0.16,0.32,0.19,0.15,0.17,0.35,0.08,0.08,0.29,0.34,0.36,0.23,0.36,0.11,0.29,0.19,0.12,0.32,,0.17
"Cuba","Q1 2016",0.17,0.21,0.18,0.21,0.17,0.17,0.21,0.27,0.22,0.29,0.19,0.11,0.19,0.26,0.2,0.21,0.15,0.19,0.22,0.17,0.1,0.18,0.17,0.11,0.2,0.29,0.15,0.21,0.25,0.24,0.23,,,0.3,0.11,0.2,0.09,0.29,0.2,0.2,,0.27,0.19,,0.18,0.19,0.21,0.18,0.3,0.22,0.23,0.19,0.18,0.08,0.18,,0.17,0.19,0.2,0.25,0.18,0.2,0.2,0.19,0.1,0.25,0.21,0.16,0.21,0.08,0.2,0.21,0.18,0.28,,0.19,0.17,0.2,0.21,0.27,0.18,0.22,0.19,0.2,0.11,0.19,0.21,0.31,0.3,0.23,,0.2,0.2,0.1,0.18,0.18,0.22,0.18,0.19,0.18,0.12,0.24,0.11,0.22,0.11,0.19,0.17,0.21,0.11,0.3,0.09,0.17,0.16,0.23,0.19,0.11,0.2,0.08,0.32,,0.2,0.21,0.19,0.21,,0.07,0.1,0.19,0.22,0.21,,0.31,0.12,0.08,0.21,0.12,0.19,0.29,0.21,0.19,0.24,0.07,0.2,0.19,0.23,,0.18,0.2,,0.2,0.18,0.17,0.22,0.2,,0.12,0.18,0.23,0.21,0.2,0.12,0.11,0.23,0.32,0.21,0.12,,0.2,0.2,0.18,0.21,0.09,0.2,0.11,0.22,0.18,0.22,,0.09,0.2,0.23,0.25,0.2,0.32,0.18,0.2,0.12,0.22,0.21,0.09,0.11
"Cuba","Q1 2017",0.17,0.21,0.18,0.21,0.18,0.17,0.22,0.26,0.23,0.23,0.19,0.11,0.2,0.27,0.28,0.21,0.15,0.17,0.23,0.18,0.1,0.18,0.17,0.11,0.21,0.3,0.16,0.22,0.26,0.25,0.24,0.08,,0.32,0.1,0.21,0.09,0.3,0.21,0.2,,0.26,0.2,,0.18,0.2,0.21,0.18,0.31,0.22,0.24,0.2,0.2,0.08,0.18,,0.17,0.2,0.19,0.26,0.18,0.2,0.2,0.19,0.17,0.33,0.22,0.16,0.22,0.08,0.19,0.22,0.19,0.3,,0.2,0.17,0.2,0.22,0.29,0.18,0.23,0.2,0.2,0.12,0.27,0.22,0.32,0.31,0.24,,0.2,0.2,0.11,0.11,0.18,0.23,0.18,0.18,0.19,0.12,0.24,0.11,0.23,0.11,0.22,0.18,0.21,0.12,0.31,0.09,0.17,0.17,0.25,0.19,0.11,0.21,0.08,0.33,,0.21,0.22,0.19,0.22,,0.08,0.12,0.19,0.23,0.22,0.09,0.32,0.12,0.08,0.23,0.13,0.21,0.3,0.21,0.19,0.25,0.07,0.2,0.19,0.24,,0.19,0.19,,0.19,0.18,0.18,0.23,0.21,,0.12,0.19,0.25,0.22,0.2,0.12,0.12,0.23,0.33,0.23,0.12,,0.2,0.21,0.19,0.21,0.09,0.21,0.18,0.23,0.17,0.24,,0.08,0.2,0.23,0.33,0.2,0.34,0.18,0.22,0.12,0.22,0.21,0.08,0.1
"Cuba","Q1 2018",0.17,0.19,0.18,0.22,0.18,0.18,0.22,0.28,0.23,0.22,0.12,0.12,0.2,0.27,0.28,0.22,0.15,0.17,0.23,0.19,0.1,0.18,0.18,0.11,0.21,0.31,0.16,0.23,0.26,0.25,0.25,0.08,,0.32,0.1,0.21,0.09,0.3,0.21,0.2,,0.28,0.2,,0.09,0.2,0.21,0.18,0.32,0.22,0.23,0.2,0.2,0.08,0.18,,0.17,0.2,0.19,0.27,0.19,0.2,0.2,0.18,0.18,0.33,0.21,0.16,0.23,0.08,0.19,0.23,0.19,0.31,,0.2,0.17,0.21,0.21,0.29,0.18,0.23,0.21,0.2,0.2,0.27,0.22,0.33,0.31,0.24,,0.21,0.2,0.11,0.11,0.19,0.21,0.17,0.2,0.19,0.12,0.24,0.11,0.23,0.12,0.23,0.19,0.2,0.12,0.31,0.09,0.16,0.17,0.26,0.2,0.11,0.2,0.08,0.34,,0.21,0.22,0.19,0.22,,0.08,0.11,0.18,0.23,0.22,0.09,0.32,0.12,0.08,0.23,0.13,0.21,0.31,0.21,0.13,0.25,0.07,0.21,0.2,0.24,,0.19,0.2,,0.19,0.18,0.17,0.23,0.22,,0.12,0.19,0.26,0.23,0.2,0.12,0.11,0.22,0.33,0.23,0.11,,0.2,0.21,0.2,0.22,0.09,0.22,0.18,0.22,0.17,0.24,,0.08,0.21,0.23,0.33,0.2,0.34,0.18,0.22,0.12,0.22,0.22,0.08,0.1
"Cuba","Q1 2019",0.17,0.19,0.18,0.21,0.17,0.17,0.21,0.28,0.22,0.22,0.19,0.12,0.2,0.26,0.2,0.21,0.15,0.17,0.22,0.18,0.11,0.18,0.18,0.11,0.21,0.3,0.15,0.23,0.25,0.24,0.24,0.08,,0.31,0.11,0.2,0.09,0.29,0.2,0.19,,0.28,0.2,,0.18,0.2,0.21,0.18,0.31,0.22,0.23,0.2,0.2,0.09,0.19,,0.17,0.13,0.19,0.26,0.18,0.2,0.2,0.18,0.17,0.25,0.21,0.15,0.22,0.08,0.18,0.22,0.18,0.29,,0.19,0.17,0.2,0.28,0.28,0.18,0.22,0.2,0.2,0.12,0.2,0.21,0.32,0.3,0.23,,0.2,0.2,0.01,0.12,0.19,0.21,0.18,0.2,0.2,0.12,0.23,0.11,0.23,0.17,0.22,0.18,0.21,0.11,0.3,0.1,0.16,0.17,0.24,0.2,0.11,0.2,0.08,0.32,,0.2,0.21,0.19,0.21,,0.07,0.1,0.18,0.22,0.21,0.09,0.31,0.13,0.08,0.23,0.13,0.21,0.3,0.21,0.21,0.25,0.07,0.2,0.2,0.23,,0.19,0.19,,0.18,0.18,0.17,0.23,0.2,,0.12,0.18,0.25,0.21,0.19,0.12,0.11,0.22,0.32,0.23,0.11,,0.2,0.2,0.19,0.21,0.09,0.21,0.18,0.22,0.17,0.23,0.15,0.01,0.21,0.23,0.26,0.2,0.33,0.18,0.21,0.12,0.22,0.21,0.01,0.1
"Cuba","Q1 2020",0.18,0.18,0.18,0.2,0.17,0.17,0.2,0.26,0.21,0.21,0.11,0.11,0.18,0.24,0.19,0.19,0.15,0.17,0.21,0.18,0.1,0.18,0.16,0.1,0.19,0.29,0.15,0.2,0.23,0.22,0.22,0.08,,0.23,0.11,0.19,0.09,0.21,0.2,0.18,,0.26,0.19,,0.16,0.19,0.2,0.18,0.29,0.2,0.22,0.19,0.19,0.09,0.18,,0.16,0.12,0.18,0.23,0.18,0.19,0.19,0.17,0.17,0.22,0.2,0.16,0.21,0.08,0.18,0.2,0.18,0.27,,0.19,0.16,0.18,0.19,0.25,0.17,0.21,0.19,0.11,0.11,0.19,0.2,0.29,0.29,0.21,,0.19,0.19,0.1,0.11,0.18,0.2,0.18,0.19,0.18,0.11,0.22,0.1,0.21,0.17,0.2,0.17,0.2,0.11,0.29,0.1,0.17,0.17,0.22,0.19,0.11,0.19,0.01,0.3,,0.19,0.2,0.18,0.2,,0.07,0.1,0.17,0.21,0.2,0.09,0.23,0.11,0.08,0.2,0.12,0.2,0.28,0.2,0.2,0.23,0.07,0.19,0.19,0.21,,0.18,0.18,,0.18,0.18,0.16,0.21,0.19,,0.11,0.17,0.23,0.2,0.18,0.11,0.11,0.21,0.3,0.21,0.1,,0.19,0.19,0.18,0.2,0.08,0.2,0.17,0.2,0.16,0.21,0.14,0.01,0.19,0.22,0.24,0.19,0.31,0.17,0.2,0.11,0.2,0.2,0.01,0.1
"Cuba","Q1 2021",0.17,0.19,0.18,0.2,0.17,0.17,0.2,0.26,0.21,0.22,0.11,0.11,0.19,0.24,0.19,0.2,0.15,0.17,0.21,0.17,0.1,0.18,0.16,0.11,0.2,0.29,0.15,0.2,0.24,0.22,0.23,0.08,,0.3,0.1,0.19,0.09,0.21,0.19,0.18,,0.26,0.19,,0.16,0.19,0.2,0.18,0.23,0.21,0.21,0.19,0.19,0.1,0.18,,0.17,0.12,0.18,0.23,0.18,0.19,0.19,0.17,0.17,0.23,0.2,0.16,0.22,0.1,0.18,0.21,0.18,0.28,,0.18,0.16,0.19,0.19,0.26,0.18,0.22,0.18,0.11,0.18,0.19,0.2,0.3,0.29,0.21,,0.19,0.19,0.1,0.11,0.18,0.2,0.17,0.19,0.18,0.11,0.22,0.11,0.21,0.18,0.21,0.18,0.12,0.11,0.29,0.1,0.17,0.17,0.23,0.2,0.11,0.19,,0.31,,0.19,0.2,0.19,0.2,0.08,0.07,0.1,0.17,0.21,0.21,0.09,0.29,0.12,0.08,0.2,0.11,0.2,0.28,0.2,0.19,0.23,0.07,0.19,0.19,0.21,,0.17,0.18,,0.18,0.18,0.17,0.22,0.2,,0.11,0.17,0.23,0.2,0.18,0.11,0.12,0.21,0.31,0.21,0.1,,0.19,0.19,0.18,0.2,0.09,0.2,0.18,0.2,0.16,0.22,0.14,0.01,0.2,0.22,0.24,0.19,0.31,0.18,0.2,0.11,0.2,0.2,,0.1
"Curacao","Q1 2016",0.17,0.21,0.18,0.22,0.19,0.19,0.21,0.3,0.23,0.23,0.2,0.12,0.21,0.27,0.2,0.22,0.15,0.27,0.22,0.17,0.11,0.11,0.17,0.12,0.21,0.3,0.15,0.22,0.26,0.24,0.24,,,0.32,0.11,0.21,0.09,0.3,0.21,0.21,0.27,,0.2,,0.18,0.2,0.22,0.2,0.32,0.22,0.24,0.19,0.18,0.08,0.19,,0.17,0.2,0.2,0.26,0.19,0.21,0.2,0.19,0.1,0.26,0.22,0.16,0.22,0.08,0.29,0.23,0.19,0.23,,0.2,0.17,0.29,0.29,0.21,0.18,0.23,0.2,0.21,0.11,0.2,0.22,0.26,0.32,0.24,,0.2,0.2,0.11,0.19,0.19,0.23,0.18,0.2,0.19,0.12,0.25,0.11,0.23,0.11,0.2,0.18,0.22,0.12,0.25,0.09,0.17,0.17,0.24,0.2,0.12,0.21,0.09,0.33,,0.22,0.22,0.19,0.22,,0.08,0.1,0.2,0.23,0.22,,0.33,0.13,0.08,0.22,0.13,0.21,0.24,0.28,0.2,0.25,0.07,0.21,0.2,0.24,,0.2,0.29,,0.29,0.18,0.18,0.23,0.21,,0.13,0.19,0.24,0.23,0.2,0.13,0.11,0.23,0.33,0.23,0.12,,0.29,0.21,0.19,0.21,0.09,0.21,0.11,0.31,0.18,0.23,,0.09,0.21,0.23,0.34,0.2,0.35,0.19,0.21,0.12,0.3,0.22,0.09,0.12
"Curacao","Q1 2017",0.1,0.19,0.18,0.19,0.18,0.17,0.19,0.27,0.21,0.2,0.18,0.1,0.19,0.23,0.19,0.19,0.15,0.24,0.2,0.18,0.1,0.1,0.16,0.11,0.19,0.28,0.15,0.2,0.22,0.21,0.21,0.08,,0.29,0.1,0.19,0.08,0.2,0.19,0.19,0.26,,0.18,,0.1,0.18,0.19,0.18,0.22,0.2,0.21,0.18,0.18,0.08,0.17,,0.16,0.19,0.18,0.23,0.17,0.19,0.18,0.18,0.1,0.22,0.19,0.15,0.2,0.08,0.19,0.2,0.18,0.21,,0.18,0.16,0.19,0.26,0.2,0.17,0.21,0.18,0.18,0.11,0.18,0.2,0.23,0.28,0.21,,0.18,0.18,0.1,0.1,0.17,0.2,0.17,0.17,0.17,0.11,0.21,0.1,0.21,0.11,0.19,0.17,0.19,0.1,0.21,0.09,0.09,0.17,0.22,0.18,0.1,0.19,0.08,0.29,,0.19,0.2,0.18,0.2,,0.07,0.11,0.18,0.2,0.2,0.09,0.29,0.11,0.07,0.2,0.12,0.19,0.21,0.19,0.18,0.22,0.01,0.19,0.11,0.21,,0.18,0.18,,0.19,0.17,0.1,0.2,0.19,,0.11,0.18,0.22,0.2,0.18,0.11,0.11,0.2,0.3,0.2,0.1,,0.19,0.19,0.18,0.19,0.09,0.19,0.18,0.27,0.17,0.21,,0.08,0.19,0.21,0.23,0.18,0.3,0.17,0.19,0.11,0.27,0.19,0.08,0.1
"Curacao","Q1 2018",0.1,0.19,0.18,0.2,0.19,0.18,0.21,0.3,0.22,0.21,0.11,0.11,0.21,0.26,0.2,0.21,0.15,0.24,0.22,0.19,0.1,0.11,0.18,0.11,0.2,0.3,0.15,0.21,0.25,0.23,0.23,0.08,,0.31,0.17,0.2,0.09,0.29,0.2,0.2,0.28,,0.19,,0.09,0.19,0.21,0.19,0.31,0.21,0.22,0.2,0.19,0.08,0.18,,0.17,0.2,0.19,0.32,0.19,0.2,0.19,0.18,0.11,0.25,0.2,0.16,0.21,0.08,0.19,0.29,0.18,0.3,,0.19,0.17,0.21,0.2,0.28,0.18,0.22,0.2,0.2,0.19,0.2,0.21,0.25,0.3,0.22,,0.2,0.19,0.11,0.11,0.18,0.2,0.17,0.19,0.18,0.18,0.23,0.11,0.22,0.11,0.29,0.19,0.19,0.18,0.23,0.09,0.09,0.18,0.24,0.19,0.11,0.19,0.08,0.32,,0.2,0.21,0.19,0.2,,0.08,0.11,0.18,0.21,0.21,0.09,0.31,0.12,0.08,0.22,0.12,0.2,0.23,0.21,0.12,0.24,0.07,0.2,0.19,0.23,,0.19,0.2,,0.2,0.18,0.17,0.21,0.2,,0.11,0.18,0.24,0.29,0.19,0.12,0.11,0.21,0.32,0.22,0.11,,0.21,0.2,0.18,0.21,0.09,0.2,0.18,0.22,0.17,0.23,,0.08,0.2,0.22,0.26,0.19,0.33,0.19,0.21,0.12,0.28,0.21,0.08,0.1
"Curacao","Q1 2019",0.16,0.19,0.18,0.21,0.17,0.17,0.22,0.3,0.22,0.22,0.19,0.12,0.2,0.26,0.2,0.21,0.15,0.24,0.22,0.18,0.11,0.11,0.18,0.12,0.21,0.3,0.15,0.29,0.25,0.24,0.24,0.08,,0.31,0.11,0.2,0.09,0.29,0.2,0.19,0.28,,0.2,,0.18,0.2,0.21,0.19,0.31,0.22,0.22,0.2,0.2,0.09,0.19,,0.17,0.13,0.19,0.25,0.18,0.2,0.2,0.18,0.11,0.25,0.21,0.15,0.22,0.08,0.19,0.22,0.18,0.23,,0.19,0.16,0.2,0.28,0.21,0.18,0.22,0.2,0.2,0.12,0.2,0.21,0.25,0.31,0.23,,0.2,0.2,0.01,0.12,0.19,0.21,0.18,0.2,0.2,0.12,0.23,0.11,0.23,0.17,0.21,0.18,0.2,0.11,0.24,0.1,0.09,0.17,0.24,0.2,0.11,0.2,0.08,0.32,,0.21,0.22,0.19,0.21,,0.07,0.1,0.19,0.22,0.21,0.09,0.31,0.13,0.08,0.3,0.13,0.21,0.24,0.21,0.2,0.25,0.01,0.2,0.13,0.23,,0.19,0.19,,0.19,0.19,0.11,0.22,0.2,,0.12,0.18,0.25,0.21,0.19,0.13,0.11,0.22,0.33,0.22,0.11,,0.2,0.2,0.19,0.21,0.09,0.21,0.19,0.22,0.18,0.23,0.15,0.01,0.21,0.23,0.32,0.2,0.33,0.18,0.21,0.12,0.29,0.21,0.01,0.1
"Curacao","Q1 2020",0.18,0.19,0.18,0.2,0.17,0.18,0.21,0.29,0.22,0.22,0.11,0.11,0.19,0.31,0.2,0.2,0.15,0.23,0.22,0.18,0.11,0.18,0.16,0.11,0.2,0.29,0.15,0.21,0.24,0.23,0.23,0.08,,0.3,0.18,0.2,0.09,0.28,0.2,0.12,0.26,,0.19,,0.17,0.19,0.2,0.19,0.3,0.22,0.22,0.19,0.2,0.09,0.19,,0.17,0.12,0.19,0.24,0.18,0.2,0.2,0.17,0.11,0.23,0.2,0.16,0.22,0.08,0.19,0.22,0.18,0.22,,0.19,0.16,0.2,0.27,0.2,0.18,0.22,0.2,0.18,0.12,0.2,0.21,0.24,0.3,0.22,,0.19,0.19,0.1,0.11,0.19,0.2,0.18,0.2,0.19,0.18,0.23,0.11,0.22,0.18,0.21,0.18,0.2,0.18,0.23,0.1,0.1,0.17,0.23,0.19,0.11,0.2,0.01,0.31,,0.2,0.21,0.18,0.21,,0.07,0.1,0.18,0.22,0.21,0.09,0.3,0.12,0.08,0.21,0.12,0.21,0.22,0.2,0.2,0.24,0.07,0.2,0.19,0.22,,0.18,0.18,,0.19,0.18,0.1,0.22,0.2,,0.12,0.18,0.24,0.21,0.12,0.12,0.12,0.21,0.31,0.22,0.11,,0.2,0.2,0.19,0.21,0.09,0.2,0.17,0.22,0.17,0.22,0.15,0.01,0.2,0.22,0.31,0.19,0.32,0.18,0.2,0.11,0.28,0.21,0.01,0.1
"Curacao","Q1 2021",0.17,0.19,0.18,0.2,0.17,0.18,0.21,0.29,0.22,0.22,0.11,0.11,0.2,0.31,0.19,0.2,0.15,0.23,0.22,0.18,0.1,0.18,0.16,0.11,0.2,0.29,0.15,0.21,0.24,0.23,0.24,0.08,,0.31,0.11,0.2,0.09,0.28,0.2,0.12,0.26,,0.2,,0.17,0.2,0.21,0.19,0.3,0.22,0.22,0.19,0.2,0.1,0.19,,0.18,0.12,0.19,0.24,0.18,0.2,0.19,0.17,0.11,0.24,0.21,0.16,0.22,0.1,0.19,0.22,0.18,0.22,,0.18,0.16,0.2,0.26,0.2,0.18,0.22,0.19,0.11,0.19,0.2,0.21,0.24,0.3,0.22,,0.19,0.19,0.1,0.11,0.19,0.2,0.17,0.2,0.19,0.11,0.23,0.11,0.22,0.18,0.22,0.18,0.12,0.11,0.23,0.1,0.1,0.17,0.23,0.2,0.11,0.2,,0.31,,0.2,0.21,0.2,0.21,0.08,0.07,0.1,0.18,0.21,0.21,0.09,0.3,0.12,0.08,0.21,0.12,0.21,0.23,0.2,0.2,0.24,0.07,0.2,0.19,0.22,,0.18,0.18,,0.19,0.18,0.1,0.22,0.2,,0.12,0.18,0.24,0.21,0.12,0.12,0.12,0.21,0.32,0.22,0.1,,0.2,0.2,0.19,0.21,0.09,0.2,0.18,0.22,0.17,0.22,0.15,0.01,0.2,0.22,0.31,0.19,0.32,0.19,0.21,0.11,0.27,0.21,,0.11
"Cyprus","Q1 2016",0.25,0.23,0.11,0.27,0.1,0.18,0.26,0.2,0.28,0.26,0.25,0.13,0.2,0.38,0.2,0.26,0.08,0.11,0.27,0.1,0.11,0.19,0.17,0.13,0.23,0.28,0.08,0.26,0.31,0.29,0.29,,,0.29,0.18,0.26,0.09,0.24,0.25,0.33,0.19,0.2,,,0.19,0.26,0.28,0.18,0.29,0.27,0.37,0.12,0.18,0.08,0.19,,0.17,0.14,0.22,0.38,0.19,0.22,0.21,0.2,0.17,0.38,0.26,0.16,0.36,0.08,0.2,0.21,0.13,0.26,,0.22,0.17,0.21,0.13,0.22,0.18,0.29,0.23,0.26,0.14,0.29,0.35,0.38,0.26,0.29,,0.26,0.23,0.11,0.13,0.19,0.35,0.18,0.3,0.23,0.2,0.31,0.12,0.36,0.11,0.2,0.18,0.26,0.2,0.29,0.09,0.18,0.09,0.3,0.21,0.12,0.25,0.09,0.37,,0.22,0.24,0.12,0.27,,0.08,0.1,0.21,0.29,0.28,,0.3,0.13,0.08,0.26,0.17,0.26,0.36,0.21,0.21,0.31,0.07,0.25,0.26,0.29,,0.11,0.2,,0.2,0.11,0.18,0.29,0.24,,0.13,0.2,0.31,0.21,0.33,0.13,0.11,0.28,0.39,0.28,0.23,,0.21,0.26,0.3,0.26,0.09,0.27,0.11,0.25,0.21,0.36,,0.09,0.27,0.3,0.38,0.22,0.32,0.11,0.26,0.12,0.23,0.28,0.09,0.22
"Cyprus","Q1 2017",0.18,0.23,0.11,0.27,0.11,0.1,0.26,0.18,0.27,0.26,0.21,0.13,0.2,0.38,0.2,0.24,0.08,0.1,0.27,0.11,0.12,0.19,0.17,0.13,0.24,0.28,0.08,0.26,0.31,0.29,0.29,0.08,,0.29,0.17,0.26,0.09,0.23,0.25,0.33,0.2,0.18,,,0.19,0.25,0.27,0.11,0.29,0.27,0.37,0.13,0.21,0.08,0.2,,0.17,0.13,0.21,0.37,0.18,0.22,0.22,0.19,0.18,0.37,0.25,0.16,0.36,0.08,0.11,0.22,0.12,0.26,,0.21,0.17,0.2,0.13,0.22,0.17,0.29,0.23,0.26,0.17,0.29,0.35,0.38,0.28,0.29,,0.26,0.23,0.11,0.13,0.19,0.35,0.18,0.28,0.21,0.19,0.3,0.11,0.29,0.11,0.21,0.19,0.25,0.19,0.28,0.09,0.17,0.1,0.3,0.21,0.12,0.23,0.01,0.37,,0.22,0.26,0.12,0.25,,0.08,0.12,0.2,0.29,0.27,0.09,0.29,0.13,0.08,0.27,0.16,0.26,0.36,0.21,0.25,0.3,0.07,0.25,0.25,0.29,,0.11,0.19,,0.19,0.11,0.18,0.29,0.24,,0.12,0.19,0.31,0.21,0.33,0.12,0.12,0.28,0.38,0.28,0.23,,0.2,0.27,0.3,0.26,0.09,0.26,0.12,0.22,0.18,0.36,,0.02,0.26,0.29,0.38,0.22,0.31,0.11,0.26,0.12,0.22,0.28,0.02,0.11
"Cyprus","Q1 2018",0.17,0.22,0.12,0.25,0.11,0.11,0.25,0.19,0.26,0.25,0.15,0.13,0.2,0.37,0.19,0.25,0.08,0.1,0.26,0.11,0.1,0.19,0.18,0.12,0.23,0.27,0.08,0.25,0.29,0.28,0.28,0.08,,0.27,0.17,0.25,0.09,0.23,0.25,0.24,0.2,0.19,,,0.1,0.24,0.26,0.11,0.27,0.25,0.35,0.13,0.21,0.08,0.19,,0.17,0.14,0.21,0.36,0.19,0.22,0.22,0.18,0.18,0.36,0.24,0.16,0.34,0.08,0.11,0.21,0.12,0.26,,0.2,0.17,0.2,0.12,0.21,0.18,0.27,0.24,0.25,0.24,0.29,0.33,0.36,0.26,0.27,,0.26,0.22,0.1,0.13,0.2,0.33,0.17,0.29,0.23,0.19,0.29,0.11,0.27,0.11,0.21,0.22,0.24,0.18,0.27,0.08,0.16,0.1,0.29,0.21,0.12,0.22,0.01,0.36,,0.21,0.25,0.12,0.25,,0.08,0.11,0.19,0.27,0.26,0.09,0.27,0.12,0.08,0.25,0.16,0.25,0.34,0.2,0.24,0.29,0.07,0.25,0.24,0.28,,0.11,0.19,,0.19,0.11,0.17,0.28,0.25,,0.11,0.2,0.29,0.21,0.31,0.12,0.11,0.26,0.36,0.27,0.14,,0.2,0.26,0.28,0.25,0.09,0.25,0.12,0.23,0.19,0.35,,0.02,0.25,0.28,0.36,0.23,0.3,0.11,0.25,0.12,0.21,0.26,0.02,0.1
"Cyprus","Q1 2019",0.17,0.22,0.12,0.24,0.1,0.1,0.26,0.2,0.27,0.25,0.15,0.13,0.19,0.37,0.2,0.25,0.08,0.1,0.26,0.11,0.12,0.18,0.18,0.13,0.25,0.27,0.08,0.26,0.3,0.28,0.28,0.08,,0.28,0.18,0.24,0.09,0.24,0.25,0.24,0.2,0.2,,,0.18,0.24,0.26,0.18,0.27,0.26,0.35,0.13,0.21,0.09,0.2,,0.17,0.13,0.22,0.37,0.18,0.2,0.22,0.18,0.18,0.36,0.25,0.15,0.35,0.08,0.18,0.21,0.11,0.26,,0.21,0.17,0.2,0.13,0.22,0.18,0.28,0.24,0.24,0.17,0.3,0.34,0.37,0.27,0.27,,0.25,0.24,0.01,0.14,0.2,0.33,0.19,0.29,0.25,0.19,0.29,0.12,0.28,0.1,0.21,0.19,0.24,0.18,0.28,0.1,0.16,0.1,0.29,0.2,0.12,0.22,0.08,0.36,,0.2,0.25,0.11,0.25,,0.07,0.1,0.2,0.27,0.27,0.09,0.27,0.13,0.08,0.26,0.17,0.26,0.35,0.21,0.25,0.3,0.07,0.24,0.24,0.28,,0.11,0.18,,0.18,0.12,0.18,0.28,0.24,,0.13,0.18,0.3,0.21,0.31,0.13,0.11,0.27,0.37,0.28,0.13,,0.2,0.26,0.29,0.26,0.09,0.25,0.12,0.22,0.18,0.35,0.08,0.01,0.26,0.28,0.37,0.24,0.3,0.11,0.25,0.12,0.21,0.27,0.01,0.1
"Cyprus","Q1 2020",0.19,0.23,0.12,0.25,0.1,0.11,0.25,0.19,0.26,0.25,0.12,0.13,0.19,0.37,0.19,0.24,0.08,0.1,0.26,0.11,0.12,0.19,0.16,0.12,0.22,0.28,0.08,0.25,0.3,0.28,0.28,0.08,,0.28,0.18,0.24,0.09,0.26,0.26,0.24,0.19,0.19,,,0.18,0.25,0.26,0.18,0.27,0.26,0.35,0.12,0.21,0.09,0.2,,0.17,0.13,0.22,0.37,0.18,0.22,0.22,0.17,0.18,0.36,0.26,0.16,0.35,0.08,0.18,0.24,0.12,0.25,,0.21,0.16,0.2,0.13,0.13,0.18,0.28,0.24,0.23,0.17,0.28,0.34,0.36,0.27,0.27,,0.24,0.23,0.1,0.14,0.21,0.33,0.19,0.3,0.22,0.19,0.29,0.12,0.27,0.11,0.23,0.19,0.24,0.18,0.27,0.1,0.18,0.1,0.29,0.21,0.13,0.22,0.01,0.36,,0.2,0.25,0.12,0.25,,0.07,0.11,0.2,0.28,0.27,0.09,0.28,0.13,0.08,0.25,0.16,0.26,0.35,0.2,0.25,0.3,0.07,0.24,0.24,0.28,,0.11,0.18,,0.18,0.12,0.17,0.28,0.24,,0.13,0.18,0.3,0.21,0.31,0.12,0.12,0.27,0.37,0.28,0.12,,0.2,0.26,0.28,0.26,0.09,0.25,0.11,0.23,0.18,0.35,0.08,0.01,0.25,0.28,0.37,0.23,0.3,0.11,0.25,0.12,0.2,0.26,0.01,0.11
"Cyprus","Q1 2021",0.17,0.22,0.12,0.24,0.1,0.11,0.25,0.2,0.26,0.25,0.15,0.13,0.2,0.36,0.19,0.25,0.08,0.1,0.26,0.1,0.11,0.19,0.16,0.12,0.24,0.27,0.08,0.24,0.3,0.27,0.28,0.08,,0.27,0.11,0.24,0.09,0.26,0.25,0.24,0.19,0.2,,,0.18,0.24,0.25,0.18,0.27,0.26,0.35,0.13,0.21,0.1,0.2,,0.18,0.13,0.22,0.36,0.18,0.22,0.21,0.17,0.18,0.36,0.26,0.16,0.35,0.1,0.18,0.24,0.12,0.25,,0.18,0.16,0.2,0.13,0.13,0.18,0.28,0.16,0.15,0.16,0.29,0.34,0.36,0.26,0.26,,0.25,0.23,0.1,0.13,0.2,0.33,0.17,0.29,0.22,0.11,0.29,0.11,0.27,0.11,0.24,0.19,0.15,0.11,0.27,0.1,0.17,0.1,0.28,0.24,0.12,0.22,,0.36,,0.21,0.25,0.21,0.25,0.08,0.07,0.1,0.2,0.27,0.27,0.09,0.27,0.14,0.08,0.25,0.15,0.26,0.35,0.2,0.25,0.29,0.07,0.23,0.25,0.27,,0.1,0.18,,0.18,0.12,0.17,0.28,0.24,,0.12,0.18,0.29,0.21,0.31,0.12,0.19,0.27,0.37,0.27,0.12,,0.2,0.25,0.28,0.26,0.09,0.25,0.12,0.22,0.17,0.35,0.08,0.01,0.25,0.28,0.37,0.23,0.3,0.11,0.25,0.12,0.12,0.25,,0.11
"Dem. People's Rep. of Korea","Q1 2016",,,,,,,,,,,,,,,,,,,,,,,,,,,,,,,,,,,,,,,,,,,,,,,,,,,,,,,,,,,,,,,,,,,,,,,,,,,,,,,,,,,,,,,,,,,,,,,,,,,,,,,,,,,,,,,,,,,,,,,,,,,,,,,,,,,,,,,,,,,,,,,,,,,,,,,,,,,,,,,,,,,,,,,,,,,,,,,,,,,,,,,,,,,,,,,
"Dem. People's Rep. of Korea","Q1 2017",,,,,,,,,,,,,,,,,,,,,,,,,,,,,,,,,,,,,,,,,,,,,,,,,,,,,,,,,,,,,,,,,,,,,,,,,,,,,,,,,,,,,,,,,,,,,,,,,,,,,,,,,,,,,,,,,,,,,,,,,,,,,,,,,,,,,,,,,,,,,,,,,,,,,,,,,,,,,,,,,,,,,,,,,,,,,,,,,,,,,,,,,,,,,,,
"Dem. People's Rep. of Korea","Q1 2018",,,,,,,,,,,,,,,,,,,,,,,,,,,,,,,,,,,,,,,,,,,,,,,,,,,,,,,,,,,,,,,,,,,,,,,,,,,,,,,,,,,,,,,,,,,,,,,,,,,,,,,,,,,,,,,,,,,,,,,,,,,,,,,,,,,,,,,,,,,,,,,,,,,,,,,,,,,,,,,,,,,,,,,,,,,,,,,,,,,,,,,,,,,,,,,
"Dem. People's Rep. of Korea","Q1 2019",,,,,,,,,,,,,,,,,,,,,,,,,,,,,,,,,,,,,,,,,,,,,,,,,,,,,,,,,,,,,,,,,,,,,,,,,,,,,,,,,,,,,,,,,,,,,,,,,,,,,,,,,,,,,,,,,,,,,,,,,,,,,,,,,,,,,,,,,,,,,,,,,,,,,,,,,,,,,,,,,,,,,,,,,,,,,,,,,,,,,,,,,,,,,,,
"Dem. People's Rep. of Korea","Q1 2020",,,,,,,,,,,,,,,,,,,,,,,,,,,,,,,,,,,,,,,,,,,,,,,,,,,,,,,,,,,,,,,,,,,,,,,,,,,,,,,,,,,,,,,,,,,,,,,,,,,,,,,,,,,,,,,,,,,,,,,,,,,,,,,,,,,,,,,,,,,,,,,,,,,,,,,,,,,,,,,,,,,,,,,,,,,,,,,,,,,,,,,,,,,,,,,
"Dem. People's Rep. of Korea","Q1 2021",,,,,,,,,,,,,,,,,,,,,,,,,,,,,,,,,,,,,,,,,,,,,,,,,,,,,,,,,,,,,,,,,,,,,,,,,,,,,,,,,,,,,,,,,,,,,,,,,,,,,,,,,,,,,,,,,,,,,,,,,,,,,,,,,,,,,,,,,,,,,,,,,,,,,,,,,,,,,,,,,,,,,,,,,,,,,,,,,,,,,,,,,,,,,,,
"Dem. Rep. of the Congo","Q1 2016",0.1,0.19,0.11,0.28,0.1,0.17,0.19,0.18,0.2,0.2,0.19,0.11,0.19,0.31,0.17,0.21,0.08,0.1,0.2,0.09,0.1,0.11,0.16,0.11,0.27,0.21,0.08,0.19,0.23,0.22,0.21,,,0.21,0.17,0.28,0.09,0.2,0.21,0.12,0.18,0.18,0.19,,,0.19,0.2,0.18,0.21,0.19,0.21,0.11,0.25,0.08,0.18,,0.16,0.12,0.19,0.3,0.17,0.19,0.27,0.18,0.09,0.23,0.21,0.08,0.2,0.08,0.19,0.19,0.11,0.19,,0.2,0.16,0.19,0.12,0.19,0.17,0.22,0.18,0.2,0.1,0.19,0.2,0.23,0.2,0.22,,0.19,0.2,0.1,0.11,0.18,0.2,0.17,0.19,0.18,0.18,0.23,0.1,0.21,0.11,0.18,0.17,0.2,0.18,0.22,0.09,0.09,0.09,0.22,0.19,0.11,0.27,0.08,0.23,,0.19,0.2,0.1,0.29,,0.07,0.1,0.19,0.21,0.2,,0.21,0.11,0.07,0.2,0.12,0.2,0.29,0.18,0.18,0.22,0.07,0.2,0.18,0.22,,0.1,0.19,,0.19,0.11,0.25,0.21,0.2,,0.18,0.18,0.23,0.19,0.12,0.11,0.1,0.29,0.24,0.21,0.11,,0.19,0.19,0.18,0.2,0.09,0.21,0.11,0.2,0.18,0.2,,0.09,0.19,0.22,0.3,0.19,0.24,0.1,0.19,0.11,0.19,0.2,0.09,0.1
"Dem. Rep. of the Congo","Q1 2017",0.1,0.19,0.11,0.28,0.1,0.1,0.19,0.1,0.2,0.2,0.18,0.11,0.19,0.3,0.17,0.2,0.08,0.09,0.2,0.1,0.1,0.11,0.16,0.11,0.28,0.21,0.08,0.19,0.23,0.22,0.21,0.08,,0.21,0.16,0.27,0.08,0.19,0.21,0.12,0.18,0.1,0.19,,,0.19,0.19,0.1,0.21,0.19,0.21,0.11,0.19,0.08,0.18,,0.16,0.11,0.18,0.3,0.17,0.19,0.27,0.17,0.1,0.23,0.21,0.08,0.2,0.08,0.11,0.19,0.11,0.2,,0.19,0.16,0.19,0.11,0.19,0.16,0.22,0.18,0.19,0.11,0.18,0.2,0.22,0.2,0.21,,0.19,0.19,0.1,0.1,0.17,0.2,0.1,0.18,0.18,0.18,0.22,0.1,0.2,0.1,0.18,0.17,0.2,0.17,0.21,0.09,0.09,0.1,0.22,0.18,0.11,0.27,0.01,0.22,,0.19,0.19,0.1,0.28,,0.07,0.1,0.18,0.2,0.2,0.09,0.21,0.11,0.07,0.2,0.12,0.2,0.28,0.19,0.18,0.22,0,0.19,0.11,0.21,,0.11,0.18,,0.18,0.1,0.25,0.21,0.2,,0.1,0.17,0.23,0.19,0.12,0.11,0.1,0.28,0.23,0.22,0.1,,0.19,0.19,0.18,0.19,0.09,0.21,0.11,0.2,0.1,0.21,,0.01,0.11,0.21,0.3,0.19,0.23,0.1,0.19,0.1,0.19,0.2,0.01,0.09
"Dem. Rep. of the Congo","Q1 2018",0.08,0.1,0.09,0.17,0.09,0.09,0.17,0.09,0.1,0.16,0.09,0.09,0.1,0.19,0.09,0.18,0.08,0.08,0.17,0.09,0.09,0.09,0.16,0.09,0.17,0.11,0.07,0.1,0.19,0.18,0.18,0.07,,0.11,0.08,0.24,0.01,0.1,0.17,0.1,0.09,0.09,0.1,,,0.1,0.17,0.09,0.11,0.1,0.18,0.09,0.17,0.08,0.09,,0.08,0.1,0.09,0.19,0.09,0.1,0.23,0.09,0.09,0.18,0.17,0.08,0.1,0.01,0.09,0.1,0.09,0.1,,0.09,0.08,0.1,0.09,0.1,0.09,0.18,0.1,0.1,0.1,0.1,0.1,0.18,0.11,0.18,,0.1,0.17,0.09,0.09,0.09,0.1,0.09,0.1,0.09,0.16,0.18,0.09,0.1,0.09,0.1,0.09,0.16,0.09,0.17,0.08,0.08,0.08,0.18,0.17,0.09,0.23,0.01,0.18,,0.1,0.1,0.09,0.18,,0.01,0.09,0.09,0.17,0.17,0.08,0.11,0.1,0.07,0.1,0.1,0.1,0.18,0.1,0.1,0.18,0,0.17,0.1,0.11,,0.09,0.09,,0.09,0.09,0.15,0.17,0.17,,0.09,0.09,0.19,0.1,0.1,0.1,0.08,0.24,0.19,0.18,0.09,,0.1,0.1,0.09,0.1,0.08,0.17,0.09,0.1,0.09,0.18,,0.01,0.1,0.18,0.19,0.17,0.19,0.09,0.17,0.09,0.1,0.1,0.01,0.08
"Dem. Rep. of the Congo","Q1 2019",0.16,0.18,0.1,0.27,0.1,0.1,0.19,0.18,0.2,0.19,0.1,0.1,0.18,0.3,0.17,0.2,0.08,0.09,0.2,0.1,0.1,0.1,0.25,0.1,0.27,0.2,0.08,0.19,0.22,0.2,0.21,0.08,,0.21,0.17,0.27,0.09,0.19,0.19,0.11,0.18,0.18,0.18,,,0.18,0.19,0.17,0.2,0.19,0.2,0.1,0.26,0.09,0.17,,0.16,0.11,0.18,0.3,0.17,0.18,0.27,0.16,0.1,0.21,0.2,0.15,0.2,0.08,0.17,0.19,0.1,0.19,,0.18,0.16,0.18,0.11,0.18,0.17,0.2,0.18,0.18,0.11,0.18,0.19,0.22,0.2,0.2,,0.18,0.18,0.01,0.1,0.17,0.19,0.17,0.18,0.19,0.17,0.22,0.1,0.2,0.09,0.18,0.25,0.19,0.17,0.21,0.09,0.09,0.1,0.22,0.18,0.1,0.19,0.08,0.22,,0.18,0.19,0.1,0.2,,0.07,0.1,0.26,0.2,0.19,0.09,0.2,0.11,0.08,0.19,0.11,0.2,0.28,0.18,0.18,0.22,0.01,0.18,0.11,0.21,,0.11,0.17,,0.17,0.11,0.25,0.2,0.19,,0.1,0.16,0.22,0.19,0.11,0.11,0.1,0.2,0.3,0.21,0.1,,0.18,0.19,0.18,0.19,0.09,0.2,0.11,0.19,0.17,0.2,0.08,0.01,0.18,0.2,0.3,0.18,0.23,0.1,0.19,0.1,0.19,0.19,0.01,0.09
"Dem. Rep. of the Congo","Q1 2020",0.16,0.18,0.11,0.26,0.09,0.1,0.19,0.17,0.19,0.18,0.1,0.1,0.18,0.29,0.17,0.19,0.08,0.09,0.19,0.1,0.1,0.16,0.15,0.1,0.26,0.2,0.08,0.18,0.21,0.2,0.2,0.08,,0.2,0.17,0.26,0.09,0.19,0.2,0.11,0.16,0.17,0.18,,,0.18,0.19,0.17,0.2,0.19,0.2,0.1,0.25,0.09,0.18,,0.16,0.11,0.18,0.21,0.16,0.18,0.26,0.16,0.09,0.2,0.19,0.15,0.19,0.08,0.17,0.18,0.1,0.19,,0.18,0.15,0.18,0.1,0.11,0.16,0.2,0.18,0.17,0.11,0.18,0.19,0.2,0.2,0.2,,0.18,0.18,0.09,0.1,0.17,0.19,0.16,0.18,0.18,0.17,0.21,0.09,0.19,0.1,0.17,0.17,0.18,0.16,0.2,0.09,0.09,0.09,0.21,0.18,0.11,0.18,0.01,0.21,,0.18,0.18,0.1,0.2,,0.07,0.1,0.26,0.19,0.19,0.09,0.2,0.11,0.08,0.18,0.11,0.19,0.2,0.18,0.18,0.21,0.07,0.18,0.18,0.2,,0.1,0.17,,0.17,0.11,0.16,0.2,0.19,,0.1,0.16,0.21,0.19,0.11,0.1,0.1,0.2,0.29,0.2,0.1,,0.18,0.19,0.18,0.19,0.08,0.19,0.1,0.19,0.17,0.2,0.07,0.01,0.18,0.2,0.29,0.18,0.22,0.1,0.18,0.1,0.18,0.19,0.01,0.09
"Dem. Rep. of the Congo","Q1 2021",0.16,0.18,0.1,0.25,0.09,0.1,0.18,0.17,0.19,0.18,0.1,0.1,0.18,0.28,0.16,0.19,0.08,0.09,0.19,0.1,0.09,0.16,0.15,0.1,0.19,0.19,0.08,0.18,0.21,0.19,0.2,0.08,,0.19,0.09,0.25,0.08,0.18,0.19,0.1,0.16,0.17,0.18,,,0.18,0.18,0.17,0.19,0.18,0.19,0.1,0.25,0.08,0.17,,0.16,0.11,0.18,0.21,0.16,0.17,0.25,0.16,0.09,0.2,0.19,0.15,0.19,0.09,0.17,0.18,0.09,0.18,,0.16,0.15,0.18,0.1,0.1,0.16,0.19,0.1,0.1,0.1,0.18,0.18,0.2,0.19,0.19,,0.18,0.18,0.09,0.1,0.17,0.18,0.16,0.18,0.17,0.09,0.2,0.09,0.19,0.1,0.18,0.17,0.1,0.09,0.2,0.09,0.09,0.09,0.2,0.18,0.1,0.18,,0.2,,0.18,0.18,0.17,0.19,0.08,0.07,0.09,0.25,0.19,0.19,0.08,0.19,0.1,0.08,0.18,0.1,0.19,0.2,0.17,0.18,0.2,0.07,0.17,0.17,0.19,,0.1,0.17,,0.17,0.1,0.16,0.19,0.18,,0.1,0.16,0.21,0.18,0.1,0.1,0.1,0.19,0.28,0.19,0.09,,0.18,0.18,0.17,0.19,0.09,0.19,0.1,0.18,0.16,0.19,0.07,0.01,0.18,0.2,0.28,0.18,0.21,0.1,0.18,0.1,0.1,0.18,,0.09
"Denmark","Q1 2016",0.17,0.23,0.19,0.3,0.11,0.18,0.3,0.2,0.28,0.28,0.27,0.21,0.2,0.49,0.2,0.26,0.08,0.11,0.31,0.1,0.19,0.18,0.18,0.2,0.24,0.33,0.08,0.3,0.48,0.4,0.35,,,0.35,0.18,0.29,0.09,0.24,0.27,0.3,0.19,0.2,0.26,,0.19,,0.32,0.18,0.29,0.3,0.37,0.12,0.19,0.08,0.27,,0.24,0.21,0.31,0.41,0.19,0.22,0.21,0.2,0.1,0.49,0.27,0.16,0.35,0.22,0.2,0.21,0.2,0.26,,0.22,0.18,0.21,0.14,0.22,0.25,0.32,0.25,0.33,0.14,0.22,0.33,0.38,0.27,0.37,,0.3,0.23,0.18,0.13,0.27,0.35,0.19,0.22,0.31,0.2,0.48,0.19,0.38,0.18,0.2,0.18,0.3,0.2,0.35,0.16,0.17,0.1,0.46,0.21,0.21,0.29,0.09,0.49,,0.23,0.26,0.12,0.28,,0.08,0.17,0.29,0.35,0.31,,0.35,0.2,0.08,0.3,0.25,0.45,0.42,0.21,0.22,0.47,0.07,0.25,0.28,0.43,,0.11,0.2,,0.2,0.19,0.18,0.36,0.25,,0.2,0.2,0.48,0.21,0.3,0.2,0.12,0.33,0.48,0.36,0.25,,0.21,0.45,0.22,0.3,0.16,0.32,0.18,0.26,0.2,0.35,,0.09,0.29,0.39,0.49,0.23,0.42,0.11,0.3,0.19,0.22,0.36,0.09,0.23
"Denmark","Q1 2017",0.11,0.22,0.19,0.3,0.11,0.1,0.3,0.18,0.29,0.28,0.21,0.2,0.2,0.49,0.2,0.25,0.08,0.1,0.31,0.11,0.19,0.19,0.17,0.2,0.25,0.34,0.08,0.32,0.48,0.4,0.35,0.15,,0.34,0.17,0.29,0.09,0.23,0.26,0.3,0.2,0.18,0.25,,0.19,,0.32,0.11,0.32,0.29,0.36,0.13,0.21,0.08,0.28,,0.24,0.21,0.29,0.41,0.18,0.22,0.22,0.18,0.17,0.48,0.26,0.09,0.36,0.21,0.11,0.21,0.2,0.26,,0.21,0.16,0.2,0.13,0.22,0.25,0.34,0.25,0.28,0.25,0.21,0.33,0.37,0.3,0.37,,0.31,0.23,0.18,0.13,0.2,0.34,0.11,0.2,0.28,0.2,0.47,0.19,0.37,0.18,0.2,0.19,0.3,0.18,0.34,0.16,0.1,0.1,0.4,0.2,0.21,0.24,0.08,0.48,,0.22,0.31,0.12,0.27,,0.08,0.19,0.27,0.39,0.3,0.16,0.34,0.2,0.08,0.32,0.25,0.45,0.43,0.21,0.26,0.47,0.07,0.28,0.28,0.38,,0.11,0.19,,0.19,0.18,0.18,0.37,0.24,,0.19,0.19,0.47,0.21,0.31,0.2,0.12,0.33,0.41,0.39,0.24,,0.2,0.45,0.23,0.3,0.16,0.31,0.19,0.22,0.18,0.37,,0.08,0.29,0.39,0.49,0.22,0.4,0.11,0.3,0.19,0.21,0.34,0.08,0.11
"Denmark","Q1 2018",0.1,0.21,0.19,0.28,0.11,0.11,0.31,0.19,0.28,0.29,0.29,0.21,0.2,0.44,0.2,0.26,0.08,0.1,0.31,0.11,0.18,0.19,0.18,0.2,0.24,0.35,0.08,0.32,0.49,0.41,0.35,0.15,,0.34,0.1,0.28,0.09,0.23,0.26,0.3,0.2,0.19,0.24,,0.1,,0.31,0.11,0.32,0.3,0.38,0.14,0.21,0.08,0.27,,0.24,0.21,0.29,0.42,0.18,0.22,0.21,0.18,0.18,0.5,0.25,0.09,0.39,0.21,0.11,0.21,0.19,0.27,,0.2,0.17,0.2,0.13,0.22,0.25,0.34,0.29,0.32,0.27,0.21,0.34,0.39,0.31,0.35,,0.31,0.22,0.18,0.13,0.27,0.35,0.17,0.22,0.31,0.19,0.48,0.19,0.37,0.19,0.21,0.22,0.29,0.12,0.34,0.15,0.09,0.1,0.48,0.21,0.21,0.23,0.08,0.5,,0.22,0.29,0.13,0.26,,0.08,0.18,0.27,0.4,0.3,0.16,0.34,0.2,0.08,0.32,0.25,0.46,0.41,0.14,0.31,0.48,0.07,0.27,0.29,0.39,,0.12,0.19,,0.19,0.18,0.17,0.37,0.25,,0.19,0.2,0.49,0.21,0.31,0.2,0.11,0.33,0.43,0.4,0.21,,0.2,0.47,0.21,0.31,0.16,0.32,0.19,0.22,0.19,0.36,,0.08,0.3,0.4,0.5,0.22,0.38,0.11,0.31,0.19,0.21,0.33,0.08,0.1
"Denmark","Q1 2019",0.1,0.21,0.19,0.27,0.1,0.1,0.3,0.2,0.29,0.28,0.27,0.2,0.19,0.49,0.2,0.25,0.08,0.1,0.3,0.11,0.19,0.18,0.18,0.2,0.27,0.34,0.08,0.31,0.48,0.4,0.4,0.15,,0.34,0.18,0.27,0.09,0.23,0.25,0.3,0.2,0.2,0.24,,0.18,,0.31,0.18,0.32,0.3,0.4,0.13,0.22,0.09,0.28,,0.24,0.2,0.3,0.42,0.18,0.21,0.22,0.11,0.18,0.49,0.25,0.15,0.39,0.21,0.18,0.21,0.19,0.26,,0.21,0.16,0.2,0.13,0.22,0.25,0.33,0.3,0.24,0.27,0.22,0.33,0.38,0.31,0.37,,0.31,0.26,0.08,0.21,0.21,0.35,0.12,0.21,0.34,0.19,0.47,0.19,0.36,0.17,0.21,0.19,0.31,0.18,0.33,0.17,0.09,0.1,0.41,0.2,0.19,0.23,0.08,0.49,,0.21,0.28,0.12,0.26,,0.07,0.17,0.28,0.39,0.3,0.16,0.33,0.21,0.08,0.32,0.25,0.46,0.47,0.21,0.31,0.48,0.07,0.24,0.28,0.39,,0.12,0.18,,0.18,0.19,0.18,0.37,0.23,,0.2,0.11,0.48,0.21,0.3,0.2,0.12,0.33,0.42,0.4,0.13,,0.2,0.46,0.2,0.33,0.16,0.32,0.19,0.22,0.18,0.35,0.08,0.08,0.29,0.39,0.49,0.26,0.4,0.11,0.3,0.19,0.21,0.36,0.08,0.1
"Denmark","Q1 2020",0.11,0.21,0.19,0.31,0.1,0.11,0.31,0.19,0.29,0.29,0.12,0.2,0.19,0.49,0.19,0.25,0.08,0.1,0.31,0.11,0.19,0.19,0.16,0.2,0.23,0.35,0.08,0.32,0.48,0.4,0.4,0.15,,0.35,0.18,0.3,0.09,0.26,0.26,0.31,0.19,0.19,0.25,,0.18,,0.31,0.18,0.32,0.32,0.39,0.12,0.21,0.1,0.28,,0.24,0.2,0.3,0.42,0.18,0.22,0.23,0.17,0.18,0.49,0.33,0.16,0.4,0.21,0.19,0.24,0.2,0.26,,0.21,0.16,0.2,0.13,0.14,0.25,0.34,0.32,0.23,0.3,0.21,0.35,0.4,0.31,0.37,,0.31,0.23,0.18,0.21,0.22,0.36,0.18,0.22,0.3,0.19,0.48,0.19,0.39,0.18,0.23,0.19,0.31,0.18,0.35,0.17,0.11,0.1,0.47,0.21,0.2,0.23,0.08,0.49,,0.21,0.29,0.12,0.26,,0.07,0.18,0.28,0.38,0.33,0.16,0.34,0.2,0.08,0.32,0.24,0.46,0.42,0.21,0.31,0.48,0.07,0.27,0.28,0.36,,0.11,0.18,,0.19,0.19,0.17,0.4,0.24,,0.2,0.18,0.48,0.21,0.32,0.2,0.13,0.34,0.42,0.39,0.12,,0.2,0.46,0.21,0.33,0.16,0.32,0.18,0.23,0.17,0.37,0.08,0.08,0.29,0.4,0.5,0.23,0.4,0.11,0.31,0.19,0.2,0.34,0.08,0.12
"Denmark","Q1 2021",0.1,0.22,0.19,0.27,0.1,0.11,0.31,0.2,0.3,0.3,0.28,0.2,0.2,0.49,0.19,0.26,0.08,0.1,0.31,0.11,0.18,0.19,0.16,0.2,0.25,0.35,0.08,0.32,0.49,0.4,0.4,0.15,,0.35,0.11,0.27,0.09,0.26,0.26,0.31,0.19,0.2,0.24,,0.18,,0.31,0.18,0.32,0.32,0.4,0.13,0.21,0.11,0.28,,0.25,0.2,0.3,0.42,0.18,0.22,0.21,0.18,0.18,0.49,0.34,0.16,0.4,0.24,0.19,0.25,0.19,0.29,,0.18,0.16,0.2,0.13,0.14,0.26,0.35,0.25,0.29,0.31,0.21,0.35,0.41,0.31,0.39,,0.31,0.23,0.18,0.13,0.21,0.36,0.18,0.21,0.3,0.11,0.48,0.18,0.39,0.18,0.24,0.19,0.3,0.11,0.34,0.17,0.1,0.1,0.47,0.24,0.2,0.23,,0.49,,0.21,0.29,0.21,0.26,0.09,0.07,0.18,0.28,0.39,0.34,0.16,0.35,0.21,0.08,0.32,0.23,0.46,0.45,0.21,0.33,0.48,0.07,0.26,0.29,0.36,,0.11,0.18,,0.19,0.19,0.17,0.4,0.24,,0.19,0.18,0.48,0.21,0.32,0.2,0.13,0.34,0.42,0.4,0.12,,0.2,0.46,0.21,0.38,0.16,0.33,0.19,0.22,0.17,0.38,0.08,0.08,0.29,0.4,0.5,0.23,0.42,0.11,0.31,0.19,0.13,0.38,,0.11
"Djibouti","Q1 2016",0.18,0.25,0.2,0.34,0.18,0.19,0.33,0.21,0.39,0.31,0.36,0.23,0.21,0.49,0.21,0.3,0.15,0.19,0.33,0.18,0.2,0.19,0.18,0.22,0.26,0.37,0.16,0.32,0.49,0.45,0.38,,,0.37,0.2,0.32,0.1,0.26,0.28,0.32,0.21,0.22,0.28,,0.2,0.32,,0.2,0.32,0.32,0.46,0.2,0.2,0.22,0.21,,0.18,0.23,0.25,0.48,0.2,0.24,0.23,0.21,0.18,0.48,0.3,0.17,0.36,0.09,0.21,0.23,0.22,0.28,,0.23,0.18,0.23,0.22,0.23,0.19,0.45,0.27,0.41,0.22,0.23,0.35,0.48,0.3,0.45,,0.4,0.34,0.19,0.22,0.21,0.42,0.2,0.32,0.24,0.23,0.48,0.2,0.44,0.2,0.21,0.19,0.41,0.23,0.37,0.17,0.18,0.17,0.44,0.32,0.22,0.31,0.16,0.47,,0.26,0.28,0.2,0.31,,0.15,0.18,0.24,0.46,0.43,,0.37,0.23,0.08,0.33,0.27,0.32,0.36,0.22,0.31,0.47,0.08,0.29,0.3,0.38,,0.19,0.21,,0.21,0.2,0.19,0.47,0.26,,0.23,0.21,0.48,0.23,0.33,0.22,0.27,0.44,0.49,0.45,0.35,,0.23,0.33,0.24,0.42,0.16,0.35,0.2,0.28,0.22,0.36,,0.1,0.32,0.47,0.48,0.34,0.48,0.19,0.32,0.21,0.24,0.43,0.1,0.32
"Djibouti","Q1 2017",0.18,0.24,0.2,0.32,0.19,0.18,0.32,0.19,0.4,0.31,0.3,0.21,0.22,0.49,0.21,0.28,0.15,0.17,0.32,0.19,0.19,0.2,0.17,0.21,0.27,0.37,0.16,0.34,0.48,0.39,0.45,0.16,,0.37,0.18,0.31,0.09,0.25,0.28,0.33,0.21,0.19,0.27,,0.19,0.32,,0.19,0.35,0.31,0.46,0.21,0.23,0.22,0.21,,0.18,0.23,0.23,0.47,0.19,0.24,0.24,0.2,0.18,0.47,0.29,0.16,0.36,0.08,0.19,0.23,0.21,0.28,,0.22,0.17,0.22,0.21,0.24,0.18,0.46,0.26,0.38,0.28,0.23,0.36,0.47,0.33,0.39,,0.41,0.26,0.19,0.21,0.2,0.36,0.19,0.21,0.22,0.22,0.47,0.2,0.38,0.19,0.23,0.2,0.4,0.2,0.36,0.1,0.17,0.18,0.45,0.23,0.21,0.26,0.08,0.47,,0.24,0.33,0.2,0.29,,0.08,0.2,0.22,0.46,0.41,0.17,0.37,0.22,0.08,0.34,0.26,0.42,0.37,0.23,0.35,0.4,0.08,0.31,0.3,0.35,,0.19,0.2,,0.21,0.19,0.19,0.46,0.26,,0.21,0.2,0.47,0.23,0.33,0.21,0.27,0.37,0.48,0.45,0.32,,0.21,0.34,0.24,0.4,0.16,0.33,0.2,0.24,0.19,0.44,,0.09,0.37,0.46,0.48,0.26,0.48,0.19,0.32,0.2,0.23,0.36,0.09,0.26
"Djibouti","Q1 2018",0.17,0.24,0.2,0.3,0.19,0.19,0.33,0.21,0.31,0.32,0.29,0.22,0.21,0.47,0.21,0.29,0.15,0.17,0.34,0.19,0.18,0.2,0.19,0.2,0.26,0.36,0.16,0.33,0.47,0.38,0.38,0.15,,0.36,0.18,0.3,0.09,0.26,0.27,0.32,0.21,0.21,0.26,,0.17,0.31,,0.19,0.35,0.32,0.45,0.21,0.23,0.22,0.2,,0.17,0.23,0.23,0.46,0.2,0.23,0.23,0.19,0.19,0.4,0.28,0.16,0.44,0.08,0.19,0.23,0.2,0.29,,0.22,0.18,0.22,0.21,0.24,0.18,0.45,0.31,0.41,0.3,0.23,0.36,0.47,0.34,0.36,,0.42,0.33,0.18,0.22,0.2,0.35,0.18,0.32,0.24,0.21,0.47,0.2,0.44,0.19,0.23,0.24,0.31,0.2,0.35,0.09,0.17,0.18,0.46,0.3,0.22,0.25,0.08,0.46,,0.24,0.31,0.2,0.29,,0.08,0.18,0.2,0.45,0.42,0.17,0.36,0.21,0.08,0.33,0.27,0.33,0.36,0.22,0.39,0.4,0.08,0.3,0.31,0.35,,0.2,0.21,,0.2,0.19,0.18,0.46,0.28,,0.21,0.21,0.47,0.23,0.32,0.21,0.26,0.43,0.47,0.45,0.3,,0.22,0.33,0.23,0.4,0.16,0.33,0.2,0.24,0.21,0.45,,0.09,0.39,0.46,0.47,0.33,0.47,0.19,0.33,0.2,0.22,0.36,0.09,0.24
"Djibouti","Q1 2019",0.18,0.23,0.2,0.28,0.18,0.18,0.32,0.21,0.32,0.31,0.29,0.22,0.21,0.46,0.21,0.28,0.15,0.17,0.33,0.19,0.2,0.19,0.19,0.21,0.29,0.36,0.16,0.33,0.46,0.37,0.44,0.15,,0.36,0.2,0.29,0.09,0.25,0.27,0.3,0.21,0.21,0.26,,0.19,0.31,,0.19,0.35,0.32,0.44,0.21,0.23,0.24,0.21,,0.18,0.21,0.23,0.46,0.19,0.22,0.23,0.19,0.19,0.45,0.28,0.16,0.36,0.08,0.19,0.23,0.2,0.29,,0.22,0.17,0.22,0.21,0.23,0.19,0.44,0.31,0.35,0.29,0.24,0.35,0.46,0.34,0.35,,0.4,0.37,0.09,0.23,0.21,0.34,0.2,0.31,0.28,0.2,0.45,0.2,0.37,0.18,0.22,0.2,0.32,0.2,0.35,0.17,0.16,0.18,0.44,0.29,0.2,0.25,0.09,0.45,,0.23,0.3,0.19,0.28,,0.07,0.18,0.21,0.43,0.41,0.17,0.35,0.22,0.08,0.33,0.27,0.33,0.36,0.22,0.34,0.39,0.08,0.27,0.31,0.35,,0.2,0.19,,0.19,0.2,0.19,0.45,0.25,,0.22,0.19,0.46,0.23,0.31,0.21,0.27,0.43,0.47,0.44,0.27,,0.22,0.32,0.23,0.35,0.16,0.32,0.2,0.24,0.19,0.44,0.15,0.09,0.39,0.45,0.46,0.37,0.46,0.18,0.32,0.2,0.23,0.35,0.09,0.24
"Djibouti","Q1 2020",0.19,0.23,0.2,0.32,0.18,0.18,0.31,0.2,0.31,0.32,0.21,0.21,0.2,0.45,0.2,0.27,0.15,0.17,0.33,0.19,0.2,0.2,0.17,0.2,0.24,0.36,0.15,0.32,0.46,0.37,0.44,0.15,,0.36,0.2,0.31,0.1,0.27,0.27,0.3,0.2,0.2,0.26,,0.19,0.31,,0.19,0.33,0.33,0.44,0.2,0.22,0.17,0.21,,0.17,0.21,0.23,0.45,0.19,0.23,0.23,0.18,0.19,0.38,0.34,0.17,0.36,0.08,0.2,0.26,0.2,0.27,,0.22,0.17,0.21,0.21,0.21,0.19,0.44,0.32,0.26,0.31,0.22,0.35,0.46,0.33,0.36,,0.39,0.33,0.18,0.22,0.21,0.34,0.2,0.31,0.23,0.21,0.45,0.2,0.36,0.19,0.25,0.19,0.33,0.2,0.36,0.17,0.18,0.18,0.44,0.31,0.21,0.25,0.08,0.45,,0.22,0.3,0.19,0.28,,0.07,0.18,0.21,0.44,0.42,0.17,0.35,0.21,0.09,0.32,0.24,0.33,0.35,0.22,0.35,0.39,0.07,0.29,0.3,0.31,,0.19,0.19,,0.19,0.2,0.1,0.45,0.25,,0.22,0.19,0.46,0.22,0.31,0.2,0.28,0.43,0.46,0.44,0.27,,0.21,0.32,0.22,0.34,0.16,0.33,0.19,0.24,0.19,0.44,0.15,0.09,0.38,0.45,0.46,0.33,0.46,0.18,0.32,0.2,0.21,0.34,0.09,0.26
"Djibouti","Q1 2021",0.18,0.22,0.2,0.28,0.18,0.18,0.31,0.21,0.31,0.32,0.29,0.21,0.21,0.45,0.19,0.28,0.15,0.17,0.32,0.18,0.19,0.2,0.16,0.2,0.27,0.35,0.15,0.31,0.46,0.36,0.44,0.15,,0.35,0.19,0.29,0.09,0.27,0.26,0.3,0.2,0.21,0.25,,0.18,0.31,,0.19,0.33,0.33,0.44,0.2,0.22,0.18,0.2,,0.18,0.21,0.22,0.45,0.19,0.23,0.22,0.18,0.18,0.38,0.34,0.17,0.36,0.1,0.2,0.26,0.2,0.3,,0.19,0.16,0.21,0.2,0.21,0.19,0.44,0.25,0.29,0.31,0.22,0.35,0.45,0.33,0.34,,0.39,0.34,0.18,0.21,0.2,0.34,0.18,0.3,0.23,0.19,0.45,0.19,0.35,0.19,0.26,0.2,0.3,0.19,0.35,0.18,0.18,0.18,0.43,0.33,0.21,0.24,,0.45,,0.22,0.29,0.21,0.28,0.09,0.07,0.18,0.2,0.43,0.43,0.16,0.35,0.22,0.09,0.31,0.23,0.33,0.36,0.22,0.34,0.38,0.07,0.28,0.3,0.3,,0.18,0.19,,0.19,0.2,0.1,0.44,0.25,,0.21,0.18,0.45,0.22,0.31,0.21,0.29,0.42,0.46,0.43,0.19,,0.21,0.32,0.22,0.34,0.16,0.33,0.2,0.24,0.18,0.43,0.15,0.08,0.38,0.45,0.45,0.33,0.46,0.19,0.31,0.2,0.2,0.34,,0.25
"Dominica","Q1 2016",0.1,0.19,0.18,0.2,0.26,0.26,0.19,0.19,0.2,0.28,0.18,0.11,0.28,0.24,0.19,0.2,0.15,0.19,0.21,0.24,0.1,0.1,0.1,0.11,0.19,0.22,0.15,0.2,0.23,0.22,0.22,,,0.22,0.17,0.19,0.09,0.21,0.19,0.18,0.18,0.2,0.18,,0.18,0.18,0.2,,0.3,0.2,0.21,0.17,0.18,0.08,0.17,,0.16,0.19,0.19,0.31,0.18,0.19,0.19,0.18,0.1,0.23,0.2,0.09,0.2,0.08,0.28,0.28,0.18,0.2,,0.18,0.1,0.21,0.21,0.19,0.17,0.21,0.18,0.12,0.1,0.18,0.2,0.23,0.29,0.21,,0.18,0.19,0.1,0.17,0.17,0.2,0.17,0.19,0.18,0.18,0.22,0.1,0.21,0.11,0.18,0.17,0.2,0.18,0.22,0.09,0.1,0.25,0.22,0.18,0.11,0.19,0.09,0.23,,0.2,0.2,0.17,0.2,,0.08,0.1,0.19,0.21,0.2,,0.23,0.11,0.08,0.2,0.11,0.19,0.21,0.27,0.18,0.23,0.01,0.19,0.11,0.22,,0.27,0.28,,0.28,0.18,0.17,0.21,0.19,,0.11,0.18,0.22,0.29,0.19,0.12,0.1,0.21,0.24,0.21,0.11,,0.21,0.19,0.17,0.2,0.09,0.2,0.11,0.29,0.17,0.2,,0.09,0.19,0.21,0.31,0.19,0.33,0.27,0.19,0.11,0.2,0.2,0.09,0.11
"Dominica","Q1 2017",0.1,0.19,0.17,0.19,0.27,0.25,0.19,0.18,0.19,0.27,0.1,0.1,0.28,0.23,0.18,0.18,0.15,0.16,0.19,0.27,0.09,0.1,0.09,0.1,0.19,0.21,0.15,0.19,0.22,0.21,0.21,0.08,,0.29,0.1,0.12,0.09,0.19,0.12,0.18,0.18,0.18,0.11,,0.1,0.11,0.19,,0.29,0.19,0.21,0.18,0.17,0.08,0.1,,0.09,0.18,0.1,0.23,0.17,0.18,0.18,0.1,0.1,0.22,0.19,0.09,0.19,0.01,0.27,0.28,0.17,0.2,,0.11,0.09,0.2,0.19,0.19,0.17,0.2,0.18,0.11,0.1,0.1,0.19,0.22,0.22,0.2,,0.11,0.11,0.1,0.1,0.1,0.19,0.1,0.1,0.1,0.1,0.21,0.1,0.2,0.1,0.19,0.1,0.12,0.1,0.2,0.09,0.09,0.26,0.21,0.11,0.1,0.18,0.08,0.22,,0.19,0.19,0.17,0.19,,0.07,0.1,0.17,0.2,0.19,0.09,0.21,0.11,0.08,0.19,0.11,0.18,0.2,0.19,0.1,0.21,0.01,0.11,0.11,0.2,,0.27,0.2,,0.27,0.17,0.1,0.2,0.18,,0.1,0.1,0.21,0.28,0.18,0.11,0.1,0.2,0.23,0.2,0.1,,0.2,0.18,0.1,0.19,0.08,0.18,0.17,0.28,0.1,0.2,,0.08,0.18,0.2,0.23,0.11,0.31,0.26,0.18,0.11,0.27,0.19,0.08,0.09
"Dominica","Q1 2018",0.09,0.11,0.17,0.18,0.27,0.25,0.19,0.19,0.19,0.26,0.1,0.1,0.27,0.23,0.18,0.19,0.15,0.16,0.2,0.27,0.09,0.1,0.1,0.1,0.18,0.21,0.15,0.19,0.22,0.21,0.21,0.08,,0.29,0.1,0.12,0.09,0.19,0.11,0.18,0.18,0.19,0.11,,0.09,0.11,0.19,,0.29,0.19,0.2,0.18,0.17,0.08,0.1,,0.09,0.18,0.1,0.23,0.18,0.18,0.18,0.1,0.1,0.22,0.18,0.09,0.19,0.01,0.27,0.28,0.17,0.19,,0.11,0.09,0.21,0.18,0.19,0.17,0.2,0.18,0.11,0.11,0.11,0.19,0.22,0.22,0.2,,0.11,0.11,0.1,0.1,0.1,0.11,0.1,0.11,0.1,0.1,0.21,0.1,0.2,0.11,0.2,0.1,0.11,0.1,0.21,0.08,0.09,0.26,0.21,0.18,0.1,0.18,0.08,0.23,,0.18,0.19,0.17,0.19,,0.08,0.1,0.1,0.2,0.19,0.09,0.21,0.11,0.08,0.19,0.11,0.18,0.2,0.19,0.11,0.21,0.01,0.11,0.11,0.2,,0.27,0.2,,0.27,0.17,0.1,0.2,0.18,,0.1,0.1,0.22,0.28,0.18,0.11,0.1,0.19,0.23,0.2,0.1,,0.2,0.11,0.1,0.19,0.08,0.18,0.17,0.28,0.1,0.2,,0.08,0.19,0.2,0.23,0.11,0.31,0.26,0.19,0.1,0.27,0.19,0.08,0.09
"Dominica","Q1 2019",0.1,0.18,0.17,0.19,0.26,0.25,0.19,0.19,0.2,0.19,0.17,0.1,0.28,0.23,0.18,0.19,0.15,0.16,0.2,0.27,0.09,0.1,0.1,0.1,0.19,0.21,0.15,0.2,0.22,0.21,0.21,0.08,,0.3,0.1,0.18,0.09,0.19,0.18,0.17,0.18,0.19,0.18,,0.17,0.18,0.19,,0.3,0.19,0.2,0.17,0.18,0.09,0.17,,0.17,0.11,0.18,0.23,0.18,0.18,0.18,0.09,0.1,0.22,0.19,0.15,0.2,0.08,0.27,0.28,0.17,0.2,,0.18,0.09,0.2,0.18,0.19,0.17,0.2,0.18,0.11,0.11,0.18,0.19,0.22,0.22,0.2,,0.11,0.11,0.02,0.1,0.17,0.19,0.1,0.18,0.18,0.1,0.21,0.1,0.21,0.17,0.2,0.1,0.19,0.1,0.21,0.1,0.09,0.26,0.21,0.18,0.1,0.18,0.08,0.3,,0.19,0.19,0.17,0.19,,0.07,0.1,0.18,0.2,0.19,0.09,0.21,0.11,0.08,0.2,0.11,0.19,0.21,0.19,0.18,0.22,0.01,0.18,0.11,0.2,,0.27,0.27,,0.27,0.17,0.1,0.2,0.18,,0.11,0.1,0.22,0.28,0.18,0.11,0.1,0.2,0.23,0.2,0.09,,0.2,0.18,0.17,0.19,0.09,0.19,0.17,0.29,0.1,0.21,0.15,0.02,0.19,0.2,0.31,0.11,0.32,0.26,0.19,0.1,0.28,0.19,0.02,0.09
"Dominica","Q1 2020",0.1,0.19,0.18,0.19,0.26,0.26,0.19,0.19,0.2,0.2,0.1,0.1,0.29,0.24,0.18,0.19,0.15,0.16,0.21,0.27,0.1,0.1,0.09,0.1,0.19,0.22,0.15,0.19,0.23,0.22,0.22,0.08,,0.31,0.11,0.19,0.09,0.2,0.19,0.11,0.18,0.19,0.18,,0.17,0.18,0.19,,0.31,0.2,0.21,0.18,0.18,0.09,0.18,,0.17,0.12,0.18,0.24,0.18,0.18,0.19,0.09,0.1,0.22,0.19,0.16,0.21,0.08,0.28,0.29,0.17,0.2,,0.18,0.09,0.21,0.18,0.18,0.17,0.21,0.19,0.11,0.11,0.18,0.2,0.23,0.23,0.21,,0.11,0.12,0.1,0.1,0.18,0.19,0.1,0.18,0.18,0.11,0.22,0.1,0.21,0.18,0.27,0.1,0.19,0.11,0.22,0.1,0.1,0.26,0.22,0.19,0.11,0.18,0.01,0.31,,0.19,0.2,0.17,0.2,,0.07,0.1,0.18,0.21,0.2,0.09,0.22,0.11,0.08,0.2,0.11,0.2,0.21,0.26,0.19,0.23,0.01,0.19,0.12,0.21,,0.27,0.26,,0.28,0.18,0.09,0.21,0.19,,0.11,0.1,0.23,0.29,0.11,0.11,0.11,0.2,0.24,0.21,0.1,,0.21,0.19,0.18,0.2,0.09,0.19,0.17,0.29,0.1,0.21,0.15,0.02,0.19,0.21,0.31,0.12,0.33,0.26,0.19,0.11,0.28,0.2,0.02,0.09
"Dominica","Q1 2021",0.1,0.18,0.18,0.19,0.26,0.26,0.2,0.19,0.2,0.21,0.1,0.1,0.29,0.24,0.18,0.19,0.15,0.16,0.21,0.27,0.1,0.1,0.09,0.1,0.19,0.21,0.15,0.19,0.23,0.22,0.22,0.08,,0.31,0.1,0.19,0.09,0.2,0.19,0.11,0.18,0.19,0.18,,0.17,0.18,0.19,,0.3,0.2,0.21,0.17,0.18,0.09,0.18,,0.17,0.12,0.18,0.23,0.18,0.18,0.18,0.1,0.1,0.22,0.2,0.16,0.21,0.09,0.28,0.29,0.17,0.2,,0.1,0.09,0.2,0.18,0.18,0.18,0.21,0.18,0.1,0.18,0.18,0.2,0.23,0.23,0.21,,0.12,0.12,0.1,0.1,0.17,0.19,0.1,0.18,0.18,0.1,0.22,0.1,0.21,0.18,0.28,0.11,0.11,0.1,0.22,0.1,0.1,0.26,0.22,0.19,0.11,0.18,,0.31,,0.19,0.2,0.19,0.19,0.09,0.07,0.1,0.18,0.2,0.2,0.09,0.22,0.11,0.08,0.19,0.11,0.2,0.21,0.26,0.12,0.22,0.01,0.19,0.11,0.21,,0.27,0.26,,0.28,0.18,0.09,0.21,0.19,,0.11,0.1,0.23,0.29,0.11,0.11,0.11,0.2,0.24,0.21,0.09,,0.2,0.19,0.18,0.2,0.09,0.19,0.18,0.29,0.1,0.21,0.15,0.01,0.19,0.21,0.31,0.12,0.33,0.27,0.19,0.11,0.27,0.2,,0.09
"Dominican Republic","Q1 2016",0.19,0.34,0.21,0.31,0.28,0.22,0.39,0.25,0.34,0.39,0.28,0.22,0.32,0.49,0.3,0.3,0.15,0.22,0.41,0.26,0.2,0.2,0.19,0.22,0.27,0.42,0.17,0.39,0.47,0.44,0.43,,,0.46,0.2,0.29,0.1,0.38,0.3,0.29,0.3,0.32,0.29,,0.21,0.29,0.32,0.3,,0.41,0.43,0.22,0.21,0.09,0.21,,0.18,0.24,0.27,0.49,0.21,0.25,0.24,0.22,0.19,0.47,0.31,0.17,0.34,0.09,0.32,0.34,0.22,0.41,,0.24,0.19,0.26,0.33,0.34,0.2,0.36,0.28,0.31,0.15,0.25,0.33,0.47,0.44,0.37,,0.3,0.25,0.2,0.22,0.21,0.41,0.2,0.26,0.25,0.22,0.39,0.13,0.42,0.2,0.23,0.19,0.31,0.22,0.46,0.17,0.18,0.26,0.44,0.24,0.23,0.29,0.09,0.48,,0.26,0.3,0.22,0.32,,0.08,0.18,0.25,0.35,0.34,,0.47,0.22,0.15,0.4,0.28,0.3,0.42,0.33,0.24,0.46,0.08,0.28,0.29,0.44,,0.3,0.32,,0.32,0.21,0.2,0.35,0.28,,0.15,0.22,0.39,0.34,0.3,0.22,0.13,0.36,0.49,0.34,0.26,,0.27,0.31,0.24,0.32,0.1,0.31,0.21,0.4,0.22,0.42,,0.1,0.37,0.36,0.49,0.25,0.52,0.29,0.38,0.21,0.35,0.33,0.1,0.24
"Dominican Republic","Q1 2017",0.19,0.34,0.21,0.34,0.29,0.21,0.43,0.22,0.36,0.42,0.23,0.22,0.34,0.52,0.31,0.29,0.15,0.18,0.44,0.29,0.2,0.21,0.18,0.22,0.28,0.46,0.17,0.43,0.5,0.47,0.46,0.16,,0.52,0.19,0.33,0.1,0.38,0.3,0.32,0.31,0.22,0.29,,0.21,0.32,0.35,0.29,,0.43,0.47,0.31,0.24,0.09,0.22,,0.18,0.24,0.25,0.52,0.21,0.26,0.25,0.21,0.2,0.51,0.31,0.18,0.37,0.08,0.3,0.36,0.22,0.42,,0.24,0.18,0.26,0.33,0.36,0.19,0.39,0.28,0.32,0.27,0.25,0.37,0.51,0.47,0.4,,0.33,0.26,0.2,0.14,0.21,0.43,0.2,0.23,0.23,0.22,0.41,0.2,0.45,0.21,0.33,0.21,0.31,0.2,0.48,0.17,0.18,0.28,0.48,0.24,0.23,0.27,0.09,0.52,,0.27,0.36,0.22,0.31,,0.08,0.21,0.23,0.38,0.35,0.18,0.5,0.23,0.15,0.44,0.28,0.34,0.46,0.34,0.28,0.49,0.08,0.31,0.31,0.45,,0.3,0.31,,0.32,0.2,0.2,0.38,0.28,,0.21,0.22,0.49,0.36,0.33,0.22,0.14,0.37,0.52,0.38,0.25,,0.25,0.35,0.26,0.35,0.17,0.33,0.21,0.37,0.2,0.46,,0.09,0.4,0.39,0.53,0.25,0.55,0.29,0.42,0.21,0.35,0.36,0.09,0.12
"Dominican Republic","Q1 2018",0.18,0.25,0.21,0.32,0.29,0.23,0.44,0.31,0.35,0.41,0.28,0.23,0.34,0.53,0.31,0.3,0.15,0.19,0.46,0.3,0.19,0.21,0.21,0.21,0.27,0.48,0.17,0.45,0.51,0.48,0.48,0.16,,0.53,0.19,0.31,0.1,0.39,0.29,0.32,0.32,0.31,0.27,,0.11,0.32,0.35,0.29,,0.45,0.4,0.31,0.24,0.09,0.22,,0.18,0.25,0.25,0.53,0.29,0.25,0.25,0.21,0.2,0.51,0.29,0.18,0.39,0.08,0.3,0.37,0.21,0.43,,0.23,0.19,0.34,0.31,0.36,0.2,0.39,0.34,0.35,0.3,0.25,0.37,0.51,0.49,0.4,,0.34,0.25,0.2,0.15,0.22,0.36,0.19,0.26,0.26,0.21,0.42,0.2,0.46,0.21,0.35,0.25,0.31,0.2,0.49,0.17,0.17,0.28,0.5,0.24,0.24,0.26,0.09,0.54,,0.26,0.35,0.23,0.3,,0.09,0.2,0.21,0.38,0.37,0.18,0.51,0.23,0.16,0.45,0.29,0.34,0.47,0.33,0.32,0.5,0.08,0.3,0.32,0.46,,0.31,0.32,,0.32,0.21,0.19,0.39,0.3,,0.21,0.23,0.5,0.37,0.32,0.23,0.13,0.37,0.54,0.39,0.23,,0.33,0.34,0.24,0.36,0.17,0.34,0.22,0.38,0.21,0.47,,0.1,0.41,0.4,0.54,0.26,0.56,0.3,0.43,0.21,0.34,0.37,0.1,0.11
"Dominican Republic","Q1 2019",0.18,0.24,0.21,0.3,0.28,0.21,0.42,0.31,0.35,0.4,0.29,0.23,0.33,0.52,0.31,0.29,0.15,0.18,0.45,0.29,0.21,0.2,0.2,0.22,0.31,0.46,0.17,0.44,0.5,0.47,0.46,0.16,,0.52,0.2,0.3,0.1,0.37,0.28,0.31,0.31,0.31,0.27,,0.2,0.32,0.35,0.3,,0.43,0.38,0.3,0.24,0.1,0.22,,0.18,0.23,0.25,0.5,0.22,0.24,0.25,0.19,0.19,0.49,0.29,0.16,0.37,0.08,0.3,0.36,0.21,0.41,,0.23,0.18,0.32,0.32,0.34,0.2,0.38,0.33,0.27,0.3,0.25,0.36,0.5,0.48,0.38,,0.33,0.29,0.09,0.23,0.22,0.35,0.2,0.25,0.29,0.21,0.41,0.2,0.45,0.19,0.33,0.21,0.32,0.2,0.48,0.19,0.17,0.28,0.47,0.23,0.21,0.26,0.09,0.53,,0.24,0.34,0.21,0.3,,0.08,0.2,0.22,0.37,0.35,0.18,0.49,0.23,0.16,0.46,0.28,0.34,0.47,0.33,0.34,0.49,0.08,0.27,0.31,0.38,,0.31,0.29,,0.3,0.21,0.2,0.38,0.26,,0.22,0.2,0.49,0.34,0.31,0.23,0.13,0.37,0.52,0.38,0.14,,0.32,0.34,0.23,0.36,0.17,0.33,0.21,0.37,0.2,0.39,0.16,0.09,0.33,0.39,0.53,0.29,0.56,0.28,0.41,0.21,0.35,0.36,0.09,0.11
"Dominican Republic","Q1 2020",0.2,0.25,0.22,0.33,0.28,0.22,0.42,0.3,0.35,0.42,0.14,0.23,0.32,0.51,0.3,0.28,0.15,0.18,0.44,0.3,0.21,0.2,0.17,0.22,0.26,0.46,0.17,0.42,0.49,0.47,0.46,0.16,,0.52,0.2,0.32,0.1,0.4,0.29,0.3,0.29,0.3,0.27,,0.2,0.32,0.33,0.31,,0.43,0.38,0.29,0.23,0.1,0.22,,0.18,0.23,0.24,0.5,0.22,0.25,0.25,0.18,0.19,0.48,0.34,0.17,0.38,0.08,0.31,0.39,0.22,0.4,,0.23,0.17,0.32,0.31,0.32,0.2,0.38,0.34,0.25,0.32,0.24,0.36,0.48,0.48,0.38,,0.32,0.26,0.2,0.23,0.23,0.34,0.2,0.25,0.24,0.21,0.4,0.2,0.44,0.21,0.36,0.2,0.32,0.2,0.49,0.19,0.19,0.28,0.4,0.24,0.22,0.26,0.09,0.52,,0.24,0.34,0.21,0.29,,0.08,0.2,0.22,0.37,0.36,0.18,0.49,0.23,0.16,0.43,0.27,0.35,0.45,0.32,0.34,0.49,0.08,0.29,0.31,0.34,,0.3,0.29,,0.31,0.22,0.18,0.38,0.27,,0.22,0.19,0.48,0.35,0.32,0.22,0.14,0.37,0.51,0.38,0.14,,0.32,0.33,0.23,0.35,0.17,0.33,0.2,0.37,0.19,0.38,0.16,0.09,0.33,0.39,0.53,0.25,0.55,0.28,0.41,0.21,0.33,0.36,0.09,0.13
"Dominican Republic","Q1 2021",0.18,0.25,0.21,0.3,0.28,0.22,0.42,0.3,0.36,0.43,0.29,0.23,0.33,0.51,0.22,0.29,0.15,0.18,0.44,0.29,0.2,0.2,0.17,0.22,0.28,0.46,0.16,0.42,0.5,0.47,0.47,0.16,,0.52,0.12,0.29,0.1,0.4,0.28,0.3,0.23,0.3,0.27,,0.19,0.32,0.33,0.3,,0.44,0.38,0.29,0.23,0.11,0.22,,0.19,0.23,0.24,0.5,0.21,0.25,0.24,0.19,0.19,0.48,0.35,0.17,0.38,0.11,0.31,0.39,0.21,0.42,,0.2,0.17,0.31,0.3,0.31,0.2,0.39,0.28,0.28,0.32,0.24,0.36,0.48,0.48,0.38,,0.33,0.26,0.2,0.14,0.22,0.35,0.19,0.24,0.24,0.13,0.4,0.19,0.43,0.21,0.38,0.21,0.3,0.13,0.49,0.19,0.19,0.28,0.4,0.27,0.22,0.25,,0.52,,0.24,0.34,0.24,0.29,0.09,0.08,0.19,0.22,0.37,0.37,0.17,0.49,0.23,0.16,0.43,0.26,0.36,0.45,0.32,0.34,0.49,0.08,0.29,0.31,0.33,,0.29,0.28,,0.3,0.22,0.18,0.38,0.28,,0.21,0.19,0.48,0.35,0.31,0.22,0.15,0.37,0.51,0.38,0.13,,0.32,0.33,0.23,0.36,0.17,0.34,0.22,0.36,0.19,0.38,0.15,0.09,0.33,0.39,0.52,0.25,0.55,0.3,0.41,0.21,0.32,0.36,,0.12
"Ecuador","Q1 2016",0.18,0.25,0.2,0.31,0.18,0.19,0.4,0.22,0.32,0.38,0.27,0.21,0.21,0.47,0.21,0.28,0.15,0.2,0.41,0.18,0.19,0.2,0.18,0.21,0.25,0.36,0.16,0.41,0.46,0.44,0.43,,,0.45,0.19,0.29,0.1,0.34,0.28,0.3,0.22,0.22,0.27,,0.19,0.3,0.32,0.2,0.41,,0.37,0.21,0.19,0.09,0.2,,0.17,0.22,0.26,0.46,0.19,0.24,0.22,0.2,0.18,0.46,0.29,0.17,0.33,0.08,0.22,0.24,0.21,0.37,,0.23,0.18,0.23,0.3,0.25,0.18,0.36,0.28,0.32,0.14,0.23,0.34,0.46,0.39,0.43,,0.3,0.24,0.19,0.21,0.2,0.34,0.19,0.24,0.24,0.21,0.38,0.12,0.41,0.19,0.21,0.19,0.31,0.21,0.45,0.16,0.18,0.17,0.44,0.22,0.22,0.29,0.09,0.46,,0.25,0.29,0.27,0.3,,0.08,0.18,0.23,0.35,0.34,,0.45,0.21,0.15,0.42,0.27,0.31,0.36,0.23,0.23,0.46,0.08,0.25,0.3,0.44,,0.2,0.22,,0.22,0.2,0.19,0.36,0.26,,0.14,0.2,0.38,0.23,0.31,0.21,0.12,0.35,0.47,0.34,0.25,,0.29,0.31,0.23,0.33,0.09,0.31,0.2,0.29,0.21,0.42,,0.1,0.38,0.36,0.4,0.23,0.47,0.19,0.33,0.2,0.25,0.34,0.1,0.23
"Ecuador","Q1 2017",0.18,0.25,0.2,0.3,0.19,0.18,0.4,0.2,0.34,0.38,0.22,0.21,0.22,0.46,0.22,0.27,0.15,0.17,0.4,0.19,0.19,0.2,0.17,0.21,0.26,0.35,0.16,0.42,0.46,0.43,0.43,0.08,,0.45,0.18,0.29,0.09,0.34,0.28,0.29,0.22,0.2,0.27,,0.19,0.29,0.31,0.19,0.43,,0.36,0.29,0.23,0.09,0.21,,0.17,0.22,0.23,0.46,0.19,0.24,0.23,0.2,0.19,0.45,0.28,0.17,0.33,0.08,0.2,0.24,0.21,0.38,,0.22,0.17,0.22,0.3,0.26,0.18,0.35,0.27,0.31,0.26,0.22,0.33,0.45,0.41,0.42,,0.3,0.24,0.19,0.13,0.2,0.33,0.19,0.21,0.22,0.2,0.36,0.12,0.4,0.19,0.23,0.2,0.28,0.19,0.43,0.17,0.17,0.18,0.44,0.22,0.22,0.25,0.08,0.45,,0.25,0.33,0.28,0.29,,0.08,0.2,0.21,0.34,0.33,0.17,0.44,0.21,0.15,0.43,0.27,0.31,0.35,0.24,0.27,0.45,0.08,0.28,0.29,0.42,,0.2,0.21,,0.21,0.19,0.19,0.35,0.26,,0.13,0.2,0.38,0.24,0.3,0.21,0.13,0.33,0.46,0.34,0.17,,0.22,0.32,0.24,0.32,0.09,0.3,0.2,0.25,0.19,0.42,,0.09,0.37,0.35,0.4,0.23,0.47,0.19,0.32,0.2,0.24,0.33,0.09,0.12
"Ecuador","Q1 2018",0.17,0.23,0.2,0.3,0.19,0.19,0.41,0.21,0.32,0.31,0.27,0.22,0.22,0.47,0.22,0.27,0.15,0.17,0.41,0.19,0.18,0.2,0.19,0.2,0.25,0.37,0.16,0.43,0.47,0.45,0.44,0.08,,0.46,0.18,0.29,0.09,0.35,0.27,0.3,0.22,0.21,0.25,,0.1,0.3,0.32,0.19,0.45,,0.37,0.3,0.23,0.09,0.2,,0.17,0.23,0.23,0.46,0.2,0.24,0.23,0.2,0.19,0.46,0.27,0.17,0.35,0.08,0.2,0.24,0.2,0.39,,0.21,0.18,0.23,0.29,0.26,0.18,0.36,0.32,0.33,0.29,0.23,0.33,0.46,0.42,0.43,,0.31,0.23,0.19,0.14,0.2,0.33,0.18,0.24,0.24,0.2,0.38,0.12,0.43,0.2,0.24,0.23,0.29,0.19,0.44,0.16,0.17,0.18,0.46,0.22,0.22,0.24,0.08,0.47,,0.24,0.33,0.28,0.28,,0.08,0.19,0.2,0.34,0.34,0.17,0.45,0.21,0.15,0.44,0.28,0.31,0.37,0.23,0.3,0.46,0.08,0.28,0.3,0.43,,0.2,0.21,,0.2,0.2,0.18,0.36,0.27,,0.12,0.21,0.39,0.24,0.3,0.21,0.12,0.33,0.47,0.36,0.15,,0.22,0.31,0.22,0.34,0.09,0.31,0.2,0.25,0.2,0.43,,0.09,0.39,0.36,0.4,0.24,0.48,0.19,0.34,0.2,0.23,0.35,0.09,0.1
"Ecuador","Q1 2019",0.18,0.22,0.2,0.28,0.18,0.18,0.4,0.22,0.33,0.37,0.27,0.22,0.21,0.47,0.23,0.27,0.15,0.17,0.41,0.19,0.2,0.2,0.19,0.21,0.28,0.36,0.16,0.42,0.47,0.44,0.44,0.08,,0.45,0.19,0.27,0.09,0.34,0.26,0.29,0.22,0.22,0.26,,0.19,0.3,0.32,0.19,0.43,,0.36,0.22,0.23,0.1,0.21,,0.17,0.22,0.23,0.4,0.19,0.22,0.23,0.19,0.19,0.46,0.27,0.16,0.35,0.08,0.2,0.24,0.2,0.38,,0.22,0.17,0.23,0.29,0.25,0.18,0.36,0.32,0.25,0.29,0.24,0.34,0.46,0.42,0.42,,0.31,0.27,0.09,0.22,0.21,0.33,0.19,0.23,0.28,0.19,0.38,0.13,0.42,0.18,0.23,0.2,0.3,0.19,0.44,0.18,0.17,0.18,0.45,0.21,0.2,0.24,0.09,0.46,,0.23,0.32,0.2,0.28,,0.07,0.19,0.21,0.35,0.33,0.17,0.44,0.22,0.15,0.44,0.27,0.32,0.37,0.23,0.32,0.46,0.08,0.25,0.3,0.43,,0.2,0.2,,0.2,0.2,0.18,0.36,0.25,,0.14,0.19,0.39,0.23,0.3,0.21,0.12,0.34,0.47,0.35,0.13,,0.23,0.31,0.22,0.34,0.09,0.31,0.2,0.25,0.19,0.42,0.15,0.09,0.38,0.36,0.47,0.27,0.47,0.18,0.33,0.2,0.24,0.34,0.09,0.11
"Ecuador","Q1 2020",0.19,0.23,0.2,0.32,0.18,0.18,0.4,0.22,0.33,0.39,0.13,0.22,0.21,0.48,0.22,0.26,0.15,0.17,0.41,0.19,0.19,0.2,0.17,0.21,0.24,0.38,0.16,0.43,0.48,0.46,0.46,0.08,,0.47,0.19,0.3,0.1,0.37,0.27,0.3,0.2,0.22,0.26,,0.19,0.32,0.33,0.2,0.43,,0.38,0.21,0.22,0.1,0.22,,0.17,0.22,0.23,0.48,0.19,0.24,0.24,0.18,0.19,0.47,0.34,0.17,0.44,0.08,0.2,0.27,0.21,0.37,,0.22,0.17,0.22,0.29,0.23,0.19,0.38,0.34,0.24,0.32,0.22,0.36,0.41,0.41,0.45,,0.33,0.24,0.19,0.21,0.22,0.35,0.19,0.24,0.23,0.2,0.4,0.13,0.37,0.2,0.26,0.19,0.32,0.19,0.46,0.18,0.18,0.18,0.46,0.22,0.21,0.24,0.08,0.48,,0.23,0.32,0.2,0.28,,0.07,0.19,0.21,0.37,0.35,0.17,0.47,0.21,0.15,0.45,0.26,0.35,0.38,0.23,0.33,0.48,0.07,0.27,0.29,0.38,,0.19,0.19,,0.2,0.2,0.1,0.38,0.25,,0.14,0.19,0.41,0.23,0.32,0.21,0.13,0.36,0.48,0.38,0.13,,0.23,0.33,0.22,0.36,0.09,0.33,0.19,0.25,0.19,0.44,0.15,0.09,0.38,0.39,0.49,0.24,0.49,0.18,0.33,0.2,0.22,0.36,0.09,0.12
"Ecuador","Q1 2021",0.18,0.24,0.2,0.28,0.18,0.19,0.4,0.22,0.33,0.4,0.28,0.22,0.22,0.48,0.21,0.27,0.15,0.17,0.41,0.19,0.19,0.2,0.16,0.21,0.26,0.38,0.16,0.43,0.48,0.46,0.46,0.08,,0.47,0.11,0.27,0.09,0.36,0.27,0.3,0.21,0.22,0.26,,0.18,0.32,0.33,0.2,0.44,,0.37,0.21,0.22,0.11,0.21,,0.18,0.21,0.23,0.48,0.19,0.24,0.22,0.18,0.19,0.47,0.35,0.17,0.44,0.1,0.2,0.28,0.21,0.4,,0.19,0.16,0.22,0.21,0.23,0.19,0.38,0.27,0.29,0.32,0.23,0.36,0.4,0.42,0.44,,0.33,0.24,0.19,0.14,0.21,0.35,0.18,0.23,0.23,0.12,0.39,0.12,0.36,0.2,0.27,0.2,0.3,0.12,0.46,0.18,0.18,0.18,0.46,0.25,0.21,0.24,,0.48,,0.23,0.32,0.23,0.28,0.09,0.07,0.19,0.21,0.36,0.36,0.17,0.46,0.22,0.15,0.45,0.24,0.35,0.38,0.23,0.34,0.48,0.07,0.27,0.3,0.38,,0.19,0.19,,0.2,0.21,0.1,0.38,0.26,,0.13,0.19,0.41,0.23,0.31,0.21,0.13,0.36,0.48,0.37,0.12,,0.29,0.33,0.22,0.36,0.1,0.33,0.2,0.25,0.18,0.44,0.15,0.08,0.38,0.38,0.48,0.24,0.49,0.19,0.33,0.2,0.21,0.36,,0.11
"Egypt","Q1 2016",0.2,0.35,0.22,0.35,0.2,0.2,0.36,0.23,0.45,0.34,0.31,0.24,0.23,0.63,0.23,0.32,0.15,0.21,0.38,0.19,0.2,0.21,0.19,0.23,0.28,0.5,0.16,0.37,0.6,0.56,0.54,,,0.52,0.21,0.33,0.1,0.3,0.31,0.41,0.23,0.24,0.37,,0.21,0.37,0.46,0.21,0.43,0.37,,0.21,0.21,0.16,0.22,,0.19,0.25,0.36,0.61,0.2,0.26,0.25,0.22,0.19,0.61,0.33,0.18,0.5,0.09,0.23,0.25,0.23,0.39,,0.25,0.19,0.24,0.24,0.26,0.2,0.51,0.31,0.42,0.22,0.32,0.47,0.62,0.34,0.54,,0.42,0.35,0.2,0.23,0.22,0.5,0.21,0.34,0.26,0.24,0.59,0.21,0.52,0.21,0.23,0.2,0.37,0.24,0.52,0.17,0.19,0.18,0.56,0.33,0.24,0.33,0.16,0.6,,0.28,0.32,0.21,0.35,,0.15,0.19,0.26,0.54,0.48,,0.53,0.24,0.09,0.37,0.31,0.45,0.52,0.24,0.25,0.58,0.15,0.36,0.39,0.54,,0.21,0.23,,0.23,0.22,0.2,0.55,0.28,,0.24,0.22,0.59,0.25,0.43,0.24,0.2,0.48,0.63,0.53,0.36,,0.25,0.46,0.32,0.47,0.17,0.37,0.21,0.31,0.29,0.54,,0.11,0.41,0.56,0.61,0.35,0.6,0.21,0.36,0.22,0.33,0.52,0.11,0.33
"Egypt","Q1 2017",0.27,0.35,0.22,0.35,0.21,0.19,0.36,0.21,0.46,0.35,0.25,0.23,0.24,0.6,0.23,0.3,0.15,0.18,0.37,0.21,0.2,0.22,0.18,0.23,0.3,0.51,0.16,0.39,0.59,0.55,0.53,0.16,,0.51,0.19,0.34,0.1,0.29,0.31,0.43,0.24,0.21,0.37,,0.21,0.36,0.46,0.21,0.47,0.36,,0.23,0.25,0.16,0.23,,0.19,0.25,0.32,0.59,0.2,0.26,0.26,0.21,0.2,0.59,0.32,0.18,0.5,0.08,0.21,0.26,0.23,0.4,,0.24,0.18,0.24,0.24,0.27,0.2,0.53,0.31,0.42,0.29,0.31,0.49,0.6,0.38,0.54,,0.43,0.35,0.2,0.22,0.21,0.49,0.2,0.31,0.24,0.23,0.57,0.21,0.51,0.21,0.25,0.21,0.36,0.21,0.49,0.17,0.18,0.2,0.55,0.32,0.24,0.28,0.09,0.58,,0.27,0.37,0.21,0.33,,0.08,0.22,0.23,0.52,0.46,0.18,0.52,0.24,0.09,0.39,0.31,0.39,0.52,0.25,0.3,0.57,0.15,0.39,0.39,0.48,,0.21,0.22,,0.23,0.21,0.2,0.55,0.28,,0.23,0.21,0.58,0.26,0.44,0.23,0.22,0.47,0.6,0.53,0.33,,0.23,0.46,0.33,0.46,0.17,0.36,0.22,0.27,0.21,0.56,,0.1,0.41,0.54,0.6,0.34,0.59,0.21,0.35,0.22,0.33,0.5,0.1,0.2
"Egypt","Q1 2018",0.19,0.32,0.22,0.33,0.2,0.2,0.37,0.22,0.43,0.35,0.32,0.24,0.23,0.61,0.22,0.38,0.15,0.18,0.37,0.2,0.19,0.22,0.21,0.22,0.28,0.44,0.16,0.38,0.6,0.54,0.53,0.16,,0.43,0.19,0.33,0.1,0.29,0.3,0.42,0.23,0.22,0.35,,0.18,0.38,0.45,0.2,0.4,0.37,,0.23,0.25,0.16,0.22,,0.19,0.25,0.32,0.59,0.21,0.25,0.25,0.21,0.2,0.59,0.31,0.17,0.55,0.08,0.2,0.25,0.21,0.32,,0.3,0.19,0.24,0.22,0.26,0.2,0.52,0.36,0.4,0.32,0.32,0.48,0.6,0.37,0.5,,0.43,0.34,0.2,0.22,0.22,0.48,0.2,0.34,0.26,0.22,0.59,0.21,0.52,0.21,0.25,0.33,0.35,0.21,0.48,0.17,0.17,0.19,0.57,0.32,0.24,0.27,0.09,0.59,,0.26,0.35,0.21,0.32,,0.15,0.2,0.22,0.53,0.47,0.18,0.43,0.23,0.08,0.39,0.31,0.46,0.51,0.23,0.42,0.57,0.15,0.39,0.4,0.48,,0.21,0.22,,0.22,0.21,0.19,0.55,0.37,,0.22,0.29,0.59,0.25,0.43,0.23,0.2,0.47,0.61,0.54,0.24,,0.23,0.46,0.32,0.39,0.17,0.37,0.22,0.26,0.28,0.58,,0.09,0.43,0.56,0.6,0.34,0.57,0.2,0.36,0.22,0.24,0.49,0.09,0.18
"Egypt","Q1 2019",0.19,0.31,0.21,0.3,0.19,0.19,0.35,0.22,0.43,0.34,0.3,0.24,0.22,0.61,0.23,0.3,0.15,0.18,0.36,0.2,0.21,0.21,0.2,0.22,0.31,0.43,0.16,0.37,0.61,0.55,0.56,0.16,,0.42,0.21,0.3,0.1,0.28,0.29,0.4,0.23,0.22,0.35,,0.2,0.4,0.44,0.2,0.38,0.36,,0.22,0.24,0.17,0.23,,0.18,0.23,0.32,0.61,0.2,0.24,0.25,0.2,0.2,0.59,0.31,0.16,0.56,0.08,0.2,0.25,0.21,0.32,,0.31,0.18,0.23,0.22,0.26,0.2,0.51,0.35,0.36,0.32,0.32,0.48,0.58,0.36,0.44,,0.44,0.38,0.09,0.24,0.23,0.48,0.27,0.33,0.3,0.22,0.6,0.21,0.52,0.19,0.24,0.21,0.36,0.2,0.47,0.19,0.18,0.19,0.58,0.31,0.22,0.27,0.16,0.6,,0.24,0.33,0.2,0.31,,0.08,0.19,0.23,0.55,0.45,0.18,0.41,0.23,0.09,0.38,0.31,0.43,0.56,0.24,0.44,0.59,0.15,0.35,0.4,0.47,,0.21,0.2,,0.21,0.21,0.2,0.55,0.27,,0.23,0.27,0.61,0.24,0.41,0.23,0.22,0.47,0.62,0.56,0.21,,0.23,0.48,0.31,0.41,0.17,0.37,0.21,0.26,0.21,0.56,0.15,0.09,0.42,0.57,0.61,0.38,0.58,0.2,0.34,0.21,0.24,0.5,0.09,0.18
"Egypt","Q1 2020",0.21,0.33,0.22,0.35,0.19,0.2,0.35,0.22,0.43,0.35,0.21,0.24,0.22,0.6,0.22,0.29,0.15,0.18,0.36,0.2,0.21,0.21,0.17,0.22,0.27,0.5,0.16,0.36,0.6,0.55,0.55,0.16,,0.43,0.22,0.33,0.1,0.31,0.37,0.41,0.22,0.22,0.35,,0.2,0.39,0.44,0.21,0.38,0.38,,0.21,0.24,0.17,0.23,,0.18,0.23,0.31,0.6,0.2,0.25,0.26,0.19,0.26,0.58,0.39,0.18,0.55,0.08,0.21,0.28,0.22,0.31,,0.31,0.17,0.23,0.22,0.23,0.2,0.51,0.38,0.27,0.35,0.31,0.49,0.6,0.36,0.46,,0.43,0.35,0.2,0.24,0.23,0.49,0.27,0.34,0.25,0.23,0.59,0.21,0.52,0.21,0.27,0.2,0.43,0.21,0.49,0.19,0.2,0.19,0.57,0.33,0.23,0.27,0.09,0.59,,0.24,0.33,0.2,0.31,,0.08,0.2,0.23,0.55,0.48,0.18,0.43,0.23,0.09,0.37,0.28,0.41,0.5,0.23,0.45,0.59,0.15,0.38,0.4,0.43,,0.2,0.2,,0.21,0.22,0.18,0.56,0.28,,0.24,0.2,0.6,0.24,0.43,0.22,0.23,0.47,0.61,0.55,0.21,,0.23,0.47,0.31,0.4,0.17,0.37,0.2,0.26,0.2,0.56,0.15,0.09,0.42,0.57,0.6,0.34,0.58,0.2,0.35,0.21,0.23,0.41,0.09,0.2
"Egypt","Q1 2021",0.19,0.33,0.21,0.3,0.19,0.19,0.34,0.22,0.36,0.35,0.3,0.24,0.22,0.62,0.21,0.3,0.15,0.17,0.35,0.19,0.2,0.21,0.17,0.22,0.29,0.49,0.16,0.35,0.62,0.57,0.59,0.16,,0.42,0.2,0.3,0.1,0.31,0.29,0.41,0.21,0.22,0.35,,0.19,0.4,0.44,0.21,0.38,0.37,,0.21,0.24,0.18,0.22,,0.19,0.23,0.31,0.62,0.2,0.25,0.24,0.19,0.2,0.61,0.38,0.17,0.56,0.18,0.21,0.28,0.21,0.34,,0.2,0.17,0.22,0.21,0.23,0.2,0.51,0.29,0.31,0.36,0.24,0.49,0.62,0.36,0.49,,0.44,0.35,0.19,0.22,0.22,0.49,0.19,0.33,0.24,0.2,0.61,0.2,0.55,0.21,0.28,0.21,0.34,0.2,0.48,0.19,0.19,0.19,0.59,0.35,0.22,0.26,,0.62,,0.24,0.33,0.23,0.3,0.09,0.08,0.19,0.22,0.56,0.49,0.17,0.42,0.23,0.09,0.36,0.27,0.43,0.54,0.23,0.46,0.61,0.15,0.3,0.39,0.42,,0.19,0.2,,0.21,0.21,0.18,0.6,0.27,,0.22,0.19,0.62,0.24,0.42,0.22,0.3,0.47,0.64,0.58,0.19,,0.23,0.47,0.3,0.44,0.17,0.37,0.21,0.25,0.19,0.56,0.15,0.09,0.42,0.6,0.62,0.34,0.61,0.2,0.34,0.21,0.22,0.47,,0.19
"El Salvador","Q1 2016",0.09,0.19,0.17,0.2,0.16,0.16,0.2,0.18,0.2,0.2,0.19,0.11,0.18,0.23,0.26,0.2,0.15,0.17,0.2,0.16,0.1,0.11,0.1,0.11,0.2,0.21,0.15,0.2,0.22,0.22,0.21,,,0.22,0.1,0.13,0.09,0.28,0.13,0.2,0.19,0.19,0.12,,0.11,0.12,0.2,0.17,0.22,0.21,0.21,,0.17,0.08,0.11,,0.09,0.19,0.12,0.23,0.1,0.19,0.19,0.11,0.09,0.23,0.2,0.15,0.2,0.08,0.18,0.19,0.19,0.28,,0.12,0.09,0.19,0.19,0.27,0.17,0.21,0.19,0.13,0.11,0.19,0.2,0.22,0.22,0.21,,0.13,0.13,0.1,0.19,0.11,0.21,0.17,0.12,0.12,0.12,0.22,0.11,0.21,0.1,0.18,0.1,0.2,0.12,0.28,0.08,0.09,0.15,0.21,0.12,0.11,0.19,0.08,0.23,,0.2,0.2,0.26,0.2,,0.07,0.09,0.18,0.21,0.2,,0.29,0.12,0.07,0.2,0.12,0.13,0.21,0.2,0.19,0.22,0,0.13,0.12,0.21,,0.17,0.18,,0.18,0.17,0.1,0.21,0.19,,0.12,0.11,0.21,0.19,0.19,0.11,0.11,0.21,0.23,0.2,0.12,,0.19,0.19,0.12,0.2,0.08,0.13,0.1,0.21,0.11,0.21,,0.08,0.2,0.21,0.23,0.13,0.3,0.17,0.19,0.11,0.2,0.2,0.08,0.11
"El Salvador","Q1 2017",0.1,0.2,0.18,0.21,0.18,0.17,0.22,0.18,0.22,0.22,0.12,0.12,0.2,0.25,0.27,0.2,0.15,0.17,0.22,0.18,0.11,0.11,0.1,0.12,0.21,0.22,0.15,0.29,0.25,0.24,0.23,0.08,,0.31,0.1,0.14,0.09,0.29,0.14,0.2,0.2,0.18,0.13,,0.11,0.13,0.21,0.18,0.31,0.29,0.23,,0.2,0.08,0.12,,0.09,0.2,0.12,0.25,0.11,0.2,0.2,0.11,0.1,0.25,0.21,0.15,0.21,0.01,0.18,0.21,0.19,0.3,,0.12,0.09,0.19,0.28,0.28,0.17,0.22,0.2,0.13,0.12,0.2,0.21,0.25,0.24,0.23,,0.13,0.13,0.1,0.12,0.11,0.22,0.11,0.11,0.12,0.12,0.23,0.11,0.23,0.11,0.21,0.12,0.13,0.11,0.3,0.09,0.09,0.17,0.24,0.13,0.11,0.2,0.08,0.25,,0.21,0.22,0.27,0.21,,0.07,0.11,0.18,0.22,0.21,0.09,0.31,0.12,0.08,0.29,0.13,0.21,0.23,0.21,0.13,0.24,0.01,0.13,0.13,0.23,,0.18,0.19,,0.19,0.18,0.11,0.22,0.2,,0.11,0.11,0.24,0.21,0.2,0.12,0.11,0.21,0.25,0.22,0.12,,0.19,0.2,0.12,0.21,0.09,0.2,0.18,0.22,0.1,0.23,,0.08,0.2,0.22,0.25,0.13,0.32,0.17,0.21,0.11,0.21,0.21,0.08,0.1
"El Salvador","Q1 2018",0.1,0.12,0.18,0.21,0.18,0.17,0.22,0.2,0.22,0.21,0.12,0.13,0.19,0.26,0.27,0.21,0.15,0.17,0.23,0.18,0.1,0.11,0.11,0.12,0.21,0.23,0.15,0.29,0.25,0.24,0.24,0.08,,0.32,0.1,0.14,0.09,0.3,0.14,0.21,0.2,0.2,0.13,,0.09,0.14,0.21,0.18,0.31,0.3,0.23,,0.2,0.08,0.12,,0.09,0.2,0.13,0.25,0.18,0.2,0.2,0.11,0.11,0.25,0.21,0.15,0.22,0.01,0.18,0.21,0.18,0.3,,0.12,0.1,0.2,0.28,0.29,0.17,0.22,0.21,0.14,0.13,0.2,0.21,0.25,0.24,0.23,,0.14,0.13,0.1,0.12,0.12,0.14,0.1,0.14,0.13,0.12,0.23,0.11,0.23,0.11,0.21,0.13,0.13,0.11,0.31,0.08,0.09,0.17,0.25,0.2,0.12,0.2,0.08,0.26,,0.2,0.22,0.27,0.21,,0.08,0.1,0.11,0.22,0.22,0.09,0.31,0.12,0.08,0.3,0.14,0.21,0.24,0.21,0.14,0.25,0.01,0.14,0.14,0.23,,0.18,0.19,,0.18,0.18,0.1,0.22,0.21,,0.11,0.12,0.24,0.21,0.2,0.12,0.11,0.22,0.26,0.22,0.11,,0.2,0.14,0.13,0.22,0.09,0.21,0.18,0.22,0.11,0.23,,0.08,0.22,0.23,0.26,0.13,0.33,0.18,0.22,0.11,0.2,0.21,0.08,0.1
"El Salvador","Q1 2019",0.09,0.12,0.18,0.2,0.17,0.17,0.21,0.2,0.22,0.21,0.19,0.12,0.19,0.25,0.26,0.21,0.15,0.16,0.22,0.18,0.11,0.11,0.1,0.12,0.2,0.22,0.15,0.22,0.24,0.23,0.23,0.08,,0.3,0.1,0.13,0.08,0.29,0.13,0.2,0.2,0.2,0.13,,0.1,0.13,0.21,0.17,0.3,0.22,0.22,,0.2,0.09,0.12,,0.09,0.12,0.13,0.24,0.11,0.2,0.2,0.11,0.1,0.24,0.21,0.08,0.21,0.01,0.18,0.21,0.18,0.29,,0.12,0.09,0.2,0.27,0.28,0.17,0.22,0.2,0.13,0.13,0.2,0.21,0.24,0.23,0.22,,0.13,0.13,0.01,0.12,0.12,0.13,0.11,0.13,0.13,0.11,0.22,0.11,0.22,0.16,0.2,0.11,0.13,0.11,0.3,0.09,0.09,0.17,0.23,0.19,0.11,0.2,0.08,0.24,,0.2,0.21,0.26,0.21,,0.07,0.1,0.12,0.21,0.21,0.09,0.3,0.13,0.08,0.29,0.13,0.21,0.23,0.21,0.2,0.24,0,0.12,0.13,0.22,,0.18,0.18,,0.18,0.18,0.1,0.22,0.2,,0.12,0.11,0.24,0.2,0.2,0.12,0.11,0.21,0.24,0.22,0.11,,0.2,0.13,0.12,0.21,0.09,0.2,0.18,0.21,0.1,0.22,0.14,0.01,0.21,0.22,0.25,0.13,0.32,0.17,0.21,0.11,0.21,0.21,0.01,0.1
"El Salvador","Q1 2020",0.11,0.12,0.18,0.2,0.17,0.17,0.2,0.19,0.21,0.21,0.11,0.12,0.18,0.23,0.26,0.2,0.15,0.16,0.21,0.18,0.11,0.11,0.09,0.11,0.2,0.22,0.15,0.2,0.23,0.22,0.22,0.08,,0.3,0.11,0.13,0.09,0.28,0.13,0.12,0.19,0.19,0.12,,0.1,0.12,0.2,0.18,0.29,0.21,0.21,,0.19,0.09,0.12,,0.09,0.12,0.12,0.23,0.1,0.19,0.2,0.1,0.1,0.23,0.2,0.08,0.21,0.01,0.18,0.2,0.18,0.28,,0.12,0.09,0.19,0.27,0.27,0.17,0.21,0.2,0.12,0.12,0.19,0.2,0.23,0.22,0.22,,0.12,0.13,0.1,0.12,0.12,0.13,0.11,0.13,0.12,0.11,0.22,0.11,0.21,0.17,0.2,0.11,0.13,0.11,0.29,0.09,0.1,0.17,0.22,0.19,0.11,0.19,0.01,0.23,,0.19,0.2,0.26,0.2,,0.07,0.1,0.11,0.21,0.2,0.09,0.29,0.12,0.08,0.21,0.12,0.21,0.21,0.2,0.2,0.23,0,0.13,0.13,0.21,,0.18,0.17,,0.18,0.18,0.1,0.21,0.19,,0.12,0.1,0.23,0.2,0.12,0.11,0.12,0.2,0.23,0.21,0.11,,0.19,0.13,0.12,0.2,0.08,0.2,0.17,0.21,0.1,0.21,0.14,0.01,0.2,0.21,0.24,0.12,0.31,0.17,0.2,0.11,0.2,0.2,0.01,0.11
"El Salvador","Q1 2021",0.09,0.12,0.18,0.2,0.17,0.17,0.2,0.19,0.21,0.21,0.12,0.12,0.19,0.23,0.19,0.2,0.15,0.16,0.21,0.17,0.1,0.11,0.09,0.11,0.2,0.22,0.15,0.2,0.23,0.22,0.22,0.08,,0.29,0.1,0.12,0.08,0.28,0.13,0.12,0.19,0.19,0.13,,0.1,0.13,0.2,0.17,0.29,0.21,0.21,,0.19,0.1,0.12,,0.1,0.12,0.12,0.23,0.1,0.2,0.19,0.1,0.1,0.23,0.2,0.08,0.21,0.1,0.18,0.21,0.18,0.28,,0.11,0.09,0.19,0.2,0.27,0.17,0.21,0.19,0.12,0.19,0.2,0.2,0.23,0.22,0.22,,0.13,0.13,0.1,0.12,0.11,0.13,0.1,0.13,0.12,0.11,0.22,0.11,0.22,0.17,0.2,0.11,0.12,0.1,0.29,0.09,0.1,0.17,0.22,0.19,0.11,0.19,,0.23,,0.19,0.21,0.27,0.2,0.08,0.07,0.1,0.11,0.21,0.21,0.08,0.29,0.13,0.08,0.21,0.12,0.21,0.21,0.2,0.13,0.23,0,0.12,0.13,0.21,,0.17,0.17,,0.18,0.18,0.09,0.21,0.2,,0.11,0.1,0.23,0.19,0.13,0.11,0.12,0.21,0.23,0.21,0.11,,0.19,0.13,0.12,0.2,0.09,0.2,0.18,0.21,0.1,0.21,0.14,0.01,0.2,0.21,0.24,0.12,0.3,0.17,0.2,0.11,0.19,0.2,,0.1
"Equatorial Guinea","Q1 2016",0.17,0.19,0.17,0.28,0.17,0.17,0.19,0.18,0.2,0.2,0.18,0.1,0.18,0.31,0.18,0.21,0.15,0.17,0.2,0.16,0.09,0.17,0.17,0.17,0.28,0.2,0.15,0.19,0.23,0.22,0.21,,,0.21,0.17,0.27,0.09,0.19,0.27,0.18,0.18,0.18,0.18,,0.25,0.19,0.2,0.18,0.21,0.19,0.21,0.17,,0.08,0.18,,0.16,0.18,0.19,0.24,0.17,0.18,0.27,0.18,0.1,0.23,0.28,0.15,0.2,0.08,0.18,0.19,0.17,0.19,,0.19,0.16,0.18,0.18,0.18,0.17,0.21,0.18,0.19,0.1,0.18,0.2,0.23,0.2,0.21,,0.18,0.19,0.1,0.17,0.18,0.2,0.18,0.18,0.18,0.17,0.23,0.1,0.21,0.11,0.18,0.17,0.2,0.17,0.28,0.09,0.16,0.16,0.22,0.18,0.17,0.2,0.08,0.23,,0.19,0.19,0.17,0.28,,0.07,0.1,0.19,0.21,0.2,,0.21,0.11,0.08,0.19,0.18,0.26,0.22,0.18,0.18,0.22,0.07,0.19,0.18,0.28,,0.17,0.18,,0.18,0.17,0.18,0.2,0.2,,0.11,0.18,0.23,0.19,0.18,0.11,0.1,0.22,0.3,0.21,0.1,,0.19,0.19,0.17,0.19,0.09,0.2,0.11,0.2,0.17,0.2,,0.09,0.19,0.22,0.31,0.18,0.3,0.17,0.19,0.11,0.19,0.2,0.09,0.1
"Equatorial Guinea","Q1 2017",0.17,0.21,0.18,0.31,0.17,0.17,0.23,0.18,0.23,0.23,0.21,0.12,0.2,0.34,0.2,0.24,0.15,0.17,0.23,0.18,0.11,0.18,0.17,0.19,0.31,0.24,0.15,0.23,0.27,0.25,0.24,0.08,,0.25,0.17,0.3,0.09,0.22,0.31,0.21,0.2,0.18,0.21,,0.19,0.21,0.23,0.17,0.24,0.23,0.25,0.2,,0.08,0.19,,0.17,0.2,0.2,0.34,0.18,0.21,0.3,0.19,0.17,0.27,0.31,0.16,0.23,0.08,0.18,0.22,0.19,0.23,,0.21,0.17,0.2,0.2,0.21,0.17,0.25,0.21,0.22,0.13,0.2,0.23,0.33,0.24,0.25,,0.22,0.21,0.11,0.13,0.19,0.23,0.19,0.19,0.21,0.19,0.26,0.11,0.24,0.11,0.21,0.2,0.23,0.19,0.31,0.09,0.17,0.17,0.33,0.2,0.18,0.23,0.08,0.26,,0.21,0.22,0.19,0.32,,0.08,0.12,0.19,0.24,0.23,0.09,0.24,0.13,0.08,0.23,0.21,0.3,0.25,0.21,0.21,0.26,0.07,0.22,0.21,0.32,,0.18,0.19,,0.19,0.18,0.19,0.24,0.24,,0.12,0.19,0.27,0.21,0.21,0.12,0.12,0.25,0.34,0.25,0.13,,0.19,0.22,0.21,0.22,0.09,0.3,0.18,0.21,0.18,0.24,,0.08,0.21,0.25,0.34,0.22,0.34,0.18,0.22,0.12,0.21,0.23,0.08,0.11
"Equatorial Guinea","Q1 2018",0.17,0.2,0.18,0.31,0.17,0.18,0.23,0.19,0.23,0.22,0.13,0.12,0.2,0.34,0.19,0.24,0.15,0.17,0.24,0.18,0.1,0.19,0.19,0.12,0.31,0.24,0.15,0.23,0.27,0.25,0.25,0.08,,0.25,0.17,0.3,0.09,0.22,0.3,0.21,0.2,0.19,0.21,,0.17,0.21,0.23,0.17,0.24,0.23,0.25,0.2,,0.08,0.19,,0.17,0.2,0.2,0.34,0.18,0.21,0.3,0.18,0.18,0.27,0.31,0.16,0.24,0.08,0.18,0.21,0.19,0.23,,0.2,0.17,0.2,0.19,0.21,0.17,0.25,0.22,0.22,0.21,0.21,0.23,0.33,0.24,0.24,,0.22,0.21,0.11,0.13,0.19,0.22,0.18,0.21,0.2,0.19,0.27,0.11,0.24,0.11,0.21,0.21,0.22,0.18,0.31,0.08,0.16,0.17,0.33,0.2,0.19,0.22,0.08,0.27,,0.21,0.22,0.19,0.31,,0.08,0.11,0.18,0.24,0.23,0.09,0.24,0.13,0.08,0.23,0.21,0.3,0.25,0.21,0.14,0.26,0.07,0.22,0.21,0.32,,0.18,0.19,,0.19,0.18,0.18,0.24,0.24,,0.12,0.2,0.27,0.21,0.21,0.13,0.11,0.24,0.34,0.25,0.12,,0.2,0.22,0.2,0.23,0.09,0.31,0.19,0.22,0.18,0.24,,0.08,0.22,0.25,0.34,0.21,0.34,0.18,0.23,0.12,0.21,0.23,0.08,0.1
"Equatorial Guinea","Q1 2019",0.17,0.2,0.19,0.31,0.17,0.17,0.23,0.2,0.23,0.22,0.2,0.12,0.2,0.35,0.2,0.31,0.15,0.17,0.24,0.18,0.12,0.18,0.19,0.12,0.32,0.24,0.15,0.23,0.28,0.25,0.25,0.08,,0.25,0.18,0.3,0.09,0.22,0.3,0.21,0.2,0.2,0.21,,0.26,0.22,0.23,0.18,0.24,0.23,0.24,0.2,,0.09,0.2,,0.17,0.13,0.21,0.28,0.18,0.2,0.3,0.18,0.18,0.27,0.31,0.15,0.24,0.08,0.18,0.21,0.18,0.23,,0.22,0.17,0.2,0.2,0.21,0.18,0.25,0.22,0.21,0.14,0.21,0.23,0.27,0.24,0.24,,0.21,0.21,0.02,0.13,0.2,0.22,0.19,0.21,0.22,0.19,0.27,0.12,0.24,0.17,0.21,0.2,0.22,0.18,0.32,0.1,0.09,0.17,0.33,0.2,0.11,0.23,0.08,0.27,,0.21,0.22,0.19,0.32,,0.07,0.1,0.27,0.23,0.23,0.09,0.24,0.13,0.08,0.23,0.21,0.3,0.27,0.21,0.22,0.27,0.07,0.21,0.21,0.32,,0.19,0.18,,0.18,0.19,0.25,0.24,0.23,,0.13,0.19,0.28,0.21,0.21,0.13,0.12,0.25,0.35,0.25,0.12,,0.2,0.23,0.2,0.23,0.09,0.31,0.19,0.23,0.18,0.24,0.15,0.02,0.22,0.25,0.35,0.21,0.35,0.18,0.22,0.12,0.21,0.23,0.02,0.1
"Equatorial Guinea","Q1 2020",0.18,0.2,0.19,0.31,0.17,0.18,0.22,0.2,0.22,0.22,0.12,0.12,0.19,0.34,0.19,0.29,0.15,0.17,0.23,0.18,0.11,0.19,0.16,0.11,0.31,0.23,0.15,0.21,0.27,0.24,0.25,0.08,,0.24,0.18,0.3,0.09,0.22,0.3,0.13,0.19,0.2,0.21,,0.25,0.21,0.22,0.18,0.23,0.22,0.24,0.19,,0.1,0.2,,0.17,0.13,0.21,0.27,0.18,0.21,0.3,0.18,0.18,0.26,0.3,0.16,0.23,0.08,0.19,0.22,0.19,0.22,,0.22,0.16,0.19,0.2,0.19,0.18,0.25,0.21,0.2,0.13,0.2,0.22,0.26,0.23,0.24,,0.21,0.21,0.11,0.13,0.2,0.22,0.19,0.21,0.21,0.19,0.26,0.12,0.23,0.18,0.21,0.18,0.22,0.18,0.31,0.1,0.11,0.17,0.33,0.21,0.12,0.22,0.01,0.27,,0.2,0.22,0.19,0.31,,0.07,0.11,0.26,0.23,0.23,0.09,0.24,0.13,0.08,0.22,0.13,0.3,0.25,0.21,0.22,0.26,0.07,0.22,0.21,0.32,,0.18,0.18,,0.19,0.19,0.24,0.24,0.23,,0.13,0.19,0.27,0.21,0.13,0.12,0.13,0.24,0.34,0.25,0.12,,0.2,0.22,0.2,0.22,0.09,0.3,0.18,0.22,0.17,0.24,0.15,0.02,0.22,0.25,0.34,0.21,0.34,0.18,0.22,0.12,0.21,0.22,0.02,0.11
"Equatorial Guinea","Q1 2021",0.17,0.2,0.19,0.3,0.17,0.18,0.22,0.2,0.22,0.22,0.13,0.12,0.2,0.34,0.19,0.3,0.15,0.17,0.23,0.18,0.11,0.19,0.16,0.11,0.31,0.23,0.15,0.21,0.27,0.24,0.25,0.08,,0.24,0.11,0.3,0.09,0.22,0.3,0.13,0.19,0.2,0.21,,0.25,0.21,0.22,0.18,0.23,0.22,0.24,0.19,,0.11,0.2,,0.18,0.13,0.21,0.27,0.18,0.21,0.29,0.18,0.18,0.26,0.31,0.16,0.23,0.1,0.19,0.23,0.19,0.22,,0.19,0.16,0.2,0.19,0.19,0.18,0.25,0.2,0.12,0.2,0.2,0.23,0.26,0.23,0.23,,0.21,0.21,0.11,0.12,0.2,0.22,0.18,0.2,0.2,0.11,0.26,0.11,0.23,0.18,0.22,0.19,0.21,0.11,0.31,0.1,0.1,0.17,0.33,0.21,0.12,0.22,,0.26,,0.2,0.22,0.2,0.31,0.09,0.07,0.11,0.26,0.23,0.23,0.09,0.24,0.13,0.08,0.21,0.13,0.3,0.24,0.21,0.21,0.26,0.07,0.21,0.21,0.31,,0.18,0.18,,0.19,0.19,0.24,0.24,0.23,,0.12,0.19,0.27,0.21,0.13,0.13,0.13,0.24,0.34,0.25,0.11,,0.2,0.22,0.2,0.22,0.09,0.3,0.19,0.22,0.17,0.23,0.15,0.01,0.22,0.25,0.34,0.21,0.34,0.18,0.22,0.12,0.2,0.22,,0.11
"Eritrea","Q1 2016",0.08,0.09,0.08,0.09,0.08,0.08,0.09,0.08,0.16,0.09,0.15,0.08,0.09,0.17,0.08,0.09,0.07,0.08,0.09,0.08,0.08,0.08,0.08,0.08,0.09,0.09,0.07,0.09,0.17,0.16,0.09,,,0.09,0.08,0.09,0.01,0.09,0.09,0.09,0.08,0.08,0.08,,0.08,0.08,0.22,0.08,0.09,0.09,0.16,0.08,0.08,,0.08,,0.08,0.09,0.09,0.17,0.08,0.08,0.09,0.08,0.08,0.16,0.09,0.07,0.09,0.01,0.09,0.09,0.08,0.09,,0.08,0.08,0.09,0.09,0.08,0.08,0.16,0.08,0.16,0.08,0.08,0.09,0.16,0.09,0.16,,0.15,0.16,0.08,0.08,0.08,0.16,0.08,0.15,0.08,0.08,0.16,0.08,0.16,0.08,0.08,0.08,0.16,0.08,0.09,0.08,0.08,0.08,0.16,0.15,0.08,0.09,0.07,0.16,,0.09,0.09,0.08,0.09,,0.07,0.08,0.08,0.16,0.16,,0.09,0.08,0,0.09,0.08,0.09,0.09,0.08,0.15,0.16,0,0.09,0.08,0.09,,0.08,0.09,,0.09,0.08,0.08,0.16,0.09,,0.08,0.08,0.16,0.09,0.09,0.09,0.21,0.16,0.17,0.16,0.15,,0.09,0.09,0.08,0.16,0.07,0.09,0.08,0.09,0.08,0.09,,0.01,0.09,0.16,0.17,0.15,0.17,0.08,0.08,0.08,0.09,0.16,0.01,0.15
"Eritrea","Q1 2017",0.08,0.09,0.08,0.09,0.08,0.08,0.09,0.08,0.16,0.09,0.15,0.08,0.09,0.17,0.08,0.09,0.07,0.08,0.09,0.08,0.08,0.08,0.08,0.08,0.09,0.09,0.07,0.09,0.17,0.09,0.16,0.07,,0.09,0.08,0.09,0.01,0.09,0.09,0.09,0.08,0.08,0.08,,0.08,0.08,0.22,0.08,0.09,0.09,0.16,0.08,0.08,,0.08,,0.08,0.09,0.08,0.17,0.08,0.08,0.08,0.08,0.08,0.16,0.09,0.07,0.09,0.01,0.08,0.09,0.08,0.09,,0.08,0.08,0.09,0.09,0.09,0.08,0.16,0.08,0.15,0.08,0.08,0.09,0.16,0.09,0.09,,0.15,0.15,0.08,0.08,0.08,0.09,0.08,0.08,0.08,0.08,0.16,0.08,0.09,0.08,0.09,0.08,0.16,0.08,0.09,0.01,0.08,0.08,0.16,0.08,0.08,0.09,0.01,0.16,,0.09,0.09,0.08,0.09,,0,0.08,0.08,0.16,0.16,0.08,0.09,0.08,0,0.09,0.09,0.16,0.09,0.08,0.15,0.09,0,0.09,0.08,0.09,,0.08,0.08,,0.09,0.08,0.08,0.16,0.09,,0.15,0.08,0.16,0.09,0.09,0.08,0.22,0.09,0.17,0.16,0.15,,0.08,0.09,0.08,0.16,0.07,0.09,0.08,0.09,0.08,0.16,,0.01,0.15,0.16,0.17,0.15,0.17,0.08,0.09,0.08,0.09,0.09,0.01,0.15
"Eritrea","Q1 2018",0.08,0.08,0.08,0.09,0.08,0.08,0.09,0.08,0.09,0.09,0.08,0.08,0.09,0.17,0.08,0.09,0.07,0.08,0.09,0.08,0.08,0.08,0.08,0.08,0.09,0.09,0.07,0.09,0.17,0.09,0.09,0.07,,0.09,0.08,0.09,0.01,0.09,0.09,0.08,0.08,0.08,0.08,,0.08,0.08,0.22,0.08,0.09,0.09,0.16,0.08,0.08,,0.08,,0.08,0.09,0.08,0.16,0.08,0.08,0.08,0.08,0.08,0.1,0.09,0.07,0.16,0.01,0.08,0.09,0.08,0.09,,0.08,0.08,0.09,0.08,0.09,0.08,0.16,0.09,0.15,0.08,0.08,0.09,0.16,0.09,0.09,,0.15,0.15,0.08,0.08,0.08,0.09,0.08,0.15,0.08,0.08,0.16,0.08,0.16,0.08,0.09,0.08,0.09,0.08,0.09,0.01,0.08,0.08,0.16,0.15,0.08,0.08,0.01,0.17,,0.09,0.09,0.08,0.09,,0,0.08,0.08,0.16,0.16,0.08,0.09,0.08,0,0.09,0.09,0.09,0.09,0.08,0.15,0.1,0,0.09,0.09,0.09,,0.08,0.08,,0.08,0.08,0.08,0.16,0.09,,0.08,0.08,0.16,0.09,0.08,0.08,0.22,0.16,0.17,0.16,0.15,,0.08,0.09,0.08,0.16,0.07,0.09,0.08,0.09,0.08,0.16,,0.01,0.16,0.16,0.17,0.15,0.17,0.08,0.09,0.08,0.09,0.09,0.01,0.15
"Eritrea","Q1 2019",0.08,0.09,0.09,0.1,0.08,0.09,0.1,0.09,0.1,0.17,0.16,0.09,0.09,0.18,0.09,0.1,0.07,0.09,0.1,0.09,0.09,0.09,0.09,0.09,0.1,0.17,0.07,0.1,0.18,0.17,0.18,0.07,,0.1,0.09,0.1,0.01,0.1,0.1,0.16,0.09,0.09,0.09,,0.09,0.09,0.24,0.09,0.1,0.1,0.17,0.09,0.09,,0.09,,0.09,0.1,0.09,0.18,0.09,0.09,0.09,0.09,0.09,0.18,0.1,0.08,0.17,0.01,0.09,0.1,0.09,0.1,,0.09,0.09,0.09,0.09,0.09,0.09,0.18,0.1,0.17,0.16,0.09,0.17,0.18,0.1,0.17,,0.17,0.17,0.01,0.16,0.09,0.17,0.09,0.17,0.09,0.09,0.18,0.09,0.17,0.08,0.1,0.09,0.1,0.16,0.17,0.08,0.08,0.08,0.18,0.16,0.09,0.1,0.01,0.18,,0.1,0.1,0.09,0.1,,0,0.09,0.09,0.17,0.17,0.08,0.1,0.09,0.01,0.1,0.1,0.1,0.17,0.09,0.17,0.18,0.07,0.1,0.16,0.1,,0.09,0.09,,0.09,0.09,0.09,0.24,0.09,,0.16,0.09,0.18,0.1,0.16,0.1,0.23,0.17,0.18,0.17,0.16,,0.09,0.1,0.09,0.17,0.08,0.1,0.09,0.1,0.09,0.17,0.07,0.01,0.17,0.18,0.18,0.17,0.18,0.09,0.1,0.09,0.1,0.17,0.01,0.16
"Eritrea","Q1 2020",0.09,0.1,0.09,0.1,0.08,0.09,0.1,0.09,0.1,0.17,0.16,0.09,0.09,0.18,0.09,0.1,0.07,0.09,0.1,0.09,0.09,0.09,0.08,0.09,0.1,0.17,0.07,0.1,0.18,0.17,0.17,0.07,,0.11,0.09,0.1,0.01,0.1,0.1,0.16,0.09,0.09,0.09,,0.09,0.1,0.17,0.09,0.1,0.1,0.17,0.09,0.1,,0.09,,0.09,0.1,0.09,0.18,0.09,0.09,0.1,0.09,0.09,0.18,0.1,0.08,0.17,0.01,0.09,0.1,0.09,0.1,,0.09,0.08,0.09,0.09,0.09,0.09,0.17,0.1,0.09,0.16,0.09,0.17,0.18,0.1,0.17,,0.16,0.17,0.09,0.16,0.09,0.17,0.09,0.16,0.09,0.09,0.18,0.09,0.17,0.09,0.1,0.09,0.1,0.16,0.17,0.09,0.09,0.08,0.17,0.17,0.09,0.1,0.01,0.18,,0.1,0.1,0.09,0.1,,0,0.09,0.09,0.17,0.17,0.08,0.1,0.09,0.01,0.1,0.09,0.1,0.1,0.09,0.17,0.18,0.07,0.1,0.16,0.17,,0.09,0.09,,0.09,0.09,0.02,0.24,0.1,,0.16,0.09,0.18,0.1,0.16,0.1,0.23,0.17,0.18,0.17,0.22,,0.09,0.1,0.09,0.17,0.08,0.1,0.09,0.1,0.09,0.17,0.07,0.01,0.17,0.18,0.18,0.16,0.18,0.09,0.1,0.09,0.1,0.17,0.01,0.16
"Eritrea","Q1 2021",0.09,0.1,0.09,0.11,0.08,0.09,0.11,0.1,0.11,0.18,0.17,0.1,0.09,0.19,0.1,0.11,0.07,0.09,0.11,0.09,0.09,0.1,0.08,0.09,0.11,0.18,0.07,0.11,0.19,0.18,0.19,0.07,,0.12,0.09,0.11,0.01,0.11,0.11,0.17,0.1,0.1,0.1,,0.08,0.11,0.18,0.09,0.11,0.11,0.18,0.1,0.11,,0.1,,0.09,0.1,0.1,0.19,0.1,0.11,0.1,0.09,0.09,0.19,0.11,0.08,0.18,0.02,0.09,0.11,0.1,0.11,,0.1,0.08,0.09,0.1,0.1,0.09,0.19,0.1,0.1,0.17,0.1,0.18,0.19,0.11,0.18,,0.18,0.18,0.09,0.17,0.1,0.18,0.1,0.17,0.1,0.1,0.19,0.1,0.18,0.09,0.11,0.1,0.11,0.17,0.18,0.09,0.09,0.08,0.18,0.18,0.09,0.11,,0.19,,0.1,0.11,0.1,0.11,0.01,0,0.09,0.09,0.18,0.18,0.08,0.11,0.1,0.01,0.11,0.1,0.11,0.18,0.1,0.18,0.19,0.07,0.11,0.17,0.18,,0.09,0.09,,0.09,0.09,0.09,0.25,0.11,,0.17,0.1,0.19,0.1,0.17,0.1,0.24,0.18,0.19,0.18,0.23,,0.09,0.11,0.1,0.18,0.08,0.11,0.09,0.11,0.08,0.18,0.07,0.01,0.18,0.19,0.19,0.17,0.19,0.09,0.11,0.1,0.1,0.18,,0.17
"Estonia","Q1 2016",0.1,0.2,0.11,0.2,0.1,0.17,0.2,0.19,0.21,0.2,0.19,0.11,0.18,0.31,0.18,0.2,0.08,0.11,0.2,0.09,0.11,0.18,0.1,0.18,0.2,0.21,0.08,0.2,0.23,0.22,0.21,,,0.21,0.17,0.2,0.09,0.2,0.2,0.12,0.18,0.19,0.19,,0.18,0.27,0.21,0.17,0.21,0.2,0.22,0.11,0.18,0.08,,,0.17,0.12,0.28,0.23,0.17,0.19,0.19,0.19,0.1,0.3,0.21,0.08,0.21,0.15,0.18,0.19,0.11,0.2,,0.2,0.1,0.2,0.12,0.19,0.18,0.21,0.19,0.2,0.11,0.19,0.21,0.23,0.21,0.22,,0.2,0.19,0.1,0.11,0.26,0.21,0.1,0.19,0.26,0.18,0.23,0.1,0.21,0.1,0.18,0.17,0.2,0.18,0.21,0.09,0.09,0.09,0.22,0.12,0.18,0.2,0.08,0.3,,0.2,0.2,0.11,0.21,,0.07,0.1,0.27,0.21,0.21,,0.22,0.12,0.07,0.2,0.19,0.28,0.21,0.19,0.19,0.23,0.07,0.2,0.2,0.29,,0.1,0.18,,0.18,0.11,0.17,0.21,0.2,,0.11,0.18,0.23,0.19,0.19,0.11,0.1,0.21,0.24,0.21,0.12,,0.2,0.21,0.18,0.2,0.08,0.2,0.11,0.21,0.18,0.21,,0.09,0.2,0.22,0.3,0.19,0.23,0.1,0.2,0.11,0.2,0.21,0.09,0.11
"Estonia","Q1 2017",0.1,0.2,0.11,0.21,0.1,0.1,0.21,0.17,0.21,0.2,0.19,0.12,0.19,0.32,0.18,0.21,0.08,0.1,0.21,0.1,0.11,0.18,0.1,0.19,0.21,0.22,0.08,0.21,0.24,0.23,0.22,0.08,,0.23,0.17,0.2,0.08,0.21,0.21,0.13,0.18,0.17,0.2,,0.18,0.28,0.21,0.1,0.22,0.21,0.23,0.12,0.19,0.08,,,0.17,0.12,0.28,0.24,0.17,0.2,0.19,0.18,0.17,0.31,0.21,0.08,0.21,0.15,0.11,0.19,0.11,0.21,,0.19,0.09,0.19,0.12,0.21,0.17,0.22,0.2,0.2,0.12,0.2,0.22,0.23,0.22,0.22,,0.2,0.19,0.1,0.11,0.26,0.21,0.1,0.19,0.26,0.18,0.23,0.1,0.22,0.11,0.19,0.18,0.19,0.17,0.22,0.09,0.09,0.1,0.23,0.12,0.19,0.2,0.01,0.31,,0.2,0.21,0.11,0.22,,0.07,0.11,0.27,0.22,0.21,0.09,0.22,0.12,0.07,0.21,0.2,0.29,0.22,0.19,0.2,0.24,0.07,0.19,0.19,0.3,,0.11,0.18,,0.18,0.11,0.17,0.22,0.21,,0.1,0.18,0.24,0.2,0.2,0.12,0.1,0.22,0.24,0.22,0.11,,0.19,0.28,0.19,0.21,0.09,0.2,0.11,0.2,0.17,0.22,,0.01,0.2,0.22,0.31,0.19,0.24,0.1,0.21,0.11,0.2,0.21,0.01,0.1
"Estonia","Q1 2018",0.09,0.19,0.11,0.21,0.1,0.1,0.2,0.18,0.21,0.19,0.11,0.11,0.19,0.31,0.18,0.21,0.08,0.1,0.21,0.1,0.1,0.18,0.18,0.11,0.2,0.21,0.08,0.2,0.24,0.22,0.22,0.08,,0.22,0.17,0.2,0.08,0.2,0.2,0.12,0.18,0.18,0.19,,0.09,0.27,0.2,0.1,0.22,0.2,0.22,0.12,0.19,0.08,,,0.17,0.12,0.27,0.23,0.17,0.19,0.19,0.18,0.17,0.3,0.21,0.08,0.21,0.15,0.11,0.19,0.1,0.21,,0.18,0.1,0.2,0.11,0.2,0.18,0.21,0.2,0.2,0.19,0.2,0.21,0.23,0.21,0.22,,0.2,0.19,0.1,0.11,0.27,0.2,0.1,0.2,0.27,0.18,0.23,0.1,0.21,0.11,0.19,0.19,0.19,0.17,0.21,0.08,0.09,0.1,0.23,0.12,0.19,0.19,0.01,0.31,,0.19,0.2,0.11,0.21,,0.08,0.1,0.26,0.21,0.21,0.09,0.22,0.12,0.07,0.2,0.19,0.28,0.22,0.19,0.12,0.23,0.07,0.2,0.19,0.29,,0.11,0.18,,0.18,0.11,0.17,0.21,0.2,,0.1,0.18,0.23,0.2,0.12,0.12,0.1,0.21,0.24,0.21,0.1,,0.19,0.28,0.19,0.21,0.09,0.21,0.11,0.2,0.18,0.22,,0.01,0.2,0.22,0.31,0.19,0.23,0.1,0.2,0.11,0.19,0.21,0.01,0.09
"Estonia","Q1 2019",0.09,0.19,0.11,0.2,0.1,0.1,0.21,0.19,0.22,0.2,0.12,0.12,0.19,0.25,0.19,0.21,0.08,0.09,0.21,0.1,0.11,0.18,0.1,0.12,0.21,0.22,0.08,0.21,0.24,0.23,0.23,0.08,,0.23,0.1,0.2,0.08,0.21,0.21,0.13,0.19,0.19,0.2,,0.17,0.28,0.21,0.17,0.22,0.21,0.23,0.12,0.2,0.09,,,0.17,0.12,0.28,0.25,0.18,0.19,0.2,0.11,0.17,0.31,0.21,0.15,0.22,0.15,0.17,0.2,0.11,0.21,,0.19,0.09,0.19,0.12,0.2,0.18,0.22,0.21,0.2,0.13,0.2,0.22,0.24,0.22,0.22,,0.13,0.13,0.01,0.13,0.27,0.21,0.11,0.2,0.29,0.11,0.24,0.11,0.22,0.09,0.19,0.11,0.2,0.11,0.22,0.09,0.09,0.1,0.23,0.12,0.11,0.2,0.08,0.31,,0.2,0.21,0.11,0.22,,0.07,0.1,0.27,0.22,0.22,0.09,0.22,0.12,0.08,0.21,0.2,0.29,0.23,0.13,0.14,0.24,0.07,0.2,0.2,0.3,,0.11,0.17,,0.17,0.11,0.1,0.22,0.2,,0.12,0.11,0.24,0.2,0.13,0.12,0.11,0.22,0.25,0.23,0.11,,0.19,0.29,0.19,0.22,0.08,0.21,0.11,0.21,0.17,0.22,0.07,0.01,0.21,0.22,0.32,0.13,0.24,0.1,0.21,0.11,0.2,0.22,0.01,0.1
"Estonia","Q1 2020",0.11,0.19,0.12,0.22,0.1,0.1,0.21,0.19,0.22,0.21,0.12,0.12,0.18,0.32,0.19,0.21,0.08,0.09,0.22,0.11,0.11,0.11,0.09,0.11,0.21,0.22,0.08,0.21,0.25,0.23,0.23,0.08,,0.23,0.18,0.21,0.09,0.22,0.22,0.13,0.18,0.19,0.2,,0.18,0.28,0.21,0.18,0.22,0.22,0.23,0.12,0.2,0.09,,,0.17,0.12,0.28,0.31,0.18,0.2,0.21,0.1,0.17,0.31,0.22,0.16,0.23,0.15,0.18,0.21,0.12,0.21,,0.2,0.09,0.19,0.13,0.12,0.18,0.23,0.21,0.19,0.13,0.2,0.22,0.24,0.22,0.23,,0.2,0.13,0.1,0.12,0.28,0.21,0.11,0.2,0.28,0.19,0.24,0.12,0.22,0.11,0.2,0.18,0.21,0.18,0.23,0.1,0.1,0.1,0.24,0.13,0.11,0.2,0.01,0.32,,0.2,0.21,0.11,0.22,,0.07,0.1,0.26,0.22,0.22,0.09,0.23,0.12,0.08,0.21,0.13,0.29,0.23,0.2,0.21,0.24,0.07,0.21,0.2,0.3,,0.11,0.17,,0.18,0.12,0.1,0.23,0.21,,0.12,0.11,0.24,0.2,0.13,0.12,0.12,0.22,0.25,0.22,0.12,,0.19,0.29,0.19,0.22,0.09,0.21,0.11,0.21,0.17,0.23,0.08,0.01,0.2,0.23,0.32,0.13,0.25,0.1,0.21,0.11,0.2,0.22,0.01,0.11
"Estonia","Q1 2021",0.09,0.2,0.11,0.2,0.1,0.1,0.2,0.19,0.21,0.2,0.12,0.12,0.19,0.31,0.18,0.2,0.08,0.09,0.21,0.1,0.1,0.11,0.09,0.11,0.2,0.21,0.08,0.2,0.24,0.22,0.22,0.08,,0.22,0.1,0.2,0.09,0.21,0.21,0.12,0.18,0.19,0.2,,0.17,0.28,0.2,0.18,0.22,0.21,0.22,0.12,0.2,0.1,,,0.18,0.12,0.28,0.23,0.18,0.19,0.19,0.1,0.17,0.3,0.21,0.16,0.22,0.17,0.18,0.2,0.11,0.2,,0.18,0.09,0.19,0.12,0.12,0.18,0.22,0.19,0.11,0.12,0.2,0.21,0.22,0.21,0.21,,0.13,0.13,0.1,0.11,0.26,0.2,0.1,0.2,0.27,0.11,0.23,0.11,0.21,0.11,0.2,0.18,0.12,0.11,0.22,0.1,0.1,0.1,0.23,0.2,0.11,0.19,,0.31,,0.2,0.2,0.19,0.21,0.08,0.07,0.1,0.26,0.21,0.21,0.09,0.22,0.12,0.08,0.2,0.12,0.29,0.22,0.19,0.2,0.23,0.07,0.19,0.19,0.29,,0.1,0.17,,0.18,0.11,0.1,0.22,0.2,,0.11,0.1,0.23,0.2,0.12,0.12,0.12,0.21,0.24,0.22,0.11,,0.19,0.28,0.19,0.21,0.09,0.2,0.11,0.2,0.1,0.22,0.08,0.01,0.2,0.22,0.31,0.13,0.24,0.11,0.2,0.11,0.12,0.21,,0.1
"Falkland Islands (Malvinas)","Q1 2016",,,,,,,,,,,,,,,,,,,,,,,,,,,,,,,,,,,,,,,,,,,,,,,,,,,,,,,,,,,,,,,,,,,,,,,,,,,,,,,,,,,,,,,,,,,,,,,,,,,,,,,,,,,,,,,,,,,,,,,,,,,,,,,,,,,,,,,,,,,,,,,,,,,,,,,,,,,,,,,,,,,,,,,,,,,,,,,,,,,,,,,,,,,,,,,
"Falkland Islands (Malvinas)","Q1 2017",,,,,,,,,,,,,,,,,,,,,,,,,,,,,,,,,,,,,,,,,,,,,,,,,,,,,,,,,,,,,,,,,,,,,,,,,,,,,,,,,,,,,,,,,,,,,,,,,,,,,,,,,,,,,,,,,,,,,,,,,,,,,,,,,,,,,,,,,,,,,,,,,,,,,,,,,,,,,,,,,,,,,,,,,,,,,,,,,,,,,,,,,,,,,,,
"Falkland Islands (Malvinas)","Q1 2018",,,,,,,,,,,,,,,,,,,,,,,,,,,,,,,,,,,,,,,,,,,,,,,,,,,,,,,,,,,,,,,,,,,,,,,,,,,,,,,,,,,,,,,,,,,,,,,,,,,,,,,,,,,,,,,,,,,,,,,,,,,,,,,,,,,,,,,,,,,,,,,,,,,,,,,,,,,,,,,,,,,,,,,,,,,,,,,,,,,,,,,,,,,,,,,
"Falkland Islands (Malvinas)","Q1 2019",,,,,,,,,,,,,,,,,,,,,,,,,,,,,,,,,,,,,,,,,,,,,,,,,,,,,,,,,,,,,,,,,,,,,,,,,,,,,,,,,,,,,,,,,,,,,,,,,,,,,,,,,,,,,,,,,,,,,,,,,,,,,,,,,,,,,,,,,,,,,,,,,,,,,,,,,,,,,,,,,,,,,,,,,,,,,,,,,,,,,,,,,,,,,,,
"Falkland Islands (Malvinas)","Q1 2020",,,,,,,,,,,,,,,,,,,,,,,,,,,,,,,,,,,,,,,,,,,,,,,,,,,,,,,,,,,,,,,,,,,,,,,,,,,,,,,,,,,,,,,,,,,,,,,,,,,,,,,,,,,,,,,,,,,,,,,,,,,,,,,,,,,,,,,,,,,,,,,,,,,,,,,,,,,,,,,,,,,,,,,,,,,,,,,,,,,,,,,,,,,,,,,
"Falkland Islands (Malvinas)","Q1 2021",,,,,,,,,,,,,,,,,,,,,,,,,,,,,,,,,,,,,,,,,,,,,,,,,,,,,,,,,,,,,,,,,,,,,,,,,,,,,,,,,,,,,,,,,,,,,,,,,,,,,,,,,,,,,,,,,,,,,,,,,,,,,,,,,,,,,,,,,,,,,,,,,,,,,,,,,,,,,,,,,,,,,,,,,,,,,,,,,,,,,,,,,,,,,,,
"Faroe Islands","Q1 2016",0.09,0.17,0.1,0.18,0.09,0.16,0.17,0.17,0.18,0.18,0.17,0.09,0.17,0.2,0.17,0.18,0.07,0.09,0.18,0.09,0.09,0.09,0.09,0.09,0.17,0.18,0.08,0.17,0.2,0.19,0.18,,,0.18,0.09,0.17,0.08,0.18,0.17,0.1,0.17,0.17,0.17,,0.16,0.24,0.18,0.16,0.18,0.17,0.19,0.09,0.16,0.08,0.17,,,0.1,0.18,0.19,0.16,0.17,0.17,0.17,0.09,0.26,0.18,0.08,0.18,0.15,0.17,0.17,0.09,0.17,,0.17,0.09,0.17,0.1,0.17,0.24,0.18,0.17,0.17,0.09,0.17,0.18,0.19,0.18,0.18,,0.17,0.1,0.09,0.09,0.17,0.18,0.09,0.17,0.17,0.1,0.19,0.09,0.18,0.09,0.16,0.09,0.17,0.09,0.18,0.08,0.09,0.08,0.19,0.1,0.09,0.17,0.08,0.26,,0.17,0.17,0.09,0.18,,0.07,0.09,0.17,0.18,0.18,,0.18,0.1,0.07,0.17,0.1,0.18,0.19,0.1,0.17,0.19,0.07,0.17,0.17,0.19,,0.09,0.17,,0.17,0.1,0.16,0.18,0.17,,0.1,0.17,0.19,0.17,0.1,0.1,0.09,0.18,0.2,0.18,0.1,,0.17,0.24,0.16,0.17,0.08,0.17,0.09,0.18,0.09,0.18,,0.08,0.17,0.18,0.26,0.1,0.2,0.09,0.17,0.1,0.17,0.18,0.08,0.09
"Faroe Islands","Q1 2017",0.09,0.17,0.1,0.17,0.09,0.09,0.17,0.16,0.18,0.18,0.17,0.09,0.17,0.2,0.17,0.17,0.07,0.09,0.18,0.09,0.09,0.09,0.09,0.09,0.17,0.18,0.08,0.17,0.2,0.19,0.18,0.07,,0.19,0.09,0.17,0.08,0.18,0.17,0.1,0.17,0.16,0.17,,0.16,0.24,0.18,0.09,0.18,0.17,0.19,0.09,0.17,0.08,0.17,,,0.1,0.17,0.19,0.16,0.17,0.17,0.16,0.09,0.26,0.18,0.08,0.18,0.14,0.1,0.17,0.1,0.18,,0.17,0.09,0.17,0.1,0.17,0.23,0.18,0.17,0.17,0.09,0.17,0.18,0.19,0.18,0.18,,0.17,0.1,0.09,0.09,0.17,0.18,0.09,0.16,0.17,0.1,0.19,0.09,0.18,0.1,0.17,0.09,0.17,0.09,0.18,0.08,0.09,0.09,0.19,0.1,0.09,0.17,0.01,0.26,,0.17,0.17,0.09,0.18,,0.07,0.09,0.17,0.18,0.18,0.08,0.18,0.1,0.07,0.18,0.1,0.18,0.19,0.17,0.17,0.19,0,0.17,0.1,0.19,,0.1,0.17,,0.17,0.09,0.16,0.18,0.17,,0.09,0.16,0.19,0.17,0.1,0.1,0.09,0.18,0.19,0.18,0.09,,0.17,0.24,0.16,0.17,0.08,0.17,0.1,0.17,0.09,0.18,,0.01,0.1,0.18,0.26,0.1,0.2,0.09,0.17,0.1,0.17,0.18,0.01,0.09
"Faroe Islands","Q1 2018",0.09,0.17,0.1,0.18,0.09,0.09,0.18,0.17,0.18,0.18,0.09,0.09,0.17,0.2,0.17,0.18,0.07,0.09,0.18,0.09,0.09,0.09,0.09,0.09,0.17,0.18,0.08,0.17,0.2,0.19,0.19,0.07,,0.18,0.09,0.17,0.08,0.18,0.17,0.1,0.17,0.17,0.17,,0.08,0.24,0.17,0.09,0.18,0.17,0.19,0.09,0.17,0.08,0.17,,,0.1,0.17,0.19,0.16,0.17,0.17,0.16,0.09,0.26,0.18,0.08,0.18,0.14,0.1,0.17,0.09,0.18,,0.17,0.09,0.17,0.1,0.17,0.23,0.18,0.17,0.17,0.17,0.17,0.18,0.19,0.18,0.18,,0.17,0.1,0.09,0.09,0.17,0.17,0.09,0.17,0.17,0.09,0.19,0.09,0.18,0.1,0.17,0.1,0.17,0.09,0.18,0.08,0.08,0.09,0.19,0.1,0.09,0.17,0.01,0.26,,0.17,0.17,0.09,0.18,,0.07,0.09,0.17,0.18,0.18,0.08,0.18,0.1,0.07,0.18,0.1,0.18,0.19,0.1,0.1,0.19,0,0.17,0.1,0.19,,0.1,0.17,,0.17,0.09,0.09,0.18,0.17,,0.09,0.17,0.19,0.17,0.1,0.1,0.09,0.18,0.19,0.18,0.09,,0.17,0.24,0.17,0.18,0.08,0.17,0.1,0.17,0.09,0.19,,0.01,0.1,0.18,0.26,0.1,0.2,0.1,0.17,0.1,0.17,0.18,0.01,0.09
"Faroe Islands","Q1 2019",0.09,0.17,0.09,0.17,0.09,0.09,0.17,0.17,0.18,0.17,0.09,0.09,0.17,0.2,0.17,0.17,0.07,0.09,0.18,0.09,0.09,0.09,0.09,0.09,0.17,0.18,0.08,0.17,0.2,0.18,0.19,0.07,,0.18,0.09,0.17,0.08,0.17,0.17,0.1,0.17,0.17,0.17,,0.16,0.24,0.18,0.17,0.18,0.17,0.18,0.09,0.17,0.09,0.17,,,0.1,0.17,0.19,0.16,0.17,0.17,0.09,0.09,0.26,0.17,0.15,0.18,0.14,0.16,0.17,0.09,0.18,,0.17,0.09,0.17,0.1,0.17,0.23,0.18,0.17,0.17,0.1,0.17,0.18,0.19,0.18,0.18,,0.1,0.1,0.01,0.09,0.17,0.17,0.09,0.17,0.17,0.09,0.19,0.09,0.18,0.09,0.17,0.09,0.17,0.09,0.18,0.09,0.08,0.09,0.19,0.1,0.09,0.17,0.08,0.26,,0.17,0.17,0.09,0.18,,0.07,0.09,0.17,0.18,0.18,0.08,0.18,0.1,0.07,0.18,0.1,0.18,0.19,0.1,0.1,0.19,0,0.17,0.1,0.19,,0.1,0.17,,0.17,0.1,0.09,0.18,0.17,,0.1,0.09,0.19,0.17,0.1,0.1,0.09,0.18,0.19,0.18,0.09,,0.17,0.24,0.17,0.18,0.08,0.17,0.1,0.17,0.09,0.18,0.07,0.01,0.1,0.18,0.26,0.1,0.2,0.09,0.17,0.09,0.17,0.18,0.01,0.09
"Faroe Islands","Q1 2020",0.09,0.17,0.1,0.17,0.09,0.09,0.17,0.17,0.18,0.18,0.09,0.09,0.17,0.2,0.17,0.17,0.08,0.09,0.18,0.09,0.09,0.09,0.08,0.09,0.17,0.18,0.08,0.17,0.2,0.18,0.19,0.07,,0.18,0.09,0.17,0.08,0.17,0.17,0.1,0.16,0.17,0.17,,0.16,0.24,0.17,0.17,0.18,0.17,0.18,0.09,0.17,0.09,0.17,,,0.1,0.17,0.19,0.16,0.17,0.17,0.09,0.09,0.26,0.17,0.15,0.18,0.14,0.17,0.17,0.09,0.17,,0.17,0.08,0.17,0.1,0.09,0.23,0.18,0.17,0.09,0.1,0.17,0.18,0.19,0.18,0.18,,0.1,0.1,0.09,0.09,0.17,0.17,0.09,0.17,0.17,0.09,0.19,0.09,0.18,0.1,0.17,0.09,0.17,0.09,0.18,0.09,0.09,0.09,0.19,0.1,0.09,0.17,0.01,0.26,,0.17,0.17,0.09,0.17,,0.07,0.09,0.17,0.18,0.18,0.08,0.18,0.1,0.08,0.17,0.1,0.18,0.18,0.1,0.1,0.19,0,0.17,0.1,0.19,,0.09,0.16,,0.17,0.1,0.09,0.18,0.17,,0.1,0.09,0.19,0.17,0.1,0.1,0.09,0.18,0.19,0.18,0.09,,0.17,0.24,0.17,0.18,0.08,0.17,0.09,0.17,0.09,0.18,0.07,0.01,0.1,0.18,0.26,0.1,0.2,0.09,0.17,0.1,0.17,0.17,0.01,0.09
"Faroe Islands","Q1 2021",0.09,0.18,0.1,0.18,0.09,0.1,0.18,0.18,0.19,0.19,0.1,0.1,0.17,0.21,0.17,0.18,0.08,0.09,0.19,0.09,0.1,0.1,0.09,0.1,0.18,0.19,0.08,0.18,0.21,0.2,0.2,0.07,,0.2,0.1,0.18,0.08,0.18,0.18,0.11,0.17,0.18,0.18,,0.16,0.25,0.18,0.17,0.19,0.18,0.19,0.1,0.18,0.09,0.18,,,0.11,0.18,0.2,0.17,0.18,0.17,0.1,0.1,0.27,0.19,0.15,0.19,0.23,0.17,0.18,0.1,0.18,,0.1,0.09,0.17,0.1,0.1,0.25,0.19,0.11,0.1,0.11,0.18,0.19,0.2,0.19,0.19,,0.11,0.11,0.1,0.1,0.18,0.18,0.1,0.18,0.18,0.1,0.2,0.1,0.19,0.1,0.18,0.1,0.11,0.1,0.19,0.09,0.1,0.09,0.2,0.18,0.1,0.18,,0.27,,0.18,0.18,0.17,0.18,0.08,0.07,0.1,0.18,0.19,0.19,0.08,0.19,0.11,0.08,0.18,0.1,0.19,0.2,0.11,0.11,0.2,0,0.18,0.11,0.19,,0.09,0.17,,0.17,0.1,0.09,0.19,0.18,,0.1,0.1,0.21,0.18,0.11,0.11,0.11,0.19,0.21,0.19,0.09,,0.17,0.25,0.17,0.19,0.09,0.11,0.1,0.18,0.09,0.19,0.07,0.01,0.11,0.19,0.27,0.11,0.21,0.1,0.18,0.11,0.11,0.19,,0.1
"Fiji","Q1 2016",0.1,0.2,0.28,0.22,0.18,0.18,0.22,0.2,0.32,0.23,0.21,0.2,0.2,0.28,0.19,0.22,0.15,0.19,0.22,0.17,0.18,0.11,0.11,0.2,0.22,0.31,0.15,0.22,0.35,0.26,0.33,,,0.25,0.11,0.22,0.23,0.22,0.22,0.21,0.19,0.2,0.14,,0.12,0.21,0.23,0.19,0.24,0.22,0.25,0.19,0.18,0.09,0.12,,0.1,,0.21,0.27,0.11,0.29,0.21,0.13,0.1,0.26,0.22,0.09,0.23,0.08,0.2,0.21,0.22,0.22,,0.14,0.1,0.2,0.2,0.2,0.18,0.25,0.23,0.22,0.12,0.13,0.23,0.26,0.24,0.34,,0.21,0.22,0.27,0.19,0.12,0.23,0.19,0.14,0.13,0.2,0.27,0.19,0.24,0.27,0.13,0.11,0.23,0.13,0.24,0.16,0.1,0.17,0.24,0.21,0.19,0.22,0.22,0.26,,0.32,0.32,0.19,0.23,,0.15,0.18,0.2,0.24,0.23,,0.25,0.28,0.08,0.22,0.29,0.21,0.24,0.2,0.2,0.35,0.07,0.22,0.21,0.25,,0.18,0.2,,0.2,0.28,0.11,0.24,0.21,,0.2,0.12,0.33,0.21,0.22,0.3,0.12,0.24,0.27,0.24,0.2,,0.2,0.22,0.13,0.31,0.16,0.22,0.28,0.23,0.12,0.23,,0.24,0.22,0.25,0.27,0.22,0.34,0.18,0.21,0.29,0.21,0.24,0.24,0.2
"Fiji","Q1 2017",0.11,0.2,0.28,0.22,0.18,0.18,0.22,0.19,0.32,0.23,0.13,0.19,0.2,0.27,0.2,0.22,0.15,0.17,0.22,0.18,0.18,0.12,0.1,0.2,0.22,0.31,0.15,0.22,0.35,0.26,0.34,0.15,,0.25,0.1,0.22,0.23,0.21,0.22,0.22,0.2,0.19,0.13,,0.11,0.21,0.23,0.18,0.24,0.22,0.25,0.2,0.2,0.09,0.12,,0.1,,0.13,0.27,0.11,0.29,0.21,0.12,0.11,0.26,0.22,0.09,0.23,0.08,0.19,0.21,0.22,0.23,,0.13,0.1,0.2,0.21,0.21,0.18,0.25,0.23,0.22,0.19,0.13,0.23,0.26,0.24,0.34,,0.21,0.21,0.26,0.12,0.12,0.22,0.11,0.12,0.13,0.2,0.26,0.19,0.23,0.27,0.21,0.12,0.22,0.12,0.24,0.17,0.1,0.17,0.25,0.21,0.19,0.21,0.22,0.26,,0.31,0.32,0.19,0.23,,0.15,0.21,0.19,0.24,0.23,0.17,0.25,0.29,0.08,0.23,0.29,0.22,0.24,0.2,0.2,0.34,0.07,0.21,0.2,0.25,,0.19,0.19,,0.2,0.27,0.11,0.24,0.21,,0.19,0.12,0.33,0.22,0.21,0.29,0.12,0.24,0.26,0.25,0.19,,0.19,0.22,0.13,0.31,0.16,0.22,0.28,0.21,0.11,0.23,,0.22,0.21,0.24,0.27,0.22,0.35,0.18,0.22,0.28,0.21,0.23,0.22,0.11
"Fiji","Q1 2018",0.1,0.13,0.28,0.23,0.18,0.18,0.23,0.2,0.33,0.22,0.2,0.21,0.2,0.28,0.2,0.23,0.15,0.17,0.23,0.19,0.18,0.12,0.12,0.2,0.22,0.31,0.15,0.23,0.35,0.33,0.34,0.15,,0.26,0.1,0.22,0.23,0.22,0.22,0.21,0.2,0.2,0.14,,0.1,0.21,0.23,0.18,0.25,0.23,0.25,0.2,0.2,0.09,0.12,,0.1,,0.13,0.27,0.12,0.29,0.21,0.12,0.11,0.27,0.22,0.09,0.24,0.08,0.19,0.21,0.2,0.23,,0.13,0.1,0.2,0.2,0.21,0.18,0.25,0.24,0.22,0.21,0.14,0.23,0.27,0.24,0.34,,0.22,0.21,0.26,0.13,0.13,0.22,0.11,0.14,0.13,0.19,0.27,0.19,0.24,0.28,0.21,0.21,0.22,0.12,0.25,0.16,0.09,0.17,0.26,0.21,0.2,0.21,0.22,0.28,,0.31,0.32,0.2,0.23,,0.15,0.19,0.12,0.24,0.24,0.17,0.26,0.29,0.08,0.23,0.3,0.22,0.24,0.21,0.22,0.35,0.07,0.22,0.22,0.25,,0.19,0.2,,0.19,0.28,0.11,0.24,0.22,,0.19,0.13,0.34,0.22,0.21,0.3,0.11,0.24,0.27,0.25,0.19,,0.2,0.22,0.13,0.32,0.16,0.22,0.29,0.22,0.11,0.24,,0.23,0.23,0.25,0.28,0.21,0.35,0.19,0.22,0.28,0.21,0.24,0.23,0.1
"Fiji","Q1 2019",0.1,0.13,0.28,0.21,0.11,0.11,0.21,0.13,0.32,0.22,0.2,0.19,0.13,0.26,0.12,0.21,0.08,0.1,0.22,0.11,0.19,0.12,0.11,0.2,0.21,0.23,0.08,0.22,0.34,0.32,0.33,0.15,,0.25,0.11,0.21,0.23,0.14,0.21,0.2,0.13,0.13,0.13,,0.11,0.2,0.21,0.11,0.23,0.22,0.23,0.12,0.13,0.1,0.12,,0.1,,0.13,0.26,0.11,0.29,0.13,0.11,0.11,0.25,0.21,0.09,0.23,0.08,0.12,0.14,0.19,0.22,,0.12,0.1,0.13,0.13,0.13,0.11,0.24,0.22,0.2,0.2,0.13,0.22,0.25,0.23,0.32,,0.21,0.21,0.22,0.19,0.12,0.21,0.11,0.13,0.2,0.19,0.26,0.18,0.23,0.25,0.13,0.12,0.21,0.11,0.23,0.25,0.09,0.11,0.24,0.2,0.19,0.2,0.22,0.26,,0.3,0.31,0.11,0.22,,0.14,0.19,0.12,0.23,0.22,0.17,0.24,0.29,0.08,0.22,0.29,0.21,0.23,0.13,0.21,0.34,0.07,0.2,0.2,0.24,,0.12,0.12,,0.12,0.28,0.11,0.23,0.13,,0.19,0.11,0.33,0.14,0.2,0.3,0.12,0.23,0.25,0.24,0.11,,0.13,0.21,0.12,0.3,0.16,0.21,0.28,0.14,0.11,0.23,0.08,0.22,0.21,0.24,0.26,0.21,0.28,0.11,0.21,0.28,0.14,0.23,0.22,0.1
"Fiji","Q1 2020",0.11,0.13,0.29,0.21,0.11,0.11,0.21,0.12,0.31,0.22,0.12,0.2,0.13,0.26,0.12,0.21,0.08,0.1,0.22,0.12,0.19,0.11,0.1,0.2,0.13,0.24,0.08,0.21,0.34,0.32,0.33,0.15,,0.24,0.12,0.21,0.24,0.14,0.21,0.2,0.12,0.12,0.13,,0.11,0.2,0.21,0.12,0.23,0.22,0.23,0.12,0.13,0.1,0.12,,0.1,,0.13,0.26,0.11,0.28,0.13,0.1,0.11,0.25,0.22,0.09,0.23,0.08,0.12,0.14,0.2,0.21,,0.12,0.1,0.13,0.13,0.12,0.11,0.23,0.29,0.19,0.2,0.13,0.22,0.25,0.24,0.33,,0.2,0.2,0.26,0.19,0.12,0.21,0.11,0.13,0.12,0.19,0.26,0.18,0.22,0.27,0.13,0.12,0.21,0.12,0.23,0.25,0.11,0.11,0.24,0.2,0.2,0.2,0.22,0.26,,0.3,0.31,0.12,0.22,,0.14,0.19,0.12,0.23,0.22,0.17,0.24,0.29,0.09,0.22,0.21,0.21,0.23,0.13,0.21,0.34,0.07,0.2,0.2,0.24,,0.12,0.11,,0.12,0.29,0.1,0.23,0.13,,0.19,0.11,0.32,0.14,0.2,0.29,0.12,0.23,0.25,0.24,0.11,,0.13,0.21,0.12,0.3,0.16,0.21,0.27,0.14,0.11,0.23,0.08,0.22,0.21,0.24,0.26,0.2,0.28,0.11,0.21,0.29,0.13,0.22,0.22,0.11
"Fiji","Q1 2021",0.1,0.13,0.28,0.2,0.1,0.11,0.21,0.12,0.31,0.22,0.19,0.19,0.13,0.25,0.11,0.21,0.08,0.1,0.22,0.11,0.18,0.11,0.09,0.2,0.21,0.23,0.08,0.21,0.34,0.31,0.33,0.15,,0.24,0.11,0.2,0.23,0.14,0.2,0.2,0.12,0.12,0.13,,0.11,0.2,0.21,0.12,0.23,0.21,0.23,0.12,0.13,0.1,0.12,,0.11,,0.12,0.25,0.11,0.28,0.12,0.11,0.11,0.24,0.22,0.09,0.22,0.1,0.12,0.14,0.19,0.21,,0.11,0.09,0.12,0.12,0.12,0.11,0.23,0.21,0.19,0.2,0.12,0.21,0.24,0.23,0.32,,0.2,0.2,0.26,0.12,0.12,0.21,0.11,0.13,0.12,0.11,0.25,0.18,0.22,0.28,0.13,0.12,0.2,0.11,0.23,0.25,0.11,0.1,0.23,0.2,0.2,0.2,,0.26,,0.3,0.31,0.12,0.21,0.23,0.14,0.19,0.12,0.23,0.22,0.17,0.24,0.29,0.08,0.21,0.21,0.21,0.23,0.13,0.21,0.33,0.07,0.2,0.2,0.23,,0.11,0.11,,0.12,0.29,0.1,0.23,0.13,,0.18,0.11,0.32,0.14,0.2,0.29,0.12,0.22,0.25,0.23,0.1,,0.13,0.2,0.12,0.29,0.16,0.21,0.29,0.14,0.1,0.22,0.08,0.22,0.21,0.24,0.26,0.2,0.27,0.12,0.21,0.28,0.13,0.22,,0.1
"Finland","Q1 2016",0.18,0.23,0.19,0.24,0.11,0.18,0.25,0.2,0.28,0.23,0.22,0.21,0.2,0.39,0.19,0.24,0.08,0.12,0.26,0.1,0.19,0.19,0.18,0.21,0.23,0.29,0.08,0.26,0.38,0.37,0.29,,,0.29,0.18,0.23,0.09,0.24,0.25,0.23,0.2,0.2,0.22,,0.19,0.31,0.25,0.19,0.27,0.26,0.36,0.12,0.19,0.09,0.28,,0.18,0.21,,0.38,0.19,0.21,0.21,0.2,0.17,0.39,0.26,0.16,0.26,0.15,0.2,0.21,0.2,0.25,,0.21,0.17,0.21,0.14,0.22,0.19,0.29,0.25,0.26,0.12,0.22,0.33,0.37,0.26,0.36,,0.24,0.22,0.18,0.13,0.28,0.26,0.18,0.22,0.28,0.2,0.38,0.18,0.27,0.19,0.19,0.18,0.23,0.2,0.29,0.16,0.17,0.1,0.3,0.21,0.22,0.22,0.09,0.38,,0.23,0.26,0.12,0.26,,0.08,0.17,0.3,0.29,0.28,,0.29,0.21,0.08,0.27,0.24,0.33,0.29,0.2,0.21,0.38,0.07,0.22,0.23,0.37,,0.11,0.2,,0.2,0.19,0.18,0.29,0.23,,0.2,0.19,0.38,0.21,0.24,0.21,0.11,0.27,0.39,0.29,0.2,,0.21,0.32,0.2,0.27,0.16,0.24,0.19,0.24,0.2,0.28,,0.09,0.31,0.29,0.39,0.22,0.32,0.11,0.25,0.2,0.22,0.35,0.09,0.19
"Finland","Q1 2017",0.18,0.21,0.11,0.22,0.1,0.1,0.23,0.18,0.24,0.21,0.19,0.13,0.2,0.35,0.19,0.22,0.08,0.1,0.23,0.1,0.12,0.18,0.1,0.19,0.22,0.25,0.08,0.23,0.27,0.26,0.25,0.08,,0.25,0.17,0.21,0.09,0.23,0.23,0.21,0.19,0.18,0.21,,0.18,0.29,0.23,0.1,0.25,0.23,0.32,0.12,0.2,0.08,0.28,,0.17,0.13,,0.33,0.18,0.2,0.2,0.18,0.17,0.34,0.23,0.08,0.24,0.15,0.11,0.2,0.12,0.24,,0.19,0.09,0.2,0.13,0.23,0.18,0.25,0.22,0.23,0.13,0.21,0.31,0.26,0.23,0.25,,0.21,0.2,0.1,0.11,0.26,0.23,0.11,0.19,0.27,0.19,0.26,0.11,0.23,0.11,0.2,0.19,0.2,0.18,0.25,0.09,0.1,0.1,0.26,0.19,0.2,0.2,0.01,0.34,,0.21,0.23,0.11,0.23,,0.07,0.11,0.27,0.25,0.24,0.09,0.25,0.12,0.08,0.23,0.22,0.3,0.25,0.2,0.2,0.27,0.07,0.2,0.21,0.33,,0.11,0.19,,0.19,0.11,0.18,0.25,0.22,,0.11,0.19,0.27,0.21,0.22,0.12,0.11,0.23,0.27,0.24,0.18,,0.19,0.31,0.2,0.23,0.09,0.21,0.11,0.21,0.17,0.25,,0.02,0.22,0.25,0.35,0.2,0.27,0.1,0.23,0.12,0.21,0.24,0.02,0.1
"Finland","Q1 2018",0.16,0.21,0.11,0.22,0.1,0.1,0.23,0.19,0.24,0.21,0.12,0.13,0.19,0.34,0.19,0.22,0.08,0.1,0.23,0.11,0.1,0.18,0.18,0.12,0.21,0.24,0.08,0.23,0.27,0.25,0.25,0.08,,0.25,0.17,0.21,0.09,0.23,0.22,0.21,0.19,0.19,0.21,,0.09,0.29,0.23,0.1,0.25,0.23,0.32,0.13,0.2,0.08,0.27,,0.17,0.13,,0.33,0.18,0.2,0.2,0.18,0.17,0.34,0.22,0.08,0.24,0.15,0.11,0.2,0.11,0.23,,0.19,0.1,0.2,0.12,0.22,0.18,0.24,0.23,0.23,0.21,0.21,0.3,0.26,0.23,0.25,,0.22,0.2,0.1,0.12,0.27,0.23,0.1,0.21,0.28,0.19,0.26,0.11,0.24,0.11,0.2,0.2,0.2,0.18,0.24,0.08,0.09,0.1,0.26,0.2,0.21,0.2,0.01,0.34,,0.2,0.23,0.12,0.22,,0.08,0.1,0.26,0.24,0.24,0.09,0.24,0.12,0.08,0.23,0.22,0.3,0.25,0.19,0.21,0.26,0.07,0.21,0.21,0.32,,0.11,0.19,,0.18,0.11,0.17,0.25,0.22,,0.11,0.19,0.27,0.21,0.21,0.12,0.11,0.23,0.27,0.24,0.11,,0.2,0.3,0.2,0.23,0.09,0.22,0.11,0.21,0.18,0.25,,0.02,0.22,0.25,0.34,0.2,0.27,0.11,0.23,0.11,0.2,0.24,0.02,0.1
"Finland","Q1 2019",0.09,0.2,0.11,0.22,0.1,0.1,0.23,0.19,0.25,0.22,0.13,0.13,0.19,0.34,0.2,0.23,0.08,0.1,0.23,0.11,0.12,0.18,0.18,0.12,0.22,0.25,0.08,0.23,0.27,0.25,0.26,0.08,,0.25,0.18,0.21,0.09,0.23,0.23,0.21,0.19,0.19,0.22,,0.18,0.3,0.23,0.18,0.25,0.23,0.32,0.13,0.21,0.09,0.28,,0.17,0.13,,0.34,0.18,0.2,0.21,0.11,0.17,0.34,0.23,0.15,0.25,0.15,0.18,0.21,0.11,0.23,,0.2,0.09,0.2,0.12,0.22,0.18,0.25,0.23,0.21,0.15,0.22,0.31,0.27,0.24,0.25,,0.22,0.21,0.01,0.14,0.28,0.23,0.18,0.21,0.3,0.19,0.27,0.12,0.25,0.1,0.2,0.19,0.22,0.18,0.25,0.09,0.09,0.1,0.26,0.2,0.12,0.21,0.08,0.34,,0.2,0.23,0.11,0.23,,0.07,0.1,0.27,0.24,0.24,0.09,0.25,0.13,0.08,0.24,0.22,0.31,0.26,0.2,0.23,0.27,0.07,0.21,0.21,0.33,,0.11,0.18,,0.18,0.12,0.17,0.25,0.21,,0.12,0.18,0.27,0.2,0.22,0.12,0.11,0.24,0.28,0.25,0.12,,0.2,0.31,0.2,0.24,0.09,0.22,0.12,0.22,0.17,0.25,0.08,0.01,0.23,0.25,0.35,0.21,0.27,0.1,0.23,0.11,0.2,0.24,0.01,0.1
"Finland","Q1 2020",0.11,0.21,0.12,0.22,0.1,0.1,0.22,0.19,0.23,0.22,0.12,0.13,0.19,0.34,0.19,0.22,0.08,0.1,0.23,0.11,0.11,0.11,0.09,0.12,0.22,0.24,0.08,0.22,0.27,0.25,0.25,0.08,,0.25,0.18,0.21,0.09,0.23,0.23,0.21,0.18,0.19,0.22,,0.18,0.3,0.23,0.18,0.24,0.23,0.31,0.12,0.21,0.09,0.28,,0.17,0.13,,0.33,0.18,0.21,0.21,0.1,0.18,0.33,0.23,0.16,0.24,0.15,0.18,0.21,0.12,0.23,,0.2,0.09,0.2,0.13,0.13,0.18,0.25,0.22,0.2,0.14,0.21,0.3,0.26,0.24,0.24,,0.21,0.21,0.1,0.14,0.28,0.23,0.18,0.22,0.3,0.19,0.26,0.12,0.24,0.11,0.2,0.18,0.22,0.18,0.24,0.1,0.1,0.1,0.26,0.21,0.13,0.2,0.01,0.34,,0.2,0.22,0.12,0.23,,0.07,0.1,0.27,0.24,0.24,0.09,0.24,0.13,0.08,0.23,0.14,0.31,0.25,0.2,0.22,0.26,0.07,0.22,0.21,0.32,,0.11,0.18,,0.18,0.12,0.1,0.25,0.22,,0.13,0.11,0.26,0.2,0.21,0.12,0.12,0.24,0.27,0.24,0.12,,0.2,0.31,0.2,0.23,0.09,0.22,0.11,0.22,0.17,0.25,0.08,0.01,0.22,0.25,0.34,0.21,0.27,0.1,0.22,0.12,0.2,0.23,0.01,0.11
"Finland","Q1 2021",0.1,0.21,0.12,0.21,0.1,0.1,0.23,0.19,0.24,0.22,0.13,0.13,0.19,0.34,0.18,0.22,0.08,0.1,0.23,0.1,0.11,0.11,0.09,0.13,0.22,0.24,0.08,0.23,0.27,0.25,0.26,0.08,,0.25,0.11,0.21,0.09,0.23,0.23,0.21,0.18,0.19,0.22,,0.18,0.3,0.22,0.18,0.24,0.23,0.31,0.12,0.21,0.1,0.28,,0.18,0.12,,0.33,0.18,0.21,0.2,0.11,0.17,0.33,0.23,0.16,0.25,0.17,0.18,0.22,0.12,0.23,,0.18,0.09,0.19,0.13,0.14,0.19,0.25,0.21,0.13,0.15,0.21,0.31,0.26,0.23,0.24,,0.22,0.21,0.1,0.13,0.27,0.23,0.11,0.21,0.29,0.11,0.26,0.11,0.23,0.11,0.21,0.19,0.13,0.11,0.25,0.1,0.1,0.1,0.26,0.21,0.13,0.2,,0.34,,0.2,0.23,0.21,0.23,0.08,0.07,0.1,0.27,0.24,0.24,0.09,0.24,0.13,0.08,0.23,0.14,0.31,0.25,0.2,0.23,0.26,0.07,0.21,0.22,0.32,,0.1,0.18,,0.18,0.12,0.1,0.25,0.22,,0.12,0.11,0.27,0.2,0.21,0.12,0.19,0.24,0.27,0.24,0.12,,0.2,0.3,0.2,0.24,0.09,0.22,0.12,0.22,0.1,0.25,0.08,0.01,0.23,0.25,0.34,0.21,0.27,0.11,0.23,0.12,0.12,0.23,,0.11
"France","Q1 2016",0.21,0.36,0.24,0.46,0.22,0.3,0.45,0.26,0.48,0.44,0.32,0.25,0.33,0.74,0.25,0.42,0.16,0.23,0.48,0.2,0.21,0.22,0.2,0.24,0.39,0.52,0.17,0.46,0.68,0.64,0.57,,,0.56,0.29,0.43,0.18,0.39,0.41,0.36,0.25,0.26,0.38,,0.3,0.41,0.48,0.31,0.49,0.46,0.61,0.23,0.24,0.17,0.23,,0.19,0.27,0.38,,0.29,0.34,0.35,0.25,0.2,0.7,0.43,0.18,0.51,0.09,0.33,0.36,0.24,0.42,,0.34,0.2,0.28,0.28,0.35,0.21,0.54,0.33,0.45,0.23,0.33,0.49,0.68,0.46,0.59,,0.36,0.37,0.22,0.24,0.23,0.51,0.23,0.35,0.33,0.33,0.66,0.22,0.57,0.22,0.31,0.27,0.47,0.32,0.57,0.18,0.19,0.21,0.65,0.35,0.25,0.36,0.17,0.7,,0.36,0.41,0.23,0.46,,0.15,0.19,0.28,0.56,0.5,,0.58,0.25,0.16,0.47,0.32,0.5,0.58,0.28,0.27,0.66,0.08,0.4,0.33,0.57,,0.24,0.33,,0.33,0.24,0.29,0.57,0.38,,0.26,0.25,0.66,0.35,0.38,0.26,0.21,0.54,0.73,0.57,0.3,,0.28,0.44,0.26,0.42,0.17,0.47,0.23,0.42,0.31,0.55,,0.19,0.36,0.62,0.74,0.37,0.7,0.24,0.44,0.24,0.3,0.54,0.19,0.27
"France","Q1 2017",0.2,0.35,0.24,0.46,0.23,0.22,0.46,0.23,0.49,0.44,0.26,0.24,0.34,0.74,0.26,0.4,0.16,0.19,0.47,0.23,0.21,0.22,0.19,0.24,0.41,0.54,0.17,0.48,0.69,0.64,0.58,0.17,,0.57,0.27,0.45,0.17,0.39,0.41,0.38,0.26,0.23,0.37,,0.3,0.41,0.47,0.23,0.52,0.46,0.59,0.25,0.34,0.17,0.24,,0.19,0.27,0.33,,0.29,0.35,0.35,0.23,0.21,0.69,0.43,0.18,0.52,0.09,0.24,0.37,0.24,0.44,,0.33,0.19,0.27,0.27,0.37,0.21,0.57,0.33,0.44,0.3,0.26,0.5,0.67,0.49,0.59,,0.44,0.36,0.21,0.23,0.23,0.5,0.22,0.25,0.31,0.32,0.65,0.21,0.55,0.22,0.35,0.29,0.46,0.29,0.55,0.18,0.19,0.22,0.66,0.34,0.25,0.32,0.09,0.7,,0.36,0.46,0.23,0.44,,0.15,0.23,0.25,0.58,0.49,0.19,0.57,0.25,0.16,0.49,0.33,0.52,0.58,0.35,0.31,0.66,0.08,0.43,0.33,0.52,,0.24,0.31,,0.32,0.23,0.29,0.58,0.39,,0.24,0.24,0.68,0.36,0.38,0.25,0.23,0.52,0.72,0.61,0.28,,0.27,0.51,0.28,0.42,0.17,0.46,0.24,0.37,0.22,0.57,,0.1,0.36,0.62,0.73,0.36,0.69,0.23,0.44,0.24,0.29,0.52,0.1,0.2
"France","Q1 2018",0.19,0.33,0.24,0.44,0.23,0.22,0.46,0.32,0.47,0.44,0.33,0.25,0.33,0.74,0.25,0.41,0.16,0.19,0.48,0.24,0.2,0.22,0.29,0.23,0.38,0.56,0.17,0.48,0.7,0.64,0.58,0.17,,0.57,0.27,0.43,0.17,0.4,0.39,0.37,0.27,0.32,0.36,,0.19,0.42,0.46,0.23,0.53,0.46,0.59,0.25,0.34,0.16,0.23,,0.19,0.27,0.33,,0.3,0.34,0.35,0.23,0.21,0.7,0.4,0.18,0.59,0.09,0.23,0.36,0.23,0.44,,0.26,0.2,0.28,0.25,0.36,0.21,0.55,0.38,0.47,0.33,0.33,0.5,0.67,0.49,0.56,,0.45,0.29,0.21,0.23,0.23,0.49,0.21,0.35,0.27,0.3,0.66,0.21,0.55,0.23,0.36,0.34,0.43,0.29,0.55,0.18,0.18,0.22,0.67,0.27,0.26,0.29,0.09,0.72,,0.35,0.45,0.24,0.41,,0.16,0.21,0.22,0.58,0.5,0.19,0.56,0.25,0.16,0.49,0.34,0.45,0.57,0.27,0.37,0.67,0.08,0.41,0.35,0.52,,0.25,0.32,,0.31,0.23,0.27,0.57,0.4,,0.23,0.25,0.69,0.36,0.37,0.25,0.21,0.51,0.73,0.62,0.25,,0.27,0.51,0.26,0.42,0.17,0.47,0.24,0.37,0.23,0.57,,0.1,0.38,0.63,0.73,0.29,0.66,0.23,0.45,0.23,0.28,0.52,0.1,0.18
"France","Q1 2019",0.2,0.33,0.23,0.41,0.21,0.21,0.45,0.25,0.47,0.44,0.32,0.25,0.25,0.73,0.26,0.4,0.16,0.18,0.47,0.22,0.22,0.22,0.29,0.24,0.42,0.54,0.17,0.47,0.69,0.61,0.62,0.17,,0.54,0.29,0.4,0.17,0.38,0.39,0.35,0.26,0.25,0.37,,0.3,0.42,0.46,0.23,0.5,0.4,0.61,0.24,0.28,0.18,0.25,,0.19,0.26,0.34,,0.29,0.33,0.35,0.21,0.21,0.68,0.41,0.17,0.58,0.09,0.23,0.36,0.22,0.42,,0.33,0.19,0.27,0.25,0.35,0.21,0.54,0.38,0.37,0.33,0.34,0.5,0.67,0.48,0.56,,0.46,0.33,0.1,0.25,0.31,0.5,0.22,0.35,0.39,0.3,0.65,0.22,0.56,0.2,0.34,0.3,0.46,0.28,0.55,0.2,0.18,0.21,0.65,0.26,0.23,0.3,0.17,0.71,,0.33,0.43,0.22,0.41,,0.15,0.21,0.26,0.58,0.48,0.19,0.54,0.25,0.16,0.49,0.33,0.53,0.64,0.27,0.46,0.67,0.08,0.37,0.35,0.51,,0.24,0.23,,0.23,0.24,0.29,0.57,0.36,,0.25,0.22,0.68,0.34,0.36,0.26,0.23,0.52,0.73,0.61,0.22,,0.27,0.51,0.32,0.44,0.17,0.47,0.24,0.36,0.22,0.56,0.16,0.1,0.38,0.62,0.73,0.33,0.68,0.22,0.43,0.23,0.28,0.54,0.1,0.19
"France","Q1 2020",0.22,0.34,0.24,0.44,0.21,0.22,0.44,0.24,0.46,0.46,0.22,0.25,0.25,0.71,0.24,0.39,0.16,0.18,0.47,0.23,0.22,0.22,0.18,0.23,0.36,0.55,0.17,0.46,0.68,0.62,0.62,0.16,,0.55,0.29,0.42,0.18,0.41,0.4,0.36,0.23,0.24,0.37,,0.21,0.42,0.45,0.24,0.5,0.48,0.6,0.23,0.27,0.18,0.31,,0.19,0.26,0.33,,0.29,0.34,0.35,0.2,0.21,0.66,0.48,0.18,0.58,0.09,0.24,0.38,0.23,0.41,,0.33,0.18,0.26,0.25,0.26,0.21,0.54,0.41,0.27,0.36,0.32,0.5,0.67,0.48,0.57,,0.45,0.3,0.21,0.25,0.25,0.5,0.23,0.35,0.33,0.31,0.65,0.22,0.56,0.23,0.37,0.28,0.46,0.29,0.56,0.2,0.2,0.21,0.65,0.28,0.24,0.29,0.09,0.7,,0.33,0.43,0.22,0.42,,0.15,0.21,0.25,0.56,0.5,0.18,0.55,0.25,0.17,0.48,0.31,0.53,0.55,0.27,0.46,0.67,0.08,0.4,0.35,0.48,,0.23,0.22,,0.24,0.24,0.19,0.59,0.37,,0.25,0.21,0.67,0.34,0.38,0.24,0.24,0.51,0.72,0.6,0.22,,0.27,0.5,0.32,0.44,0.17,0.47,0.22,0.36,0.28,0.57,0.16,0.1,0.37,0.62,0.71,0.29,0.67,0.22,0.44,0.23,0.26,0.5,0.1,0.2
"France","Q1 2021",0.2,0.34,0.24,0.4,0.21,0.21,0.44,0.24,0.47,0.46,0.32,0.26,0.25,0.72,0.23,0.4,0.16,0.18,0.47,0.22,0.21,0.22,0.18,0.24,0.39,0.53,0.17,0.46,0.69,0.63,0.65,0.17,,0.55,0.2,0.39,0.18,0.42,0.39,0.36,0.23,0.24,0.36,,0.21,0.42,0.45,0.23,0.5,0.48,0.62,0.23,0.27,0.19,0.23,,0.2,0.25,0.33,,0.28,0.34,0.33,0.2,0.2,0.68,0.49,0.18,0.58,0.12,0.24,0.39,0.23,0.44,,0.28,0.18,0.26,0.24,0.26,0.21,0.55,0.31,0.32,0.37,0.32,0.5,0.69,0.48,0.59,,0.45,0.3,0.21,0.23,0.23,0.5,0.2,0.34,0.32,0.2,0.66,0.21,0.58,0.23,0.38,0.29,0.36,0.21,0.55,0.21,0.2,0.21,0.65,0.3,0.24,0.28,,0.71,,0.33,0.43,0.32,0.41,0.17,0.15,0.21,0.24,0.58,0.52,0.18,0.54,0.26,0.17,0.47,0.28,0.54,0.58,0.26,0.48,0.67,0.08,0.38,0.34,0.46,,0.22,0.22,,0.23,0.24,0.19,0.61,0.37,,0.23,0.21,0.68,0.34,0.37,0.25,0.24,0.51,0.73,0.62,0.2,,0.26,0.43,0.32,0.53,0.18,0.47,0.24,0.36,0.2,0.58,0.16,0.09,0.38,0.63,0.73,0.29,0.71,0.23,0.44,0.23,0.25,0.5,,0.2
"French Guiana","Q1 2016",0.16,0.18,0.1,0.2,0.17,0.17,0.19,0.19,0.2,0.2,0.18,0.11,0.18,0.23,0.18,0.19,0.08,0.18,0.27,0.16,0.09,0.1,0.17,0.1,0.19,0.2,0.08,0.19,0.22,0.21,0.21,,,0.21,0.17,0.19,0.08,0.2,0.19,0.18,0.18,0.19,0.19,,0.17,0.19,0.2,0.18,0.21,0.19,0.2,0.1,0.17,0.08,0.17,,0.16,0.11,0.19,0.29,,0.18,0.19,0.18,0.09,0.22,0.19,0.15,0.2,0.08,0.19,0.27,0.11,0.19,,0.19,0.17,0.26,0.19,0.18,0.17,0.2,0.11,0.19,0.1,0.18,0.19,0.22,0.21,0.21,,0.19,0.19,0.1,0.1,0.17,0.2,0.17,0.19,0.18,0.18,0.21,0.1,0.2,0.1,0.25,0.17,0.19,0.18,0.21,0.09,0.16,0.16,0.21,0.18,0.1,0.19,0.08,0.29,,0.19,0.19,0.1,0.2,,0.07,0.09,0.18,0.2,0.2,,0.22,0.11,0.07,0.19,0.11,0.19,0.21,0.18,0.18,0.22,0.07,0.19,0.18,0.21,,0.17,0.19,,0.19,0.1,0.17,0.2,0.19,,0.11,0.18,0.21,0.27,0.18,0.11,0.1,0.2,0.29,0.2,0.11,,0.26,0.19,0.18,0.12,0.08,0.19,0.1,0.27,0.17,0.2,,0.09,0.19,0.21,0.3,0.19,0.23,0.17,0.19,0.11,0.2,0.2,0.09,0.11
"French Guiana","Q1 2017",0.1,0.18,0.1,0.19,0.17,0.17,0.19,0.17,0.2,0.2,0.18,0.1,0.19,0.23,0.18,0.19,0.08,0.09,0.26,0.17,0.1,0.1,0.16,0.1,0.19,0.2,0.08,0.19,0.22,0.21,0.2,0.08,,0.22,0.17,0.19,0.08,0.2,0.19,0.18,0.18,0.17,0.18,,0.17,0.18,0.19,0.17,0.21,0.19,0.2,0.11,0.18,0.08,0.17,,0.16,0.11,0.18,0.29,,0.18,0.18,0.18,0.1,0.21,0.19,0.15,0.2,0.08,0.18,0.27,0.11,0.2,,0.18,0.16,0.25,0.19,0.19,0.17,0.2,0.11,0.18,0.1,0.18,0.2,0.22,0.21,0.2,,0.19,0.18,0.1,0.1,0.17,0.19,0.17,0.17,0.18,0.18,0.21,0.1,0.2,0.1,0.26,0.17,0.19,0.17,0.2,0.09,0.09,0.17,0.21,0.18,0.1,0.18,0.01,0.29,,0.19,0.19,0.1,0.2,,0.07,0.11,0.17,0.2,0.2,0.09,0.21,0.11,0.07,0.19,0.11,0.19,0.2,0.19,0.18,0.21,0,0.19,0.11,0.2,,0.18,0.19,,0.19,0.1,0.17,0.2,0.19,,0.11,0.18,0.21,0.27,0.11,0.11,0.1,0.2,0.29,0.2,0.1,,0.25,0.19,0.18,0.12,0.08,0.19,0.1,0.27,0.16,0.2,,0.01,0.18,0.2,0.3,0.19,0.23,0.17,0.19,0.11,0.2,0.19,0.01,0.1
"French Guiana","Q1 2018",0.09,0.18,0.11,0.2,0.18,0.18,0.2,0.19,0.2,0.2,0.11,0.11,0.2,0.24,0.19,0.2,0.08,0.1,0.28,0.18,0.09,0.1,0.17,0.1,0.19,0.21,0.08,0.2,0.23,0.22,0.21,0.08,,0.23,0.17,0.19,0.08,0.21,0.19,0.18,0.19,0.19,0.19,,0.09,0.18,0.2,0.18,0.29,0.2,0.21,0.18,0.18,0.08,0.17,,0.16,0.12,0.18,0.3,,0.19,0.19,0.18,0.1,0.22,0.2,0.15,0.2,0.08,0.18,0.27,0.11,0.21,,0.18,0.16,0.27,0.18,0.2,0.17,0.21,0.19,0.19,0.18,0.19,0.2,0.23,0.29,0.2,,0.19,0.18,0.1,0.1,0.18,0.19,0.17,0.19,0.18,0.18,0.22,0.1,0.21,0.11,0.27,0.18,0.19,0.17,0.22,0.08,0.09,0.17,0.22,0.18,0.11,0.18,0.01,0.3,,0.19,0.19,0.11,0.2,,0.08,0.1,0.17,0.2,0.2,0.09,0.22,0.11,0.07,0.2,0.12,0.19,0.21,0.19,0.11,0.22,0.07,0.19,0.18,0.21,,0.19,0.19,,0.19,0.1,0.17,0.2,0.2,,0.11,0.18,0.22,0.28,0.11,0.11,0.1,0.2,0.3,0.21,0.1,,0.26,0.19,0.18,0.2,0.08,0.19,0.11,0.28,0.16,0.21,,0.01,0.19,0.21,0.3,0.18,0.24,0.18,0.2,0.11,0.2,0.2,0.01,0.09
"French Guiana","Q1 2019",0.16,0.18,0.1,0.19,0.17,0.17,0.19,0.18,0.2,0.2,0.11,0.1,0.19,0.23,0.18,0.19,0.08,0.09,0.27,0.17,0.1,0.1,0.17,0.1,0.19,0.21,0.08,0.2,0.22,0.21,0.21,0.08,,0.22,0.17,0.19,0.08,0.2,0.19,0.11,0.18,0.18,0.18,,0.17,0.18,0.19,0.18,0.22,0.19,0.2,0.11,0.18,0.09,0.18,,0.16,0.11,0.18,0.29,,0.18,0.18,0.17,0.1,0.22,0.19,0.15,0.2,0.08,0.18,0.27,0.11,0.2,,0.18,0.16,0.26,0.18,0.19,0.17,0.2,0.11,0.18,0.11,0.18,0.19,0.22,0.28,0.2,,0.18,0.18,0.01,0.1,0.18,0.19,0.17,0.19,0.19,0.17,0.21,0.1,0.21,0.09,0.27,0.17,0.19,0.17,0.21,0.09,0.09,0.17,0.21,0.18,0.1,0.19,0.08,0.3,,0.19,0.19,0.1,0.19,,0.07,0.1,0.18,0.2,0.2,0.09,0.22,0.11,0.08,0.2,0.11,0.19,0.21,0.19,0.19,0.22,0,0.19,0.11,0.21,,0.18,0.18,,0.18,0.1,0.17,0.2,0.18,,0.11,0.17,0.22,0.27,0.11,0.11,0.11,0.2,0.3,0.2,0.1,,0.26,0.19,0.18,0.19,0.08,0.19,0.1,0.27,0.16,0.2,0.08,0.01,0.19,0.2,0.3,0.18,0.24,0.17,0.19,0.11,0.2,0.19,0.01,0.09
"French Guiana","Q1 2020",0.17,0.18,0.1,0.19,0.17,0.18,0.19,0.18,0.2,0.2,0.1,0.1,0.19,0.23,0.18,0.19,0.08,0.09,0.27,0.18,0.1,0.17,0.16,0.1,0.19,0.21,0.08,0.19,0.22,0.21,0.21,0.08,,0.22,0.17,0.19,0.09,0.2,0.19,0.11,0.18,0.18,0.18,,0.16,0.18,0.19,0.18,0.22,0.19,0.2,0.1,0.18,0.09,0.18,,0.16,0.11,0.18,0.29,,0.18,0.19,0.17,0.1,0.21,0.19,0.16,0.2,0.08,0.18,0.27,0.1,0.19,,0.18,0.16,0.25,0.11,0.11,0.17,0.2,0.11,0.11,0.11,0.18,0.19,0.22,0.21,0.2,,0.18,0.18,0.1,0.1,0.18,0.19,0.17,0.19,0.18,0.18,0.21,0.1,0.2,0.1,0.26,0.17,0.19,0.17,0.21,0.09,0.1,0.17,0.21,0.18,0.1,0.18,0.01,0.29,,0.19,0.19,0.1,0.19,,0.07,0.1,0.17,0.2,0.2,0.09,0.21,0.11,0.08,0.19,0.11,0.19,0.2,0.18,0.19,0.21,0.07,0.19,0.18,0.2,,0.18,0.18,,0.18,0.1,0.1,0.2,0.19,,0.11,0.17,0.21,0.27,0.11,0.11,0.11,0.2,0.29,0.2,0.1,,0.26,0.19,0.18,0.19,0.08,0.19,0.1,0.27,0.16,0.2,0.07,0.01,0.18,0.2,0.29,0.18,0.23,0.17,0.19,0.11,0.19,0.19,0.01,0.1
"French Guiana","Q1 2021",0.16,0.18,0.1,0.19,0.17,0.18,0.19,0.18,0.19,0.2,0.1,0.1,0.19,0.22,0.17,0.19,0.08,0.09,0.27,0.17,0.1,0.17,0.16,0.1,0.19,0.2,0.08,0.19,0.22,0.21,0.21,0.08,,0.22,0.1,0.19,0.09,0.19,0.19,0.11,0.18,0.18,0.18,,0.16,0.18,0.19,0.18,0.21,0.19,0.2,0.1,0.18,0.1,0.18,,0.17,0.11,0.18,0.28,,0.18,0.18,0.17,0.1,0.21,0.2,0.16,0.2,0.1,0.18,0.27,0.1,0.19,,0.17,0.16,0.26,0.17,0.11,0.17,0.2,0.11,0.1,0.11,0.18,0.19,0.21,0.21,0.2,,0.18,0.18,0.1,0.1,0.17,0.19,0.17,0.18,0.18,0.1,0.21,0.1,0.2,0.1,0.27,0.17,0.11,0.1,0.21,0.1,0.1,0.17,0.21,0.19,0.1,0.18,,0.29,,0.19,0.19,0.18,0.19,0.08,0.07,0.1,0.17,0.2,0.2,0.08,0.21,0.11,0.08,0.19,0.11,0.2,0.2,0.18,0.19,0.21,0.07,0.19,0.18,0.2,,0.17,0.18,,0.18,0.11,0.1,0.2,0.19,,0.11,0.17,0.21,0.27,0.11,0.11,0.11,0.2,0.29,0.2,0.09,,0.26,0.18,0.18,0.19,0.09,0.19,0.1,0.27,0.16,0.2,0.07,0.01,0.18,0.2,0.29,0.18,0.23,0.17,0.19,0.11,0.18,0.19,,0.1
"French Polynesia","Q1 2016",0.1,0.21,0.27,0.24,0.17,0.18,0.23,0.2,0.33,0.23,0.22,0.19,0.2,0.35,0.2,0.24,0.15,0.19,0.24,0.17,0.11,0.11,0.1,0.2,0.22,0.26,0.15,0.24,0.29,0.27,0.34,,,0.33,0.18,0.23,0.17,0.23,0.23,0.22,0.2,0.21,0.22,,0.19,0.22,0.24,0.19,0.25,0.24,0.26,0.19,0.18,0.08,0.19,,0.17,0.29,0.21,0.34,0.18,,0.21,0.19,0.1,0.27,0.23,0.15,0.24,0.08,0.2,0.21,0.21,0.24,,0.21,0.1,0.21,0.21,0.22,0.18,0.25,0.23,0.23,0.13,0.21,0.24,0.27,0.32,0.34,,0.22,0.22,0.19,0.2,0.19,0.24,0.18,0.21,0.21,0.2,0.27,0.12,0.25,0.2,0.2,0.18,0.24,0.2,0.26,0.16,0.1,0.16,0.26,0.21,0.19,0.23,0.16,0.34,,0.32,0.33,0.19,0.24,,0.14,0.17,0.2,0.25,0.24,,0.33,0.21,0.08,0.24,0.23,0.23,0.25,0.21,0.21,0.35,0.07,0.23,0.22,0.26,,0.18,0.2,,0.2,0.27,0.18,0.25,0.22,,0.13,0.19,0.27,0.21,0.22,0.28,0.11,0.25,0.28,0.25,0.14,,0.21,0.23,0.21,0.25,0.16,0.23,0.27,0.25,0.19,0.25,,0.17,0.23,0.25,0.35,0.22,0.35,0.18,0.23,0.27,0.22,0.25,0.17,0.13
"French Polynesia","Q1 2017",0.11,0.21,0.27,0.24,0.18,0.18,0.24,0.19,0.33,0.24,0.21,0.19,0.21,0.35,0.2,0.23,0.15,0.17,0.24,0.18,0.12,0.12,0.1,0.2,0.23,0.26,0.15,0.25,0.29,0.27,0.34,0.15,,0.34,0.17,0.23,0.16,0.23,0.23,0.22,0.2,0.19,0.22,,0.19,0.22,0.24,0.18,0.26,0.24,0.26,0.2,0.21,0.08,0.2,,0.17,0.29,0.2,0.35,0.18,,0.22,0.18,0.11,0.28,0.23,0.16,0.24,0.08,0.19,0.22,0.21,0.25,,0.21,0.1,0.21,0.21,0.22,0.18,0.26,0.23,0.23,0.14,0.21,0.24,0.28,0.33,0.34,,0.22,0.21,0.19,0.13,0.19,0.24,0.11,0.19,0.21,0.19,0.27,0.12,0.25,0.2,0.21,0.19,0.23,0.19,0.26,0.16,0.1,0.17,0.26,0.2,0.19,0.22,0.15,0.34,,0.32,0.33,0.2,0.24,,0.14,0.2,0.19,0.25,0.24,0.16,0.33,0.21,0.08,0.32,0.23,0.23,0.25,0.22,0.22,0.35,0.07,0.22,0.21,0.26,,0.19,0.2,,0.2,0.27,0.18,0.25,0.23,,0.12,0.19,0.28,0.22,0.22,0.28,0.12,0.25,0.28,0.25,0.13,,0.21,0.23,0.21,0.25,0.16,0.23,0.27,0.23,0.11,0.25,,0.15,0.22,0.25,0.35,0.22,0.36,0.18,0.23,0.27,0.22,0.24,0.15,0.11
"French Polynesia","Q1 2018",0.1,0.2,0.27,0.23,0.18,0.18,0.24,0.2,0.33,0.23,0.14,0.19,0.2,0.34,0.2,0.23,0.15,0.17,0.24,0.18,0.11,0.12,0.18,0.19,0.23,0.26,0.15,0.24,0.29,0.27,0.34,0.15,,0.33,0.17,0.23,0.16,0.22,0.23,0.22,0.2,0.2,0.22,,0.1,0.22,0.23,0.18,0.25,0.24,0.25,0.2,0.21,0.08,0.19,,0.17,0.29,0.2,0.34,0.19,,0.22,0.18,0.11,0.27,0.23,0.15,0.25,0.08,0.18,0.21,0.19,0.24,,0.2,0.1,0.21,0.2,0.22,0.18,0.25,0.24,0.23,0.21,0.21,0.24,0.27,0.25,0.34,,0.23,0.21,0.19,0.13,0.2,0.23,0.11,0.21,0.21,0.19,0.27,0.11,0.25,0.2,0.21,0.21,0.22,0.18,0.25,0.16,0.09,0.17,0.26,0.2,0.19,0.22,0.15,0.34,,0.31,0.32,0.2,0.24,,0.15,0.18,0.18,0.25,0.24,0.16,0.32,0.21,0.08,0.24,0.23,0.23,0.25,0.21,0.22,0.35,0.07,0.23,0.22,0.25,,0.19,0.19,,0.19,0.27,0.17,0.25,0.23,,0.12,0.2,0.28,0.21,0.22,0.28,0.11,0.24,0.27,0.25,0.13,,0.2,0.23,0.2,0.25,0.16,0.23,0.27,0.23,0.11,0.25,,0.15,0.23,0.25,0.34,0.22,0.35,0.18,0.23,0.27,0.21,0.24,0.15,0.1
"French Polynesia","Q1 2019",0.1,0.19,0.28,0.22,0.17,0.17,0.22,0.2,0.32,0.22,0.2,0.19,0.2,0.26,0.19,0.22,0.15,0.17,0.23,0.18,0.19,0.11,0.18,0.19,0.21,0.24,0.15,0.23,0.34,0.25,0.33,0.15,,0.31,0.18,0.21,0.16,0.22,0.21,0.2,0.2,0.2,0.2,,0.18,0.21,0.22,0.18,0.24,0.22,0.24,0.2,0.2,0.09,0.19,,0.17,0.29,0.2,0.33,0.18,,0.2,0.11,0.11,0.25,0.22,0.15,0.23,0.08,0.18,0.21,0.19,0.23,,0.2,0.1,0.2,0.2,0.21,0.18,0.23,0.22,0.2,0.2,0.2,0.22,0.25,0.23,0.32,,0.21,0.2,0.15,0.19,0.19,0.21,0.12,0.2,0.21,0.19,0.25,0.12,0.23,0.18,0.21,0.18,0.21,0.18,0.24,0.17,0.09,0.17,0.24,0.2,0.18,0.21,0.15,0.33,,0.3,0.31,0.19,0.22,,0.14,0.18,0.19,0.23,0.22,0.16,0.31,0.21,0.08,0.23,0.22,0.22,0.24,0.2,0.21,0.33,0.07,0.2,0.2,0.24,,0.19,0.19,,0.19,0.28,0.18,0.23,0.2,,0.12,0.11,0.26,0.21,0.2,0.28,0.12,0.23,0.26,0.24,0.12,,0.2,0.21,0.2,0.23,0.16,0.22,0.28,0.22,0.11,0.24,0.15,0.15,0.21,0.24,0.33,0.2,0.34,0.18,0.21,0.27,0.21,0.23,0.15,0.1
"French Polynesia","Q1 2020",0.11,0.2,0.27,0.24,0.17,0.18,0.23,0.2,0.33,0.23,0.12,0.12,0.19,0.27,0.19,0.23,0.15,0.17,0.24,0.18,0.12,0.12,0.09,0.19,0.22,0.32,0.15,0.24,0.29,0.27,0.28,0.15,,0.26,0.18,0.23,0.17,0.24,0.23,0.21,0.19,0.2,0.22,,0.18,0.22,0.23,0.18,0.25,0.24,0.25,0.19,0.21,0.09,0.2,,0.17,0.28,0.21,0.34,0.18,,0.22,0.1,0.11,0.26,0.23,0.16,0.25,0.08,0.19,0.23,0.2,0.24,,0.2,0.09,0.2,0.2,0.2,0.18,0.25,0.24,0.14,0.22,0.2,0.24,0.27,0.32,0.33,,0.22,0.15,0.19,0.2,0.2,0.23,0.11,0.21,0.21,0.19,0.27,0.12,0.24,0.19,0.22,0.18,0.23,0.18,0.26,0.17,0.1,0.17,0.26,0.21,0.19,0.22,0.15,0.34,,0.3,0.32,0.19,0.24,,0.14,0.18,0.19,0.25,0.24,0.09,0.33,0.21,0.08,0.24,0.22,0.23,0.25,0.21,0.23,0.35,0.07,0.23,0.22,0.25,,0.18,0.18,,0.19,0.27,0.1,0.25,0.22,,0.13,0.11,0.28,0.21,0.22,0.27,0.12,0.24,0.27,0.25,0.12,,0.2,0.23,0.2,0.25,0.16,0.23,0.26,0.23,0.17,0.25,0.15,0.15,0.23,0.25,0.34,0.15,0.35,0.18,0.23,0.27,0.21,0.24,0.15,0.12
"French Polynesia","Q1 2021",0.1,0.2,0.27,0.22,0.17,0.18,0.23,0.2,0.33,0.24,0.14,0.13,0.2,0.27,0.19,0.23,0.15,0.17,0.24,0.17,0.11,0.12,0.09,0.19,0.23,0.32,0.15,0.24,0.29,0.27,0.28,0.15,,0.26,0.11,0.22,0.16,0.24,0.23,0.22,0.19,0.2,0.22,,0.17,0.22,0.23,0.18,0.25,0.24,0.25,0.2,0.21,0.11,0.19,,0.18,0.28,0.21,0.34,0.18,,0.21,0.11,0.11,0.26,0.24,0.16,0.25,0.1,0.19,0.23,0.19,0.24,,0.18,0.09,0.2,0.2,0.2,0.18,0.25,0.22,0.14,0.22,0.21,0.24,0.26,0.32,0.33,,0.22,0.15,0.19,0.13,0.2,0.23,0.11,0.21,0.22,0.11,0.27,0.11,0.25,0.2,0.23,0.19,0.21,0.11,0.26,0.18,0.1,0.17,0.26,0.22,0.12,0.21,,0.34,,0.3,0.33,0.21,0.23,0.16,0.14,0.18,0.19,0.24,0.24,0.09,0.33,0.22,0.08,0.24,0.22,0.24,0.25,0.21,0.23,0.35,0.07,0.22,0.22,0.25,,0.17,0.18,,0.19,0.27,0.1,0.25,0.23,,0.12,0.11,0.28,0.21,0.22,0.28,0.13,0.24,0.27,0.25,0.12,,0.2,0.23,0.2,0.25,0.16,0.23,0.27,0.23,0.1,0.25,0.15,0.15,0.23,0.25,0.34,0.15,0.35,0.18,0.23,0.27,0.2,0.24,,0.11
"Gabon","Q1 2016",0.18,0.22,0.19,0.32,0.17,0.18,0.22,0.2,0.23,0.23,0.21,0.12,0.2,0.36,0.2,0.31,0.15,0.18,0.23,0.17,0.11,0.18,0.18,0.12,0.31,0.24,0.15,0.22,0.28,0.26,0.24,,,0.24,0.19,0.31,0.09,0.23,0.3,0.21,0.2,0.2,0.21,,0.27,0.21,0.23,0.19,0.24,0.22,0.25,0.19,0.27,0.09,0.19,,0.17,0.21,0.21,0.35,0.19,0.21,,0.21,0.17,0.28,0.31,0.16,0.23,0.08,0.2,0.22,0.2,0.22,,0.22,0.18,0.2,0.2,0.21,0.18,0.26,0.21,0.23,0.12,0.21,0.23,0.34,0.24,0.25,,0.21,0.22,0.11,0.19,0.19,0.23,0.2,0.21,0.2,0.2,0.27,0.12,0.31,0.11,0.2,0.18,0.23,0.2,0.32,0.09,0.17,0.17,0.33,0.21,0.12,0.29,0.09,0.27,,0.22,0.22,0.19,0.33,,0.08,0.1,0.2,0.24,0.23,,0.25,0.13,0.08,0.22,0.13,0.22,0.32,0.21,0.2,0.26,0.07,0.23,0.21,0.26,,0.18,0.2,,0.2,0.19,0.26,0.24,0.23,,0.2,0.21,0.27,0.21,0.21,0.13,0.12,0.32,0.35,0.25,0.13,,0.2,0.22,0.2,0.22,0.09,0.31,0.12,0.23,0.19,0.24,,0.09,0.22,0.26,0.35,0.22,0.35,0.18,0.22,0.12,0.22,0.23,0.09,0.12
"Gabon","Q1 2017",0.18,0.22,0.19,0.33,0.18,0.17,0.24,0.18,0.24,0.23,0.21,0.13,0.21,0.36,0.2,0.25,0.15,0.17,0.25,0.18,0.12,0.19,0.17,0.12,0.33,0.25,0.15,0.23,0.29,0.27,0.25,0.08,,0.26,0.17,0.32,0.09,0.23,0.32,0.22,0.2,0.18,0.22,,0.27,0.22,0.24,0.18,0.25,0.23,0.26,0.2,0.3,0.08,0.19,,0.17,0.21,0.2,0.35,0.18,0.22,,0.19,0.17,0.28,0.32,0.16,0.24,0.08,0.18,0.22,0.2,0.24,,0.22,0.17,0.2,0.2,0.22,0.17,0.26,0.22,0.22,0.14,0.21,0.24,0.34,0.25,0.26,,0.23,0.22,0.11,0.13,0.19,0.24,0.19,0.2,0.2,0.2,0.28,0.12,0.25,0.11,0.21,0.2,0.23,0.19,0.32,0.09,0.17,0.17,0.34,0.21,0.12,0.3,0.08,0.28,,0.22,0.23,0.19,0.33,,0.08,0.12,0.2,0.25,0.24,0.09,0.25,0.13,0.08,0.24,0.15,0.24,0.34,0.22,0.21,0.27,0.07,0.23,0.21,0.26,,0.18,0.19,,0.2,0.18,0.26,0.25,0.25,,0.12,0.2,0.28,0.22,0.22,0.13,0.12,0.33,0.35,0.27,0.13,,0.2,0.23,0.21,0.23,0.09,0.32,0.19,0.22,0.18,0.25,,0.08,0.22,0.26,0.36,0.22,0.35,0.18,0.23,0.12,0.22,0.23,0.08,0.11
"Gabon","Q1 2018",0.17,0.2,0.19,0.32,0.18,0.18,0.23,0.19,0.24,0.23,0.13,0.12,0.2,0.35,0.2,0.31,0.15,0.17,0.24,0.18,0.11,0.19,0.26,0.12,0.31,0.25,0.15,0.23,0.28,0.26,0.25,0.08,,0.25,0.17,0.31,0.09,0.23,0.24,0.22,0.2,0.19,0.22,,0.23,0.21,0.23,0.18,0.25,0.23,0.25,0.2,0.3,0.08,0.19,,0.17,0.21,0.2,0.35,0.19,0.22,,0.19,0.18,0.27,0.31,0.16,0.24,0.08,0.18,0.22,0.19,0.24,,0.21,0.18,0.21,0.2,0.21,0.18,0.25,0.22,0.22,0.21,0.21,0.24,0.34,0.24,0.25,,0.22,0.21,0.11,0.13,0.19,0.23,0.18,0.22,0.2,0.19,0.27,0.12,0.24,0.12,0.22,0.22,0.22,0.19,0.32,0.09,0.16,0.17,0.34,0.21,0.12,0.22,0.08,0.27,,0.21,0.23,0.2,0.31,,0.08,0.11,0.19,0.24,0.24,0.09,0.25,0.13,0.08,0.23,0.15,0.23,0.33,0.21,0.14,0.27,0.07,0.23,0.22,0.26,,0.19,0.19,,0.19,0.18,0.25,0.25,0.25,,0.12,0.2,0.28,0.21,0.21,0.13,0.11,0.25,0.35,0.26,0.12,,0.2,0.23,0.21,0.23,0.09,0.31,0.19,0.23,0.18,0.25,,0.08,0.22,0.26,0.35,0.21,0.35,0.18,0.23,0.12,0.21,0.23,0.08,0.1
"Gabon","Q1 2019",0.17,0.2,0.19,0.32,0.17,0.17,0.23,0.2,0.24,0.23,0.21,0.12,0.2,0.35,0.2,0.24,0.15,0.17,0.24,0.18,0.12,0.18,0.26,0.12,0.32,0.24,0.15,0.23,0.28,0.25,0.25,0.08,,0.25,0.18,0.31,0.09,0.23,0.24,0.21,0.2,0.2,0.22,,0.27,0.22,0.23,0.18,0.25,0.23,0.25,0.2,0.3,0.09,0.2,,0.17,0.13,0.21,0.35,0.18,0.2,,0.18,0.11,0.26,0.31,0.15,0.24,0.08,0.18,0.22,0.18,0.23,,0.21,0.17,0.2,0.2,0.21,0.18,0.25,0.22,0.22,0.14,0.22,0.23,0.27,0.24,0.24,,0.22,0.22,0.02,0.13,0.19,0.23,0.19,0.21,0.22,0.19,0.27,0.12,0.24,0.17,0.21,0.27,0.23,0.18,0.32,0.1,0.09,0.17,0.34,0.2,0.11,0.23,0.08,0.27,,0.21,0.23,0.19,0.31,,0.07,0.1,0.27,0.24,0.24,0.09,0.25,0.13,0.08,0.24,0.15,0.24,0.34,0.21,0.22,0.27,0.07,0.21,0.21,0.26,,0.19,0.18,,0.18,0.19,0.26,0.25,0.23,,0.13,0.18,0.28,0.21,0.21,0.13,0.12,0.25,0.35,0.25,0.13,,0.2,0.23,0.2,0.23,0.09,0.31,0.19,0.22,0.18,0.25,0.15,0.02,0.22,0.25,0.35,0.22,0.35,0.18,0.23,0.12,0.21,0.24,0.02,0.1
"Gabon","Q1 2020",0.18,0.21,0.19,0.33,0.17,0.18,0.23,0.2,0.24,0.23,0.13,0.12,0.2,0.36,0.19,0.24,0.15,0.17,0.25,0.18,0.12,0.19,0.17,0.12,0.32,0.25,0.15,0.23,0.28,0.26,0.26,0.08,,0.26,0.19,0.31,0.09,0.23,0.32,0.14,0.19,0.2,0.22,,0.26,0.23,0.23,0.19,0.25,0.24,0.26,0.2,0.3,0.1,0.21,,0.17,0.13,0.21,0.35,0.19,0.22,,0.18,0.18,0.27,0.32,0.16,0.25,0.08,0.19,0.23,0.19,0.23,,0.29,0.17,0.2,0.2,0.2,0.18,0.26,0.22,0.21,0.14,0.21,0.24,0.28,0.25,0.25,,0.22,0.22,0.11,0.13,0.21,0.23,0.2,0.21,0.22,0.19,0.27,0.12,0.24,0.18,0.22,0.19,0.23,0.19,0.33,0.1,0.11,0.17,0.35,0.22,0.12,0.23,0.01,0.35,,0.21,0.23,0.19,0.32,,0.07,0.11,0.27,0.25,0.24,0.09,0.25,0.13,0.08,0.23,0.14,0.25,0.33,0.21,0.23,0.28,0.07,0.23,0.22,0.33,,0.18,0.18,,0.19,0.19,0.18,0.25,0.31,,0.13,0.19,0.28,0.21,0.14,0.12,0.13,0.25,0.36,0.26,0.12,,0.2,0.23,0.2,0.23,0.09,0.32,0.18,0.23,0.18,0.26,0.15,0.02,0.23,0.26,0.36,0.22,0.36,0.18,0.23,0.12,0.21,0.24,0.02,0.12
"Gabon","Q1 2021",0.17,0.2,0.18,0.3,0.17,0.17,0.22,0.19,0.23,0.23,0.13,0.12,0.19,0.33,0.19,0.23,0.15,0.16,0.23,0.17,0.11,0.18,0.16,0.11,0.3,0.23,0.15,0.22,0.27,0.24,0.25,0.08,,0.24,0.11,0.3,0.09,0.22,0.29,0.13,0.19,0.19,0.21,,0.25,0.21,0.22,0.18,0.24,0.22,0.24,0.19,0.29,0.1,0.19,,0.17,0.12,0.2,0.33,0.18,0.21,,0.17,0.11,0.25,0.24,0.16,0.23,0.1,0.18,0.23,0.19,0.22,,0.19,0.16,0.19,0.19,0.19,0.18,0.25,0.2,0.13,0.2,0.2,0.23,0.25,0.23,0.23,,0.21,0.21,0.1,0.12,0.19,0.22,0.18,0.2,0.21,0.11,0.26,0.11,0.23,0.18,0.22,0.19,0.2,0.11,0.31,0.1,0.1,0.17,0.26,0.22,0.11,0.22,,0.26,,0.2,0.22,0.2,0.3,0.08,0.07,0.1,0.26,0.23,0.23,0.09,0.24,0.12,0.08,0.22,0.13,0.23,0.31,0.2,0.21,0.25,0.07,0.21,0.21,0.24,,0.17,0.18,,0.18,0.18,0.17,0.24,0.23,,0.12,0.18,0.26,0.2,0.14,0.12,0.12,0.24,0.34,0.25,0.11,,0.19,0.22,0.19,0.23,0.09,0.3,0.18,0.22,0.17,0.23,0.15,0.01,0.21,0.25,0.33,0.21,0.33,0.18,0.22,0.12,0.19,0.22,,0.11
"Gambia","Q1 2016",0.17,0.2,0.11,0.22,0.1,0.17,0.2,0.19,0.21,0.21,0.2,0.11,0.19,0.32,0.18,0.29,0.08,0.11,0.21,0.1,0.1,0.11,0.25,0.11,0.22,0.22,0.08,0.2,0.25,0.23,0.22,,,0.22,0.18,0.22,0.09,0.21,0.29,0.19,0.19,0.19,0.2,,0.18,0.2,0.21,0.18,0.22,0.2,0.22,0.11,0.18,0.08,0.19,,0.17,0.13,0.2,0.25,0.18,0.19,0.21,,0.1,0.31,0.29,0.15,0.21,0.08,0.19,0.2,0.12,0.2,,0.28,0.24,0.19,0.13,0.19,0.17,0.23,0.19,0.21,0.11,0.19,0.21,0.24,0.22,0.22,,0.2,0.21,0.1,0.11,0.19,0.21,0.19,0.2,0.19,0.19,0.24,0.11,0.22,0.11,0.19,0.25,0.21,0.18,0.22,0.09,0.17,0.09,0.31,0.19,0.11,0.21,0.08,0.24,,0.2,0.2,0.11,0.3,,0.07,0.1,0.19,0.22,0.21,,0.22,0.12,0.08,0.2,0.12,0.21,0.3,0.19,0.19,0.24,0.07,0.21,0.2,0.23,,0.11,0.19,,0.19,0.11,0.18,0.22,0.28,,0.12,0.27,0.24,0.2,0.19,0.12,0.11,0.23,0.33,0.22,0.12,,0.2,0.2,0.19,0.21,0.09,0.29,0.11,0.21,0.19,0.22,,0.09,0.2,0.23,0.32,0.2,0.25,0.11,0.2,0.12,0.2,0.21,0.09,0.11
"Gambia","Q1 2017",0.1,0.19,0.11,0.2,0.1,0.1,0.27,0.18,0.2,0.2,0.18,0.1,0.18,0.3,0.18,0.2,0.08,0.1,0.27,0.1,0.1,0.17,0.17,0.11,0.2,0.2,0.08,0.2,0.23,0.22,0.21,0.08,,0.22,0.17,0.2,0.08,0.2,0.2,0.18,0.19,0.18,0.19,,0.17,0.18,0.2,0.1,0.21,0.2,0.21,0.11,0.19,0.08,0.18,,0.16,0.12,0.18,0.23,0.18,0.18,0.19,,0.1,0.29,0.2,0.15,0.2,0.08,0.11,0.2,0.11,0.2,,0.27,0.16,0.18,0.11,0.19,0.17,0.21,0.18,0.19,0.11,0.18,0.2,0.23,0.21,0.21,,0.19,0.19,0.1,0.1,0.18,0.2,0.24,0.18,0.18,0.18,0.22,0.1,0.2,0.11,0.19,0.24,0.19,0.17,0.21,0.09,0.09,0.1,0.29,0.18,0.1,0.19,0.01,0.23,,0.19,0.19,0.1,0.2,,0.07,0.11,0.18,0.21,0.2,0.09,0.21,0.11,0.15,0.2,0.12,0.19,0.21,0.18,0.18,0.22,0.07,0.19,0.18,0.21,,0.11,0.18,,0.18,0.1,0.17,0.21,0.27,,0.11,0.26,0.22,0.19,0.11,0.11,0.11,0.21,0.3,0.21,0.1,,0.18,0.19,0.18,0.19,0.09,0.2,0.11,0.2,0.17,0.21,,0.01,0.18,0.21,0.3,0.19,0.23,0.1,0.27,0.11,0.19,0.19,0.01,0.1
"Gambia","Q1 2018",0.09,0.19,0.11,0.2,0.1,0.1,0.27,0.18,0.2,0.19,0.1,0.1,0.18,0.3,0.18,0.2,0.08,0.1,0.27,0.1,0.1,0.17,0.18,0.1,0.19,0.2,0.08,0.2,0.23,0.21,0.21,0.08,,0.21,0.17,0.2,0.08,0.2,0.2,0.18,0.18,0.18,0.18,,0.09,0.18,0.19,0.1,0.21,0.2,0.21,0.11,0.18,0.08,0.18,,0.16,0.12,0.18,0.23,0.18,0.18,0.19,,0.1,0.29,0.2,0.15,0.2,0.08,0.11,0.19,0.1,0.2,,0.26,0.17,0.19,0.11,0.19,0.17,0.2,0.19,0.19,0.18,0.19,0.2,0.22,0.2,0.2,,0.19,0.18,0.1,0.1,0.18,0.19,0.18,0.19,0.18,0.17,0.22,0.1,0.21,0.11,0.19,0.25,0.19,0.17,0.21,0.08,0.09,0.1,0.29,0.18,0.11,0.19,0.01,0.23,,0.19,0.19,0.1,0.2,,0.08,0.1,0.17,0.21,0.2,0.09,0.21,0.11,0.14,0.2,0.11,0.19,0.21,0.18,0.11,0.22,0.07,0.19,0.18,0.2,,0.11,0.18,,0.18,0.11,0.17,0.2,0.27,,0.1,0.26,0.23,0.19,0.11,0.11,0.1,0.2,0.3,0.2,0.1,,0.18,0.19,0.18,0.2,0.09,0.2,0.11,0.19,0.17,0.21,,0.01,0.19,0.21,0.3,0.18,0.23,0.1,0.27,0.11,0.19,0.19,0.01,0.09
"Gambia","Q1 2019",0.16,0.17,0.1,0.18,0.09,0.09,0.18,0.18,0.19,0.19,0.11,0.1,0.1,0.21,0.11,0.19,0.08,0.09,0.19,0.1,0.1,0.17,0.17,0.1,0.19,0.19,0.08,0.19,0.2,0.19,0.19,0.07,,0.2,0.1,0.18,0.01,0.18,0.19,0.11,0.18,0.18,0.18,,0.16,0.11,0.19,0.09,0.19,0.19,0.2,0.11,0.18,0.09,0.11,,0.09,0.11,0.11,0.21,0.17,0.11,0.18,,0.1,0.2,0.19,0.15,0.19,0.01,0.1,0.18,0.1,0.19,,0.25,0.16,0.17,0.11,0.11,0.09,0.19,0.11,0.18,0.11,0.18,0.19,0.2,0.19,0.12,,0.18,0.18,0.01,0.11,0.11,0.18,0.25,0.18,0.18,0.1,0.2,0.1,0.19,0.09,0.18,0.24,0.18,0.1,0.19,0.09,0.08,0.09,0.27,0.18,0.1,0.18,0.08,0.2,,0.11,0.12,0.1,0.19,,0,0.09,0.17,0.19,0.19,0.08,0.19,0.11,0.07,0.19,0.11,0.18,0.2,0.11,0.18,0.2,0.07,0.11,0.18,0.19,,0.1,0.1,,0.1,0.1,0.16,0.19,0.18,,0.11,0.24,0.2,0.18,0.11,0.11,0.1,0.19,0.28,0.19,0.1,,0.17,0.18,0.18,0.12,0.08,0.19,0.1,0.18,0.16,0.2,0.07,0.01,0.18,0.19,0.2,0.18,0.21,0.09,0.18,0.1,0.18,0.12,0.01,0.1
"Gambia","Q1 2020",0.17,0.17,0.1,0.18,0.09,0.09,0.18,0.17,0.18,0.18,0.1,0.1,0.1,0.2,0.1,0.18,0.07,0.09,0.18,0.09,0.1,0.17,0.16,0.1,0.18,0.19,0.07,0.11,0.2,0.19,0.19,0.07,,0.19,0.1,0.18,0.01,0.18,0.18,0.1,0.17,0.17,0.17,,0.16,0.17,0.18,0.09,0.18,0.18,0.19,0.1,0.18,0.09,0.1,,0.09,0.1,0.1,0.2,0.17,0.1,0.18,,0.09,0.19,0.18,0.15,0.18,0.07,0.09,0.18,0.1,0.18,,0.18,0.16,0.1,0.1,0.1,0.09,0.19,0.11,0.1,0.1,0.17,0.18,0.19,0.18,0.18,,0.17,0.18,0.09,0.1,0.17,0.18,0.24,0.18,0.1,0.1,0.19,0.1,0.18,0.1,0.18,0.23,0.18,0.1,0.19,0.09,0.09,0.09,0.26,0.18,0.1,0.17,0.01,0.19,,0.11,0.11,0.1,0.18,,0,0.09,0.16,0.18,0.18,0.08,0.19,0.1,0.08,0.11,0.1,0.18,0.19,0.1,0.18,0.19,0.07,0.18,0.18,0.19,,0.09,0.09,,0.09,0.1,0.09,0.19,0.18,,0.1,0.24,0.19,0.18,0.1,0.1,0.1,0.18,0.27,0.19,0.1,,0.1,0.18,0.17,0.11,0.08,0.18,0.09,0.18,0.16,0.19,0.07,0.01,0.18,0.19,0.2,0.17,0.2,0.09,0.18,0.1,0.11,0.11,0.01,0.1
"Gambia","Q1 2021",0.16,0.18,0.1,0.18,0.09,0.09,0.18,0.17,0.18,0.18,0.1,0.1,0.17,0.2,0.1,0.18,0.08,0.09,0.18,0.09,0.1,0.17,0.16,0.1,0.18,0.19,0.08,0.11,0.2,0.19,0.19,0.07,,0.19,0.1,0.18,0.01,0.18,0.19,0.11,0.17,0.17,0.17,,0.16,0.18,0.18,0.1,0.19,0.18,0.19,0.1,0.18,0.09,0.1,,0.1,0.11,0.11,0.2,0.17,0.11,0.17,,0.1,0.19,0.19,0.15,0.19,0.09,0.1,0.18,0.1,0.18,,0.17,0.16,0.17,0.1,0.1,0.1,0.19,0.11,0.1,0.11,0.17,0.18,0.19,0.19,0.19,,0.18,0.18,0.09,0.1,0.1,0.18,0.24,0.18,0.1,0.1,0.19,0.1,0.19,0.1,0.18,0.24,0.11,0.1,0.19,0.09,0.09,0.09,0.26,0.18,0.1,0.18,,0.2,,0.11,0.11,0.1,0.18,0.01,0,0.09,0.17,0.19,0.19,0.08,0.19,0.11,0.08,0.11,0.1,0.18,0.19,0.11,0.18,0.19,0.07,0.18,0.18,0.19,,0.09,0.09,,0.1,0.1,0.09,0.19,0.18,,0.1,0.24,0.2,0.18,0.11,0.11,0.11,0.18,0.27,0.19,0.1,,0.17,0.18,0.17,0.18,0.09,0.19,0.1,0.18,0.16,0.19,0.07,0.01,0.18,0.19,0.2,0.18,0.2,0.1,0.18,0.1,0.11,0.18,,0.1
"Georgia","Q1 2016",0.16,0.18,0.1,0.11,0.09,0.09,0.1,0.1,0.18,0.11,0.1,0.1,0.1,0.2,0.1,0.18,0.08,0.1,0.11,0.09,0.09,0.24,0.09,0.1,0.11,0.18,0.08,0.11,0.2,0.19,0.18,,,0.19,0.1,0.11,0.02,0.18,0.11,0.18,0.1,0.1,0.17,,0.09,0.1,0.18,0.1,0.19,0.18,0.19,0.09,0.1,0.08,0.1,,0.09,0.1,0.17,0.2,0.09,0.1,0.17,0.1,,0.2,0.11,0.15,0.25,0.01,0.1,0.11,0.1,0.18,,0.1,0.09,0.1,0.1,0.1,0.1,0.19,0.1,0.11,0.09,0.17,0.18,0.2,0.18,0.18,,0.17,0.11,0.09,0.1,0.1,0.19,0.1,0.18,0.1,0.1,0.2,0.09,0.26,0.1,0.1,0.09,0.11,0.1,0.19,0.08,0.16,0.08,0.19,0.1,0.1,0.1,0.08,0.2,,0.11,0.11,0.1,0.18,,0.07,0.09,0.17,0.18,0.18,,0.19,0.1,0.01,0.11,0.1,0.1,0.18,0.1,0.1,0.2,0.14,0.17,0.24,0.19,,0.09,0.1,,0.1,0.1,0.09,0.19,0.1,,0.1,0.1,0.2,0.11,0.18,0.1,0.09,0.11,0.2,0.18,0.1,,0.1,0.1,0.17,0.11,0.08,0.18,0.1,0.11,0.17,0.25,,0.02,0.25,0.19,0.2,0.11,0.2,0.09,0.1,0.1,0.17,0.18,0.02,0.1
"Georgia","Q1 2017",0.17,0.18,0.1,0.11,0.1,0.09,0.18,0.1,0.19,0.18,0.1,0.1,0.11,0.21,0.1,0.18,0.08,0.09,0.18,0.1,0.09,0.24,0.09,0.17,0.18,0.19,0.08,0.18,0.21,0.19,0.19,0.08,,0.2,0.09,0.11,0.02,0.18,0.18,0.18,0.17,0.1,0.18,,0.1,0.17,0.18,0.1,0.2,0.19,0.2,0.1,0.17,0.08,0.17,,0.09,0.11,0.17,0.21,0.1,0.11,0.17,0.1,,0.2,0.18,0.15,0.26,0.08,0.1,0.18,0.1,0.18,,0.1,0.09,0.1,0.11,0.11,0.09,0.2,0.18,0.18,0.1,0.17,0.19,0.27,0.19,0.19,,0.18,0.18,0.1,0.1,0.17,0.19,0.1,0.17,0.17,0.1,0.2,0.1,0.26,0.1,0.18,0.1,0.18,0.1,0.19,0.09,0.16,0.09,0.2,0.17,0.17,0.11,0.01,0.2,,0.11,0.11,0.1,0.18,,0.01,0.1,0.1,0.19,0.18,0.09,0.2,0.1,0.07,0.18,0.18,0.18,0.19,0.1,0.1,0.21,0.14,0.18,0.25,0.27,,0.1,0.1,,0.1,0.1,0.1,0.19,0.18,,0.1,0.1,0.2,0.11,0.19,0.11,0.1,0.19,0.21,0.19,0.1,,0.1,0.18,0.17,0.18,0.08,0.18,0.1,0.11,0.17,0.26,,0.01,0.25,0.2,0.21,0.18,0.21,0.1,0.18,0.1,0.18,0.18,0.01,0.09
"Georgia","Q1 2018",0.16,0.18,0.1,0.18,0.1,0.1,0.18,0.11,0.19,0.18,0.1,0.1,0.11,0.21,0.11,0.19,0.08,0.09,0.19,0.1,0.09,0.25,0.1,0.1,0.18,0.2,0.08,0.18,0.21,0.2,0.2,0.08,,0.2,0.09,0.11,0.02,0.19,0.18,0.18,0.18,0.11,0.18,,0.09,0.18,0.19,0.1,0.2,0.19,0.2,0.11,0.18,0.08,0.17,,0.09,0.11,0.17,0.21,0.1,0.11,0.18,0.1,,0.21,0.18,0.15,0.27,0.08,0.1,0.18,0.1,0.18,,0.18,0.1,0.11,0.11,0.11,0.1,0.2,0.18,0.18,0.18,0.18,0.19,0.28,0.19,0.19,,0.19,0.18,0.1,0.1,0.17,0.19,0.1,0.18,0.17,0.1,0.21,0.1,0.27,0.1,0.18,0.11,0.18,0.1,0.19,0.08,0.16,0.09,0.21,0.18,0.17,0.11,0.01,0.21,,0.11,0.12,0.1,0.19,,0.07,0.1,0.1,0.2,0.19,0.09,0.2,0.11,0.07,0.18,0.18,0.18,0.2,0.11,0.18,0.21,0.14,0.18,0.26,0.27,,0.1,0.1,,0.1,0.1,0.1,0.2,0.18,,0.1,0.17,0.21,0.12,0.18,0.11,0.1,0.19,0.21,0.2,0.1,,0.11,0.18,0.18,0.19,0.08,0.18,0.1,0.12,0.17,0.27,,0.01,0.26,0.2,0.21,0.18,0.21,0.1,0.18,0.11,0.11,0.19,0.01,0.09
"Georgia","Q1 2019",0.16,0.18,0.1,0.11,0.09,0.09,0.18,0.11,0.19,0.18,0.1,0.1,0.1,0.21,0.1,0.18,0.08,0.09,0.19,0.1,0.1,0.25,0.1,0.1,0.18,0.19,0.08,0.18,0.21,0.19,0.2,0.07,,0.2,0.1,0.11,0.01,0.18,0.18,0.18,0.17,0.11,0.18,,0.1,0.18,0.19,0.1,0.19,0.19,0.2,0.1,0.18,0.09,0.17,,0.09,0.11,0.17,0.21,0.1,0.11,0.11,0.1,,0.2,0.18,0.08,0.26,0.08,0.1,0.18,0.1,0.18,,0.18,0.09,0.1,0.11,0.11,0.1,0.2,0.18,0.18,0.11,0.18,0.19,0.27,0.19,0.19,,0.18,0.18,0.01,0.1,0.17,0.19,0.17,0.18,0.18,0.1,0.2,0.1,0.26,0.09,0.18,0.1,0.18,0.1,0.19,0.09,0.16,0.09,0.2,0.18,0.1,0.11,0.08,0.21,,0.11,0.11,0.1,0.18,,0,0.1,0.17,0.19,0.19,0.08,0.2,0.11,0.08,0.18,0.18,0.18,0.2,0.11,0.19,0.21,0.07,0.18,0.19,0.27,,0.1,0.1,,0.1,0.1,0.1,0.2,0.17,,0.11,0.17,0.21,0.11,0.18,0.11,0.1,0.19,0.21,0.2,0.1,,0.1,0.18,0.18,0.19,0.08,0.18,0.1,0.11,0.17,0.27,0.07,0.01,0.26,0.2,0.21,0.18,0.21,0.1,0.18,0.1,0.11,0.19,0.01,0.09
"Georgia","Q1 2020",0.17,0.18,0.1,0.18,0.09,0.1,0.11,0.11,0.19,0.18,0.1,0.1,0.1,0.21,0.1,0.18,0.08,0.09,0.18,0.1,0.1,0.24,0.09,0.1,0.18,0.19,0.08,0.11,0.21,0.2,0.2,0.07,,0.2,0.1,0.11,0.02,0.18,0.19,0.18,0.17,0.11,0.18,,0.09,0.18,0.19,0.1,0.19,0.19,0.26,0.1,0.18,0.09,0.17,,0.09,0.11,0.18,0.21,0.1,0.11,0.18,0.09,,0.2,0.18,0.08,0.26,0.08,0.1,0.18,0.1,0.18,,0.18,0.09,0.1,0.11,0.1,0.1,0.2,0.18,0.17,0.11,0.18,0.19,0.27,0.19,0.19,,0.18,0.18,0.1,0.1,0.17,0.19,0.17,0.18,0.17,0.1,0.2,0.1,0.19,0.1,0.18,0.1,0.18,0.1,0.19,0.09,0.17,0.09,0.2,0.18,0.1,0.11,0.01,0.21,,0.11,0.11,0.1,0.18,,0,0.1,0.1,0.19,0.19,0.08,0.2,0.11,0.08,0.11,0.11,0.18,0.2,0.11,0.19,0.21,0.07,0.18,0.19,0.26,,0.1,0.1,,0.1,0.1,0.09,0.2,0.18,,0.11,0.1,0.21,0.11,0.18,0.11,0.1,0.19,0.21,0.19,0.1,,0.1,0.18,0.18,0.18,0.08,0.18,0.09,0.11,0.16,0.26,0.07,0.01,0.26,0.2,0.21,0.18,0.21,0.1,0.18,0.11,0.11,0.18,0.01,0.1
"Georgia","Q1 2021",0.16,0.18,0.1,0.11,0.09,0.1,0.11,0.11,0.18,0.18,0.1,0.1,0.1,0.2,0.1,0.18,0.08,0.09,0.18,0.09,0.1,0.24,0.09,0.1,0.18,0.19,0.08,0.11,0.21,0.19,0.2,0.07,,0.2,0.1,0.11,0.02,0.18,0.18,0.18,0.17,0.11,0.18,,0.09,0.18,0.18,0.1,0.19,0.19,0.2,0.1,0.18,0.09,0.17,,0.1,0.11,0.17,0.2,0.1,0.11,0.11,0.1,,0.2,0.18,0.08,0.26,0.09,0.1,0.18,0.1,0.18,,0.1,0.09,0.1,0.1,0.1,0.1,0.2,0.17,0.1,0.11,0.18,0.19,0.27,0.19,0.19,,0.18,0.18,0.1,0.1,0.17,0.19,0.1,0.18,0.17,0.1,0.2,0.1,0.19,0.1,0.18,0.1,0.11,0.1,0.19,0.09,0.17,0.09,0.2,0.18,0.1,0.11,,0.2,,0.11,0.11,0.1,0.18,0.01,0,0.1,0.1,0.19,0.19,0.08,0.2,0.11,0.08,0.11,0.1,0.18,0.19,0.11,0.19,0.21,0.14,0.18,0.25,0.26,,0.09,0.1,,0.1,0.1,0.09,0.2,0.18,,0.1,0.1,0.21,0.11,0.18,0.11,0.11,0.19,0.21,0.19,0.09,,0.1,0.18,0.18,0.18,0.09,0.18,0.1,0.11,0.16,0.26,0.07,0.01,0.26,0.2,0.21,0.18,0.21,0.1,0.18,0.11,0.11,0.18,,0.1
"Germany","Q1 2016",0.2,0.36,0.23,0.46,0.21,0.22,0.45,0.25,0.47,0.44,0.39,0.25,0.25,0.79,0.31,0.42,0.16,0.22,0.47,0.2,0.21,0.22,0.2,0.24,0.38,0.53,0.17,0.46,0.69,0.64,0.57,,,0.55,0.22,0.43,0.11,0.39,0.41,0.36,0.25,0.26,0.38,,0.23,0.49,0.48,0.23,0.47,0.46,0.61,0.23,0.23,0.16,0.3,,0.26,0.26,0.39,0.7,0.22,0.27,0.28,0.31,0.2,,0.43,0.18,0.51,0.16,0.25,0.28,0.24,0.42,,0.34,0.2,0.26,0.26,0.35,0.28,0.54,0.39,0.51,0.24,0.33,0.49,0.67,0.44,0.59,,0.42,0.3,0.21,0.24,0.3,0.51,0.23,0.35,0.34,0.25,0.67,0.22,0.57,0.22,0.24,0.21,0.4,0.24,0.57,0.18,0.19,0.19,0.65,0.27,0.25,0.42,0.17,0.75,,0.29,0.34,0.23,0.45,,0.15,0.19,0.35,0.56,0.49,,0.56,0.25,0.16,0.46,0.32,0.51,0.57,0.26,0.33,0.66,0.15,0.39,0.4,0.58,,0.22,0.25,,0.25,0.23,0.22,0.57,0.38,,0.25,0.31,0.66,0.27,0.38,0.25,0.21,0.53,0.72,0.57,0.3,,0.33,0.51,0.33,0.48,0.18,0.47,0.22,0.33,0.24,0.55,,0.11,0.43,0.62,0.78,0.29,0.69,0.22,0.44,0.23,0.29,0.54,0.11,0.27
"Germany","Q1 2017",0.2,0.36,0.23,0.45,0.21,0.21,0.46,0.22,0.48,0.44,0.32,0.24,0.26,0.77,0.32,0.4,0.16,0.19,0.47,0.22,0.21,0.22,0.19,0.24,0.39,0.54,0.17,0.47,0.68,0.63,0.57,0.17,,0.55,0.2,0.44,0.1,0.38,0.41,0.37,0.33,0.22,0.37,,0.23,0.48,0.47,0.22,0.51,0.45,0.59,0.25,0.27,0.16,0.31,,0.26,0.26,0.34,0.69,0.21,0.28,0.28,0.29,0.2,,0.42,0.18,0.52,0.16,0.23,0.28,0.24,0.43,,0.33,0.19,0.25,0.26,0.36,0.28,0.56,0.39,0.43,0.3,0.33,0.5,0.65,0.47,0.59,,0.44,0.29,0.21,0.23,0.29,0.5,0.22,0.31,0.32,0.24,0.65,0.21,0.55,0.22,0.27,0.23,0.39,0.22,0.54,0.18,0.18,0.21,0.65,0.26,0.25,0.37,0.09,0.74,,0.29,0.4,0.23,0.43,,0.08,0.23,0.31,0.57,0.48,0.19,0.55,0.25,0.16,0.48,0.32,0.53,0.58,0.27,0.38,0.65,0.08,0.42,0.33,0.52,,0.23,0.23,,0.24,0.22,0.22,0.58,0.39,,0.23,0.3,0.66,0.28,0.38,0.25,0.22,0.51,0.7,0.6,0.28,,0.25,0.52,0.34,0.48,0.17,0.45,0.23,0.29,0.22,0.57,,0.1,0.36,0.61,0.77,0.29,0.68,0.22,0.44,0.23,0.28,0.52,0.1,0.2
"Germany","Q1 2018",0.19,0.33,0.23,0.43,0.21,0.21,0.47,0.25,0.46,0.43,0.33,0.25,0.25,0.77,0.31,0.41,0.16,0.19,0.48,0.22,0.2,0.22,0.22,0.23,0.37,0.55,0.17,0.48,0.7,0.64,0.58,0.17,,0.54,0.2,0.42,0.1,0.39,0.39,0.36,0.33,0.25,0.36,,0.18,0.5,0.4,0.22,0.51,0.46,0.59,0.25,0.27,0.1,0.3,,0.26,0.27,0.34,0.7,0.22,0.27,0.27,0.29,0.21,,0.4,0.18,0.58,0.16,0.22,0.28,0.22,0.43,,0.32,0.19,0.26,0.25,0.35,0.28,0.55,0.45,0.47,0.39,0.34,0.5,0.67,0.48,0.55,,0.45,0.28,0.21,0.23,0.3,0.49,0.21,0.35,0.34,0.23,0.66,0.21,0.55,0.23,0.28,0.27,0.36,0.21,0.55,0.17,0.18,0.2,0.67,0.26,0.26,0.35,0.09,0.76,,0.28,0.38,0.23,0.41,,0.16,0.21,0.3,0.57,0.49,0.19,0.54,0.25,0.16,0.49,0.34,0.53,0.57,0.26,0.37,0.67,0.08,0.4,0.35,0.53,,0.23,0.24,,0.23,0.22,0.2,0.57,0.4,,0.23,0.31,0.68,0.28,0.37,0.25,0.2,0.5,0.71,0.62,0.24,,0.25,0.52,0.32,0.48,0.17,0.46,0.23,0.29,0.23,0.57,,0.1,0.38,0.62,0.77,0.29,0.64,0.22,0.45,0.23,0.26,0.52,0.1,0.18
"Germany","Q1 2019",0.2,0.32,0.22,0.33,0.2,0.2,0.44,0.25,0.46,0.43,0.31,0.25,0.24,0.73,0.31,0.39,0.16,0.18,0.45,0.21,0.21,0.21,0.21,0.23,0.33,0.53,0.17,0.47,0.67,0.61,0.61,0.16,,0.52,0.21,0.33,0.1,0.37,0.37,0.34,0.25,0.25,0.36,,0.21,0.49,0.45,0.22,0.49,0.46,0.59,0.24,0.27,0.18,0.31,,0.26,0.25,0.34,0.68,0.22,0.25,0.26,0.2,0.2,,0.39,0.17,0.57,0.15,0.22,0.28,0.22,0.42,,0.25,0.18,0.25,0.25,0.34,0.27,0.53,0.44,0.36,0.33,0.34,0.49,0.64,0.47,0.55,,0.38,0.32,0.1,0.25,0.3,0.49,0.22,0.34,0.39,0.22,0.64,0.22,0.55,0.2,0.26,0.22,0.44,0.21,0.53,0.19,0.18,0.2,0.63,0.25,0.23,0.35,0.16,0.73,,0.26,0.36,0.21,0.4,,0.08,0.2,0.31,0.57,0.47,0.18,0.53,0.25,0.16,0.48,0.33,0.53,0.61,0.26,0.39,0.65,0.08,0.36,0.34,0.51,,0.22,0.22,,0.22,0.23,0.2,0.56,0.28,,0.24,0.21,0.66,0.26,0.35,0.25,0.22,0.5,0.69,0.6,0.22,,0.25,0.51,0.32,0.5,0.17,0.39,0.23,0.28,0.22,0.54,0.16,0.1,0.37,0.6,0.74,0.33,0.65,0.21,0.43,0.22,0.27,0.53,0.1,0.18
"Germany","Q1 2020",0.21,0.33,0.23,0.36,0.2,0.2,0.43,0.23,0.45,0.45,0.22,0.25,0.23,0.73,0.3,0.37,0.16,0.18,0.45,0.21,0.21,0.21,0.18,0.23,0.28,0.53,0.17,0.45,0.68,0.63,0.6,0.16,,0.53,0.22,0.35,0.11,0.4,0.38,0.35,0.22,0.23,0.36,,0.2,0.49,0.38,0.22,0.48,0.47,0.58,0.23,0.26,0.18,0.31,,0.26,0.25,0.33,0.66,0.21,0.26,0.27,0.19,0.2,,0.47,0.24,0.57,0.15,0.22,0.3,0.23,0.34,,0.25,0.18,0.24,0.25,0.25,0.28,0.53,0.46,0.27,0.35,0.32,0.49,0.63,0.39,0.56,,0.37,0.28,0.2,0.24,0.31,0.5,0.22,0.34,0.33,0.23,0.65,0.21,0.54,0.22,0.29,0.21,0.44,0.22,0.53,0.2,0.2,0.2,0.64,0.27,0.24,0.34,0.09,0.72,,0.26,0.36,0.21,0.4,,0.08,0.21,0.31,0.55,0.49,0.18,0.53,0.24,0.16,0.46,0.3,0.54,0.53,0.25,0.38,0.67,0.08,0.39,0.34,0.46,,0.21,0.21,,0.22,0.23,0.19,0.58,0.29,,0.24,0.2,0.67,0.26,0.37,0.23,0.23,0.5,0.69,0.59,0.21,,0.25,0.5,0.31,0.49,0.17,0.39,0.21,0.28,0.21,0.55,0.16,0.09,0.36,0.6,0.73,0.28,0.64,0.21,0.43,0.22,0.25,0.5,0.09,0.2
"Germany","Q1 2021",0.2,0.34,0.23,0.32,0.2,0.2,0.44,0.24,0.46,0.46,0.31,0.26,0.24,0.73,0.29,0.39,0.16,0.18,0.46,0.21,0.21,0.21,0.18,0.24,0.31,0.52,0.16,0.45,0.67,0.62,0.63,0.16,,0.53,0.2,0.32,0.1,0.4,0.37,0.35,0.23,0.24,0.36,,0.2,0.49,0.38,0.22,0.48,0.47,0.61,0.23,0.26,0.19,0.3,,0.27,0.24,0.33,0.68,0.21,0.26,0.25,0.19,0.2,,0.48,0.24,0.58,0.19,0.22,0.31,0.22,0.37,,0.21,0.18,0.24,0.23,0.25,0.28,0.53,0.31,0.31,0.37,0.32,0.5,0.66,0.4,0.58,,0.38,0.29,0.2,0.23,0.3,0.5,0.2,0.33,0.33,0.2,0.64,0.2,0.56,0.22,0.3,0.22,0.35,0.21,0.53,0.2,0.2,0.2,0.64,0.36,0.24,0.34,,0.73,,0.26,0.36,0.24,0.39,0.1,0.08,0.2,0.31,0.57,0.51,0.18,0.52,0.25,0.16,0.46,0.28,0.53,0.58,0.25,0.41,0.66,0.08,0.38,0.33,0.46,,0.21,0.21,,0.22,0.23,0.19,0.61,0.36,,0.23,0.2,0.66,0.26,0.36,0.24,0.24,0.5,0.7,0.61,0.2,,0.25,0.5,0.31,0.53,0.17,0.4,0.23,0.28,0.2,0.57,0.16,0.09,0.37,0.62,0.73,0.28,0.68,0.22,0.43,0.22,0.23,0.56,,0.19
"Ghana","Q1 2016",0.18,0.24,0.2,0.38,0.18,0.19,0.29,0.21,0.31,0.27,0.26,0.22,0.21,0.45,0.21,0.39,0.15,0.19,0.3,0.17,0.19,0.19,0.19,0.21,0.35,0.32,0.16,0.29,0.43,0.41,0.32,,,0.31,0.2,0.36,0.1,0.26,0.39,0.26,0.21,0.22,0.26,,0.21,0.27,0.3,0.2,0.31,0.29,0.33,0.2,0.28,0.09,0.21,,0.18,0.22,0.26,0.43,0.19,0.23,0.31,0.29,0.11,0.43,,0.16,0.3,0.09,0.21,0.23,0.21,0.28,,0.32,0.19,0.22,0.22,0.24,0.19,0.4,0.27,0.37,0.22,0.23,0.3,0.42,0.3,0.33,,0.28,0.33,0.18,0.21,0.21,0.3,0.28,0.24,0.24,0.22,0.42,0.2,0.32,0.19,0.21,0.19,0.29,0.22,0.32,0.1,0.18,0.17,0.41,0.24,0.22,0.35,0.09,0.42,,0.24,0.28,0.2,0.44,,0.08,0.11,0.24,0.32,0.31,,0.32,0.21,0.08,0.29,0.27,0.35,0.34,0.22,0.23,0.35,0.08,0.35,0.26,0.4,,0.19,0.21,,0.21,0.2,0.2,0.32,0.35,,0.22,0.29,0.42,0.22,0.27,0.21,0.19,0.41,0.45,0.4,0.24,,0.23,0.28,0.23,0.3,0.16,0.39,0.19,0.28,0.21,0.31,,0.1,0.27,0.41,0.44,0.25,0.43,0.19,0.28,0.2,0.24,0.3,0.1,0.23
"Ghana","Q1 2017",0.18,0.24,0.2,0.37,0.19,0.18,0.29,0.19,0.3,0.27,0.23,0.21,0.22,0.43,0.21,0.36,0.15,0.17,0.3,0.19,0.2,0.2,0.18,0.21,0.36,0.31,0.16,0.28,0.42,0.4,0.32,0.15,,0.31,0.18,0.36,0.09,0.26,0.39,0.25,0.22,0.19,0.25,,0.21,0.26,0.29,0.19,0.31,0.28,0.32,0.21,0.31,0.09,0.21,,0.18,0.22,0.23,0.43,0.19,0.23,0.32,0.2,0.18,0.42,,0.16,0.3,0.08,0.19,0.23,0.21,0.28,,0.3,0.17,0.22,0.21,0.24,0.18,0.39,0.26,0.28,0.24,0.22,0.3,0.41,0.29,0.32,,0.27,0.25,0.18,0.21,0.2,0.29,0.26,0.21,0.22,0.21,0.41,0.2,0.3,0.19,0.23,0.21,0.28,0.2,0.31,0.1,0.17,0.18,0.41,0.23,0.22,0.35,0.08,0.41,,0.24,0.28,0.2,0.4,,0.08,0.2,0.22,0.31,0.3,0.17,0.31,0.21,0.08,0.29,0.26,0.36,0.39,0.23,0.25,0.34,0.08,0.33,0.25,0.39,,0.19,0.2,,0.21,0.19,0.2,0.31,0.35,,0.21,0.21,0.42,0.23,0.26,0.21,0.2,0.38,0.43,0.39,0.22,,0.21,0.28,0.23,0.29,0.16,0.36,0.2,0.24,0.19,0.31,,0.09,0.26,0.39,0.43,0.24,0.43,0.19,0.29,0.2,0.23,0.29,0.09,0.12
"Ghana","Q1 2018",0.17,0.22,0.2,0.36,0.18,0.19,0.28,0.2,0.28,0.26,0.23,0.22,0.21,0.42,0.21,0.37,0.15,0.17,0.29,0.19,0.18,0.2,0.2,0.2,0.34,0.29,0.16,0.27,0.41,0.38,0.31,0.15,,0.3,0.18,0.35,0.09,0.25,0.36,0.25,0.21,0.2,0.24,,0.17,0.25,0.28,0.18,0.29,0.27,0.31,0.21,0.31,0.09,0.21,,0.18,0.22,0.22,0.4,0.2,0.23,0.31,0.2,0.18,0.4,,0.16,0.29,0.08,0.19,0.23,0.2,0.27,,0.28,0.18,0.22,0.2,0.23,0.19,0.37,0.27,0.27,0.25,0.23,0.28,0.4,0.29,0.3,,0.27,0.24,0.18,0.21,0.21,0.27,0.26,0.24,0.24,0.2,0.4,0.19,0.29,0.19,0.23,0.24,0.26,0.19,0.3,0.09,0.16,0.18,0.4,0.23,0.22,0.32,0.08,0.4,,0.23,0.27,0.2,0.39,,0.08,0.18,0.2,0.3,0.29,0.17,0.29,0.21,0.08,0.27,0.26,0.34,0.32,0.22,0.25,0.33,0.08,0.27,0.26,0.37,,0.2,0.2,,0.2,0.19,0.18,0.3,0.35,,0.2,0.22,0.4,0.23,0.25,0.21,0.18,0.36,0.42,0.38,0.21,,0.22,0.27,0.22,0.28,0.16,0.36,0.2,0.24,0.2,0.3,,0.09,0.27,0.37,0.41,0.25,0.41,0.19,0.28,0.19,0.22,0.28,0.09,0.1
"Ghana","Q1 2019",0.17,0.22,0.2,0.34,0.18,0.18,0.27,0.21,0.29,0.27,0.23,0.21,0.21,0.41,0.21,0.37,0.15,0.17,0.28,0.19,0.2,0.19,0.2,0.21,0.35,0.29,0.16,0.27,0.41,0.3,0.38,0.15,,0.3,0.19,0.34,0.09,0.25,0.36,0.24,0.21,0.21,0.25,,0.2,0.25,0.28,0.19,0.29,0.27,0.31,0.21,0.31,0.1,0.21,,0.17,0.21,0.23,0.41,0.19,0.22,0.31,0.19,0.18,0.39,,0.16,0.29,0.08,0.19,0.23,0.2,0.27,,0.3,0.17,0.21,0.21,0.23,0.18,0.37,0.26,0.25,0.25,0.23,0.28,0.4,0.28,0.29,,0.26,0.26,0.09,0.22,0.21,0.27,0.27,0.23,0.26,0.2,0.4,0.2,0.29,0.18,0.22,0.21,0.27,0.19,0.3,0.17,0.16,0.18,0.39,0.22,0.2,0.33,0.09,0.34,,0.22,0.26,0.19,0.38,,0.07,0.18,0.22,0.29,0.28,0.17,0.29,0.22,0.08,0.27,0.26,0.35,0.39,0.22,0.27,0.33,0.08,0.25,0.25,0.37,,0.2,0.19,,0.19,0.2,0.2,0.3,0.33,,0.21,0.2,0.4,0.22,0.25,0.21,0.19,0.37,0.42,0.38,0.2,,0.21,0.27,0.22,0.28,0.16,0.36,0.2,0.24,0.19,0.31,0.15,0.09,0.27,0.37,0.41,0.26,0.42,0.18,0.27,0.2,0.22,0.35,0.09,0.11
"Ghana","Q1 2020",0.19,0.23,0.2,0.34,0.18,0.18,0.32,0.2,0.32,0.32,0.2,0.22,0.2,0.49,0.2,0.36,0.15,0.17,0.33,0.19,0.2,0.2,0.17,0.21,0.33,0.37,0.16,0.33,0.48,0.38,0.45,0.15,,0.37,0.2,0.33,0.1,0.28,0.37,0.31,0.2,0.2,0.26,,0.19,0.33,0.34,0.19,0.34,0.34,0.39,0.2,0.3,0.1,0.22,,0.17,0.22,0.23,0.48,0.19,0.23,0.32,0.18,0.18,0.47,,0.17,0.37,0.08,0.2,0.26,0.21,0.28,,0.3,0.17,0.21,0.21,0.21,0.19,0.44,0.34,0.25,0.31,0.22,0.36,0.47,0.33,0.38,,0.33,0.25,0.19,0.22,0.22,0.34,0.27,0.24,0.23,0.21,0.47,0.2,0.36,0.2,0.25,0.2,0.41,0.2,0.38,0.18,0.18,0.18,0.47,0.24,0.22,0.32,0.08,0.41,,0.22,0.3,0.19,0.39,,0.07,0.19,0.21,0.38,0.36,0.17,0.37,0.22,0.09,0.34,0.25,0.42,0.38,0.22,0.34,0.47,0.08,0.36,0.3,0.39,,0.19,0.19,,0.19,0.2,0.17,0.38,0.33,,0.22,0.26,0.47,0.22,0.32,0.21,0.2,0.44,0.49,0.45,0.2,,0.21,0.34,0.22,0.35,0.16,0.43,0.19,0.24,0.19,0.38,0.15,0.09,0.31,0.45,0.48,0.25,0.49,0.18,0.32,0.2,0.21,0.35,0.09,0.19
"Ghana","Q1 2021",0.18,0.23,0.21,0.37,0.18,0.19,0.33,0.21,0.33,0.33,0.29,0.22,0.22,0.5,0.2,0.38,0.15,0.17,0.41,0.19,0.19,0.2,0.17,0.21,0.36,0.38,0.15,0.34,0.5,0.4,0.47,0.15,,0.38,0.19,0.37,0.1,0.28,0.37,0.32,0.2,0.21,0.26,,0.19,0.34,0.34,0.2,0.35,0.35,0.38,0.2,0.31,0.11,0.21,,0.19,0.22,0.23,0.49,0.2,0.24,0.24,0.19,0.18,0.48,,0.17,0.38,0.11,0.2,0.27,0.21,0.31,,0.2,0.17,0.22,0.21,0.22,0.19,0.46,0.26,0.3,0.33,0.23,0.37,0.48,0.34,0.37,,0.34,0.26,0.19,0.21,0.21,0.36,0.26,0.23,0.24,0.19,0.49,0.19,0.37,0.2,0.26,0.21,0.39,0.19,0.38,0.18,0.18,0.18,0.48,0.27,0.21,0.32,,0.48,,0.23,0.31,0.22,0.39,0.09,0.08,0.19,0.22,0.38,0.44,0.17,0.37,0.23,0.09,0.34,0.24,0.43,0.39,0.22,0.35,0.48,0.08,0.29,0.3,0.39,,0.19,0.19,,0.2,0.21,0.18,0.39,0.34,,0.21,0.26,0.49,0.23,0.32,0.21,0.21,0.46,0.5,0.46,0.12,,0.22,0.35,0.22,0.37,0.17,0.45,0.21,0.25,0.18,0.38,0.15,0.08,0.32,0.47,0.5,0.25,0.5,0.19,0.33,0.2,0.21,0.36,,0.18
"Gibraltar","Q1 2016",0.15,0.16,0.09,0.16,0.08,0.09,0.16,0.16,0.17,0.17,0.15,0.08,0.09,0.19,0.15,0.16,0.07,0.15,0.16,0.08,0.08,0.15,0.15,0.08,0.16,0.17,0.08,0.16,0.18,0.17,0.17,,,0.17,0.08,0.16,0.08,0.23,0.16,0.23,0.16,0.16,0.16,,0.08,0.16,0.17,0.09,0.17,0.17,0.18,0.15,0.15,0.07,0.08,,0.08,0.09,0.16,0.18,0.15,0.15,0.16,0.15,0.15,0.18,0.16,,0.17,0.07,0.16,0.16,0.08,0.17,,0.16,0.15,0.16,0.16,0.16,0.08,0.17,0.15,0.16,0.08,0.16,0.17,0.25,0.17,0.17,,0.16,0.16,0.08,0.08,0.08,0.17,0.15,0.16,0.08,0.08,0.18,0.08,0.17,0.09,0.16,0.15,0.17,0.08,0.18,0.08,0.15,0.08,0.18,0.16,0.08,0.16,0.07,0.18,,0.16,0.16,0.15,0.17,,0.07,0.08,0.16,0.17,0.17,,0.24,0.09,0.07,0.16,0.09,0.16,0.17,0.16,0.15,0.18,0.07,0.16,0.16,0.17,,0.09,0.16,,0.16,0.09,0.08,0.17,0.16,,0.09,0.15,0.18,0.16,0.16,0.09,0.08,0.17,0.25,0.17,0.08,,0.16,0.16,0.15,0.16,0.07,0.16,0.08,0.17,0.15,0.24,,0.08,0.16,0.17,0.19,0.16,0.19,0.09,0.16,0.09,0.17,0.17,0.08,0.08
"Gibraltar","Q1 2017",0.15,0.16,0.08,0.16,0.09,0.08,0.16,0.15,0.17,0.17,0.15,0.08,0.09,0.19,0.16,0.16,0.07,0.08,0.16,0.09,0.08,0.15,0.14,0.08,0.16,0.17,0.08,0.16,0.18,0.17,0.17,0.07,,0.18,0.08,0.16,0.08,0.23,0.16,0.23,0.16,0.15,0.16,,0.08,0.09,0.16,0.09,0.18,0.17,0.18,0.15,0.16,0.07,0.08,,0.08,0.09,0.08,0.18,0.15,0.16,0.16,0.15,0.15,0.18,0.16,,0.17,0.01,0.09,0.17,0.08,0.17,,0.15,0.14,0.16,0.16,0.16,0.08,0.17,0.16,0.16,0.08,0.16,0.17,0.25,0.17,0.17,,0.16,0.16,0.08,0.08,0.08,0.17,0.15,0.16,0.08,0.08,0.18,0.08,0.17,0.08,0.16,0.15,0.16,0.08,0.17,0.08,0.15,0.08,0.18,0.16,0.08,0.16,0.01,0.18,,0.16,0.16,0.15,0.16,,0.07,0.08,0.15,0.17,0.16,0.08,0.24,0.09,0.07,0.16,0.09,0.16,0.17,0.16,0.15,0.18,0.07,0.16,0.16,0.17,,0.09,0.09,,0.09,0.08,0.08,0.17,0.16,,0.08,0.15,0.18,0.16,0.16,0.09,0.08,0.17,0.25,0.17,0.08,,0.16,0.16,0.16,0.16,0.07,0.16,0.09,0.16,0.15,0.24,,0.01,0.16,0.17,0.19,0.16,0.19,0.09,0.16,0.09,0.17,0.16,0.01,0.07
"Gibraltar","Q1 2018",0.15,0.16,0.08,0.16,0.09,0.08,0.16,0.16,0.17,0.16,0.08,0.08,0.09,0.19,0.16,0.16,0.07,0.08,0.17,0.09,0.08,0.15,0.15,0.08,0.16,0.17,0.08,0.16,0.18,0.17,0.18,0.07,,0.18,0.08,0.16,0.08,0.23,0.16,0.23,0.16,0.16,0.16,,0.08,0.09,0.16,0.09,0.18,0.17,0.17,0.15,0.16,0.07,0.08,,0.08,0.09,0.08,0.18,0.15,0.15,0.16,0.15,0.15,0.18,0.16,,0.17,0.01,0.09,0.17,0.08,0.17,,0.16,0.15,0.16,0.15,0.16,0.08,0.17,0.16,0.16,0.16,0.16,0.17,0.25,0.17,0.17,,0.16,0.16,0.08,0.08,0.08,0.16,0.15,0.16,0.08,0.08,0.18,0.08,0.17,0.09,0.16,0.15,0.16,0.08,0.17,0.08,0.15,0.08,0.18,0.16,0.08,0.15,0.01,0.18,,0.16,0.16,0.15,0.16,,0.07,0.08,0.15,0.17,0.17,0.08,0.24,0.09,0.07,0.17,0.09,0.16,0.17,0.16,0.16,0.18,0.07,0.16,0.16,0.17,,0.09,0.09,,0.09,0.08,0.08,0.17,0.16,,0.08,0.15,0.18,0.16,0.16,0.09,0.08,0.17,0.25,0.17,0.08,,0.16,0.16,0.16,0.16,0.07,0.16,0.09,0.16,0.15,0.24,,0.01,0.17,0.17,0.18,0.16,0.19,0.09,0.16,0.08,0.16,0.17,0.01,0.07
"Gibraltar","Q1 2019",0.15,0.16,0.08,0.16,0.08,0.08,0.16,0.15,0.16,0.16,0.08,0.08,0.16,0.17,0.15,0.16,0.07,0.08,0.16,0.08,0.08,0.08,0.15,0.08,0.16,0.16,0.07,0.16,0.17,0.17,0.17,0.07,,0.17,0.08,0.16,0.08,0.16,0.16,0.08,0.15,0.15,0.15,,0.15,0.15,0.16,0.15,0.16,0.16,0.16,0.08,0.15,0.08,0.15,,0.15,0.09,0.15,0.17,0.15,0.15,0.15,0.15,0.08,0.17,0.16,,0.16,0.07,0.15,0.16,0.08,0.16,,0.15,0.14,0.16,0.08,0.15,0.15,0.16,0.08,0.15,0.08,0.15,0.16,0.17,0.16,0.16,,0.15,0.15,0.01,0.08,0.15,0.16,0.15,0.15,0.16,0.08,0.17,0.08,0.16,0.08,0.16,0.15,0.16,0.08,0.16,0.08,0.08,0.08,0.17,0.15,0.08,0.16,0.07,0.24,,0.15,0.16,0.08,0.16,,0.07,0.08,0.16,0.16,0.16,0.08,0.16,0.08,0.07,0.16,0.08,0.16,0.17,0.08,0.15,0.17,0,0.15,0.08,0.16,,0.08,0.15,,0.15,0.08,0.08,0.16,0.15,,0.08,0.15,0.17,0.16,0.08,0.08,0.08,0.16,0.24,0.16,0.08,,0.16,0.16,0.15,0.16,0.07,0.16,0.08,0.16,0.15,0.16,0.07,0.01,0.15,0.16,0.24,0.15,0.17,0.08,0.16,0.08,0.16,0.16,0.01,0.07
"Gibraltar","Q1 2020",0.15,0.17,0.09,0.17,0.09,0.09,0.17,0.16,0.17,0.17,0.08,0.08,0.16,0.18,0.16,0.17,0.07,0.08,0.17,0.09,0.08,0.15,0.15,0.08,0.16,0.17,0.07,0.16,0.18,0.18,0.18,0.07,,0.18,0.09,0.16,0.08,0.17,0.17,0.09,0.16,0.16,0.16,,0.15,0.16,0.17,0.16,0.17,0.17,0.18,0.08,0.16,0.08,0.16,,0.15,0.09,0.16,0.18,0.16,0.16,0.16,0.15,0.08,0.24,0.17,,0.17,0.07,0.16,0.16,0.08,0.17,,0.16,0.15,0.16,0.09,0.09,0.16,0.18,0.16,0.09,0.09,0.16,0.17,0.18,0.17,0.17,,0.16,0.16,0.09,0.08,0.16,0.17,0.15,0.16,0.16,0.09,0.18,0.08,0.17,0.09,0.16,0.15,0.17,0.08,0.18,0.08,0.08,0.09,0.24,0.16,0.09,0.16,0.01,0.25,,0.16,0.16,0.08,0.17,,0.07,0.08,0.16,0.17,0.17,0.08,0.18,0.09,0.07,0.16,0.09,0.17,0.17,0.09,0.16,0.18,0.07,0.16,0.16,0.18,,0.09,0.16,,0.16,0.09,0.08,0.18,0.16,,0.09,0.15,0.18,0.16,0.09,0.09,0.09,0.17,0.25,0.18,0.08,,0.16,0.17,0.16,0.17,0.08,0.17,0.09,0.17,0.15,0.18,0.07,0.01,0.16,0.18,0.25,0.16,0.19,0.09,0.17,0.09,0.16,0.17,0.01,0.08
"Gibraltar","Q1 2021",0.15,0.16,0.09,0.16,0.09,0.09,0.17,0.16,0.17,0.17,0.08,0.08,0.16,0.18,0.16,0.17,0.07,0.08,0.17,0.09,0.08,0.15,0.15,0.08,0.16,0.17,0.08,0.16,0.18,0.18,0.18,0.07,,0.18,0.08,0.16,0.08,0.17,0.17,0.09,0.16,0.16,0.16,,0.15,0.16,0.17,0.16,0.17,0.17,0.17,0.08,0.16,0.08,0.16,,0.15,0.09,0.16,0.18,0.16,0.16,0.16,0.15,0.08,0.24,0.17,,0.17,0.08,0.16,0.17,0.08,0.17,,0.15,0.15,0.16,0.08,0.09,0.16,0.18,0.09,0.08,0.09,0.16,0.17,0.18,0.17,0.17,,0.16,0.16,0.09,0.08,0.16,0.17,0.15,0.16,0.16,0.08,0.18,0.08,0.17,0.09,0.17,0.15,0.09,0.08,0.18,0.09,0.08,0.09,0.24,0.16,0.09,0.16,,0.25,,0.16,0.16,0.16,0.17,0.08,0.07,0.08,0.16,0.17,0.17,0.08,0.18,0.09,0.07,0.16,0.09,0.17,0.18,0.09,0.16,0.18,0.07,0.16,0.16,0.17,,0.09,0.16,,0.16,0.09,0.08,0.18,0.17,,0.09,0.15,0.18,0.17,0.09,0.09,0.09,0.17,0.25,0.18,0.08,,0.16,0.17,0.16,0.17,0.08,0.16,0.09,0.17,0.15,0.17,0.07,0.01,0.16,0.18,0.25,0.16,0.19,0.09,0.17,0.09,0.09,0.17,,0.08
"Greece","Q1 2016",0.19,0.32,0.2,0.33,0.18,0.19,0.33,0.21,0.33,0.31,0.29,0.22,0.21,0.52,0.21,0.29,0.15,0.19,0.34,0.18,0.19,0.27,0.18,0.22,0.26,0.44,0.16,0.33,0.51,0.48,0.47,,,0.39,0.19,0.31,0.1,0.27,0.29,0.4,0.21,0.22,0.36,,0.2,0.35,0.36,0.2,0.34,0.33,0.5,0.2,0.2,0.09,0.21,,0.18,0.23,0.26,0.51,0.2,0.24,0.23,0.21,0.25,0.51,0.3,0.17,,0.09,0.21,0.23,0.22,0.3,,0.23,0.18,0.22,0.22,0.24,0.19,0.38,0.27,0.37,0.22,0.31,0.44,0.51,0.31,0.41,,0.33,0.25,0.19,0.21,0.21,0.47,0.2,0.33,0.25,0.22,0.5,0.2,0.48,0.19,0.21,0.19,0.33,0.21,0.4,0.17,0.18,0.17,0.48,0.24,0.23,0.31,0.09,0.5,,0.25,0.29,0.2,0.32,,0.08,0.18,0.24,0.41,0.35,,0.4,0.22,0.08,0.33,0.28,0.36,0.47,0.22,0.23,0.5,0.14,0.27,0.38,0.47,,0.19,0.21,,0.21,0.2,0.19,0.48,0.27,,0.22,0.21,0.5,0.23,0.42,0.22,0.19,0.38,0.52,0.46,0.27,,0.23,0.36,0.31,0.35,0.16,0.34,0.2,0.28,0.29,0.48,,0.1,0.39,0.48,0.51,0.25,0.51,0.19,0.33,0.21,0.25,0.46,0.1,0.24
"Greece","Q1 2017",0.19,0.32,0.2,0.33,0.19,0.18,0.34,0.2,0.34,0.32,0.23,0.22,0.22,0.53,0.21,0.28,0.15,0.17,0.34,0.19,0.2,0.28,0.18,0.22,0.28,0.46,0.16,0.36,0.53,0.5,0.47,0.15,,0.4,0.18,0.32,0.09,0.27,0.29,0.41,0.22,0.2,0.36,,0.2,0.36,0.36,0.19,0.37,0.33,0.5,0.21,0.23,0.09,0.21,,0.18,0.23,0.24,0.52,0.2,0.24,0.24,0.2,0.26,0.52,0.3,0.17,,0.08,0.2,0.24,0.21,0.3,,0.23,0.17,0.22,0.22,0.25,0.19,0.4,0.28,0.32,0.27,0.3,0.46,0.52,0.34,0.43,,0.34,0.26,0.19,0.21,0.2,0.45,0.19,0.3,0.22,0.21,0.52,0.2,0.49,0.2,0.23,0.2,0.33,0.2,0.39,0.17,0.18,0.18,0.51,0.23,0.23,0.27,0.08,0.52,,0.25,0.34,0.2,0.3,,0.08,0.2,0.22,0.43,0.35,0.17,0.4,0.22,0.08,0.36,0.27,0.38,0.49,0.23,0.28,0.51,0.14,0.31,0.38,0.44,,0.2,0.21,,0.21,0.2,0.19,0.5,0.27,,0.2,0.21,0.52,0.24,0.42,0.21,0.2,0.38,0.53,0.49,0.25,,0.22,0.39,0.32,0.34,0.16,0.34,0.2,0.24,0.27,0.51,,0.09,0.39,0.49,0.53,0.25,0.53,0.19,0.33,0.2,0.24,0.46,0.09,0.19
"Greece","Q1 2018",0.18,0.32,0.21,0.32,0.19,0.19,0.35,0.21,0.42,0.34,0.32,0.23,0.22,0.59,0.22,0.3,0.15,0.18,0.36,0.2,0.19,0.28,0.2,0.21,0.27,0.49,0.16,0.37,0.59,0.55,0.51,0.16,,0.42,0.19,0.31,0.1,0.28,0.29,0.41,0.23,0.21,0.34,,0.1,0.39,0.44,0.19,0.39,0.35,0.55,0.22,0.24,0.16,0.21,,0.18,0.24,0.24,0.59,0.2,0.25,0.24,0.2,0.27,0.58,0.29,0.17,,0.08,0.2,0.24,0.21,0.32,,0.22,0.18,0.23,0.21,0.25,0.19,0.5,0.35,0.38,0.31,0.31,0.47,0.57,0.36,0.42,,0.43,0.26,0.19,0.22,0.21,0.48,0.19,0.34,0.25,0.21,0.58,0.2,0.52,0.21,0.24,0.25,0.34,0.2,0.41,0.16,0.17,0.19,0.58,0.24,0.23,0.25,0.09,0.59,,0.25,0.34,0.21,0.3,,0.15,0.19,0.21,0.53,0.45,0.18,0.41,0.22,0.08,0.38,0.3,0.41,0.49,0.23,0.42,0.58,0.15,0.38,0.4,0.47,,0.2,0.21,,0.21,0.2,0.19,0.53,0.29,,0.21,0.22,0.59,0.24,0.42,0.23,0.2,0.39,0.6,0.55,0.23,,0.22,0.41,0.31,0.38,0.17,0.35,0.21,0.26,0.28,0.54,,0.09,0.42,0.56,0.59,0.27,0.54,0.2,0.35,0.21,0.23,0.42,0.09,0.18
"Greece","Q1 2019",0.25,0.31,0.21,0.29,0.18,0.18,0.34,0.22,0.42,0.33,0.3,0.23,0.22,0.58,0.22,0.29,0.15,0.17,0.34,0.19,0.2,0.27,0.2,0.22,0.3,0.48,0.16,0.36,0.58,0.53,0.54,0.16,,0.41,0.2,0.3,0.1,0.27,0.28,0.39,0.22,0.22,0.35,,0.2,0.39,0.36,0.2,0.37,0.35,0.56,0.21,0.24,0.17,0.22,,0.18,0.23,0.25,0.58,0.2,0.23,0.24,0.19,0.26,0.57,0.29,0.16,,0.08,0.2,0.24,0.2,0.31,,0.23,0.17,0.22,0.21,0.25,0.19,0.48,0.34,0.28,0.31,0.32,0.46,0.56,0.35,0.43,,0.36,0.3,0.09,0.24,0.22,0.48,0.2,0.33,0.29,0.21,0.57,0.2,0.52,0.19,0.23,0.21,0.35,0.2,0.4,0.18,0.17,0.18,0.56,0.23,0.21,0.26,0.16,0.58,,0.24,0.33,0.19,0.3,,0.08,0.19,0.22,0.53,0.37,0.17,0.4,0.23,0.09,0.37,0.29,0.42,0.54,0.23,0.44,0.57,0.15,0.34,0.39,0.46,,0.2,0.2,,0.2,0.21,0.19,0.52,0.26,,0.22,0.2,0.58,0.23,0.4,0.23,0.2,0.39,0.59,0.54,0.21,,0.22,0.41,0.3,0.39,0.17,0.35,0.21,0.25,0.27,0.52,0.15,0.09,0.41,0.55,0.58,0.3,0.56,0.19,0.33,0.21,0.23,0.43,0.09,0.18
"Greece","Q1 2020",0.27,0.33,0.21,0.33,0.19,0.19,0.34,0.22,0.35,0.35,0.21,0.24,0.21,0.59,0.21,0.28,0.15,0.17,0.36,0.2,0.21,0.28,0.17,0.22,0.25,0.48,0.16,0.36,0.59,0.55,0.54,0.16,,0.48,0.2,0.32,0.1,0.31,0.3,0.41,0.21,0.22,0.35,,0.19,0.4,0.36,0.21,0.38,0.44,0.55,0.21,0.23,0.17,0.23,,0.18,0.23,0.24,0.58,0.2,0.25,0.25,0.18,0.26,0.57,0.37,0.17,,0.08,0.21,0.28,0.21,0.31,,0.23,0.17,0.22,0.22,0.23,0.2,0.48,0.37,0.26,0.34,0.3,0.47,0.57,0.36,0.44,,0.36,0.27,0.19,0.23,0.23,0.48,0.2,0.33,0.24,0.21,0.57,0.2,0.52,0.2,0.27,0.2,0.35,0.2,0.42,0.19,0.26,0.19,0.57,0.25,0.23,0.26,0.09,0.58,,0.24,0.33,0.2,0.3,,0.08,0.19,0.22,0.46,0.39,0.17,0.48,0.23,0.09,0.37,0.28,0.49,0.49,0.23,0.43,0.58,0.15,0.3,0.39,0.43,,0.2,0.2,,0.21,0.21,0.18,0.55,0.27,,0.22,0.19,0.58,0.24,0.43,0.22,0.21,0.39,0.6,0.53,0.2,,0.23,0.41,0.3,0.39,0.16,0.36,0.2,0.26,0.2,0.53,0.15,0.09,0.42,0.55,0.59,0.26,0.56,0.19,0.34,0.21,0.23,0.46,0.09,0.19
"Greece","Q1 2021",0.26,0.33,0.21,0.3,0.19,0.19,0.34,0.22,0.36,0.36,0.3,0.24,0.23,0.59,0.21,0.3,0.15,0.17,0.36,0.19,0.2,0.28,0.17,0.22,0.28,0.48,0.16,0.36,0.59,0.55,0.56,0.16,,0.48,0.19,0.3,0.1,0.31,0.29,0.41,0.22,0.22,0.35,,0.19,0.4,0.36,0.21,0.38,0.44,0.56,0.21,0.23,0.18,0.22,,0.19,0.22,0.25,0.58,0.2,0.25,0.23,0.19,0.26,0.58,0.38,0.17,,0.11,0.21,0.29,0.21,0.34,,0.2,0.17,0.22,0.21,0.24,0.2,0.49,0.29,0.31,0.36,0.24,0.48,0.59,0.36,0.46,,0.43,0.27,0.19,0.22,0.22,0.49,0.19,0.33,0.24,0.12,0.57,0.2,0.53,0.21,0.28,0.21,0.33,0.19,0.42,0.19,0.26,0.19,0.57,0.28,0.23,0.25,,0.58,,0.24,0.33,0.23,0.3,0.09,0.08,0.19,0.22,0.47,0.47,0.17,0.48,0.23,0.09,0.36,0.26,0.49,0.52,0.23,0.46,0.58,0.15,0.29,0.39,0.43,,0.19,0.2,,0.21,0.21,0.18,0.56,0.27,,0.21,0.19,0.59,0.24,0.42,0.22,0.23,0.4,0.6,0.54,0.19,,0.23,0.41,0.3,0.44,0.17,0.37,0.21,0.26,0.19,0.55,0.15,0.09,0.42,0.56,0.59,0.27,0.59,0.2,0.34,0.21,0.22,0.51,,0.19
"Greenland","Q1 2016",0.08,0.08,0.08,0.09,0.08,0.08,0.08,0.08,0.09,0.09,0.08,0.08,0.08,0.16,0.08,0.09,0.07,0.08,0.09,0.08,0.08,0.08,0.08,0.08,0.08,0.16,0.07,0.08,0.16,0.09,0.09,,,0.09,0.08,0.08,0.01,0.09,0.08,0.08,0.08,0.08,0.08,,0.08,0.22,0.09,0.08,0.09,0.08,0.09,0.08,0.08,0.01,0.15,,0.15,0.08,0.15,0.09,0.08,0.08,0.08,0.08,0.01,0.16,0.09,0.07,0.09,,0.08,0.08,0.08,0.08,,0.08,0.08,0.08,0.08,0.08,0.21,0.09,0.08,0.08,0.01,0.08,0.09,0.09,0.09,0.09,,0.08,0.08,0.08,0.08,0.15,0.09,0.08,0.08,0.15,0.08,0.16,0.08,0.09,0.08,0.08,0.08,0.09,0.08,0.09,0.08,0.08,0.08,0.16,0.08,0.08,0.08,0.01,0.16,,0.08,0.09,0.08,0.09,,0,0.08,0.15,0.09,0.09,,0.09,0.08,0,0.08,0.08,0.15,0.16,0.08,0.08,0.16,0,0.08,0.08,0.16,,0.08,0.08,,0.08,0.08,0.08,0.09,0.08,,0.08,0.08,0.16,0.08,0.08,0.08,0.01,0.09,0.16,0.09,0.08,,0.08,0.15,0.08,0.09,0.07,0.09,0.08,0.09,0.08,0.09,,0.01,0.08,0.09,0.17,0.08,0.16,0.08,0.08,0.08,0.08,0.09,0.01,0.08
"Greenland","Q1 2017",0.01,0.08,0.08,0.08,0.01,0.01,0.08,0.08,0.08,0.08,0.08,0.08,0.08,0.16,0.08,0.08,0,0.01,0.08,0.01,0.07,0.08,0.07,0.08,0.08,0.08,0,0.08,0.16,0.08,0.08,0.07,,0.08,0.08,0.08,0.01,0.08,0.08,0.08,0.08,0.08,0.08,,0.08,0.21,0.08,0.01,0.08,0.08,0.08,0.01,0.08,0.01,0.15,,0.14,0.08,0.15,0.09,0.08,0.08,0.08,0.08,0.08,0.16,0.08,0.01,0.08,,0.01,0.08,0.08,0.08,,0.08,0.07,0.08,0.01,0.08,0.14,0.08,0.08,0.08,0.08,0.08,0.08,0.09,0.08,0.08,,0.08,0.08,0.08,0.01,0.08,0.08,0.01,0.08,0.15,0.08,0.15,0.08,0.08,0.08,0.08,0.08,0.08,0.08,0.08,0.07,0.01,0.01,0.09,0.08,0.08,0.08,0.01,0.16,,0.08,0.08,0.01,0.08,,0,0.08,0.15,0.08,0.08,0.08,0.08,0.08,0,0.08,0.08,0.15,0.15,0.08,0.08,0.15,0,0.08,0.08,0.15,,0.01,0.08,,0.08,0.08,0.08,0.08,0.08,,0.08,0.08,0.15,0.08,0.08,0.08,0.01,0.08,0.09,0.08,0.08,,0.08,0.15,0.08,0.08,0.07,0.08,0.08,0.08,0.08,0.08,,0.01,0.08,0.08,0.16,0.08,0.09,0.01,0.08,0.08,0.08,0.08,0.01,0.01
"Greenland","Q1 2018",0.01,0.08,0.08,0.08,0.01,0.01,0.08,0.08,0.08,0.08,0.08,0.08,0.08,0.09,0.08,0.08,0,0.01,0.08,0.01,0.07,0.08,0.08,0.08,0.08,0.08,0,0.08,0.16,0.08,0.08,0.07,,0.08,0.01,0.08,0.01,0.08,0.08,0.08,0.08,0.08,0.08,,0.01,0.21,0.08,0.01,0.08,0.08,0.08,0.01,0.08,0.01,0.15,,0.14,0.08,0.15,0.09,0.08,0.08,0.08,0.08,0.08,0.16,0.08,0.01,0.08,,0.01,0.08,0.08,0.08,,0.08,0.07,0.08,0.01,0.08,0.14,0.08,0.08,0.08,0.08,0.08,0.08,0.09,0.08,0.08,,0.08,0.08,0.08,0.01,0.15,0.08,0.08,0.08,0.15,0.08,0.15,0.08,0.08,0.08,0.08,0.08,0.08,0.01,0.08,0.07,0.01,0.01,0.15,0.08,0.08,0.08,0.01,0.16,,0.08,0.08,0.01,0.08,,0,0.08,0.15,0.08,0.08,0.08,0.08,0.08,0,0.08,0.08,0.15,0.15,0.01,0.08,0.15,0,0.08,0.08,0.15,,0.01,0.08,,0.08,0.08,0.08,0.08,0.08,,0.08,0.08,0.16,0.08,0.08,0.08,0.01,0.08,0.09,0.08,0.08,,0.08,0.15,0.08,0.08,0.07,0.08,0.08,0.08,0.08,0.08,,0.01,0.08,0.08,0.16,0.08,0.09,0.01,0.08,0.08,0.08,0.08,0.01,0.01
"Greenland","Q1 2019",0.01,0.08,0.08,0.08,0.01,0.01,0.08,0.08,0.08,0.08,0.08,0.08,0.08,0.16,0.08,0.08,0,0.01,0.08,0.01,0.08,0.08,0.08,0.08,0.08,0.08,0,0.08,0.16,0.08,0.08,0.07,,0.08,0.08,0.08,0.01,0.08,0.08,0.08,0.08,0.08,0.08,,0.08,0.21,0.08,0.08,0.08,0.08,0.08,0.01,0.08,0.01,0.15,,0.14,0.08,0.15,0.09,0.08,0.08,0.08,0.01,0.08,0.15,0.08,0.07,0.08,,0.08,0.08,0.08,0.08,,0.08,0.07,0.08,0.01,0.08,0.14,0.08,0.08,0.08,0.08,0.08,0.08,0.09,0.08,0.08,,0.08,0.08,0.01,0.08,0.08,0.08,0.01,0.08,0.15,0.08,0.15,0.08,0.08,0.08,0.08,0.08,0.08,0.08,0.08,0.08,0.01,0.01,0.08,0.08,0.08,0.08,0.01,0.16,,0.08,0.08,0.01,0.08,,0,0.08,0.15,0.08,0.08,0.08,0.08,0.08,0,0.08,0.08,0.15,0.15,0.08,0.08,0.16,0,0.08,0.08,0.15,,0.01,0.08,,0.08,0.08,0.08,0.08,0.08,,0.08,0.01,0.16,0.08,0.08,0.08,0.01,0.08,0.09,0.08,0.01,,0.08,0.15,0.08,0.08,0.07,0.08,0.08,0.08,0.08,0.08,0,0.01,0.08,0.08,0.16,0.08,0.09,0.01,0.08,0.08,0.08,0.08,0.01,0.01
"Greenland","Q1 2020",0.01,0.08,0.08,0.08,0.01,0.01,0.08,0.08,0.08,0.08,0.01,0.08,0.08,0.16,0.08,0.08,0,0.01,0.08,0.01,0.08,0.08,0.07,0.08,0.08,0.08,0,0.08,0.16,0.08,0.08,0.07,,0.08,0.08,0.08,0.01,0.08,0.08,0.08,0.08,0.08,0.08,,0.08,0.21,0.08,0.08,0.08,0.08,0.08,0.01,0.08,0.01,0.15,,0.14,0.08,0.15,0.09,0.08,0.08,0.08,0.07,0.08,0.15,0.08,0.07,0.08,,0.08,0.08,0.08,0.08,,0.08,0.07,0.08,0.01,0.01,0.14,0.08,0.08,0.08,0.08,0.08,0.08,0.09,0.08,0.08,,0.08,0.08,0.08,0.08,0.08,0.08,0.08,0.08,0.15,0.08,0.15,0.08,0.08,0.08,0.08,0.08,0.08,0.08,0.08,0.08,0.01,0.01,0.15,0.08,0.08,0.08,0.01,0.16,,0.08,0.08,0.01,0.08,,0,0.08,0.15,0.08,0.08,0.08,0.08,0.08,0,0.08,0.08,0.15,0.15,0.08,0.08,0.16,0,0.08,0.08,0.15,,0.01,0.08,,0.08,0.08,0.07,0.08,0.08,,0.08,0.08,0.16,0.08,0.08,0.08,0.01,0.08,0.09,0.08,0.01,,0.08,0.15,0.08,0.08,0.07,0.08,0.08,0.08,0.08,0.08,0,0.01,0.08,0.08,0.16,0.08,0.09,0.01,0.08,0.08,0.08,0.08,0.01,0.01
"Greenland","Q1 2021",0.09,0.1,0.1,0.1,0.09,0.09,0.1,0.1,0.11,0.11,0.1,0.1,0.09,0.19,0.1,0.1,0.07,0.09,0.11,0.09,0.09,0.09,0.08,0.1,0.1,0.18,0.07,0.1,0.19,0.11,0.11,0.07,,0.11,0.03,0.1,0.01,0.1,0.1,0.1,0.1,0.1,0.1,,0.09,0.24,0.1,0.09,0.11,0.1,0.18,0.1,0.1,0.02,0.17,,0.23,0.1,0.17,0.12,0.1,0.1,0.1,0.09,0.09,0.19,0.11,0.08,0.11,,0.09,0.11,0.1,0.1,,0.09,0.08,0.1,0.1,0.1,0.23,0.11,0.1,0.09,0.1,0.1,0.17,0.11,0.11,0.11,,0.1,0.1,0.09,0.03,0.16,0.1,0.09,0.1,0.17,0.03,0.18,0.09,0.11,0.1,0.1,0.1,0.1,0.03,0.11,0.09,0.02,0.09,0.18,0.1,0.1,0.1,,0.19,,0.1,0.1,0.1,0.1,0.01,0,0.09,0.16,0.11,0.11,0.08,0.11,0.1,0.01,0.1,0.1,0.17,0.18,0.1,0.1,0.19,0,0.1,0.1,0.18,,0.09,0.09,,0.09,0.1,0.09,0.11,0.1,,0.1,0.09,0.19,0.1,0.1,0.1,0.1,0.11,0.19,0.11,0.02,,0.1,0.24,0.1,0.11,0.08,0.1,0.1,0.1,0.09,0.11,0.07,0.01,0.1,0.11,0.19,0.1,0.19,0.09,0.1,0.1,0.1,0.1,,0.03
"Grenada","Q1 2016",0.11,0.21,0.19,0.21,0.27,0.27,0.2,0.28,0.22,0.22,0.19,0.12,0.3,0.26,0.2,0.21,0.15,0.27,0.22,0.18,0.11,0.11,0.1,0.12,0.21,0.23,0.15,0.21,0.25,0.24,0.23,,,0.25,0.18,0.2,0.09,0.23,0.2,0.2,0.2,0.29,0.2,,0.19,0.2,0.21,0.28,0.32,0.22,0.23,0.18,0.18,0.09,0.18,,0.17,0.2,0.2,0.33,0.19,0.2,0.2,0.19,0.1,0.25,0.21,0.16,0.21,0.08,,0.3,0.19,0.22,,0.2,0.1,0.3,0.29,0.21,0.18,0.23,0.19,0.14,0.11,0.19,0.21,0.25,0.32,0.23,,0.2,0.2,0.11,0.18,0.18,0.22,0.18,0.2,0.19,0.19,0.24,0.11,0.23,0.12,0.19,0.18,0.21,0.19,0.24,0.09,0.1,0.25,0.24,0.2,0.12,0.2,0.09,0.26,,0.21,0.21,0.18,0.22,,0.08,0.1,0.2,0.22,0.22,,0.32,0.12,0.08,0.21,0.13,0.2,0.23,0.28,0.19,0.25,0.01,0.2,0.13,0.23,,0.28,0.31,,0.31,0.19,0.18,0.22,0.2,,0.12,0.18,0.24,0.3,0.2,0.13,0.11,0.23,0.26,0.22,0.12,,0.3,0.2,0.18,0.21,0.09,0.21,0.12,0.32,0.18,0.22,,0.09,0.2,0.23,0.34,0.2,0.36,0.27,0.2,0.12,0.29,0.21,0.09,0.11
"Grenada","Q1 2017",0.1,0.19,0.18,0.19,0.27,0.19,0.19,0.19,0.2,0.21,0.11,0.1,0.29,0.24,0.19,0.19,0.15,0.17,0.2,0.27,0.1,0.1,0.1,0.11,0.19,0.21,0.15,0.2,0.23,0.22,0.21,0.08,,0.31,0.1,0.12,0.09,0.21,0.12,0.19,0.19,0.19,0.11,,0.11,0.11,0.19,0.27,0.3,0.2,0.21,0.18,0.18,0.08,0.11,,0.1,0.19,0.11,0.24,0.18,0.19,0.18,0.11,0.1,0.23,0.19,0.09,0.2,0.01,,0.29,0.18,0.21,,0.11,0.09,0.28,0.27,0.2,0.17,0.21,0.18,0.12,0.11,0.11,0.2,0.23,0.29,0.21,,0.12,0.12,0.1,0.1,0.1,0.2,0.1,0.11,0.11,0.11,0.22,0.1,0.21,0.11,0.21,0.1,0.12,0.1,0.21,0.09,0.09,0.26,0.22,0.11,0.11,0.19,0.08,0.24,,0.19,0.2,0.17,0.2,,0.08,0.11,0.18,0.2,0.2,0.09,0.22,0.11,0.08,0.2,0.12,0.19,0.21,0.2,0.11,0.22,0.01,0.12,0.11,0.21,,0.28,0.27,,0.29,0.18,0.1,0.2,0.19,,0.11,0.11,0.22,0.29,0.19,0.12,0.11,0.2,0.24,0.2,0.1,,0.27,0.19,0.11,0.2,0.09,0.19,0.18,0.3,0.1,0.21,,0.08,0.19,0.21,0.25,0.12,0.33,0.27,0.19,0.11,0.29,0.19,0.08,0.09
"Grenada","Q1 2018",0.1,0.11,0.18,0.19,0.27,0.2,0.19,0.19,0.2,0.2,0.1,0.1,0.28,0.24,0.18,0.19,0.15,0.17,0.21,0.27,0.1,0.1,0.1,0.1,0.19,0.22,0.15,0.19,0.23,0.21,0.21,0.08,,0.3,0.1,0.12,0.09,0.2,0.12,0.18,0.19,0.19,0.11,,0.09,0.11,0.19,0.27,0.3,0.2,0.2,0.18,0.18,0.08,0.11,,0.1,0.19,0.11,0.23,0.18,0.18,0.18,0.11,0.1,0.22,0.19,0.09,0.2,0.01,,0.29,0.17,0.2,,0.11,0.1,0.28,0.19,0.19,0.17,0.2,0.19,0.12,0.11,0.11,0.19,0.22,0.29,0.21,,0.12,0.11,0.1,0.1,0.1,0.12,0.1,0.11,0.1,0.11,0.21,0.1,0.2,0.11,0.21,0.11,0.12,0.1,0.21,0.08,0.09,0.26,0.22,0.18,0.11,0.18,0.08,0.24,,0.19,0.19,0.17,0.19,,0.08,0.1,0.1,0.2,0.2,0.09,0.22,0.11,0.08,0.2,0.12,0.19,0.21,0.2,0.11,0.22,0.01,0.12,0.12,0.21,,0.28,0.27,,0.28,0.18,0.1,0.2,0.19,,0.1,0.11,0.22,0.29,0.18,0.11,0.1,0.2,0.24,0.2,0.1,,0.2,0.12,0.11,0.2,0.09,0.19,0.18,0.29,0.1,0.21,,0.08,0.19,0.2,0.24,0.12,0.32,0.27,0.19,0.11,0.28,0.19,0.08,0.09
"Grenada","Q1 2019",0.1,0.18,0.17,0.19,0.26,0.19,0.19,0.19,0.2,0.19,0.17,0.1,0.28,0.23,0.18,0.19,0.15,0.16,0.2,0.27,0.1,0.1,0.1,0.1,0.19,0.21,0.15,0.2,0.23,0.21,0.21,0.08,,0.3,0.1,0.18,0.09,0.2,0.19,0.18,0.18,0.19,0.18,,0.17,0.18,0.19,0.27,0.3,0.2,0.2,0.18,0.18,0.09,0.17,,0.16,0.12,0.18,0.23,0.18,0.18,0.18,0.1,0.1,0.22,0.19,0.15,0.2,0.08,,0.28,0.17,0.2,,0.18,0.09,0.2,0.18,0.19,0.17,0.2,0.18,0.11,0.11,0.18,0.19,0.22,0.22,0.2,,0.11,0.11,0.02,0.1,0.17,0.19,0.1,0.18,0.18,0.1,0.21,0.1,0.21,0.17,0.2,0.11,0.19,0.1,0.21,0.1,0.09,0.26,0.21,0.18,0.1,0.19,0.08,0.3,,0.19,0.19,0.17,0.19,,0.07,0.1,0.18,0.2,0.2,0.09,0.21,0.11,0.08,0.2,0.11,0.19,0.21,0.2,0.18,0.22,0.01,0.18,0.11,0.21,,0.27,0.27,,0.28,0.18,0.1,0.2,0.18,,0.11,0.1,0.22,0.28,0.18,0.11,0.1,0.2,0.23,0.21,0.1,,0.2,0.19,0.17,0.2,0.09,0.19,0.18,0.29,0.1,0.21,0.15,0.02,0.19,0.21,0.31,0.12,0.32,0.26,0.19,0.11,0.28,0.2,0.02,0.09
"Grenada","Q1 2020",0.1,0.19,0.18,0.2,0.26,0.2,0.2,0.19,0.21,0.2,0.1,0.11,0.29,0.24,0.18,0.19,0.15,0.16,0.21,0.27,0.1,0.1,0.09,0.11,0.19,0.22,0.15,0.2,0.23,0.22,0.22,0.08,,0.31,0.11,0.19,0.09,0.21,0.19,0.11,0.18,0.19,0.18,,0.17,0.19,0.2,0.28,0.31,0.2,0.21,0.18,0.19,0.09,0.18,,0.17,0.12,0.18,0.24,0.18,0.19,0.19,0.09,0.1,0.22,0.2,0.16,0.21,0.08,,0.29,0.17,0.2,,0.18,0.09,0.21,0.19,0.18,0.17,0.21,0.19,0.11,0.11,0.18,0.2,0.23,0.3,0.21,,0.11,0.12,0.1,0.11,0.18,0.19,0.1,0.19,0.18,0.11,0.22,0.1,0.21,0.18,0.27,0.1,0.19,0.1,0.22,0.1,0.1,0.26,0.22,0.19,0.11,0.19,0.01,0.31,,0.19,0.2,0.17,0.2,,0.07,0.1,0.18,0.21,0.2,0.09,0.22,0.11,0.08,0.2,0.11,0.2,0.21,0.2,0.19,0.23,0.01,0.19,0.12,0.21,,0.27,0.27,,0.28,0.18,0.09,0.21,0.19,,0.11,0.1,0.23,0.29,0.11,0.12,0.11,0.2,0.24,0.21,0.1,,0.21,0.19,0.18,0.2,0.09,0.19,0.18,0.29,0.1,0.21,0.15,0.02,0.19,0.21,0.32,0.12,0.33,0.26,0.2,0.11,0.28,0.2,0.02,0.1
"Grenada","Q1 2021",0.1,0.18,0.18,0.19,0.26,0.2,0.2,0.19,0.21,0.21,0.11,0.11,0.29,0.24,0.18,0.19,0.15,0.16,0.21,0.27,0.1,0.1,0.09,0.11,0.19,0.21,0.15,0.2,0.23,0.22,0.22,0.08,,0.31,0.1,0.19,0.09,0.21,0.19,0.11,0.18,0.19,0.18,,0.17,0.19,0.2,0.28,0.31,0.2,0.21,0.18,0.19,0.09,0.18,,0.17,0.12,0.18,0.24,0.18,0.19,0.18,0.1,0.1,0.22,0.2,0.16,0.21,0.09,,0.29,0.17,0.21,,0.1,0.09,0.2,0.19,0.18,0.18,0.21,0.18,0.1,0.18,0.18,0.2,0.23,0.3,0.21,,0.12,0.12,0.1,0.1,0.18,0.19,0.1,0.19,0.18,0.1,0.22,0.1,0.21,0.18,0.28,0.11,0.11,0.1,0.22,0.1,0.1,0.26,0.22,0.19,0.11,0.19,,0.31,,0.19,0.2,0.19,0.2,0.09,0.07,0.1,0.18,0.2,0.2,0.09,0.22,0.11,0.08,0.2,0.11,0.2,0.21,0.2,0.12,0.23,0.01,0.19,0.12,0.21,,0.27,0.27,,0.28,0.18,0.09,0.21,0.19,,0.11,0.1,0.23,0.29,0.11,0.12,0.11,0.2,0.24,0.21,0.09,,0.2,0.19,0.18,0.2,0.09,0.19,0.18,0.29,0.1,0.21,0.15,0.01,0.19,0.21,0.31,0.12,0.33,0.27,0.2,0.11,0.28,0.2,,0.09
"Guadeloupe","Q1 2016",0.18,0.22,0.19,0.23,0.27,0.21,0.23,0.22,0.24,0.25,0.21,0.12,0.29,0.36,0.21,0.23,0.15,0.21,0.31,0.18,0.1,0.18,0.18,0.12,0.23,0.25,0.15,0.23,0.28,0.26,0.25,,,0.33,0.19,0.22,0.1,0.31,0.22,0.21,0.21,0.23,0.21,,0.19,0.21,0.23,0.28,0.34,0.24,0.25,0.19,0.19,0.09,0.19,,0.17,0.21,0.21,0.36,0.27,0.21,0.22,0.2,0.11,0.28,0.23,0.16,0.23,0.08,0.3,,0.2,0.24,,0.21,0.18,0.3,0.23,0.22,0.18,0.24,0.21,0.22,0.12,0.21,0.23,0.34,0.34,0.25,,0.21,0.22,0.11,0.19,0.19,0.24,0.19,0.21,0.2,0.2,0.27,0.12,0.25,0.12,0.29,0.18,0.23,0.2,0.26,0.09,0.17,0.25,0.33,0.21,0.11,0.21,0.09,0.28,,0.22,0.23,0.19,0.24,,0.08,0.1,0.2,0.24,0.23,,0.34,0.13,0.08,0.23,0.14,0.21,0.32,0.3,0.2,0.27,0.08,0.22,0.21,0.26,,0.28,0.3,,0.3,0.19,0.19,0.24,0.22,,0.13,0.2,0.26,0.31,0.21,0.13,0.11,0.25,0.35,0.24,0.13,,0.3,0.22,0.2,0.22,0.09,0.23,0.12,0.33,0.19,0.24,,0.1,0.22,0.25,0.37,0.22,0.37,0.27,0.22,0.13,0.24,0.23,0.1,0.13
"Guadeloupe","Q1 2017",0.18,0.23,0.19,0.23,0.28,0.2,0.24,0.2,0.25,0.26,0.2,0.12,0.31,0.37,0.22,0.23,0.15,0.18,0.25,0.28,0.11,0.19,0.17,0.12,0.23,0.26,0.16,0.24,0.28,0.27,0.26,0.08,,0.36,0.18,0.23,0.09,0.32,0.23,0.22,0.22,0.2,0.22,,0.19,0.21,0.23,0.28,0.36,0.24,0.26,0.21,0.22,0.09,0.19,,0.17,0.21,0.2,0.37,0.27,0.22,0.22,0.2,0.18,0.28,0.23,0.17,0.24,0.08,0.29,,0.2,0.33,,0.21,0.17,0.3,0.24,0.31,0.18,0.25,0.21,0.22,0.13,0.21,0.24,0.35,0.35,0.26,,0.22,0.22,0.11,0.12,0.19,0.25,0.19,0.2,0.2,0.2,0.26,0.12,0.25,0.12,0.32,0.2,0.23,0.19,0.26,0.1,0.17,0.27,0.34,0.21,0.12,0.22,0.08,0.36,,0.23,0.23,0.2,0.24,,0.08,0.13,0.2,0.25,0.24,0.1,0.34,0.13,0.08,0.24,0.14,0.23,0.25,0.31,0.21,0.27,0.08,0.22,0.21,0.26,,0.29,0.29,,0.31,0.19,0.19,0.25,0.23,,0.13,0.2,0.27,0.34,0.21,0.13,0.13,0.24,0.36,0.25,0.13,,0.3,0.23,0.21,0.23,0.09,0.23,0.2,0.34,0.18,0.26,,0.09,0.22,0.25,0.37,0.22,0.39,0.28,0.23,0.13,0.33,0.23,0.09,0.11
"Guadeloupe","Q1 2018",0.17,0.21,0.19,0.23,0.28,0.28,0.24,0.29,0.24,0.24,0.13,0.12,0.31,0.36,0.22,0.23,0.15,0.18,0.25,0.29,0.11,0.19,0.19,0.12,0.22,0.27,0.16,0.24,0.28,0.26,0.26,0.08,,0.36,0.18,0.22,0.09,0.32,0.22,0.22,0.23,0.29,0.21,,0.1,0.21,0.23,0.28,0.37,0.24,0.25,0.21,0.21,0.09,0.19,,0.17,0.21,0.2,0.36,0.27,0.21,0.22,0.19,0.18,0.28,0.23,0.17,0.24,0.08,0.29,,0.19,0.32,,0.21,0.18,0.31,0.22,0.3,0.18,0.25,0.22,0.22,0.21,0.22,0.23,0.34,0.35,0.25,,0.22,0.21,0.12,0.12,0.19,0.23,0.18,0.22,0.2,0.2,0.26,0.12,0.25,0.13,0.33,0.21,0.22,0.19,0.27,0.09,0.16,0.27,0.34,0.21,0.12,0.21,0.08,0.37,,0.22,0.23,0.2,0.23,,0.08,0.12,0.19,0.24,0.24,0.1,0.34,0.13,0.08,0.24,0.14,0.22,0.26,0.3,0.14,0.27,0.08,0.22,0.21,0.26,,0.3,0.3,,0.3,0.19,0.18,0.24,0.23,,0.13,0.2,0.28,0.34,0.21,0.13,0.12,0.24,0.37,0.25,0.12,,0.3,0.22,0.21,0.23,0.09,0.23,0.19,0.34,0.18,0.26,,0.09,0.23,0.25,0.3,0.21,0.39,0.28,0.23,0.13,0.32,0.23,0.09,0.1
"Guadeloupe","Q1 2019",0.17,0.2,0.19,0.23,0.27,0.2,0.23,0.22,0.24,0.24,0.2,0.12,0.3,0.36,0.22,0.23,0.15,0.17,0.32,0.28,0.12,0.19,0.19,0.12,0.23,0.26,0.16,0.24,0.28,0.26,0.26,0.08,,0.36,0.19,0.22,0.09,0.31,0.22,0.2,0.22,0.22,0.21,,0.19,0.21,0.23,0.28,0.36,0.24,0.25,0.21,0.21,0.1,0.2,,0.17,0.14,0.21,0.36,0.27,0.21,0.22,0.18,0.18,0.28,0.23,0.16,0.24,0.08,0.28,,0.19,0.31,,0.21,0.17,0.3,0.22,0.29,0.18,0.25,0.22,0.22,0.14,0.22,0.23,0.35,0.34,0.25,,0.21,0.21,0.02,0.13,0.2,0.23,0.19,0.22,0.22,0.19,0.26,0.12,0.25,0.17,0.32,0.19,0.23,0.19,0.27,0.1,0.16,0.27,0.27,0.21,0.11,0.22,0.09,0.37,,0.22,0.23,0.2,0.23,,0.07,0.11,0.2,0.24,0.24,0.1,0.34,0.13,0.08,0.25,0.14,0.23,0.26,0.3,0.22,0.28,0.08,0.22,0.21,0.25,,0.29,0.22,,0.29,0.19,0.18,0.25,0.22,,0.14,0.19,0.28,0.32,0.21,0.13,0.12,0.24,0.36,0.25,0.12,,0.3,0.22,0.2,0.23,0.09,0.23,0.19,0.34,0.18,0.25,0.15,0.02,0.23,0.25,0.37,0.22,0.39,0.27,0.23,0.12,0.32,0.23,0.02,0.1
"Guadeloupe","Q1 2020",0.19,0.21,0.19,0.26,0.27,0.27,0.26,0.22,0.27,0.27,0.13,0.12,0.3,0.39,0.21,0.24,0.15,0.17,0.28,0.29,0.12,0.19,0.17,0.12,0.23,0.36,0.16,0.26,0.31,0.29,0.29,0.08,,0.39,0.19,0.25,0.1,0.34,0.25,0.23,0.2,0.22,0.24,,0.18,0.24,0.26,0.29,0.39,0.27,0.28,0.2,0.22,0.1,0.21,,0.17,0.14,0.21,0.38,0.27,0.23,0.23,0.18,0.18,0.3,0.26,0.16,0.28,0.08,0.29,,0.2,0.27,,0.21,0.17,0.29,0.21,0.21,0.19,0.28,0.25,0.23,0.17,0.21,0.26,0.37,0.38,0.28,,0.24,0.23,0.11,0.13,0.21,0.26,0.19,0.22,0.21,0.2,0.29,0.12,0.35,0.19,0.35,0.19,0.26,0.19,0.37,0.11,0.18,0.27,0.29,0.22,0.12,0.23,0.02,0.33,,0.21,0.26,0.2,0.25,,0.07,0.11,0.19,0.27,0.27,0.1,0.37,0.13,0.09,0.26,0.16,0.26,0.28,0.3,0.26,0.31,0.08,0.25,0.24,0.28,,0.29,0.21,,0.29,0.19,0.1,0.28,0.24,,0.14,0.18,0.31,0.32,0.24,0.13,0.13,0.27,0.39,0.28,0.12,,0.3,0.25,0.2,0.26,0.09,0.26,0.18,0.34,0.18,0.28,0.15,0.02,0.26,0.29,0.4,0.23,0.42,0.27,0.26,0.13,0.31,0.26,0.02,0.11
"Guadeloupe","Q1 2021",0.18,0.22,0.2,0.26,0.27,0.27,0.26,0.22,0.28,0.29,0.16,0.13,0.31,0.4,0.21,0.26,0.15,0.17,0.29,0.28,0.12,0.19,0.17,0.12,0.25,0.29,0.15,0.26,0.32,0.3,0.31,0.08,,0.4,0.12,0.25,0.1,0.35,0.25,0.24,0.21,0.22,0.24,,0.18,0.25,0.26,0.29,0.39,0.28,0.28,0.21,0.23,0.11,0.2,,0.18,0.14,0.22,0.39,0.27,0.23,0.23,0.18,0.18,0.31,0.27,0.17,0.29,0.11,0.29,,0.2,0.35,,0.19,0.17,0.3,0.21,0.22,0.19,0.29,0.24,0.16,0.24,0.22,0.27,0.38,0.38,0.28,,0.25,0.24,0.12,0.13,0.21,0.27,0.18,0.22,0.23,0.12,0.3,0.12,0.36,0.19,0.37,0.2,0.17,0.12,0.38,0.11,0.18,0.27,0.3,0.25,0.12,0.24,,0.41,,0.22,0.27,0.29,0.26,0.09,0.08,0.11,0.2,0.28,0.28,0.1,0.38,0.14,0.09,0.27,0.15,0.34,0.29,0.3,0.26,0.31,0.08,0.25,0.25,0.28,,0.28,0.21,,0.29,0.2,0.1,0.29,0.25,,0.13,0.19,0.32,0.33,0.24,0.14,0.14,0.27,0.4,0.29,0.11,,0.3,0.25,0.21,0.27,0.1,0.26,0.2,0.34,0.18,0.29,0.15,0.02,0.26,0.29,0.41,0.23,0.43,0.28,0.26,0.13,0.3,0.26,,0.11
"Guam","Q1 2016",0.1,0.19,0.19,0.21,0.17,0.17,0.21,0.19,0.23,0.21,0.2,0.19,0.18,0.24,0.19,0.21,0.15,0.18,0.21,0.16,0.18,0.11,0.1,0.19,0.2,0.22,0.15,0.21,0.32,0.3,0.3,,,0.23,0.11,0.2,0.09,0.2,0.2,0.2,0.18,0.19,0.13,,0.11,0.2,0.22,0.18,0.22,0.21,0.23,0.19,0.17,0.08,0.11,,0.09,0.22,0.2,0.24,0.11,0.21,0.2,0.12,0.1,0.24,0.21,0.08,0.22,0.08,0.19,0.2,,0.21,,0.13,0.1,0.19,0.19,0.19,0.17,0.23,0.21,0.21,0.12,0.12,0.21,0.24,0.22,0.31,,0.2,0.2,0.18,0.19,0.11,0.21,0.18,0.13,0.12,0.12,0.24,0.11,0.22,0.25,0.12,0.1,0.21,0.12,0.23,0.23,0.09,0.16,0.22,0.2,0.18,0.21,0.15,0.24,,0.29,0.23,0.19,0.22,,0.07,0.24,0.19,0.22,0.22,,0.23,0.27,0.08,0.21,0.28,0.2,0.22,0.2,0.19,0.32,0.07,0.13,0.2,0.23,,0.17,0.19,,0.19,0.19,0.11,0.22,0.2,,0.12,0.12,0.24,0.19,0.21,0.27,0.11,0.23,0.24,0.22,0.19,,0.19,0.21,0.12,0.23,0.09,0.21,0.19,0.22,0.11,0.21,,0.16,0.21,0.23,0.24,0.2,0.31,0.17,0.2,0.26,0.2,0.22,0.16,0.19
"Guam","Q1 2017",0.1,0.19,0.2,0.21,0.17,0.17,0.21,0.18,0.23,0.21,0.12,0.19,0.19,0.24,0.19,0.21,0.15,0.17,0.21,0.17,0.18,0.11,0.1,0.19,0.2,0.22,0.15,0.21,0.32,0.3,0.31,0.08,,0.23,0.1,0.2,0.09,0.2,0.2,0.2,0.19,0.18,0.12,,0.11,0.2,0.21,0.17,0.22,0.21,0.23,0.19,0.19,0.08,0.11,,0.1,0.22,0.12,0.24,0.11,0.21,0.2,0.11,0.1,0.24,0.21,0.08,0.21,0.08,0.18,0.2,,0.21,,0.12,0.09,0.18,0.19,0.2,0.17,0.23,0.21,0.2,0.19,0.12,0.22,0.24,0.22,0.31,,0.2,0.2,0.18,0.12,0.11,0.21,0.11,0.11,0.12,0.19,0.24,0.11,0.21,0.26,0.2,0.11,0.21,0.11,0.22,0.23,0.1,0.17,0.23,0.19,0.18,0.2,0.15,0.24,,0.29,0.22,0.18,0.21,,0.07,0.28,0.18,0.22,0.21,0.24,0.23,0.27,0.08,0.21,0.28,0.21,0.22,0.19,0.19,0.31,0.07,0.2,0.19,0.23,,0.18,0.18,,0.18,0.19,0.11,0.22,0.2,,0.11,0.11,0.24,0.2,0.2,0.27,0.12,0.22,0.24,0.22,0.12,,0.18,0.2,0.12,0.22,0.09,0.2,0.2,0.2,0.1,0.22,,0.15,0.2,0.22,0.24,0.2,0.31,0.17,0.2,0.27,0.2,0.22,0.15,0.11
"Guam","Q1 2018",0.09,0.11,0.18,0.2,0.17,0.17,0.2,0.18,0.21,0.2,0.18,0.18,0.18,0.23,0.18,0.2,0.15,0.16,0.2,0.17,0.17,0.1,0.1,0.18,0.19,0.21,0.15,0.2,0.3,0.29,0.29,0.08,,0.22,0.1,0.2,0.08,0.19,0.19,0.19,0.19,0.18,0.12,,0.09,0.19,0.2,0.17,0.21,0.2,0.21,0.18,0.19,0.08,0.1,,0.09,0.2,0.11,0.23,0.11,0.19,0.19,0.1,0.1,0.22,0.2,0.08,0.21,0.08,0.17,0.19,,0.2,,0.12,0.1,0.18,0.18,0.19,0.17,0.21,0.2,0.2,0.19,0.12,0.2,0.22,0.21,0.29,,0.19,0.19,0.18,0.11,0.11,0.2,0.1,0.12,0.11,0.11,0.22,0.11,0.21,0.25,0.19,0.18,0.2,0.11,0.21,0.22,0.09,0.16,0.22,0.19,0.18,0.19,0.08,0.23,,0.2,0.21,0.18,0.2,,0.08,0.25,0.1,0.21,0.21,0.23,0.21,0.19,0.07,0.2,0.27,0.2,0.21,0.19,0.19,0.3,0.07,0.19,0.19,0.22,,0.17,0.18,,0.18,0.18,0.1,0.21,0.2,,0.11,0.12,0.23,0.19,0.19,0.19,0.11,0.21,0.23,0.22,0.11,,0.18,0.19,0.11,0.21,0.08,0.2,0.19,0.19,0.1,0.21,,0.15,0.2,0.21,0.23,0.19,0.29,0.17,0.2,0.19,0.19,0.21,0.15,0.1
"Guam","Q1 2019",0.09,0.11,0.18,0.2,0.16,0.16,0.2,0.18,0.21,0.2,0.18,0.18,0.18,0.22,0.18,0.2,0.14,0.16,0.2,0.17,0.18,0.1,0.1,0.18,0.19,0.21,0.15,0.2,0.3,0.29,0.29,0.08,,0.21,0.1,0.19,0.08,0.19,0.19,0.19,0.18,0.18,0.11,,0.1,0.19,0.2,0.17,0.21,0.2,0.21,0.18,0.18,0.09,0.11,,0.09,0.19,0.11,0.22,0.11,0.19,0.18,0.1,0.1,0.22,0.2,0.08,0.2,0.08,0.17,0.19,,0.2,,0.12,0.09,0.18,0.18,0.18,0.16,0.21,0.2,0.19,0.19,0.11,0.2,0.22,0.21,0.28,,0.19,0.19,0.08,0.18,0.11,0.19,0.11,0.12,0.12,0.11,0.22,0.11,0.2,0.24,0.19,0.1,0.19,0.1,0.21,0.24,0.09,0.16,0.21,0.18,0.17,0.19,0.08,0.22,,0.2,0.2,0.17,0.2,,0.07,0.25,0.1,0.2,0.2,0.23,0.21,0.2,0.08,0.2,0.26,0.19,0.21,0.18,0.19,0.29,0.07,0.12,0.19,0.21,,0.17,0.17,,0.17,0.18,0.1,0.21,0.18,,0.11,0.11,0.22,0.18,0.19,0.19,0.11,0.21,0.22,0.21,0.1,,0.18,0.19,0.11,0.21,0.08,0.2,0.18,0.19,0.09,0.21,0.14,0.08,0.19,0.21,0.23,0.19,0.29,0.17,0.19,0.18,0.19,0.21,0.08,0.1
"Guam","Q1 2020",0.11,0.11,0.19,0.2,0.16,0.17,0.2,0.18,0.21,0.21,0.11,0.18,0.18,0.23,0.18,0.2,0.15,0.16,0.21,0.17,0.18,0.11,0.09,0.18,0.2,0.22,0.15,0.2,0.31,0.3,0.3,0.08,,0.22,0.11,0.2,0.09,0.2,0.2,0.19,0.18,0.18,0.12,,0.1,0.2,0.2,0.17,0.22,0.21,0.22,0.18,0.19,0.09,0.12,,0.09,0.2,0.12,0.23,0.1,0.2,0.19,0.1,0.1,0.23,0.21,0.08,0.21,0.08,0.17,0.2,,0.21,,0.12,0.09,0.18,0.19,0.18,0.17,0.22,0.21,0.19,0.2,0.11,0.21,0.23,0.22,0.29,,0.2,0.2,0.18,0.19,0.12,0.2,0.11,0.12,0.12,0.11,0.23,0.11,0.21,0.25,0.19,0.1,0.2,0.11,0.22,0.24,0.1,0.16,0.22,0.2,0.18,0.2,0.08,0.23,,0.2,0.21,0.18,0.21,,0.07,0.25,0.1,0.22,0.21,0.23,0.22,0.19,0.08,0.21,0.27,0.2,0.21,0.19,0.2,0.3,0.07,0.13,0.2,0.22,,0.17,0.17,,0.17,0.19,0.1,0.22,0.19,,0.12,0.1,0.23,0.19,0.19,0.19,0.12,0.21,0.23,0.22,0.11,,0.18,0.2,0.11,0.21,0.08,0.2,0.17,0.2,0.1,0.21,0.14,0.08,0.2,0.22,0.23,0.19,0.3,0.17,0.2,0.19,0.19,0.21,0.08,0.11
"Guam","Q1 2021",0.09,0.11,0.18,0.2,0.16,0.17,0.2,0.18,0.21,0.21,0.19,0.18,0.18,0.23,0.18,0.2,0.15,0.16,0.21,0.17,0.17,0.11,0.09,0.18,0.2,0.21,0.15,0.2,0.3,0.29,0.29,0.08,,0.22,0.1,0.19,0.08,0.2,0.2,0.19,0.18,0.18,0.12,,0.09,0.19,0.2,0.17,0.21,0.21,0.21,0.18,0.19,0.1,0.11,,0.1,0.19,0.12,0.23,0.1,0.19,0.19,0.1,0.1,0.22,0.21,0.08,0.21,0.1,0.17,0.2,,0.21,,0.11,0.09,0.17,0.18,0.18,0.17,0.22,0.2,0.18,0.2,0.18,0.21,0.22,0.21,0.29,,0.2,0.19,0.18,0.11,0.12,0.2,0.1,0.12,0.12,0.11,0.22,0.11,0.21,0.25,0.2,0.11,0.2,0.1,0.22,0.24,0.1,0.16,0.22,0.2,0.18,0.2,,0.23,,0.2,0.21,0.18,0.2,0.08,0.07,0.25,0.1,0.21,0.21,0.23,0.22,0.2,0.08,0.2,0.2,0.2,0.21,0.19,0.2,0.3,0.07,0.12,0.19,0.21,,0.17,0.17,,0.17,0.19,0.09,0.22,0.19,,0.11,0.1,0.23,0.19,0.19,0.19,0.12,0.21,0.23,0.22,0.11,,0.18,0.2,0.11,0.21,0.09,0.2,0.18,0.2,0.09,0.21,0.14,0.08,0.2,0.22,0.23,0.19,0.3,0.17,0.2,0.18,0.18,0.21,,0.1
"Guatemala","Q1 2016",0.18,0.32,0.2,0.28,0.19,0.19,0.29,0.22,0.31,0.35,0.25,0.21,0.28,0.43,0.29,0.27,0.15,0.2,0.31,0.18,0.19,0.19,0.18,0.21,0.25,0.32,0.16,0.3,0.42,0.4,0.39,,,0.41,0.19,0.26,0.1,0.35,0.27,0.27,0.28,0.23,0.26,,0.19,0.26,0.28,0.2,0.41,0.37,0.39,0.28,0.19,0.09,0.2,,0.17,0.22,0.25,0.42,0.19,0.24,0.22,0.2,0.18,0.42,0.28,0.17,0.3,0.08,0.22,0.24,0.21,,,0.22,0.18,0.23,0.24,0.33,0.19,0.32,0.26,0.28,0.14,0.23,0.3,0.42,0.39,0.32,,0.27,0.24,0.18,0.21,0.2,0.37,0.19,0.24,0.24,0.21,0.34,0.12,0.31,0.19,0.21,0.19,0.27,0.21,0.41,0.16,0.17,0.17,0.33,0.22,0.22,0.26,0.09,0.42,,0.25,0.28,0.28,0.29,,0.08,0.18,0.22,0.31,0.3,,0.42,0.21,0.08,0.37,0.27,0.28,0.32,0.3,0.22,0.41,0.08,0.25,0.27,0.33,,0.2,0.22,,0.22,0.2,0.19,0.31,0.26,,0.14,0.2,0.33,0.23,0.28,0.21,0.12,0.32,0.43,0.3,0.24,,0.23,0.28,0.23,0.29,0.09,0.28,0.19,0.36,0.21,0.38,,0.1,0.28,0.32,0.36,0.24,0.44,0.2,0.28,0.2,0.32,0.3,0.1,0.23
"Guatemala","Q1 2017",0.19,0.32,0.2,0.27,0.2,0.19,0.3,0.21,0.31,0.35,0.22,0.21,0.31,0.45,0.3,0.27,0.15,0.18,0.31,0.21,0.19,0.2,0.17,0.21,0.26,0.33,0.16,0.38,0.43,0.4,0.4,0.09,,0.44,0.18,0.26,0.09,0.36,0.28,0.26,0.3,0.21,0.26,,0.2,0.26,0.28,0.2,0.42,0.38,0.4,0.3,0.23,0.09,0.21,,0.18,0.23,0.24,0.44,0.2,0.25,0.24,0.2,0.18,0.43,0.28,0.17,0.3,0.08,0.21,0.33,0.21,,,0.22,0.17,0.24,0.31,0.35,0.19,0.32,0.28,0.29,0.23,0.24,0.3,0.43,0.4,0.33,,0.27,0.25,0.19,0.14,0.2,0.37,0.19,0.22,0.22,0.21,0.33,0.12,0.31,0.2,0.31,0.2,0.26,0.2,0.42,0.17,0.17,0.2,0.35,0.23,0.22,0.25,0.08,0.44,,0.25,0.3,0.28,0.29,,0.08,0.2,0.21,0.31,0.3,0.17,0.43,0.22,0.08,0.38,0.27,0.28,0.33,0.32,0.24,0.42,0.08,0.25,0.25,0.33,,0.21,0.22,,0.23,0.2,0.19,0.32,0.26,,0.13,0.2,0.35,0.32,0.27,0.21,0.13,0.3,0.44,0.31,0.22,,0.24,0.29,0.24,0.3,0.09,0.26,0.2,0.33,0.19,0.39,,0.09,0.27,0.32,0.45,0.24,0.46,0.2,0.29,0.2,0.33,0.3,0.09,0.12
"Guatemala","Q1 2018",0.17,0.23,0.2,0.28,0.19,0.2,0.31,0.3,0.32,0.28,0.23,0.22,0.23,0.44,0.29,0.28,0.15,0.18,0.32,0.2,0.18,0.2,0.2,0.2,0.26,0.4,0.16,0.39,0.43,0.41,0.41,0.08,,0.43,0.18,0.28,0.09,0.37,0.27,0.27,0.31,0.3,0.26,,0.1,0.27,0.29,0.19,0.43,0.39,0.32,0.3,0.23,0.09,0.21,,0.18,0.23,0.23,0.44,0.21,0.24,0.24,0.2,0.18,0.43,0.27,0.17,0.32,0.08,0.2,0.32,0.2,,,0.21,0.18,0.24,0.29,0.34,0.19,0.32,0.29,0.29,0.27,0.24,0.3,0.43,0.41,0.33,,0.28,0.24,0.19,0.14,0.21,0.29,0.18,0.24,0.24,0.2,0.34,0.12,0.32,0.2,0.32,0.24,0.26,0.19,0.41,0.16,0.16,0.19,0.42,0.22,0.22,0.24,0.08,0.44,,0.24,0.31,0.28,0.28,,0.08,0.19,0.2,0.31,0.31,0.17,0.43,0.21,0.08,0.39,0.27,0.28,0.4,0.31,0.26,0.42,0.08,0.27,0.26,0.33,,0.21,0.22,,0.21,0.2,0.18,0.32,0.27,,0.13,0.21,0.35,0.32,0.27,0.21,0.12,0.3,0.44,0.32,0.15,,0.23,0.28,0.22,0.31,0.09,0.28,0.2,0.27,0.2,0.33,,0.09,0.29,0.32,0.44,0.24,0.45,0.2,0.3,0.2,0.24,0.3,0.09,0.1
"Guatemala","Q1 2019",0.17,0.22,0.2,0.27,0.18,0.18,0.3,0.23,0.32,0.29,0.24,0.22,0.22,0.43,0.3,0.27,0.15,0.17,0.31,0.2,0.2,0.19,0.19,0.21,0.27,0.4,0.16,0.32,0.42,0.4,0.4,0.08,,0.42,0.19,0.26,0.09,0.36,0.26,0.25,0.29,0.23,0.26,,0.19,0.26,0.29,0.2,0.41,0.38,0.32,0.29,0.23,0.1,0.21,,0.18,0.22,0.23,0.42,0.2,0.23,0.23,0.19,0.18,0.42,0.27,0.16,0.31,0.08,0.2,0.31,0.2,,,0.22,0.17,0.23,0.29,0.33,0.19,0.32,0.29,0.26,0.27,0.24,0.3,0.42,0.4,0.39,,0.28,0.26,0.09,0.22,0.21,0.29,0.19,0.23,0.27,0.2,0.33,0.13,0.32,0.18,0.31,0.2,0.27,0.19,0.41,0.18,0.16,0.18,0.4,0.21,0.2,0.24,0.09,0.43,,0.23,0.3,0.27,0.28,,0.07,0.19,0.21,0.31,0.3,0.17,0.42,0.22,0.08,0.39,0.27,0.29,0.33,0.31,0.29,0.42,0.08,0.25,0.26,0.33,,0.2,0.2,,0.2,0.2,0.18,0.32,0.25,,0.14,0.19,0.35,0.24,0.26,0.21,0.12,0.3,0.43,0.32,0.13,,0.23,0.28,0.22,0.3,0.09,0.28,0.2,0.26,0.19,0.32,0.15,0.09,0.28,0.32,0.43,0.26,0.45,0.19,0.29,0.2,0.24,0.3,0.09,0.11
"Guatemala","Q1 2020",0.19,0.23,0.2,0.27,0.18,0.19,0.28,0.22,0.31,0.28,0.13,0.22,0.21,0.35,0.28,0.26,0.15,0.17,0.3,0.19,0.19,0.19,0.17,0.21,0.24,0.39,0.16,0.3,0.41,0.4,0.4,0.08,,0.41,0.19,0.26,0.1,0.38,0.27,0.25,0.27,0.22,0.25,,0.19,0.26,0.27,0.2,0.4,0.37,0.31,0.28,0.22,0.1,0.21,,0.17,0.21,0.23,0.41,0.19,0.24,0.23,0.18,0.18,0.34,0.28,0.17,0.31,0.08,0.2,0.27,0.21,,,0.21,0.17,0.22,0.29,0.31,0.19,0.31,0.28,0.24,0.26,0.22,0.29,0.4,0.38,0.38,,0.27,0.24,0.19,0.21,0.21,0.28,0.19,0.23,0.23,0.2,0.33,0.12,0.3,0.2,0.26,0.19,0.26,0.19,0.41,0.18,0.18,0.18,0.39,0.22,0.21,0.23,0.08,0.42,,0.23,0.3,0.27,0.27,,0.07,0.19,0.2,0.31,0.3,0.17,0.4,0.21,0.09,0.37,0.26,0.35,0.31,0.3,0.28,0.41,0.07,0.25,0.26,0.31,,0.19,0.19,,0.2,0.2,0.1,0.31,0.25,,0.14,0.18,0.34,0.23,0.26,0.21,0.13,0.29,0.41,0.31,0.13,,0.22,0.27,0.21,0.29,0.09,0.27,0.19,0.25,0.18,0.31,0.15,0.09,0.28,0.32,0.42,0.24,0.43,0.19,0.28,0.2,0.22,0.29,0.09,0.12
"Guatemala","Q1 2021",0.17,0.23,0.2,0.28,0.18,0.19,0.31,0.22,0.33,0.31,0.26,0.22,0.22,0.38,0.27,0.27,0.15,0.17,0.33,0.19,0.19,0.19,0.16,0.21,0.26,0.41,0.16,0.32,0.44,0.42,0.42,0.08,,0.44,0.11,0.27,0.09,0.38,0.26,0.27,0.28,0.22,0.25,,0.18,0.29,0.3,0.2,0.42,0.4,0.34,0.28,0.22,0.11,0.2,,0.18,0.21,0.23,0.44,0.19,0.24,0.22,0.18,0.18,0.37,0.31,0.17,0.34,0.1,0.21,0.35,0.21,,,0.19,0.16,0.22,0.21,0.31,0.19,0.34,0.27,0.26,0.29,0.23,0.32,0.43,0.41,0.41,,0.3,0.24,0.19,0.14,0.2,0.31,0.18,0.22,0.23,0.12,0.35,0.12,0.33,0.2,0.34,0.2,0.27,0.12,0.44,0.18,0.18,0.18,0.42,0.24,0.21,0.23,,0.45,,0.23,0.32,0.3,0.27,0.09,0.07,0.19,0.21,0.33,0.33,0.17,0.43,0.22,0.09,0.39,0.25,0.38,0.34,0.3,0.31,0.43,0.07,0.27,0.29,0.32,,0.19,0.2,,0.2,0.21,0.1,0.34,0.25,,0.13,0.19,0.37,0.23,0.28,0.21,0.13,0.32,0.45,0.34,0.12,,0.23,0.29,0.21,0.32,0.1,0.3,0.2,0.25,0.18,0.34,0.15,0.08,0.31,0.34,0.45,0.24,0.46,0.2,0.31,0.2,0.21,0.32,,0.11
"Guernsey","Q1 2016",,,,,,,,,,,,,,,,,,,,,,,,,,,,,,,,,,,,,,,,,,,,,,,,,,,,,,,,,,,,,,,,,,,,,,,,,,,,,,,,,,,,,,,,,,,,,,,,,,,,,,,,,,,,,,,,,,,,,,,,,,,,,,,,,,,,,,,,,,,,,,,,,,,,,,,,,,,,,,,,,,,,,,,,,,,,,,,,,,,,,,,,,,,,,,,
"Guernsey","Q1 2017",,,,,,,,,,,,,,,,,,,,,,,,,,,,,,,,,,,,,,,,,,,,,,,,,,,,,,,,,,,,,,,,,,,,,,,,,,,,,,,,,,,,,,,,,,,,,,,,,,,,,,,,,,,,,,,,,,,,,,,,,,,,,,,,,,,,,,,,,,,,,,,,,,,,,,,,,,,,,,,,,,,,,,,,,,,,,,,,,,,,,,,,,,,,,,,
"Guernsey","Q1 2018",,,,,,,,,,,,,,,,,,,,,,,,,,,,,,,,,,,,,,,,,,,,,,,,,,,,,,,,,,,,,,,,,,,,,,,,,,,,,,,,,,,,,,,,,,,,,,,,,,,,,,,,,,,,,,,,,,,,,,,,,,,,,,,,,,,,,,,,,,,,,,,,,,,,,,,,,,,,,,,,,,,,,,,,,,,,,,,,,,,,,,,,,,,,,,,
"Guernsey","Q1 2019",,,,,,,,,,,,,,,,,,,,,,,,,,,,,,,,,,,,,,,,,,,,,,,,,,,,,,,,,,,,,,,,,,,,,,,,,,,,,,,,,,,,,,,,,,,,,,,,,,,,,,,,,,,,,,,,,,,,,,,,,,,,,,,,,,,,,,,,,,,,,,,,,,,,,,,,,,,,,,,,,,,,,,,,,,,,,,,,,,,,,,,,,,,,,,,
"Guernsey","Q1 2020",,,,,,,,,,,,,,,,,,,,,,,,,,,,,,,,,,,,,,,,,,,,,,,,,,,,,,,,,,,,,,,,,,,,,,,,,,,,,,,,,,,,,,,,,,,,,,,,,,,,,,,,,,,,,,,,,,,,,,,,,,,,,,,,,,,,,,,,,,,,,,,,,,,,,,,,,,,,,,,,,,,,,,,,,,,,,,,,,,,,,,,,,,,,,,,
"Guernsey","Q1 2021",,,,,,,,,,,,,,,,,,,,,,,,,,,,,,,,,,,,,,,,,,,,,,,,,,,,,,,,,,,,,,,,,,,,,,,,,,,,,,,,,,,,,,,,,,,,,,,,,,,,,,,,,,,,,,,,,,,,,,,,,,,,,,,,,,,,,,,,,,,,,,,,,,,,,,,,,,,,,,,,,,,,,,,,,,,,,,,,,,,,,,,,,,,,,,,
"Guinea","Q1 2016",0.17,0.22,0.12,0.31,0.1,0.18,0.22,0.2,0.23,0.22,0.21,0.13,0.2,0.35,0.2,0.32,0.08,0.11,0.23,0.1,0.11,0.11,0.25,0.12,0.23,0.24,0.08,0.22,0.27,0.26,0.24,,,0.24,0.18,0.24,0.09,0.23,0.31,0.21,0.19,0.2,0.22,,0.2,0.22,0.23,0.18,0.24,0.23,0.25,0.12,0.19,0.08,0.2,,0.17,0.14,0.21,0.34,0.19,0.21,0.22,0.28,0.1,0.34,0.32,0.16,0.23,0.08,0.2,0.21,0.13,0.22,,,0.25,0.21,0.13,0.21,0.18,0.25,0.21,0.23,0.12,0.21,0.23,0.27,0.24,0.25,,0.22,0.22,0.11,0.13,0.2,0.23,0.27,0.22,0.21,0.2,0.27,0.12,0.25,0.11,0.2,0.19,0.23,0.2,0.25,0.09,0.17,0.1,0.34,0.21,0.12,0.3,0.09,0.33,,0.22,0.22,0.12,0.32,,0.08,0.1,0.21,0.24,0.24,,0.25,0.13,0.08,0.22,0.14,0.23,0.33,0.2,0.21,0.26,0.07,0.23,0.22,0.25,,0.11,0.2,,0.2,0.12,0.19,0.24,0.3,,0.13,0.28,0.27,0.21,0.21,0.13,0.11,0.26,0.35,0.25,0.13,,0.21,0.22,0.2,0.22,0.09,0.32,0.11,0.23,0.2,0.24,,0.09,0.22,0.26,0.35,0.21,0.28,0.11,0.22,0.12,0.22,0.23,0.09,0.12
"Guinea","Q1 2017",0.11,0.2,0.11,0.3,0.11,0.1,0.29,0.18,0.23,0.22,0.2,0.12,0.19,0.34,0.19,0.23,0.08,0.1,0.3,0.11,0.11,0.18,0.17,0.11,0.23,0.23,0.08,0.22,0.26,0.25,0.23,0.08,,0.25,0.17,0.23,0.09,0.21,0.23,0.2,0.2,0.18,0.21,,0.19,0.21,0.22,0.11,0.24,0.22,0.24,0.12,0.21,0.08,0.19,,0.17,0.13,0.19,0.33,0.18,0.21,0.22,0.27,0.1,0.33,0.3,0.15,0.23,0.08,0.11,0.21,0.12,0.22,,,0.17,0.19,0.13,0.2,0.17,0.24,0.2,0.21,0.12,0.2,0.23,0.26,0.23,0.24,,0.21,0.21,0.11,0.12,0.18,0.22,0.26,0.19,0.2,0.19,0.26,0.11,0.23,0.11,0.21,0.2,0.22,0.19,0.24,0.09,0.1,0.1,0.32,0.2,0.11,0.28,0.01,0.26,,0.21,0.22,0.12,0.23,,0.08,0.12,0.19,0.23,0.22,0.09,0.24,0.12,0.15,0.23,0.14,0.22,0.31,0.21,0.2,0.25,0.07,0.21,0.2,0.24,,0.11,0.19,,0.19,0.11,0.18,0.23,0.3,,0.12,0.27,0.26,0.21,0.14,0.12,0.12,0.24,0.34,0.24,0.12,,0.19,0.22,0.2,0.22,0.09,0.29,0.12,0.21,0.17,0.23,,0.02,0.2,0.24,0.33,0.21,0.27,0.11,0.29,0.12,0.21,0.22,0.02,0.11
"Guinea","Q1 2018",0.1,0.2,0.12,0.22,0.11,0.11,0.29,0.19,0.22,0.21,0.12,0.12,0.19,0.33,0.19,0.22,0.08,0.1,0.29,0.11,0.1,0.18,0.18,0.11,0.21,0.22,0.08,0.21,0.26,0.24,0.23,0.08,,0.24,0.17,0.22,0.09,0.21,0.22,0.2,0.2,0.19,0.2,,0.09,0.2,0.22,0.11,0.23,0.21,0.3,0.12,0.2,0.08,0.18,,0.17,0.13,0.19,0.26,0.18,0.2,0.21,0.26,0.18,0.32,0.28,0.16,0.22,0.08,0.11,0.21,0.12,0.21,,,0.17,0.2,0.12,0.2,0.17,0.23,0.21,0.21,0.2,0.2,0.22,0.25,0.22,0.22,,0.21,0.2,0.1,0.12,0.19,0.21,0.25,0.21,0.19,0.19,0.25,0.11,0.23,0.11,0.21,0.27,0.2,0.18,0.23,0.08,0.09,0.1,0.32,0.2,0.12,0.21,0.01,0.25,,0.2,0.21,0.12,0.22,,0.08,0.11,0.18,0.23,0.22,0.09,0.23,0.12,0.15,0.22,0.13,0.21,0.24,0.2,0.2,0.25,0.07,0.21,0.2,0.23,,0.11,0.19,,0.18,0.11,0.17,0.23,0.29,,0.11,0.28,0.26,0.21,0.2,0.12,0.11,0.23,0.33,0.23,0.12,,0.19,0.21,0.2,0.21,0.09,0.28,0.12,0.21,0.18,0.3,,0.02,0.21,0.23,0.32,0.2,0.26,0.11,0.29,0.12,0.2,0.22,0.02,0.1
"Guinea","Q1 2019",0.17,0.2,0.11,0.22,0.1,0.1,0.22,0.19,0.23,0.22,0.13,0.11,0.19,0.33,0.19,0.3,0.08,0.1,0.22,0.11,0.11,0.18,0.18,0.11,0.29,0.23,0.08,0.22,0.26,0.24,0.24,0.08,,0.24,0.18,0.22,0.09,0.21,0.29,0.2,0.19,0.19,0.21,,0.18,0.21,0.22,0.18,0.23,0.22,0.31,0.12,0.22,0.09,0.19,,0.17,0.12,0.2,0.33,0.18,0.2,0.21,0.25,0.18,0.25,0.3,0.15,0.23,0.08,0.18,0.21,0.12,0.22,,,0.17,0.19,0.12,0.2,0.17,0.24,0.21,0.21,0.13,0.21,0.23,0.26,0.23,0.23,,0.21,0.21,0.02,0.12,0.19,0.22,0.27,0.21,0.21,0.19,0.26,0.12,0.23,0.1,0.21,0.19,0.22,0.18,0.23,0.1,0.09,0.1,0.32,0.2,0.11,0.22,0.08,0.33,,0.2,0.21,0.11,0.23,,0.07,0.1,0.19,0.23,0.22,0.09,0.23,0.12,0.08,0.22,0.2,0.22,0.31,0.2,0.21,0.26,0.07,0.21,0.21,0.31,,0.11,0.18,,0.18,0.11,0.18,0.23,0.28,,0.13,0.26,0.26,0.2,0.2,0.12,0.12,0.23,0.34,0.24,0.12,,0.19,0.22,0.2,0.22,0.09,0.3,0.11,0.21,0.18,0.31,0.08,0.02,0.22,0.24,0.27,0.21,0.27,0.11,0.21,0.11,0.2,0.23,0.02,0.1
"Guinea","Q1 2020",0.18,0.2,0.11,0.3,0.1,0.11,0.21,0.19,0.22,0.22,0.12,0.12,0.18,0.33,0.19,0.22,0.08,0.1,0.22,0.11,0.11,0.19,0.16,0.11,0.3,0.23,0.08,0.21,0.26,0.24,0.24,0.08,,0.24,0.18,0.22,0.09,0.21,0.31,0.2,0.19,0.19,0.21,,0.18,0.21,0.22,0.18,0.23,0.22,0.31,0.12,0.22,0.09,0.2,,0.17,0.12,0.2,0.33,0.18,0.2,0.29,0.18,0.18,0.25,0.3,0.16,0.23,0.08,0.18,0.21,0.12,0.21,,,0.16,0.19,0.13,0.12,0.18,0.24,0.21,0.2,0.13,0.2,0.23,0.26,0.23,0.23,,0.2,0.21,0.11,0.12,0.2,0.22,0.26,0.21,0.2,0.19,0.26,0.12,0.23,0.11,0.21,0.19,0.22,0.19,0.24,0.1,0.1,0.1,0.32,0.21,0.11,0.22,0.01,0.33,,0.2,0.21,0.11,0.3,,0.07,0.11,0.19,0.23,0.22,0.09,0.23,0.12,0.08,0.21,0.13,0.22,0.31,0.2,0.21,0.26,0.07,0.22,0.21,0.32,,0.11,0.18,,0.18,0.11,0.17,0.23,0.29,,0.13,0.19,0.26,0.2,0.2,0.12,0.12,0.23,0.34,0.24,0.12,,0.19,0.22,0.2,0.21,0.09,0.3,0.1,0.21,0.17,0.3,0.08,0.02,0.21,0.24,0.27,0.21,0.27,0.11,0.21,0.12,0.2,0.22,0.02,0.11
"Guinea","Q1 2021",0.16,0.18,0.1,0.19,0.09,0.1,0.19,0.18,0.19,0.19,0.11,0.11,0.18,0.28,0.17,0.2,0.08,0.09,0.2,0.1,0.1,0.18,0.16,0.1,0.26,0.2,0.08,0.18,0.22,0.2,0.21,0.08,,0.2,0.1,0.19,0.08,0.19,0.26,0.11,0.18,0.18,0.18,,0.16,0.18,0.19,0.1,0.2,0.19,0.2,0.11,0.19,0.1,0.18,,0.1,0.11,0.18,0.28,0.17,0.18,0.19,0.17,0.1,0.21,0.2,0.15,0.2,0.09,0.1,0.19,0.11,0.19,,,0.16,0.17,0.11,0.11,0.1,0.21,0.11,0.11,0.11,0.18,0.19,0.21,0.2,0.2,,0.18,0.18,0.1,0.11,0.18,0.19,0.17,0.19,0.18,0.1,0.21,0.1,0.2,0.1,0.19,0.18,0.18,0.1,0.2,0.09,0.1,0.09,0.28,0.19,0.1,0.19,,0.22,,0.18,0.19,0.18,0.2,0.08,0.07,0.1,0.17,0.2,0.2,0.08,0.2,0.11,0.08,0.19,0.11,0.2,0.2,0.18,0.19,0.21,0.07,0.19,0.18,0.2,,0.1,0.1,,0.1,0.1,0.09,0.2,0.26,,0.11,0.18,0.22,0.19,0.11,0.11,0.11,0.2,0.29,0.21,0.1,,0.18,0.19,0.18,0.19,0.09,0.26,0.1,0.19,0.16,0.2,0.07,0.01,0.19,0.21,0.22,0.18,0.22,0.1,0.19,0.11,0.11,0.19,,0.1
"Guinea-Bissau","Q1 2016",0.16,0.18,0.1,0.18,0.09,0.09,0.18,0.17,0.18,0.18,0.17,0.1,0.1,0.21,0.1,0.19,0.07,0.1,0.18,0.09,0.09,0.09,0.24,0.1,0.18,0.19,0.08,0.17,0.2,0.19,0.19,,,0.19,0.1,0.18,0.02,0.18,0.18,0.17,0.17,0.17,0.17,,0.16,0.18,0.18,0.1,0.19,0.18,0.19,0.09,0.16,0.08,0.1,,0.09,0.1,0.17,0.2,0.17,0.1,0.18,0.24,0.09,0.2,0.19,0.15,0.18,0.08,0.1,0.18,0.1,0.18,,0.25,,0.1,0.1,0.1,0.09,0.19,0.1,0.18,0.09,0.17,0.18,0.2,0.18,0.19,,0.17,0.17,0.09,0.1,0.1,0.18,0.17,0.17,0.1,0.1,0.19,0.09,0.18,0.1,0.17,0.16,0.18,0.1,0.19,0.08,0.16,0.08,0.26,0.17,0.09,0.18,0.08,0.2,,0.11,0.11,0.1,0.19,,0.07,0.09,0.17,0.19,0.18,,0.19,0.1,0.07,0.17,0.1,0.17,0.26,0.1,0.17,0.19,0.07,0.11,0.17,0.19,,0.09,0.1,,0.1,0.1,0.16,0.18,0.18,,0.1,0.24,0.2,0.17,0.17,0.1,0.09,0.19,0.27,0.18,0.1,,0.1,0.18,0.17,0.11,0.08,0.19,0.1,0.18,0.17,0.18,,0.02,0.18,0.19,0.21,0.17,0.2,0.1,0.17,0.1,0.17,0.18,0.02,0.1
"Guinea-Bissau","Q1 2017",0.09,0.17,0.09,0.17,0.09,0.09,0.17,0.16,0.17,0.17,0.16,0.09,0.1,0.19,0.1,0.17,0.07,0.09,0.17,0.09,0.09,0.16,0.23,0.09,0.17,0.18,0.07,0.17,0.19,0.18,0.18,0.07,,0.18,0.09,0.17,0.01,0.17,0.17,0.17,0.17,0.16,0.17,,0.16,0.16,0.17,0.09,0.18,0.17,0.18,0.09,0.17,0.08,0.09,,0.09,0.1,0.09,0.19,0.16,0.1,0.17,0.16,0.09,0.19,0.17,0.14,0.17,0.07,0.09,0.17,0.09,0.17,,0.17,,0.16,0.1,0.1,0.09,0.18,0.1,0.17,0.09,0.17,0.17,0.19,0.18,0.18,,0.17,0.17,0.09,0.09,0.09,0.17,0.16,0.16,0.09,0.09,0.18,0.09,0.18,0.09,0.17,0.16,0.17,0.09,0.18,0.08,0.09,0.09,0.25,0.16,0.09,0.17,0.01,0.19,,0.1,0.1,0.09,0.17,,0,0.09,0.16,0.18,0.17,0.08,0.18,0.1,0.07,0.17,0.1,0.17,0.24,0.1,0.16,0.18,0.07,0.1,0.16,0.18,,0.09,0.09,,0.09,0.09,0.16,0.18,0.17,,0.09,0.16,0.18,0.17,0.1,0.1,0.09,0.18,0.25,0.18,0.09,,0.16,0.17,0.16,0.1,0.08,0.17,0.09,0.17,0.16,0.18,,0.01,0.17,0.18,0.19,0.17,0.19,0.09,0.17,0.1,0.17,0.1,0.01,0.09
"Guinea-Bissau","Q1 2018",0.09,0.17,0.1,0.18,0.09,0.09,0.18,0.17,0.18,0.18,0.1,0.1,0.1,0.2,0.1,0.18,0.08,0.09,0.18,0.1,0.09,0.16,0.24,0.1,0.18,0.18,0.08,0.18,0.2,0.19,0.18,0.07,,0.19,0.09,0.18,0.01,0.18,0.18,0.17,0.17,0.17,0.17,,0.08,0.17,0.18,0.09,0.19,0.18,0.19,0.1,0.17,0.08,0.1,,0.09,0.1,0.1,0.2,0.16,0.1,0.18,0.17,0.1,0.19,0.18,0.15,0.18,0.07,0.1,0.18,0.1,0.18,,0.17,,0.17,0.1,0.1,0.09,0.18,0.17,0.17,0.17,0.17,0.18,0.19,0.18,0.18,,0.17,0.17,0.09,0.1,0.1,0.18,0.17,0.17,0.1,0.1,0.19,0.09,0.18,0.1,0.17,0.24,0.17,0.1,0.18,0.08,0.08,0.09,0.26,0.17,0.1,0.17,0.01,0.19,,0.1,0.11,0.1,0.18,,0.07,0.1,0.16,0.18,0.18,0.08,0.19,0.1,0.07,0.18,0.1,0.17,0.25,0.1,0.1,0.19,0.07,0.17,0.17,0.18,,0.1,0.1,,0.1,0.1,0.16,0.18,0.18,,0.1,0.17,0.19,0.18,0.1,0.1,0.09,0.18,0.26,0.18,0.1,,0.17,0.18,0.17,0.18,0.08,0.18,0.1,0.17,0.16,0.19,,0.01,0.18,0.18,0.19,0.17,0.2,0.09,0.18,0.1,0.17,0.11,0.01,0.09
"Guinea-Bissau","Q1 2019",0.15,0.17,0.09,0.17,0.09,0.09,0.17,0.16,0.17,0.17,0.09,0.09,0.1,0.19,0.09,0.17,0.07,0.09,0.17,0.09,0.09,0.09,0.23,0.09,0.17,0.18,0.07,0.17,0.18,0.18,0.18,0.07,,0.18,0.09,0.17,0.01,0.17,0.17,0.09,0.17,0.16,0.17,,0.16,0.16,0.17,0.09,0.18,0.17,0.18,0.09,0.17,0.09,0.09,,0.09,0.1,0.09,0.19,0.16,0.1,0.17,0.16,0.09,0.18,0.17,0.14,0.17,0.07,0.09,0.17,0.09,0.17,,0.17,,0.16,0.1,0.1,0.09,0.18,0.1,0.17,0.09,0.17,0.17,0.18,0.17,0.11,,0.17,0.17,0.01,0.09,0.09,0.17,0.16,0.17,0.17,0.09,0.18,0.09,0.17,0.08,0.17,0.23,0.17,0.09,0.18,0.08,0.08,0.09,0.18,0.16,0.09,0.17,0.08,0.18,,0.1,0.1,0.09,0.17,,0,0.09,0.16,0.17,0.17,0.08,0.18,0.1,0.07,0.17,0.1,0.17,0.25,0.1,0.17,0.18,0,0.1,0.1,0.18,,0.09,0.09,,0.09,0.09,0.16,0.18,0.17,,0.09,0.16,0.18,0.17,0.1,0.1,0.09,0.17,0.25,0.18,0.09,,0.16,0.17,0.16,0.1,0.08,0.17,0.09,0.17,0.16,0.18,0.07,0.01,0.17,0.18,0.19,0.17,0.19,0.09,0.17,0.09,0.17,0.1,0.01,0.09
"Guinea-Bissau","Q1 2020",0.16,0.16,0.09,0.17,0.09,0.09,0.17,0.16,0.17,0.17,0.09,0.09,0.09,0.18,0.09,0.16,0.07,0.09,0.17,0.09,0.09,0.16,0.23,0.09,0.17,0.17,0.07,0.09,0.18,0.17,0.17,0.07,,0.17,0.09,0.17,0.01,0.17,0.17,0.09,0.16,0.16,0.16,,0.15,0.16,0.17,0.09,0.17,0.17,0.17,0.09,0.16,0.08,0.09,,0.08,0.1,0.09,0.18,0.16,0.09,0.17,0.16,0.09,0.18,0.17,0.15,0.17,0.07,0.09,0.17,0.09,0.17,,0.16,,0.09,0.09,0.09,0.09,0.17,0.1,0.09,0.09,0.16,0.17,0.18,0.17,0.1,,0.16,0.16,0.09,0.09,0.16,0.17,0.16,0.16,0.09,0.09,0.18,0.09,0.17,0.09,0.16,0.23,0.17,0.09,0.17,0.08,0.09,0.09,0.18,0.16,0.09,0.16,0.01,0.18,,0.1,0.1,0.09,0.17,,0,0.09,0.16,0.17,0.17,0.08,0.17,0.09,0.07,0.1,0.09,0.17,0.24,0.09,0.17,0.18,0.07,0.16,0.16,0.17,,0.09,0.09,,0.09,0.09,0.15,0.17,0.17,,0.09,0.16,0.18,0.17,0.09,0.09,0.09,0.17,0.25,0.17,0.09,,0.09,0.17,0.16,0.1,0.08,0.17,0.08,0.17,0.15,0.17,0.07,0.01,0.16,0.17,0.18,0.16,0.18,0.09,0.17,0.09,0.1,0.17,0.01,0.09
"Guinea-Bissau","Q1 2021",0.15,0.16,0.09,0.16,0.09,0.09,0.17,0.16,0.17,0.17,0.09,0.09,0.16,0.18,0.09,0.16,0.07,0.08,0.17,0.09,0.09,0.16,0.23,0.09,0.17,0.17,0.07,0.09,0.18,0.17,0.17,0.07,,0.17,0.09,0.16,0.01,0.16,0.17,0.09,0.16,0.16,0.16,,0.15,0.16,0.16,0.09,0.17,0.16,0.17,0.09,0.16,0.08,0.09,,0.09,0.09,0.09,0.18,0.16,0.09,0.16,0.16,0.09,0.18,0.17,0.15,0.17,0.08,0.09,0.17,0.09,0.16,,0.16,,0.16,0.09,0.09,0.09,0.17,0.09,0.09,0.09,0.16,0.17,0.18,0.17,0.1,,0.16,0.16,0.09,0.09,0.09,0.17,0.16,0.16,0.09,0.09,0.18,0.09,0.17,0.09,0.16,0.23,0.09,0.09,0.17,0.09,0.09,0.09,0.18,0.17,0.09,0.16,,0.18,,0.09,0.1,0.09,0.17,0.01,0,0.09,0.16,0.17,0.17,0.08,0.17,0.09,0.07,0.09,0.09,0.17,0.24,0.09,0.16,0.18,0.07,0.16,0.16,0.17,,0.09,0.09,,0.09,0.09,0.15,0.17,0.17,,0.09,0.16,0.18,0.17,0.09,0.09,0.09,0.17,0.25,0.17,0.08,,0.16,0.16,0.16,0.17,0.08,0.16,0.09,0.16,0.15,0.17,0.07,0.01,0.16,0.17,0.18,0.16,0.18,0.09,0.16,0.09,0.09,0.1,,0.08
"Guyana","Q1 2016",0.1,0.22,0.19,0.22,0.26,0.27,0.21,0.29,0.23,0.22,0.21,0.13,0.29,0.34,0.2,0.22,0.15,0.27,0.23,0.18,0.12,0.12,0.11,0.13,0.21,0.24,0.15,0.22,0.26,0.25,0.24,,,0.26,0.18,0.21,0.09,0.24,0.21,0.21,0.2,0.29,0.21,,0.19,0.21,0.23,0.21,0.26,0.23,0.24,0.19,0.18,0.09,0.2,,0.17,0.2,0.21,0.28,0.26,0.21,0.2,0.19,0.1,0.26,0.22,0.16,0.22,0.08,0.3,0.3,0.19,0.23,,0.21,0.1,,0.3,0.22,0.18,0.24,0.21,0.21,0.12,0.21,0.22,0.26,0.33,0.24,,0.21,0.21,0.11,0.19,0.2,0.23,0.18,0.21,0.2,0.19,0.25,0.11,0.24,0.12,0.26,0.18,0.22,0.19,0.25,0.09,0.1,0.18,0.25,0.13,0.12,0.21,0.09,0.33,,0.22,0.23,0.19,0.23,,0.08,0.1,0.21,0.23,0.23,,0.33,0.13,0.08,0.22,0.14,0.21,0.24,0.22,0.2,0.26,0.07,0.21,0.21,0.24,,0.27,0.3,,0.3,0.19,0.18,0.23,0.21,,0.12,0.19,0.25,0.3,0.21,0.13,0.11,0.24,0.28,0.23,0.13,,0.32,0.21,0.19,0.22,0.09,0.22,0.12,0.33,0.19,0.23,,0.09,0.21,0.24,0.35,0.21,0.36,0.27,0.21,0.12,0.31,0.23,0.09,0.12
"Guyana","Q1 2017",0.11,0.21,0.19,0.22,0.27,0.26,0.22,0.19,0.23,0.22,0.19,0.12,0.3,0.33,0.2,0.21,0.15,0.17,0.23,0.2,0.11,0.12,0.17,0.12,0.21,0.23,0.15,0.22,0.25,0.24,0.24,0.08,,0.33,0.17,0.21,0.09,0.29,0.21,0.2,0.2,0.19,0.2,,0.19,0.2,0.22,0.2,0.26,0.22,0.24,0.19,0.2,0.09,0.19,,0.17,0.2,0.2,0.27,0.25,0.21,0.2,0.18,0.1,0.25,0.22,0.16,0.22,0.08,0.28,0.3,0.18,0.24,,0.19,0.16,,0.28,0.22,0.18,0.23,0.2,0.2,0.12,0.2,0.22,0.26,0.32,0.23,,0.2,0.2,0.11,0.11,0.18,0.22,0.17,0.2,0.19,0.18,0.24,0.11,0.23,0.11,0.29,0.18,0.2,0.18,0.23,0.09,0.09,0.19,0.25,0.19,0.12,0.2,0.08,0.33,,0.22,0.22,0.18,0.22,,0.08,0.11,0.2,0.23,0.22,0.1,0.25,0.12,0.08,0.22,0.13,0.21,0.23,0.22,0.2,0.25,0.01,0.2,0.13,0.23,,0.28,0.29,,0.29,0.18,0.17,0.23,0.21,,0.11,0.18,0.25,0.31,0.2,0.12,0.11,0.23,0.33,0.23,0.11,,0.31,0.21,0.19,0.21,0.09,0.21,0.19,0.32,0.18,0.23,,0.09,0.2,0.23,0.34,0.2,0.35,0.27,0.21,0.12,0.3,0.22,0.09,0.1
"Guyana","Q1 2018",0.1,0.2,0.19,0.22,0.27,0.27,0.23,0.21,0.23,0.22,0.12,0.12,0.3,0.34,0.2,0.22,0.15,0.17,0.31,0.21,0.11,0.12,0.18,0.12,0.21,0.25,0.16,0.23,0.27,0.25,0.25,0.08,,0.34,0.17,0.22,0.09,0.23,0.21,0.21,0.21,0.21,0.2,,0.1,0.2,0.22,0.21,0.34,0.23,0.24,0.2,0.2,0.09,0.2,,0.17,0.2,0.2,0.28,0.27,0.21,0.21,0.19,0.11,0.26,0.22,0.16,0.23,0.08,0.28,0.31,0.18,0.24,,0.2,0.17,,0.2,0.23,0.18,0.24,0.21,0.21,0.2,0.21,0.22,0.27,0.33,0.24,,0.21,0.2,0.11,0.12,0.19,0.21,0.18,0.21,0.19,0.18,0.25,0.11,0.24,0.12,0.3,0.2,0.2,0.18,0.31,0.09,0.09,0.2,0.26,0.2,0.12,0.2,0.08,0.35,,0.21,0.22,0.19,0.22,,0.08,0.11,0.19,0.23,0.22,0.1,0.32,0.13,0.08,0.23,0.14,0.22,0.24,0.22,0.13,0.26,0.07,0.21,0.2,0.24,,0.29,0.29,,0.29,0.19,0.17,0.23,0.22,,0.11,0.19,0.26,0.31,0.2,0.13,0.11,0.23,0.35,0.23,0.11,,0.31,0.21,0.2,0.22,0.09,0.22,0.19,0.33,0.19,0.24,,0.09,0.22,0.24,0.35,0.2,0.36,0.27,0.23,0.12,0.3,0.22,0.09,0.1
"Guyana","Q1 2019",0.17,0.2,0.19,0.21,0.19,0.25,0.22,0.2,0.23,0.21,0.19,0.12,0.29,0.33,0.19,0.21,0.15,0.17,0.3,0.2,0.11,0.11,0.18,0.12,0.21,0.24,0.15,0.23,0.26,0.24,0.24,0.08,,0.33,0.18,0.2,0.09,0.23,0.21,0.19,0.2,0.2,0.2,,0.18,0.2,0.22,0.2,0.32,0.23,0.23,0.2,0.2,0.09,0.19,,0.17,0.13,0.2,0.27,0.26,0.2,0.2,0.17,0.1,0.25,0.21,0.16,0.22,0.08,0.2,0.3,0.18,0.23,,0.19,0.16,,0.2,0.22,0.18,0.23,0.2,0.2,0.13,0.2,0.22,0.26,0.32,0.23,,0.2,0.2,0.02,0.12,0.19,0.21,0.18,0.2,0.2,0.18,0.24,0.11,0.24,0.17,0.28,0.19,0.2,0.18,0.31,0.1,0.09,0.19,0.25,0.19,0.12,0.2,0.08,0.34,,0.2,0.22,0.18,0.22,,0.07,0.11,0.2,0.22,0.22,0.09,0.31,0.12,0.08,0.23,0.13,0.22,0.24,0.22,0.2,0.25,0.01,0.19,0.13,0.23,,0.27,0.27,,0.2,0.19,0.18,0.23,0.2,,0.12,0.17,0.26,0.3,0.2,0.13,0.11,0.22,0.34,0.23,0.11,,0.31,0.21,0.2,0.22,0.09,0.21,0.19,0.32,0.18,0.23,0.15,0.02,0.21,0.23,0.34,0.2,0.35,0.19,0.22,0.12,0.29,0.22,0.02,0.1
"Guyana","Q1 2020",0.1,0.2,0.19,0.21,0.19,0.26,0.21,0.2,0.22,0.21,0.11,0.12,0.28,0.33,0.19,0.21,0.15,0.17,0.3,0.27,0.11,0.11,0.09,0.12,0.2,0.24,0.15,0.22,0.25,0.24,0.24,0.08,,0.32,0.18,0.2,0.09,0.22,0.21,0.12,0.18,0.2,0.2,,0.18,0.2,0.21,0.21,0.32,0.22,0.23,0.19,0.19,0.09,0.19,,0.17,0.13,0.2,0.26,0.25,0.2,0.2,0.1,0.1,0.24,0.21,0.16,0.22,0.08,0.21,0.29,0.18,0.22,,0.19,0.09,,0.2,0.2,0.18,0.23,0.2,0.19,0.12,0.2,0.21,0.25,0.32,0.23,,0.13,0.13,0.11,0.12,0.19,0.21,0.11,0.2,0.19,0.18,0.24,0.1,0.23,0.18,0.28,0.18,0.2,0.18,0.31,0.1,0.1,0.19,0.24,0.19,0.12,0.19,0.01,0.33,,0.2,0.22,0.18,0.21,,0.07,0.11,0.2,0.22,0.22,0.09,0.31,0.12,0.08,0.22,0.13,0.21,0.23,0.21,0.2,0.25,0.01,0.2,0.13,0.23,,0.27,0.2,,0.21,0.19,0.1,0.23,0.2,,0.11,0.1,0.25,0.3,0.13,0.12,0.11,0.22,0.26,0.22,0.11,,0.31,0.2,0.19,0.21,0.09,0.21,0.18,0.31,0.11,0.23,0.15,0.02,0.21,0.23,0.34,0.13,0.34,0.19,0.21,0.12,0.29,0.21,0.02,0.1
"Guyana","Q1 2021",0.17,0.2,0.19,0.21,0.18,0.26,0.22,0.2,0.22,0.22,0.11,0.12,0.29,0.33,0.19,0.21,0.15,0.16,0.3,0.19,0.11,0.18,0.16,0.12,0.21,0.23,0.15,0.21,0.25,0.24,0.24,0.08,,0.32,0.1,0.2,0.09,0.22,0.21,0.12,0.19,0.2,0.2,,0.18,0.2,0.21,0.2,0.31,0.22,0.22,0.19,0.2,0.09,0.19,,0.17,0.12,0.19,0.26,0.26,0.2,0.19,0.17,0.1,0.24,0.22,0.16,0.22,0.1,0.2,0.3,0.17,0.22,,0.17,0.16,,0.2,0.2,0.18,0.23,0.19,0.11,0.19,0.2,0.21,0.25,0.31,0.22,,0.2,0.19,0.11,0.11,0.18,0.21,0.17,0.2,0.19,0.1,0.24,0.1,0.23,0.18,0.29,0.18,0.12,0.1,0.31,0.1,0.1,0.18,0.24,0.2,0.12,0.19,,0.33,,0.2,0.21,0.2,0.21,0.08,0.07,0.11,0.2,0.22,0.22,0.09,0.31,0.13,0.08,0.22,0.12,0.22,0.23,0.21,0.2,0.25,0.07,0.19,0.19,0.22,,0.19,0.19,,0.2,0.19,0.1,0.23,0.21,,0.11,0.17,0.25,0.29,0.12,0.12,0.12,0.22,0.33,0.22,0.1,,0.3,0.2,0.19,0.21,0.09,0.21,0.19,0.31,0.17,0.23,0.15,0.01,0.21,0.23,0.33,0.19,0.34,0.19,0.21,0.12,0.2,0.21,,0.1
"Haiti","Q1 2016",0.1,0.21,0.19,0.22,0.19,0.27,0.22,0.29,0.23,0.29,0.2,0.12,0.29,0.28,0.2,0.22,0.15,0.27,0.23,0.18,0.11,0.12,0.11,0.12,0.21,0.24,0.16,0.29,0.27,0.25,0.25,,,0.32,0.11,0.14,0.09,0.3,0.14,0.21,0.21,0.29,0.13,,0.12,0.14,0.22,0.21,0.33,0.3,0.24,0.19,0.18,0.09,0.12,,0.1,0.2,0.14,0.28,0.19,0.21,0.2,0.13,0.1,0.26,0.22,0.16,0.22,0.08,0.29,0.23,0.19,0.24,,0.13,0.1,0.3,,0.22,0.18,0.23,0.2,0.14,0.12,0.2,0.22,0.26,0.33,0.24,,0.14,0.14,0.11,0.19,0.12,0.23,0.18,0.14,0.12,0.13,0.25,0.11,0.24,0.12,0.2,0.11,0.22,0.13,0.32,0.09,0.1,0.18,0.25,0.14,0.12,0.21,0.09,0.27,,0.22,0.22,0.2,0.22,,0.08,0.1,0.2,0.23,0.22,,0.33,0.13,0.08,0.29,0.14,0.14,0.24,0.23,0.2,0.26,0.01,0.14,0.13,0.25,,0.27,0.29,,0.29,0.19,0.11,0.23,0.2,,0.13,0.12,0.25,0.3,0.21,0.13,0.11,0.24,0.28,0.22,0.13,,0.3,0.21,0.12,0.22,0.09,0.15,0.12,0.32,0.12,0.23,,0.09,0.22,0.23,0.29,0.14,0.36,0.2,0.21,0.12,0.31,0.22,0.09,0.12
"Haiti","Q1 2017",0.11,0.21,0.19,0.21,0.19,0.19,0.22,0.26,0.23,0.29,0.13,0.12,0.29,0.27,0.28,0.21,0.15,0.17,0.23,0.19,0.11,0.11,0.1,0.12,0.21,0.24,0.16,0.29,0.26,0.25,0.25,0.08,,0.34,0.1,0.14,0.09,0.3,0.14,0.21,0.22,0.26,0.13,,0.11,0.13,0.21,0.19,0.33,0.3,0.24,0.28,0.2,0.09,0.12,,0.1,0.21,0.13,0.27,0.19,0.21,0.2,0.11,0.11,0.26,0.21,0.16,0.22,0.01,0.27,0.24,0.19,0.31,,0.13,0.1,0.28,,0.29,0.17,0.23,0.2,0.14,0.12,0.2,0.22,0.26,0.33,0.24,,0.14,0.14,0.11,0.12,0.12,0.22,0.11,0.12,0.12,0.13,0.24,0.12,0.24,0.12,0.23,0.12,0.14,0.12,0.25,0.09,0.1,0.18,0.25,0.13,0.12,0.21,0.08,0.27,,0.22,0.22,0.2,0.22,,0.08,0.12,0.19,0.23,0.22,0.1,0.32,0.13,0.08,0.3,0.14,0.21,0.23,0.22,0.13,0.25,0.01,0.14,0.13,0.24,,0.21,0.27,,0.28,0.18,0.11,0.23,0.21,,0.12,0.12,0.25,0.24,0.2,0.13,0.12,0.22,0.27,0.22,0.12,,0.28,0.21,0.13,0.22,0.09,0.21,0.19,0.31,0.11,0.24,,0.09,0.21,0.23,0.28,0.14,0.36,0.19,0.21,0.12,0.24,0.22,0.09,0.11
"Haiti","Q1 2018",0.1,0.12,0.18,0.2,0.18,0.18,0.22,0.2,0.22,0.27,0.12,0.12,0.26,0.26,0.27,0.21,0.15,0.17,0.22,0.19,0.1,0.11,0.11,0.11,0.2,0.23,0.15,0.28,0.25,0.24,0.24,0.08,,0.31,0.1,0.13,0.09,0.29,0.13,0.2,0.21,0.2,0.12,,0.09,0.13,0.21,0.18,0.31,0.29,0.22,0.28,0.19,0.08,0.11,,0.1,0.2,0.12,0.25,0.18,0.2,0.2,0.11,0.11,0.25,0.2,0.15,0.21,0.01,0.19,0.22,0.18,0.29,,0.12,0.1,0.2,,0.28,0.17,0.22,0.2,0.13,0.12,0.2,0.21,0.25,0.3,0.23,,0.13,0.13,0.1,0.12,0.12,0.13,0.1,0.13,0.12,0.12,0.23,0.11,0.23,0.11,0.22,0.12,0.13,0.11,0.24,0.08,0.09,0.18,0.24,0.2,0.12,0.2,0.08,0.26,,0.2,0.21,0.2,0.2,,0.08,0.1,0.11,0.22,0.21,0.09,0.31,0.12,0.08,0.29,0.13,0.2,0.23,0.21,0.13,0.24,0.01,0.13,0.13,0.23,,0.19,0.19,,0.19,0.18,0.1,0.22,0.2,,0.11,0.12,0.24,0.22,0.2,0.12,0.11,0.21,0.25,0.22,0.11,,0.2,0.13,0.12,0.21,0.09,0.2,0.18,0.28,0.11,0.23,,0.08,0.21,0.22,0.26,0.13,0.33,0.18,0.21,0.11,0.21,0.21,0.08,0.1
"Haiti","Q1 2019",0.1,0.12,0.19,0.2,0.18,0.17,0.21,0.28,0.22,0.28,0.19,0.12,0.2,0.26,0.27,0.21,0.15,0.17,0.22,0.18,0.11,0.11,0.11,0.12,0.2,0.23,0.15,0.29,0.25,0.24,0.24,0.08,,0.32,0.11,0.13,0.09,0.29,0.13,0.19,0.28,0.28,0.13,,0.11,0.13,0.21,0.18,0.32,0.29,0.22,0.27,0.2,0.09,0.12,,0.1,0.13,0.12,0.25,0.18,0.2,0.2,0.11,0.11,0.25,0.21,0.08,0.21,0.01,0.18,0.22,0.18,0.29,,0.12,0.1,0.2,,0.28,0.17,0.22,0.2,0.13,0.13,0.2,0.21,0.25,0.31,0.23,,0.13,0.13,0.02,0.12,0.12,0.13,0.11,0.13,0.13,0.12,0.23,0.11,0.23,0.17,0.21,0.12,0.13,0.11,0.25,0.1,0.09,0.18,0.24,0.2,0.11,0.2,0.08,0.26,,0.2,0.21,0.19,0.21,,0.07,0.1,0.12,0.22,0.21,0.09,0.31,0.13,0.08,0.3,0.13,0.2,0.24,0.21,0.2,0.25,0.01,0.13,0.13,0.23,,0.19,0.18,,0.19,0.19,0.11,0.22,0.2,,0.12,0.11,0.24,0.21,0.2,0.13,0.12,0.21,0.26,0.22,0.11,,0.2,0.13,0.12,0.21,0.09,0.2,0.19,0.22,0.11,0.22,0.15,0.02,0.21,0.22,0.26,0.13,0.34,0.18,0.21,0.12,0.29,0.21,0.02,0.1
"Haiti","Q1 2020",0.11,0.12,0.19,0.21,0.17,0.18,0.22,0.27,0.22,0.29,0.12,0.12,0.19,0.26,0.27,0.21,0.15,0.17,0.23,0.18,0.11,0.12,0.09,0.11,0.2,0.23,0.15,0.28,0.25,0.24,0.24,0.08,,0.32,0.11,0.14,0.09,0.3,0.14,0.13,0.19,0.27,0.13,,0.1,0.13,0.21,0.18,0.31,0.29,0.22,0.27,0.2,0.09,0.13,,0.1,0.13,0.13,0.25,0.11,0.2,0.2,0.1,0.11,0.25,0.21,0.09,0.22,0.01,0.19,0.21,0.19,0.29,,0.13,0.09,0.2,,0.27,0.17,0.22,0.2,0.13,0.13,0.2,0.21,0.24,0.31,0.23,,0.13,0.14,0.1,0.12,0.13,0.14,0.11,0.13,0.13,0.12,0.23,0.12,0.22,0.18,0.21,0.11,0.14,0.11,0.25,0.1,0.1,0.17,0.23,0.2,0.12,0.2,0.01,0.26,,0.2,0.22,0.19,0.21,,0.07,0.1,0.11,0.22,0.22,0.09,0.31,0.12,0.08,0.29,0.13,0.21,0.23,0.21,0.21,0.25,0.01,0.14,0.13,0.23,,0.18,0.18,,0.19,0.19,0.1,0.22,0.2,,0.12,0.11,0.24,0.21,0.13,0.12,0.12,0.22,0.26,0.22,0.12,,0.2,0.14,0.12,0.21,0.09,0.21,0.18,0.22,0.1,0.23,0.15,0.01,0.21,0.23,0.26,0.13,0.33,0.17,0.21,0.12,0.21,0.21,0.01,0.11
"Haiti","Q1 2021",0.09,0.12,0.18,0.2,0.17,0.17,0.21,0.26,0.21,0.28,0.12,0.12,0.19,0.24,0.18,0.2,0.15,0.17,0.22,0.18,0.1,0.11,0.09,0.12,0.2,0.23,0.15,0.21,0.24,0.23,0.23,0.08,,0.3,0.1,0.13,0.09,0.28,0.13,0.13,0.19,0.26,0.13,,0.1,0.13,0.2,0.18,0.3,0.21,0.21,0.2,0.19,0.1,0.12,,0.1,0.12,0.13,0.24,0.17,0.2,0.19,0.1,0.1,0.23,0.21,0.08,0.21,0.1,0.19,0.21,0.18,0.21,,0.11,0.09,0.2,,0.2,0.17,0.22,0.2,0.12,0.2,0.2,0.21,0.23,0.3,0.21,,0.13,0.13,0.1,0.12,0.11,0.13,0.1,0.13,0.12,0.11,0.22,0.11,0.22,0.17,0.2,0.11,0.12,0.1,0.22,0.1,0.1,0.17,0.22,0.2,0.12,0.19,,0.24,,0.2,0.21,0.2,0.2,0.08,0.07,0.1,0.11,0.21,0.21,0.08,0.29,0.13,0.08,0.21,0.12,0.21,0.22,0.21,0.13,0.23,0,0.12,0.13,0.21,,0.18,0.18,,0.18,0.18,0.1,0.21,0.2,,0.11,0.1,0.23,0.27,0.13,0.12,0.12,0.21,0.24,0.21,0.11,,0.2,0.13,0.12,0.21,0.09,0.2,0.18,0.21,0.1,0.21,0.15,0.01,0.2,0.22,0.24,0.13,0.31,0.25,0.21,0.11,0.2,0.21,,0.1
"Honduras","Q1 2016",0.1,0.23,0.18,0.23,0.18,0.18,0.24,0.21,0.25,0.3,0.21,0.13,0.27,0.36,0.28,0.23,0.15,0.19,0.25,0.17,0.11,0.11,0.1,0.13,0.21,0.26,0.22,0.24,0.28,0.27,0.27,,,0.33,0.18,0.22,0.09,0.33,0.23,0.22,0.27,0.21,0.22,,0.19,0.22,0.23,0.19,0.34,0.25,0.26,0.27,0.18,0.08,0.19,,0.17,0.2,0.22,0.35,0.18,0.22,0.21,0.19,0.1,0.35,0.24,0.16,0.24,0.08,0.21,0.22,0.19,0.33,,0.21,0.1,0.22,0.22,,0.18,0.25,0.22,0.23,0.13,0.22,0.24,0.28,0.34,0.26,,0.23,0.21,0.11,0.2,0.19,0.25,0.18,0.22,0.21,0.2,0.27,0.12,0.26,0.11,0.2,0.18,0.22,0.2,0.34,0.09,0.1,0.17,0.27,0.2,0.14,0.22,0.09,0.35,,0.23,0.24,0.2,0.25,,0.08,0.1,0.2,0.25,0.25,,0.34,0.13,0.08,0.25,0.15,0.23,0.26,0.29,0.21,0.28,0.07,0.21,0.21,0.27,,0.19,0.21,,0.21,0.18,0.18,0.25,0.23,,0.13,0.19,0.27,0.22,0.22,0.13,0.11,0.26,0.29,0.25,0.13,,0.22,0.23,0.2,0.24,0.09,0.23,0.11,0.31,0.19,0.26,,0.09,0.22,0.26,0.29,0.21,0.37,0.19,0.24,0.12,0.23,0.24,0.09,0.12
"Honduras","Q1 2017",0.11,0.23,0.19,0.23,0.19,0.19,0.25,0.2,0.26,0.31,0.2,0.13,0.3,0.37,0.29,0.23,0.15,0.17,0.26,0.19,0.12,0.12,0.1,0.13,0.23,0.27,0.22,0.26,0.29,0.28,0.28,0.08,,0.37,0.17,0.22,0.09,0.34,0.24,0.22,0.29,0.2,0.22,,0.19,0.22,0.24,0.19,0.36,0.26,0.27,0.28,0.21,0.09,0.21,,0.17,0.21,0.23,0.37,0.19,0.22,0.22,0.19,0.11,0.36,0.24,0.16,0.25,0.08,0.2,0.31,0.2,0.35,,0.2,0.1,0.22,0.29,,0.18,0.27,0.23,0.24,0.14,0.22,0.25,0.3,0.34,0.27,,0.22,0.21,0.11,0.12,0.19,0.25,0.11,0.2,0.2,0.2,0.27,0.12,0.26,0.12,0.3,0.19,0.21,0.19,0.35,0.09,0.1,0.19,0.28,0.2,0.14,0.22,0.08,0.37,,0.23,0.25,0.2,0.25,,0.08,0.12,0.2,0.26,0.25,0.1,0.36,0.13,0.08,0.26,0.16,0.24,0.27,0.3,0.21,0.29,0.01,0.21,0.15,0.27,,0.2,0.21,,0.22,0.18,0.18,0.26,0.23,,0.12,0.19,0.29,0.31,0.22,0.13,0.12,0.25,0.31,0.26,0.12,,0.22,0.24,0.2,0.25,0.09,0.23,0.19,0.32,0.11,0.27,,0.09,0.23,0.27,0.38,0.21,0.39,0.19,0.25,0.12,0.24,0.25,0.09,0.11
"Honduras","Q1 2018",0.1,0.21,0.19,0.23,0.19,0.19,0.25,0.28,0.25,0.23,0.13,0.14,0.22,0.36,0.29,0.23,0.15,0.17,0.26,0.19,0.11,0.12,0.19,0.12,0.22,0.28,0.22,0.26,0.29,0.28,0.28,0.08,,0.36,0.17,0.22,0.09,0.34,0.23,0.22,0.29,0.28,0.21,,0.1,0.22,0.24,0.19,0.36,0.26,0.26,0.29,0.21,0.09,0.2,,0.17,0.21,0.22,0.36,0.2,0.22,0.21,0.19,0.11,0.35,0.23,0.16,0.25,0.08,0.19,0.3,0.19,0.34,,0.2,0.1,0.23,0.28,,0.18,0.26,0.24,0.23,0.22,0.22,0.25,0.29,0.34,0.26,,0.23,0.2,0.11,0.13,0.2,0.24,0.11,0.22,0.21,0.19,0.27,0.12,0.26,0.12,0.3,0.2,0.21,0.19,0.34,0.09,0.09,0.18,0.29,0.21,0.14,0.21,0.08,0.37,,0.22,0.25,0.21,0.24,,0.08,0.11,0.19,0.25,0.25,0.1,0.35,0.13,0.08,0.26,0.16,0.23,0.27,0.29,0.15,0.28,0.01,0.22,0.14,0.27,,0.2,0.21,,0.21,0.19,0.17,0.26,0.23,,0.12,0.2,0.28,0.3,0.22,0.13,0.11,0.24,0.3,0.26,0.12,,0.22,0.23,0.21,0.25,0.09,0.23,0.19,0.25,0.12,0.27,,0.09,0.23,0.26,0.36,0.21,0.38,0.19,0.25,0.12,0.23,0.25,0.09,0.1
"Honduras","Q1 2019",0.1,0.21,0.19,0.22,0.18,0.17,0.24,0.21,0.25,0.22,0.2,0.14,0.21,0.36,0.28,0.22,0.15,0.17,0.25,0.19,0.12,0.11,0.18,0.13,0.22,0.27,0.16,0.25,0.28,0.27,0.27,0.08,,0.35,0.18,0.21,0.09,0.33,0.22,0.21,0.28,0.21,0.22,,0.18,0.22,0.23,0.19,0.34,0.25,0.26,0.28,0.21,0.09,0.2,,0.17,0.13,0.22,0.35,0.19,0.21,0.21,0.11,0.11,0.34,0.23,0.15,0.25,0.08,0.19,0.29,0.18,0.33,,0.2,0.1,0.22,0.28,,0.18,0.25,0.23,0.21,0.15,0.22,0.24,0.29,0.33,0.26,,0.22,0.14,0.02,0.14,0.2,0.24,0.12,0.21,0.22,0.19,0.26,0.12,0.26,0.17,0.29,0.19,0.21,0.18,0.34,0.1,0.09,0.18,0.27,0.2,0.12,0.21,0.08,0.35,,0.21,0.24,0.2,0.23,,0.07,0.1,0.2,0.25,0.24,0.09,0.34,0.13,0.08,0.26,0.16,0.23,0.27,0.29,0.23,0.28,0.01,0.21,0.14,0.26,,0.19,0.19,,0.19,0.19,0.18,0.26,0.21,,0.12,0.11,0.28,0.22,0.21,0.13,0.12,0.24,0.29,0.25,0.12,,0.22,0.23,0.21,0.24,0.09,0.22,0.19,0.24,0.11,0.26,0.15,0.02,0.23,0.26,0.36,0.14,0.37,0.18,0.23,0.12,0.22,0.24,0.02,0.1
"Honduras","Q1 2020",0.11,0.14,0.18,0.21,0.17,0.17,0.22,0.2,0.23,0.21,0.11,0.14,0.19,0.26,0.27,0.21,0.15,0.16,0.23,0.18,0.11,0.11,0.09,0.12,0.2,0.24,0.15,0.23,0.26,0.24,0.25,0.08,,0.32,0.11,0.13,0.09,0.3,0.14,0.13,0.25,0.2,0.13,,0.11,0.14,0.21,0.18,0.32,0.23,0.23,0.27,0.19,0.09,0.12,,0.09,0.12,0.13,0.26,0.11,0.2,0.2,0.1,0.1,0.25,0.21,0.09,0.23,0.01,0.18,0.21,0.18,0.31,,0.12,0.09,0.2,0.27,,0.17,0.23,0.22,0.12,0.14,0.2,0.22,0.25,0.31,0.24,,0.14,0.13,0.1,0.13,0.12,0.15,0.11,0.14,0.13,0.12,0.24,0.11,0.23,0.17,0.2,0.11,0.13,0.11,0.32,0.1,0.1,0.17,0.24,0.2,0.12,0.19,0.01,0.26,,0.2,0.23,0.19,0.22,,0.07,0.1,0.12,0.23,0.22,0.09,0.32,0.12,0.08,0.23,0.14,0.22,0.24,0.28,0.22,0.25,0.01,0.13,0.13,0.23,,0.18,0.18,,0.18,0.18,0.1,0.23,0.2,,0.12,0.11,0.25,0.21,0.14,0.12,0.12,0.22,0.26,0.23,0.11,,0.2,0.14,0.12,0.22,0.09,0.21,0.17,0.22,0.1,0.23,0.14,0.01,0.22,0.24,0.26,0.13,0.34,0.17,0.22,0.11,0.2,0.22,0.01,0.11
"Honduras","Q1 2021",0.1,0.14,0.18,0.2,0.17,0.18,0.22,0.2,0.23,0.22,0.12,0.14,0.19,0.26,0.26,0.21,0.15,0.16,0.23,0.17,0.11,0.11,0.09,0.13,0.21,0.25,0.21,0.22,0.26,0.25,0.25,0.08,,0.33,0.1,0.13,0.09,0.31,0.14,0.13,0.26,0.2,0.13,,0.1,0.14,0.21,0.18,0.31,0.23,0.23,0.27,0.19,0.1,0.12,,0.1,0.12,0.14,0.26,0.11,0.2,0.19,0.1,0.1,0.25,0.22,0.09,0.24,0.1,0.18,0.22,0.18,0.31,,0.11,0.09,0.2,0.2,,0.18,0.24,0.21,0.12,0.21,0.2,0.23,0.26,0.3,0.24,,0.15,0.13,0.1,0.12,0.12,0.15,0.1,0.13,0.13,0.11,0.24,0.11,0.23,0.18,0.21,0.11,0.12,0.11,0.32,0.1,0.1,0.17,0.25,0.2,0.13,0.19,,0.27,,0.2,0.23,0.28,0.22,0.08,0.07,0.1,0.12,0.23,0.23,0.09,0.32,0.13,0.08,0.23,0.14,0.23,0.24,0.28,0.15,0.26,0.01,0.12,0.14,0.24,,0.17,0.18,,0.18,0.19,0.1,0.24,0.2,,0.11,0.11,0.26,0.21,0.13,0.12,0.12,0.22,0.27,0.23,0.11,,0.2,0.14,0.12,0.23,0.09,0.21,0.18,0.22,0.1,0.24,0.14,0.01,0.22,0.24,0.27,0.13,0.34,0.18,0.22,0.12,0.2,0.23,,0.11
"Iceland","Q1 2016",0.1,0.18,0.17,0.19,0.16,0.17,0.18,0.18,0.19,0.19,0.18,0.1,0.18,0.22,0.18,0.19,0.15,0.17,0.19,0.16,0.09,0.1,0.1,0.1,0.18,0.26,0.15,0.18,0.22,0.21,0.2,,,0.2,0.1,0.18,0.09,0.19,0.18,0.18,0.18,0.18,0.18,,0.17,0.25,0.19,0.17,0.2,0.18,0.2,0.17,0.17,0.08,0.18,,0.24,0.18,0.19,0.21,0.17,0.18,0.18,0.17,0.1,0.28,0.19,0.08,0.19,0.21,0.18,0.18,0.17,0.19,,0.18,0.09,0.18,0.18,0.18,,0.2,0.18,0.18,0.1,0.18,0.19,0.21,0.2,0.2,,0.18,0.11,0.1,0.17,0.18,0.19,0.17,0.18,0.18,0.1,0.21,0.1,0.2,0.1,0.17,0.1,0.18,0.1,0.2,0.08,0.09,0.16,0.21,0.11,0.1,0.18,0.08,0.28,,0.18,0.19,0.17,0.19,,0.07,0.09,0.25,0.2,0.19,,0.2,0.1,0.07,0.19,0.11,0.19,0.2,0.17,0.18,0.21,0.07,0.18,0.18,0.21,,0.17,0.18,,0.18,0.17,0.16,0.2,0.18,,0.1,0.17,0.21,0.19,0.18,0.11,0.1,0.2,0.22,0.2,0.1,,0.18,0.26,0.17,0.19,0.08,0.18,0.1,0.19,0.1,0.19,,0.09,0.18,0.2,0.28,0.11,0.28,0.17,0.18,0.11,0.18,0.19,0.09,0.1
"Iceland","Q1 2017",0.09,0.18,0.17,0.18,0.17,0.16,0.18,0.17,0.19,0.19,0.17,0.09,0.18,0.21,0.18,0.18,0.14,0.16,0.18,0.17,0.09,0.09,0.09,0.1,0.18,0.26,0.15,0.18,0.21,0.2,0.2,0.08,,0.2,0.09,0.18,0.08,0.18,0.18,0.17,0.18,0.17,0.17,,0.16,0.25,0.18,0.17,0.19,0.18,0.2,0.17,0.17,0.08,0.17,,0.23,0.18,0.18,0.21,0.17,0.18,0.17,0.17,0.09,0.28,0.18,0.08,0.19,0.14,0.17,0.18,0.17,0.19,,0.17,0.09,0.18,0.17,0.18,,0.19,0.17,0.17,0.1,0.17,0.19,0.2,0.19,0.2,,0.18,0.1,0.1,0.09,0.17,0.18,0.09,0.17,0.17,0.1,0.2,0.09,0.19,0.1,0.18,0.09,0.18,0.1,0.19,0.09,0.09,0.16,0.2,0.1,0.1,0.18,0.08,0.28,,0.18,0.18,0.16,0.19,,0.07,0.1,0.24,0.19,0.19,0.09,0.19,0.1,0.07,0.18,0.1,0.19,0.2,0.17,0.17,0.2,0,0.18,0.1,0.2,,0.17,0.17,,0.17,0.17,0.16,0.19,0.18,,0.1,0.17,0.21,0.18,0.17,0.1,0.1,0.19,0.21,0.19,0.1,,0.17,0.25,0.17,0.18,0.08,0.18,0.17,0.18,0.09,0.19,,0.08,0.1,0.19,0.28,0.11,0.28,0.17,0.18,0.1,0.18,0.19,0.08,0.09
"Iceland","Q1 2018",0.09,0.18,0.17,0.19,0.17,0.17,0.19,0.18,0.19,0.19,0.1,0.1,0.18,0.21,0.18,0.19,0.15,0.16,0.19,0.17,0.09,0.1,0.1,0.1,0.18,0.26,0.15,0.18,0.21,0.2,0.2,0.08,,0.2,0.09,0.18,0.08,0.19,0.18,0.17,0.18,0.18,0.18,,0.09,0.25,0.18,0.17,0.2,0.18,0.2,0.17,0.17,0.08,0.18,,0.23,0.18,0.18,0.21,0.17,0.18,0.18,0.17,0.1,0.28,0.19,0.08,0.19,0.14,0.17,0.18,0.17,0.19,,0.17,0.09,0.18,0.17,0.18,,0.19,0.18,0.18,0.17,0.18,0.19,0.21,0.19,0.2,,0.18,0.11,0.1,0.1,0.17,0.18,0.1,0.18,0.17,0.1,0.21,0.1,0.19,0.1,0.18,0.1,0.18,0.1,0.2,0.08,0.09,0.16,0.21,0.17,0.1,0.18,0.08,0.28,,0.18,0.19,0.17,0.19,,0.08,0.1,0.24,0.19,0.19,0.09,0.2,0.1,0.07,0.19,0.11,0.19,0.2,0.18,0.11,0.21,0,0.18,0.11,0.2,,0.17,0.18,,0.18,0.17,0.09,0.19,0.18,,0.1,0.17,0.21,0.19,0.17,0.11,0.1,0.19,0.21,0.2,0.1,,0.18,0.25,0.17,0.19,0.08,0.18,0.17,0.19,0.1,0.2,,0.08,0.18,0.2,0.28,0.11,0.27,0.17,0.18,0.1,0.18,0.19,0.08,0.09
"Iceland","Q1 2019",0.09,0.18,0.17,0.18,0.16,0.16,0.18,0.18,0.19,0.19,0.17,0.1,0.18,0.21,0.17,0.18,0.15,0.16,0.19,0.17,0.09,0.1,0.1,0.1,0.18,0.26,0.15,0.18,0.21,0.2,0.2,0.08,,0.2,0.1,0.18,0.08,0.18,0.18,0.17,0.18,0.18,0.18,,0.17,0.25,0.19,0.17,0.2,0.18,0.2,0.17,0.18,0.09,0.18,,0.23,0.11,0.18,0.21,0.17,0.18,0.18,0.09,0.1,0.27,0.18,0.15,0.19,0.14,0.17,0.18,0.16,0.19,,0.17,0.09,0.18,0.17,0.18,,0.19,0.18,0.17,0.1,0.18,0.19,0.21,0.19,0.19,,0.11,0.11,0.01,0.1,0.17,0.18,0.1,0.18,0.18,0.1,0.21,0.1,0.19,0.16,0.18,0.1,0.18,0.1,0.2,0.09,0.09,0.16,0.2,0.17,0.1,0.18,0.08,0.28,,0.18,0.18,0.16,0.19,,0.07,0.1,0.25,0.19,0.19,0.09,0.2,0.1,0.08,0.19,0.11,0.19,0.2,0.17,0.18,0.21,0,0.18,0.11,0.2,,0.17,0.17,,0.17,0.17,0.1,0.2,0.18,,0.1,0.1,0.21,0.18,0.17,0.11,0.1,0.19,0.21,0.2,0.09,,0.18,0.25,0.17,0.19,0.08,0.18,0.17,0.19,0.1,0.2,0.14,0.01,0.18,0.2,0.28,0.11,0.28,0.17,0.18,0.1,0.18,0.19,0.01,0.09
"Iceland","Q1 2020",0.1,0.18,0.17,0.19,0.16,0.17,0.19,0.18,0.19,0.19,0.1,0.1,0.18,0.22,0.18,0.18,0.15,0.16,0.19,0.17,0.1,0.1,0.09,0.1,0.18,0.26,0.15,0.18,0.21,0.2,0.2,0.08,,0.2,0.1,0.18,0.09,0.19,0.19,0.11,0.17,0.18,0.18,,0.16,0.25,0.19,0.17,0.2,0.19,0.2,0.17,0.18,0.09,0.18,,0.23,0.11,0.18,0.21,0.17,0.18,0.18,0.09,0.1,0.28,0.19,0.16,0.2,0.14,0.17,0.19,0.17,0.19,,0.18,0.09,0.18,0.17,0.17,,0.2,0.18,0.1,0.11,0.18,0.19,0.21,0.2,0.2,,0.11,0.11,0.1,0.1,0.18,0.18,0.1,0.18,0.18,0.1,0.21,0.1,0.19,0.17,0.18,0.1,0.19,0.1,0.2,0.09,0.1,0.16,0.21,0.18,0.1,0.18,0.01,0.28,,0.18,0.19,0.17,0.19,,0.07,0.1,0.24,0.2,0.19,0.09,0.2,0.11,0.08,0.19,0.11,0.19,0.2,0.18,0.18,0.21,0,0.18,0.11,0.2,,0.17,0.17,,0.18,0.17,0.09,0.2,0.18,,0.11,0.1,0.21,0.19,0.11,0.11,0.1,0.19,0.21,0.2,0.1,,0.18,0.26,0.17,0.19,0.08,0.18,0.17,0.19,0.09,0.2,0.14,0.01,0.18,0.2,0.28,0.11,0.28,0.17,0.18,0.11,0.18,0.19,0.01,0.1
"Iceland","Q1 2021",0.09,0.18,0.18,0.19,0.16,0.17,0.19,0.18,0.2,0.2,0.1,0.1,0.18,0.22,0.18,0.19,0.15,0.16,0.19,0.17,0.1,0.1,0.09,0.1,0.19,0.26,0.15,0.19,0.22,0.21,0.21,0.08,,0.21,0.1,0.18,0.08,0.19,0.19,0.11,0.18,0.18,0.18,,0.16,0.26,0.19,0.18,0.2,0.19,0.2,0.17,0.18,0.09,0.18,,0.25,0.11,0.19,0.21,0.17,0.18,0.18,0.1,0.1,0.28,0.19,0.16,0.2,0.23,0.18,0.19,0.17,0.19,,0.1,0.09,0.18,0.17,0.18,,0.2,0.18,0.1,0.18,0.18,0.2,0.21,0.2,0.2,,0.11,0.11,0.1,0.1,0.18,0.19,0.1,0.18,0.18,0.1,0.21,0.1,0.2,0.17,0.19,0.11,0.11,0.1,0.2,0.09,0.1,0.16,0.21,0.19,0.11,0.18,,0.29,,0.19,0.19,0.18,0.19,0.08,0.07,0.1,0.24,0.2,0.2,0.08,0.2,0.11,0.08,0.19,0.11,0.2,0.21,0.18,0.12,0.22,0,0.19,0.11,0.2,,0.17,0.17,,0.18,0.18,0.09,0.2,0.19,,0.11,0.1,0.22,0.19,0.11,0.11,0.11,0.2,0.22,0.2,0.1,,0.18,0.26,0.18,0.2,0.09,0.19,0.17,0.19,0.09,0.2,0.14,0.01,0.18,0.21,0.29,0.11,0.28,0.17,0.19,0.11,0.18,0.19,,0.1
"India","Q1 2016",0.19,0.26,0.22,0.43,0.19,0.2,0.35,0.23,0.45,0.4,0.37,0.3,0.22,0.56,0.22,0.39,0.15,0.2,0.36,0.19,0.2,0.21,0.19,0.23,0.29,0.49,0.16,0.36,0.6,0.56,0.54,,,0.42,0.22,0.41,0.1,0.28,0.32,0.33,0.22,0.23,0.29,,0.22,0.32,0.45,0.21,0.36,0.36,0.51,0.21,0.21,0.16,0.21,,0.18,0.25,0.29,0.54,0.2,0.25,0.26,0.23,0.19,0.54,0.4,0.17,0.38,0.09,0.23,0.24,0.23,0.32,,0.25,0.19,0.24,0.23,0.25,0.2,,0.33,0.46,0.23,0.25,0.45,0.54,0.33,0.54,,0.42,0.36,0.2,0.23,0.21,0.44,0.21,0.27,0.25,0.31,0.59,0.28,0.46,0.21,0.22,0.2,0.43,0.31,0.43,0.17,0.18,0.18,0.5,0.33,0.31,0.4,0.16,0.53,,0.27,0.32,0.21,0.42,,0.15,0.19,0.26,0.51,0.5,,0.43,0.24,0.08,0.36,0.37,0.34,0.42,0.23,0.32,0.57,0.08,0.38,0.32,0.5,,0.2,0.23,,0.23,0.22,0.2,0.51,0.29,,0.31,0.23,0.6,0.24,0.35,0.24,0.2,0.49,0.56,0.54,0.36,,0.24,0.34,0.24,0.5,0.17,0.43,0.21,0.3,0.22,0.46,,0.11,0.4,0.55,0.55,0.36,0.56,0.2,0.35,0.22,0.26,0.45,0.11,0.33
"India","Q1 2017",0.2,0.26,0.22,0.42,0.2,0.19,0.35,0.21,0.46,0.4,0.32,0.29,0.23,0.58,0.22,0.38,0.15,0.18,0.36,0.2,0.21,0.21,0.18,0.23,0.37,0.51,0.16,0.38,0.61,0.56,0.55,0.16,,0.44,0.19,0.41,0.1,0.28,0.32,0.35,0.23,0.21,0.29,,0.22,0.34,0.46,0.2,0.39,0.35,0.53,0.22,0.25,0.16,0.22,,0.18,0.25,0.25,0.57,0.2,0.26,0.26,0.21,0.2,0.56,0.39,0.17,0.4,0.08,0.21,0.25,0.23,0.32,,0.24,0.18,0.23,0.23,0.27,0.19,,0.33,0.42,0.36,0.24,0.47,0.56,0.36,0.55,,0.43,0.35,0.2,0.29,0.21,0.39,0.2,0.23,0.23,0.24,0.59,0.27,0.47,0.21,0.24,0.21,0.44,0.28,0.42,0.17,0.18,0.19,0.53,0.25,0.31,0.29,0.09,0.55,,0.27,0.37,0.21,0.4,,0.08,0.22,0.23,0.51,0.48,0.18,0.44,0.24,0.08,0.38,0.37,0.38,0.49,0.24,0.37,0.57,0.08,0.41,0.32,0.48,,0.21,0.22,,0.22,0.21,0.21,0.53,0.29,,0.29,0.21,0.6,0.25,0.36,0.23,0.28,0.48,0.57,0.57,0.27,,0.23,0.38,0.26,0.49,0.17,0.37,0.22,0.26,0.2,0.5,,0.09,0.4,0.55,0.57,0.35,0.57,0.2,0.35,0.22,0.25,0.52,0.09,0.2
"India","Q1 2018",0.18,0.25,0.21,0.33,0.2,0.2,0.36,0.22,0.43,0.41,0.38,0.31,0.23,0.57,0.22,0.38,0.15,0.18,0.37,0.2,0.19,0.21,0.21,0.22,0.28,0.44,0.16,0.38,0.6,0.56,0.56,0.16,,0.43,0.19,0.39,0.1,0.28,0.3,0.35,0.23,0.22,0.27,,0.18,0.34,0.45,0.2,0.39,0.36,0.52,0.22,0.25,0.16,0.21,,0.18,0.25,0.24,0.55,0.21,0.25,0.25,0.2,0.2,0.55,0.37,0.17,0.5,0.08,0.2,0.25,0.21,0.32,,0.23,0.18,0.24,0.22,0.26,0.19,,0.39,0.46,0.39,0.25,0.46,0.56,0.36,0.53,,0.43,0.34,0.2,0.29,0.21,0.38,0.19,0.27,0.25,0.22,0.59,0.27,0.48,0.21,0.24,0.26,0.41,0.21,0.49,0.17,0.17,0.19,0.53,0.25,0.24,0.27,0.09,0.55,,0.26,0.35,0.21,0.38,,0.15,0.2,0.21,0.5,0.49,0.18,0.42,0.23,0.08,0.38,0.38,0.36,0.49,0.23,0.42,0.58,0.15,0.39,0.39,0.41,,0.21,0.22,,0.21,0.21,0.19,0.53,0.3,,0.22,0.22,0.6,0.25,0.35,0.23,0.2,0.47,0.56,0.56,0.24,,0.23,0.36,0.24,0.48,0.17,0.37,0.22,0.26,0.21,0.51,,0.09,0.41,0.55,0.56,0.35,0.56,0.2,0.35,0.21,0.24,0.52,0.09,0.18
"India","Q1 2019",0.19,0.24,0.21,0.31,0.19,0.19,0.35,0.22,0.44,0.4,0.37,0.24,0.22,0.54,0.22,0.37,0.15,0.18,0.36,0.2,0.21,0.21,0.2,0.22,0.32,0.43,0.16,0.37,0.59,0.53,0.54,0.16,,0.41,0.21,0.37,0.1,0.27,0.29,0.33,0.22,0.22,0.28,,0.2,0.33,0.44,0.2,0.38,0.36,0.51,0.22,0.25,0.18,0.22,,0.18,0.24,0.25,0.54,0.2,0.23,0.25,0.19,0.2,0.53,0.37,0.16,0.48,0.08,0.2,0.25,0.21,0.32,,0.24,0.18,0.23,0.22,0.25,0.19,,0.38,0.36,0.39,0.25,0.46,0.55,0.36,0.44,,0.43,0.38,0.09,0.31,0.22,0.38,0.21,0.26,0.3,0.21,0.57,0.28,0.48,0.19,0.24,0.21,0.42,0.21,0.48,0.18,0.17,0.19,0.51,0.24,0.22,0.27,0.16,0.54,,0.25,0.34,0.2,0.37,,0.08,0.2,0.23,0.51,0.47,0.18,0.42,0.24,0.09,0.38,0.39,0.37,0.5,0.23,0.45,0.57,0.15,0.35,0.39,0.4,,0.21,0.2,,0.21,0.21,0.2,0.52,0.27,,0.24,0.2,0.59,0.24,0.34,0.23,0.28,0.47,0.55,0.55,0.21,,0.23,0.35,0.24,0.5,0.17,0.36,0.21,0.26,0.2,0.5,0.15,0.09,0.41,0.54,0.54,0.39,0.55,0.19,0.34,0.21,0.24,0.5,0.09,0.18
"India","Q1 2020",0.2,0.26,0.22,0.34,0.19,0.19,0.35,0.22,0.37,0.42,0.28,0.31,0.22,0.55,0.21,0.36,0.15,0.18,0.36,0.2,0.21,0.21,0.17,0.22,0.27,0.5,0.16,0.36,0.58,0.53,0.54,0.16,,0.42,0.22,0.4,0.1,0.31,0.3,0.33,0.21,0.22,0.28,,0.2,0.34,0.44,0.21,0.38,0.38,0.51,0.21,0.25,0.17,0.23,,0.18,0.23,0.25,0.54,0.2,0.25,0.26,0.19,0.2,0.53,0.44,0.18,0.48,0.08,0.21,0.28,0.22,0.31,,0.24,0.17,0.23,0.22,0.23,0.2,,0.4,0.33,0.42,0.24,0.46,0.55,0.36,0.45,,0.42,0.35,0.2,0.31,0.23,0.38,0.21,0.27,0.24,0.23,0.57,0.27,0.46,0.21,0.27,0.2,0.42,0.21,0.49,0.19,0.19,0.19,0.52,0.33,0.24,0.27,0.09,0.54,,0.24,0.33,0.2,0.38,,0.08,0.2,0.22,0.5,0.5,0.18,0.43,0.23,0.09,0.36,0.36,0.36,0.41,0.23,0.45,0.57,0.15,0.38,0.39,0.43,,0.2,0.2,,0.21,0.22,0.18,0.52,0.27,,0.24,0.2,0.58,0.24,0.34,0.22,0.29,0.47,0.56,0.55,0.21,,0.23,0.35,0.23,0.49,0.17,0.36,0.2,0.26,0.2,0.5,0.16,0.09,0.41,0.55,0.55,0.35,0.56,0.2,0.35,0.21,0.23,0.49,0.09,0.2
"India","Q1 2021",0.19,0.26,0.22,0.32,0.19,0.2,0.35,0.22,0.38,0.43,0.38,0.32,0.23,0.55,0.21,0.38,0.15,0.18,0.36,0.2,0.2,0.21,0.17,0.23,0.37,0.49,0.16,0.36,0.6,0.54,0.56,0.16,,0.43,0.2,0.38,0.1,0.31,0.3,0.33,0.22,0.22,0.28,,0.19,0.35,0.44,0.21,0.39,0.38,0.51,0.21,0.25,0.19,0.22,,0.19,0.23,0.25,0.55,0.2,0.25,0.25,0.19,0.2,0.53,0.46,0.18,0.49,0.11,0.21,0.29,0.22,0.34,,0.21,0.17,0.23,0.22,0.24,0.2,,0.32,0.38,0.43,0.24,0.47,0.54,0.37,0.44,,0.44,0.36,0.2,0.29,0.22,0.45,0.2,0.26,0.24,0.2,0.58,0.27,0.46,0.21,0.28,0.21,0.4,0.2,0.5,0.19,0.19,0.19,0.53,0.36,0.23,0.27,,0.54,,0.24,0.34,0.23,0.38,0.1,0.08,0.2,0.22,0.5,0.52,0.17,0.43,0.24,0.09,0.36,0.27,0.38,0.5,0.23,0.47,0.57,0.08,0.37,0.33,0.43,,0.2,0.2,,0.21,0.22,0.18,0.53,0.29,,0.23,0.2,0.6,0.24,0.34,0.23,0.3,0.49,0.57,0.57,0.2,,0.23,0.36,0.24,0.5,0.17,0.44,0.22,0.26,0.19,0.5,0.16,0.09,0.42,0.56,0.55,0.35,0.57,0.21,0.35,0.21,0.22,0.5,,0.19
"Indonesia","Q1 2016",0.17,0.22,0.2,0.25,0.17,0.17,0.27,0.19,0.38,0.24,0.24,0.21,0.19,0.4,0.19,0.25,0.15,0.18,0.27,0.17,0.19,0.18,0.1,0.21,0.23,0.32,0.15,0.28,0.42,0.41,0.41,,,0.31,0.18,0.24,0.16,0.24,0.26,0.24,0.19,0.2,0.23,,0.18,0.25,0.27,0.18,0.28,0.28,0.31,0.19,0.18,0.08,0.19,,0.17,0.23,0.25,0.33,0.11,0.23,0.21,0.19,0.1,0.39,0.27,0.15,0.27,0.08,0.19,0.21,0.21,0.26,,0.21,0.1,0.21,0.2,0.22,0.18,0.33,,0.29,0.14,0.21,0.28,0.39,0.28,0.41,,0.25,0.23,0.18,0.2,0.19,0.27,0.18,0.22,0.22,0.2,0.42,0.19,0.28,0.19,0.19,0.18,0.25,0.2,0.31,0.16,0.17,0.16,0.3,0.21,0.22,0.24,0.16,0.32,,0.24,0.35,0.19,0.28,,0.14,0.17,0.22,0.31,0.31,,0.32,0.29,0.08,0.28,0.34,0.26,0.3,0.21,0.21,0.42,0.07,0.24,0.24,0.38,,0.18,0.19,,0.19,0.2,0.18,0.31,0.24,,0.2,0.19,0.42,0.2,0.26,0.28,0.11,0.28,0.33,0.33,0.22,,0.21,0.26,0.21,0.39,0.23,0.26,0.19,0.25,0.19,0.29,,0.16,0.25,0.32,0.33,0.23,0.41,0.18,0.26,0.2,0.22,0.39,0.16,0.21
"Indonesia","Q1 2017",0.18,0.22,0.2,0.25,0.18,0.17,0.27,0.18,0.38,0.25,0.21,0.21,0.2,0.4,0.2,0.25,0.15,0.17,0.27,0.18,0.19,0.19,0.1,0.21,0.25,0.31,0.15,0.27,0.42,0.41,0.4,0.15,,0.31,0.17,0.24,0.16,0.24,0.26,0.24,0.2,0.18,0.23,,0.18,0.25,0.26,0.18,0.28,0.27,0.31,0.2,0.21,0.08,0.2,,0.17,0.23,0.22,0.33,0.11,0.23,0.22,0.18,0.18,0.39,0.26,0.16,0.28,0.08,0.18,0.21,0.21,0.28,,0.2,0.1,0.2,0.2,0.23,0.17,0.33,,0.28,0.22,0.21,0.28,0.39,0.27,0.41,,0.25,0.23,0.18,0.13,0.19,0.26,0.11,0.2,0.21,0.2,0.41,0.19,0.27,0.19,0.21,0.19,0.24,0.19,0.29,0.16,0.17,0.17,0.31,0.21,0.28,0.24,0.15,0.33,,0.24,0.35,0.19,0.27,,0.14,0.2,0.2,0.29,0.3,0.17,0.31,0.29,0.08,0.27,0.35,0.26,0.29,0.21,0.23,0.41,0.07,0.23,0.24,0.37,,0.18,0.19,,0.19,0.19,0.18,0.31,0.24,,0.19,0.19,0.42,0.21,0.26,0.28,0.12,0.27,0.33,0.33,0.21,,0.2,0.27,0.22,0.39,0.23,0.25,0.2,0.22,0.18,0.3,,0.08,0.25,0.31,0.33,0.22,0.4,0.18,0.26,0.2,0.21,0.39,0.08,0.11
"Indonesia","Q1 2018",0.17,0.22,0.2,0.29,0.18,0.18,0.32,0.2,0.41,0.29,0.26,0.23,0.21,0.46,0.2,0.27,0.15,0.17,0.32,0.19,0.18,0.19,0.19,0.21,0.25,0.43,0.15,0.32,0.48,0.47,0.47,0.15,,0.36,0.17,0.29,0.16,0.25,0.26,0.29,0.21,0.2,0.24,,0.1,0.29,0.31,0.18,0.34,0.32,0.36,0.21,0.22,0.09,0.2,,0.17,0.24,0.23,0.38,0.19,0.24,0.22,0.19,0.18,0.45,0.27,0.16,0.35,0.08,0.19,0.22,0.2,0.29,,0.21,0.17,0.21,0.2,0.24,0.18,0.39,,0.32,0.29,0.22,0.33,0.45,0.32,0.46,,0.3,0.23,0.18,0.13,0.2,0.31,0.18,0.23,0.24,0.2,0.48,0.19,0.33,0.2,0.22,0.23,0.28,0.19,0.36,0.16,0.16,0.17,0.43,0.22,0.3,0.24,0.15,0.45,,0.24,0.4,0.2,0.28,,0.15,0.19,0.19,0.33,0.35,0.17,0.36,0.29,0.08,0.33,0.37,0.3,0.35,0.21,0.29,0.48,0.07,0.28,0.29,0.42,,0.19,0.2,,0.19,0.2,0.17,0.36,0.26,,0.2,0.2,0.48,0.22,0.29,0.29,0.11,0.32,0.38,0.46,0.22,,0.21,0.3,0.22,0.45,0.23,0.3,0.2,0.23,0.19,0.35,,0.09,0.3,0.37,0.45,0.24,0.46,0.19,0.31,0.2,0.21,0.45,0.09,0.1
"Indonesia","Q1 2019",0.17,0.2,0.2,0.27,0.17,0.17,0.31,0.2,0.4,0.29,0.28,0.23,0.2,0.45,0.2,0.26,0.15,0.17,0.31,0.18,0.2,0.19,0.18,0.21,0.27,0.42,0.15,0.32,0.48,0.46,0.47,0.15,,0.35,0.18,0.27,0.16,0.24,0.25,0.29,0.2,0.2,0.24,,0.18,0.3,0.31,0.18,0.33,0.32,0.35,0.2,0.22,0.1,0.21,,0.17,0.22,0.23,0.38,0.11,0.22,0.22,0.11,0.18,0.44,0.26,0.08,0.34,0.08,0.18,0.22,0.2,0.29,,0.21,0.1,0.2,0.2,0.23,0.18,0.38,,0.25,0.29,0.22,0.33,0.44,0.32,0.45,,0.31,0.27,0.08,0.22,0.2,0.32,0.12,0.22,0.27,0.19,0.47,0.2,0.34,0.18,0.21,0.19,0.3,0.18,0.36,0.18,0.16,0.17,0.36,0.21,0.27,0.24,0.15,0.38,,0.23,0.38,0.19,0.27,,0.14,0.18,0.2,0.35,0.33,0.17,0.36,0.29,0.08,0.33,0.37,0.31,0.35,0.22,0.32,0.47,0.07,0.25,0.29,0.41,,0.19,0.18,,0.18,0.2,0.18,0.36,0.23,,0.2,0.12,0.48,0.21,0.3,0.28,0.12,0.33,0.38,0.45,0.13,,0.2,0.31,0.21,0.45,0.23,0.31,0.2,0.23,0.18,0.35,0.15,0.08,0.3,0.37,0.39,0.27,0.46,0.18,0.3,0.2,0.21,0.44,0.08,0.1
"Indonesia","Q1 2020",0.18,0.22,0.21,0.31,0.17,0.18,0.31,0.2,0.4,0.31,0.13,0.23,0.19,0.47,0.19,0.26,0.15,0.17,0.32,0.18,0.2,0.19,0.1,0.21,0.23,0.46,0.15,0.34,0.51,0.49,0.5,0.15,,0.38,0.19,0.29,0.16,0.27,0.26,0.31,0.19,0.2,0.24,,0.18,0.32,0.32,0.19,0.34,0.34,0.38,0.2,0.21,0.1,0.21,,0.17,0.29,0.22,0.41,0.11,0.24,0.22,0.11,0.18,0.46,0.34,0.16,0.37,0.08,0.19,0.25,0.21,0.28,,0.21,0.1,0.2,0.2,0.22,0.18,0.4,,0.24,0.32,0.2,0.35,0.47,0.32,0.49,,0.33,0.24,0.19,0.21,0.21,0.34,0.12,0.22,0.22,0.2,0.5,0.2,0.34,0.2,0.24,0.18,0.32,0.19,0.38,0.18,0.18,0.17,0.39,0.22,0.28,0.24,0.15,0.41,,0.29,0.38,0.19,0.27,,0.14,0.19,0.2,0.37,0.36,0.17,0.39,0.29,0.09,0.34,0.34,0.33,0.37,0.21,0.33,0.5,0.07,0.27,0.29,0.37,,0.18,0.18,,0.19,0.21,0.1,0.38,0.24,,0.21,0.11,0.51,0.21,0.32,0.21,0.13,0.35,0.4,0.47,0.13,,0.2,0.33,0.2,0.48,0.23,0.33,0.19,0.23,0.18,0.37,0.15,0.15,0.3,0.4,0.41,0.24,0.49,0.18,0.31,0.21,0.21,0.46,0.15,0.12
"Indonesia","Q1 2021",0.1,0.14,0.2,0.24,0.17,0.17,0.26,0.19,0.37,0.25,0.23,0.24,0.19,0.32,0.18,0.25,0.15,0.16,0.27,0.17,0.19,0.12,0.09,0.21,0.24,0.3,0.15,0.26,0.41,0.4,0.4,0.15,,0.31,0.11,0.24,0.16,0.26,0.24,0.24,0.18,0.19,0.16,,0.1,0.25,0.25,0.18,0.28,0.27,0.29,0.19,0.2,0.1,0.19,,0.11,0.21,0.21,0.31,0.11,0.22,0.2,0.11,0.17,0.31,0.26,0.09,0.29,0.1,0.18,0.24,0.2,0.27,,0.11,0.09,0.19,0.2,0.21,0.18,0.32,,0.23,0.26,0.2,0.28,0.3,0.27,0.39,,0.26,0.23,0.18,0.13,0.19,0.26,0.11,0.13,0.22,0.11,0.41,0.18,0.26,0.19,0.23,0.12,0.23,0.11,0.3,0.18,0.1,0.17,0.3,0.23,0.28,0.22,,0.32,,0.22,0.35,0.2,0.25,0.15,0.14,0.18,0.12,0.28,0.29,0.16,0.31,0.29,0.08,0.27,0.33,0.26,0.29,0.2,0.27,0.41,0.07,0.23,0.25,0.35,,0.17,0.18,,0.18,0.2,0.1,0.3,0.23,,0.19,0.11,0.41,0.2,0.24,0.21,0.12,0.27,0.32,0.32,0.12,,0.19,0.25,0.13,0.39,0.23,0.26,0.2,0.22,0.1,0.29,0.15,0.08,0.27,0.31,0.32,0.23,0.39,0.18,0.26,0.2,0.19,0.38,,0.11
"Iran (Islamic Republic of)","Q1 2016",0.18,0.23,0.2,0.39,0.11,0.11,0.33,0.2,0.34,0.3,0.29,0.23,0.13,0.52,0.2,0.36,0.08,0.12,0.34,0.1,0.19,0.19,0.18,0.21,0.26,0.38,0.09,0.33,0.51,0.49,0.48,,,0.38,0.2,0.38,0.1,0.25,0.29,0.31,0.2,0.21,0.26,,0.2,0.33,0.41,0.12,0.31,0.32,0.42,0.13,0.19,0.16,0.2,,0.17,0.22,0.26,0.45,0.19,0.23,0.23,0.21,0.11,0.51,0.37,0.16,0.37,0.08,0.14,0.22,0.21,0.28,,0.23,0.18,0.21,0.14,0.23,0.18,0.46,0.29,,0.28,0.22,0.35,0.51,0.29,0.41,,0.39,0.33,0.18,0.21,0.2,0.37,0.2,0.3,0.23,0.22,0.51,0.2,0.39,0.19,0.2,0.18,0.34,0.22,0.39,0.16,0.17,0.1,0.42,0.24,0.23,0.38,0.09,0.44,,0.24,0.29,0.13,0.38,,0.08,0.18,0.22,0.48,0.43,,0.39,0.22,0.08,0.33,0.28,0.35,0.4,0.22,0.23,0.5,0.08,0.34,0.29,0.4,,0.12,0.14,,0.14,0.2,0.19,0.48,0.26,,0.23,0.21,0.51,0.21,0.33,0.22,0.2,0.45,0.52,0.49,0.28,,0.22,0.35,0.23,0.43,0.16,0.41,0.19,0.27,0.2,0.39,,0.1,0.3,0.5,0.45,0.32,0.45,0.12,0.32,0.2,0.23,0.39,0.1,0.25
"Iran (Islamic Republic of)","Q1 2017",0.18,0.23,0.19,0.29,0.11,0.11,0.3,0.18,0.34,0.29,0.23,0.21,0.21,0.44,0.2,0.26,0.08,0.1,0.3,0.11,0.19,0.19,0.17,0.21,0.26,0.34,0.08,0.3,0.44,0.42,0.41,0.15,,0.34,0.18,0.29,0.09,0.25,0.27,0.28,0.2,0.18,0.26,,0.19,0.28,0.38,0.11,0.32,0.31,0.42,0.13,0.22,0.15,0.2,,0.17,0.22,0.23,0.44,0.18,0.23,0.22,0.19,0.18,0.43,0.28,0.16,0.32,0.08,0.12,0.22,0.2,0.29,,0.21,0.17,0.2,0.14,0.24,0.17,0.42,0.28,,0.33,0.22,0.32,0.44,0.31,0.35,,0.36,0.32,0.18,0.21,0.19,0.31,0.18,0.21,0.21,0.21,0.43,0.2,0.38,0.19,0.21,0.19,0.29,0.2,0.33,0.16,0.17,0.11,0.35,0.22,0.22,0.25,0.08,0.37,,0.23,0.31,0.12,0.28,,0.08,0.2,0.2,0.34,0.41,0.17,0.34,0.21,0.08,0.31,0.28,0.3,0.33,0.22,0.27,0.43,0.07,0.28,0.27,0.35,,0.12,0.19,,0.2,0.19,0.18,0.42,0.25,,0.2,0.19,0.43,0.22,0.29,0.21,0.2,0.32,0.44,0.42,0.25,,0.2,0.3,0.24,0.4,0.16,0.29,0.19,0.22,0.18,0.41,,0.09,0.29,0.42,0.37,0.31,0.37,0.11,0.3,0.2,0.22,0.33,0.09,0.19
"Iran (Islamic Republic of)","Q1 2018",0.17,0.22,0.19,0.29,0.11,0.11,0.32,0.2,0.32,0.31,0.3,0.23,0.2,0.48,0.2,0.27,0.08,0.1,0.33,0.12,0.18,0.19,0.19,0.2,0.25,0.37,0.09,0.34,0.48,0.46,0.46,0.15,,0.38,0.18,0.29,0.09,0.25,0.26,0.32,0.2,0.2,0.25,,0.1,0.32,0.41,0.11,0.35,0.33,0.4,0.14,0.22,0.15,0.2,,0.17,0.22,0.23,0.47,0.19,0.23,0.22,0.19,0.18,0.47,0.27,0.16,0.38,0.08,0.12,0.22,0.2,0.29,,0.21,0.17,0.21,0.13,0.23,0.18,0.46,0.32,,0.37,0.22,0.36,0.48,0.33,0.38,,0.4,0.32,0.18,0.28,0.2,0.35,0.18,0.3,0.24,0.2,0.48,0.19,0.37,0.2,0.22,0.23,0.32,0.19,0.37,0.16,0.16,0.11,0.4,0.23,0.29,0.24,0.08,0.41,,0.23,0.32,0.13,0.27,,0.08,0.19,0.2,0.37,0.42,0.17,0.37,0.21,0.08,0.35,0.29,0.33,0.38,0.21,0.4,0.47,0.07,0.29,0.3,0.35,,0.12,0.19,,0.19,0.19,0.18,0.46,0.26,,0.2,0.2,0.48,0.22,0.32,0.21,0.19,0.36,0.48,0.46,0.22,,0.21,0.39,0.22,0.35,0.16,0.33,0.2,0.23,0.2,0.46,,0.09,0.31,0.46,0.41,0.32,0.41,0.12,0.32,0.19,0.21,0.37,0.09,0.17
"Iran (Islamic Republic of)","Q1 2019",0.17,0.21,0.19,0.25,0.1,0.1,0.25,0.2,0.27,0.26,0.24,0.2,0.13,0.37,0.2,0.25,0.08,0.1,0.26,0.11,0.19,0.18,0.18,0.19,0.25,0.28,0.08,0.25,0.38,0.29,0.36,0.15,,0.28,0.19,0.25,0.09,0.23,0.25,0.24,0.2,0.2,0.24,,0.18,0.24,0.35,0.11,0.27,0.25,0.36,0.13,0.21,0.17,0.2,,0.17,0.2,0.21,0.37,0.18,0.2,0.22,0.18,0.18,0.36,0.25,0.15,0.28,0.08,0.11,0.22,0.19,0.26,,0.21,0.17,0.2,0.13,0.21,0.17,0.36,0.25,,0.31,0.22,0.27,0.37,0.27,0.27,,0.33,0.33,0.08,0.21,0.2,0.26,0.19,0.29,0.25,0.19,0.3,0.2,0.28,0.17,0.21,0.19,0.26,0.19,0.28,0.17,0.16,0.1,0.29,0.22,0.19,0.23,0.08,0.3,,0.21,0.25,0.12,0.26,,0.07,0.18,0.2,0.29,0.35,0.16,0.27,0.21,0.08,0.26,0.25,0.26,0.28,0.21,0.27,0.3,0.07,0.25,0.25,0.27,,0.12,0.11,,0.11,0.19,0.18,0.36,0.23,,0.21,0.19,0.37,0.21,0.24,0.2,0.2,0.28,0.38,0.36,0.2,,0.2,0.25,0.21,0.27,0.16,0.26,0.19,0.22,0.18,0.36,0.08,0.08,0.26,0.36,0.31,0.33,0.31,0.11,0.25,0.19,0.21,0.27,0.08,0.17
"Iran (Islamic Republic of)","Q1 2020",0.18,0.19,0.19,0.24,0.1,0.1,0.24,0.18,0.25,0.24,0.2,0.2,0.11,0.34,0.18,0.24,0.08,0.09,0.24,0.11,0.19,0.18,0.09,0.19,0.21,0.26,0.08,0.23,0.34,0.26,0.33,0.08,,0.25,0.19,0.24,0.09,0.23,0.24,0.23,0.11,0.18,0.23,,0.17,0.23,0.26,0.11,0.25,0.24,0.27,0.12,0.2,0.09,0.19,,0.09,0.19,0.2,0.27,0.11,0.14,0.21,0.1,0.17,0.27,0.25,0.09,0.26,0.08,0.11,0.23,0.19,0.24,,0.2,0.09,0.19,0.13,0.12,0.1,0.33,0.24,,0.3,0.19,0.25,0.28,0.25,0.25,,0.24,0.3,0.17,0.2,0.19,0.24,0.18,0.27,0.2,0.19,0.34,0.19,0.25,0.18,0.22,0.18,0.24,0.18,0.25,0.16,0.1,0.1,0.27,0.22,0.19,0.22,0.08,0.27,,0.2,0.24,0.11,0.24,,0.07,0.17,0.18,0.26,0.32,0.16,0.25,0.2,0.08,0.24,0.22,0.24,0.25,0.2,0.25,0.27,0.07,0.24,0.24,0.26,,0.11,0.1,,0.11,0.19,0.1,0.27,0.22,,0.2,0.11,0.28,0.13,0.23,0.19,0.19,0.26,0.28,0.33,0.19,,0.19,0.23,0.19,0.25,0.09,0.24,0.11,0.21,0.17,0.33,0.08,0.08,0.24,0.34,0.28,0.3,0.28,0.1,0.23,0.18,0.19,0.25,0.08,0.18
"Iran (Islamic Republic of)","Q1 2021",0.09,0.12,0.18,0.25,0.09,0.1,0.27,0.11,0.27,0.28,0.28,0.19,0.11,0.32,0.1,0.23,0.08,0.09,0.28,0.1,0.17,0.11,0.09,0.18,0.23,0.31,0.08,0.29,0.39,0.31,0.32,0.14,,0.3,0.17,0.25,0.08,0.16,0.22,0.29,0.11,0.11,0.15,,0.1,0.29,0.29,0.1,0.28,0.29,0.31,0.12,0.12,0.1,0.11,,0.1,0.19,0.13,0.32,0.1,0.14,0.13,0.1,0.1,0.31,0.3,0.08,0.31,0.09,0.1,0.16,0.18,0.26,,0.11,0.09,0.11,0.12,0.12,0.1,0.38,0.23,,0.36,0.12,0.3,0.32,0.28,0.3,,0.3,0.29,0.17,0.19,0.12,0.3,0.1,0.19,0.14,0.17,0.39,0.18,0.3,0.17,0.15,0.11,0.29,0.17,0.31,0.16,0.1,0.09,0.31,0.22,0.18,0.21,,0.32,,0.19,0.26,0.12,0.23,0.08,0.07,0.17,0.11,0.31,0.31,0.15,0.3,0.19,0.08,0.29,0.21,0.3,0.31,0.13,0.3,0.32,0.07,0.25,0.26,0.25,,0.1,0.1,,0.1,0.18,0.09,0.31,0.15,,0.18,0.1,0.39,0.12,0.29,0.19,0.19,0.31,0.32,0.31,0.11,,0.11,0.29,0.12,0.3,0.16,0.3,0.18,0.13,0.09,0.31,0.07,0.08,0.27,0.38,0.32,0.29,0.32,0.1,0.27,0.18,0.11,0.3,,0.17
"Iraq","Q1 2016",0.09,0.12,0.1,0.22,0.09,0.09,0.14,0.11,0.22,0.2,0.28,0.12,0.11,0.24,0.11,0.21,0.08,0.1,0.14,0.09,0.11,0.11,0.1,0.12,0.13,0.22,0.08,0.14,0.24,0.23,0.23,,,0.15,0.17,0.21,0.02,0.14,0.14,0.21,0.11,0.11,0.14,,0.1,0.14,0.22,0.1,0.15,0.14,0.22,0.11,0.1,0.08,0.11,,0.09,0.12,0.12,0.23,0.1,0.13,0.12,0.11,0.09,0.24,0.22,0.08,0.22,0.01,0.11,0.12,0.12,0.14,,0.12,0.09,0.12,0.12,0.13,0.1,0.23,0.14,0.28,,0.13,0.22,0.23,0.15,0.23,,0.21,0.21,0.09,0.27,0.11,0.22,0.11,0.2,0.13,0.19,0.23,0.11,0.22,0.1,0.11,0.1,0.21,0.19,0.23,0.08,0.09,0.08,0.23,0.19,0.11,0.21,0.08,0.23,,0.13,0.14,0.11,0.22,,0.07,0.09,0.11,0.29,0.23,,0.15,0.11,0.01,0.14,0.14,0.14,0.22,0.12,0.27,0.23,0,0.21,0.14,0.23,,0.1,0.11,,0.11,0.1,0.1,0.29,0.14,,0.19,0.11,0.23,0.12,0.21,0.11,0.18,0.23,0.24,0.22,0.2,,0.12,0.14,0.12,0.22,0.08,0.21,0.1,0.14,0.11,0.22,,0.02,0.14,0.3,0.24,0.2,0.24,0.1,0.14,0.11,0.13,0.22,0.02,0.19
"Iraq","Q1 2017",0.1,0.13,0.18,0.26,0.1,0.1,0.26,0.11,0.27,0.26,0.28,0.2,0.12,0.3,0.12,0.23,0.08,0.09,0.26,0.1,0.18,0.11,0.1,0.19,0.23,0.28,0.08,0.26,0.36,0.29,0.29,0.08,,0.28,0.17,0.26,0.08,0.14,0.24,0.26,0.12,0.11,0.17,,0.11,0.25,0.28,0.1,0.27,0.26,0.29,0.12,0.13,0.08,0.12,,0.09,0.19,0.13,0.3,0.1,0.14,0.14,0.11,0.1,0.3,0.24,0.08,0.27,0.08,0.11,0.13,0.19,0.23,,0.12,0.09,0.12,0.12,0.14,0.1,0.36,0.22,0.33,,0.13,0.27,0.3,0.27,0.29,,0.26,0.23,0.17,0.27,0.11,0.27,0.11,0.12,0.13,0.19,0.29,0.18,0.28,0.17,0.12,0.11,0.26,0.18,0.27,0.09,0.09,0.1,0.29,0.19,0.19,0.22,0.08,0.29,,0.2,0.26,0.12,0.24,,0.07,0.18,0.12,0.35,0.35,0.16,0.27,0.19,0.07,0.26,0.23,0.27,0.28,0.13,0.33,0.29,0.07,0.25,0.25,0.28,,0.11,0.11,,0.11,0.1,0.1,0.35,0.15,,0.19,0.11,0.29,0.13,0.26,0.18,0.19,0.28,0.3,0.35,0.23,,0.12,0.26,0.15,0.28,0.08,0.26,0.18,0.13,0.1,0.28,,0.08,0.26,0.36,0.3,0.22,0.3,0.1,0.26,0.18,0.13,0.27,0.08,0.18
"Iraq","Q1 2018",0.17,0.21,0.19,0.27,0.11,0.11,0.29,0.19,0.29,0.27,0.33,0.21,0.12,0.4,0.19,0.25,0.08,0.1,0.29,0.11,0.17,0.18,0.18,0.19,0.23,0.31,0.08,0.29,0.4,0.33,0.39,0.08,,0.31,0.17,0.28,0.09,0.23,0.25,0.27,0.2,0.19,0.24,,0.1,0.27,0.3,0.11,0.3,0.29,0.32,0.13,0.21,0.08,0.19,,0.17,0.21,0.21,0.33,0.18,0.21,0.21,0.18,0.18,0.39,0.25,0.16,0.31,0.08,0.11,0.21,0.19,0.27,,0.2,0.17,0.2,0.12,0.22,0.17,0.39,0.29,0.37,,0.21,0.31,0.4,0.29,0.31,,0.3,0.24,0.18,0.28,0.19,0.3,0.17,0.22,0.23,0.19,0.4,0.19,0.31,0.18,0.2,0.22,0.27,0.18,0.31,0.08,0.16,0.1,0.32,0.21,0.21,0.23,0.08,0.33,,0.21,0.29,0.12,0.26,,0.08,0.18,0.19,0.38,0.38,0.16,0.3,0.2,0.08,0.29,0.25,0.28,0.31,0.2,0.35,0.33,0.07,0.27,0.28,0.3,,0.11,0.12,,0.11,0.18,0.17,0.38,0.25,,0.19,0.2,0.34,0.2,0.28,0.2,0.18,0.3,0.4,0.38,0.22,,0.2,0.28,0.21,0.31,0.09,0.28,0.19,0.22,0.19,0.32,,0.08,0.29,0.39,0.33,0.24,0.33,0.11,0.29,0.19,0.2,0.3,0.08,0.17
"Iraq","Q1 2019",0.09,0.13,0.19,0.26,0.1,0.1,0.28,0.12,0.3,0.28,0.33,0.22,0.12,0.33,0.13,0.24,0.08,0.1,0.28,0.11,0.19,0.11,0.11,0.2,0.26,0.31,0.08,0.29,0.4,0.38,0.39,0.15,,0.3,0.18,0.26,0.09,0.16,0.24,0.26,0.12,0.12,0.17,,0.11,0.27,0.29,0.11,0.3,0.29,0.32,0.13,0.14,0.16,0.13,,0.1,0.2,0.15,0.33,0.11,0.2,0.14,0.11,0.11,0.33,0.25,0.08,0.31,0.08,0.11,0.14,0.19,0.27,,0.13,0.09,0.13,0.13,0.15,0.1,0.39,0.29,0.31,,0.14,0.3,0.33,0.29,0.3,,0.29,0.27,0.08,0.29,0.13,0.29,0.11,0.21,0.26,0.19,0.39,0.19,0.31,0.17,0.13,0.12,0.27,0.18,0.31,0.17,0.09,0.1,0.32,0.2,0.2,0.22,0.08,0.33,,0.21,0.29,0.11,0.25,,0.07,0.18,0.12,0.38,0.38,0.16,0.3,0.21,0.08,0.29,0.27,0.28,0.31,0.14,0.37,0.4,0.07,0.24,0.27,0.3,,0.11,0.11,,0.11,0.19,0.11,0.39,0.16,,0.2,0.11,0.4,0.13,0.27,0.2,0.19,0.3,0.34,0.38,0.2,,0.13,0.27,0.13,0.31,0.16,0.27,0.19,0.15,0.11,0.31,0.08,0.08,0.28,0.39,0.33,0.27,0.34,0.1,0.27,0.19,0.13,0.3,0.08,0.17
"Iraq","Q1 2020",0.11,0.14,0.19,0.29,0.1,0.1,0.3,0.12,0.29,0.29,0.27,0.22,0.12,0.36,0.12,0.25,0.08,0.1,0.3,0.11,0.19,0.12,0.09,0.2,0.15,0.34,0.08,0.31,0.43,0.41,0.42,0.15,,0.33,0.18,0.29,0.09,0.19,0.25,0.29,0.11,0.12,0.17,,0.11,0.3,0.31,0.11,0.32,0.32,0.35,0.12,0.13,0.16,0.13,,0.1,0.2,0.14,0.36,0.11,0.22,0.14,0.1,0.11,0.35,0.31,0.09,0.34,0.08,0.11,0.17,0.2,0.26,,0.13,0.09,0.12,0.13,0.14,0.11,0.42,0.32,0.3,,0.13,0.33,0.36,0.3,0.34,,0.32,0.24,0.18,0.29,0.13,0.32,0.11,0.21,0.14,0.2,0.42,0.19,0.32,0.18,0.16,0.11,0.3,0.18,0.34,0.17,0.1,0.1,0.35,0.22,0.21,0.22,0.08,0.36,,0.2,0.29,0.12,0.25,,0.07,0.18,0.12,0.41,0.41,0.16,0.33,0.21,0.08,0.31,0.25,0.31,0.33,0.14,0.39,0.42,0.07,0.26,0.28,0.29,,0.11,0.11,,0.11,0.19,0.1,0.41,0.16,,0.2,0.11,0.42,0.13,0.31,0.2,0.2,0.33,0.36,0.41,0.19,,0.13,0.3,0.13,0.33,0.16,0.3,0.18,0.15,0.1,0.34,0.08,0.08,0.3,0.42,0.36,0.24,0.37,0.1,0.3,0.19,0.13,0.33,0.08,0.18
"Iraq","Q1 2021",0.1,0.14,0.19,0.26,0.17,0.17,0.3,0.19,0.31,0.3,0.36,0.22,0.19,0.38,0.18,0.26,0.15,0.16,0.3,0.17,0.19,0.12,0.09,0.21,0.24,0.35,0.15,0.32,0.45,0.43,0.44,0.15,,0.35,0.18,0.26,0.09,0.26,0.24,0.31,0.18,0.19,0.16,,0.1,0.31,0.31,0.18,0.32,0.32,0.36,0.19,0.2,0.17,0.12,,0.11,0.2,0.15,0.37,0.11,0.22,0.2,0.11,0.11,0.37,0.33,0.09,0.36,0.1,0.18,0.24,0.2,0.29,,0.11,0.09,0.19,0.2,0.21,0.18,0.43,0.26,0.36,,0.2,0.34,0.37,0.31,0.36,,0.33,0.24,0.18,0.28,0.12,0.34,0.11,0.21,0.15,0.18,0.44,0.19,0.34,0.18,0.23,0.12,0.31,0.18,0.35,0.17,0.1,0.17,0.37,0.24,0.21,0.22,,0.38,,0.21,0.29,0.2,0.26,0.08,0.07,0.18,0.12,0.42,0.42,0.16,0.34,0.21,0.08,0.32,0.24,0.33,0.35,0.2,0.42,0.38,0.07,0.26,0.28,0.29,,0.17,0.18,,0.18,0.19,0.1,0.43,0.23,,0.2,0.11,0.45,0.2,0.31,0.2,0.2,0.35,0.38,0.43,0.19,,0.19,0.32,0.13,0.35,0.16,0.33,0.19,0.22,0.1,0.36,0.15,0.08,0.3,0.44,0.38,0.24,0.45,0.18,0.3,0.19,0.19,0.42,,0.18
"Ireland","Q1 2016",0.17,0.22,0.11,0.23,0.1,0.17,0.22,0.2,0.24,0.22,0.21,0.13,0.19,0.34,0.26,0.23,0.08,0.18,0.23,0.09,0.11,0.18,0.17,0.12,0.21,0.24,0.15,0.23,0.27,0.25,0.25,,,0.25,0.18,0.22,0.09,0.3,0.22,0.22,0.19,0.2,0.29,,0.19,0.22,0.23,0.18,0.25,0.23,0.32,0.19,0.18,0.08,0.19,,0.17,0.13,0.22,0.33,0.18,0.21,0.21,0.19,0.17,0.33,0.23,0.16,0.31,0.08,0.19,0.21,0.12,0.23,,0.21,0.17,0.21,0.2,0.22,0.18,0.25,0.21,0.22,0.13,,0.3,0.33,0.24,0.25,,0.22,0.21,0.1,0.13,0.19,0.24,0.18,0.22,0.2,0.2,0.26,0.11,0.25,0.11,0.2,0.18,0.22,0.2,0.25,0.09,0.17,0.09,0.26,0.21,0.12,0.21,0.08,0.33,,0.22,0.22,0.19,0.23,,0.07,0.1,0.2,0.24,0.24,,0.32,0.12,0.08,0.23,0.14,0.22,0.32,0.2,0.21,0.26,0.07,0.21,0.22,0.25,,0.11,0.19,,0.19,0.11,0.18,0.24,0.22,,0.12,0.19,0.26,0.2,0.22,0.12,0.11,0.24,0.34,0.24,0.2,,0.21,0.22,0.21,0.22,0.09,0.23,0.11,0.23,0.2,0.31,,0.09,0.23,0.25,0.34,0.21,0.27,0.11,0.22,0.12,0.22,0.24,0.09,0.19
"Ireland","Q1 2017",0.18,0.22,0.11,0.22,0.1,0.1,0.22,0.18,0.23,0.22,0.2,0.12,0.2,0.33,0.27,0.22,0.08,0.1,0.23,0.11,0.12,0.19,0.17,0.12,0.22,0.24,0.15,0.22,0.26,0.25,0.24,0.08,,0.25,0.17,0.22,0.09,0.3,0.22,0.22,0.27,0.18,0.29,,0.18,0.21,0.23,0.1,0.25,0.22,0.31,0.2,0.2,0.08,0.2,,0.17,0.13,0.21,0.26,0.18,0.21,0.21,0.18,0.17,0.33,0.22,0.16,0.3,0.08,0.11,0.21,0.12,0.24,,0.2,0.17,0.2,0.2,0.22,0.17,0.24,0.21,0.22,0.13,,0.3,0.33,0.24,0.24,,0.22,0.21,0.1,0.12,0.19,0.24,0.18,0.2,0.19,0.19,0.25,0.11,0.24,0.11,0.21,0.19,0.21,0.18,0.24,0.09,0.16,0.1,0.25,0.2,0.12,0.21,0.01,0.33,,0.21,0.22,0.19,0.23,,0.07,0.12,0.2,0.24,0.23,0.09,0.31,0.13,0.08,0.23,0.14,0.22,0.31,0.21,0.21,0.25,0.07,0.21,0.21,0.24,,0.11,0.19,,0.19,0.11,0.18,0.24,0.22,,0.11,0.19,0.26,0.21,0.22,0.12,0.11,0.23,0.33,0.24,0.18,,0.2,0.22,0.21,0.22,0.09,0.22,0.11,0.22,0.18,0.31,,0.02,0.22,0.24,0.33,0.21,0.27,0.11,0.22,0.12,0.22,0.23,0.02,0.1
"Ireland","Q1 2018",0.17,0.22,0.12,0.23,0.11,0.11,0.23,0.2,0.24,0.22,0.12,0.13,0.2,0.34,0.27,0.23,0.08,0.1,0.23,0.11,0.1,0.19,0.19,0.12,0.22,0.25,0.15,0.23,0.27,0.25,0.25,0.08,,0.26,0.17,0.22,0.09,0.3,0.23,0.22,0.27,0.2,0.29,,0.1,0.21,0.23,0.11,0.25,0.23,0.32,0.2,0.21,0.08,0.2,,0.17,0.14,0.21,0.33,0.19,0.21,0.21,0.19,0.18,0.34,0.23,0.16,0.31,0.08,0.11,0.22,0.12,0.24,,0.2,0.17,0.21,0.2,0.22,0.18,0.25,0.22,0.22,0.21,,0.31,0.34,0.24,0.24,,0.23,0.21,0.11,0.12,0.2,0.23,0.18,0.23,0.2,0.19,0.26,0.11,0.24,0.11,0.22,0.21,0.21,0.18,0.25,0.08,0.16,0.1,0.33,0.21,0.13,0.2,0.01,0.34,,0.21,0.22,0.19,0.23,,0.08,0.11,0.19,0.25,0.24,0.09,0.32,0.13,0.08,0.23,0.14,0.22,0.32,0.2,0.21,0.26,0.07,0.22,0.22,0.25,,0.12,0.19,,0.19,0.11,0.17,0.25,0.23,,0.11,0.2,0.27,0.21,0.21,0.13,0.11,0.24,0.34,0.25,0.11,,0.2,0.23,0.22,0.23,0.09,0.23,0.12,0.22,0.19,0.32,,0.02,0.23,0.25,0.34,0.21,0.28,0.11,0.23,0.12,0.21,0.23,0.02,0.1
"Ireland","Q1 2019",0.17,0.21,0.12,0.23,0.1,0.1,0.23,0.2,0.25,0.23,0.13,0.12,0.19,0.34,0.27,0.23,0.08,0.1,0.24,0.11,0.12,0.18,0.18,0.12,0.23,0.25,0.15,0.24,0.27,0.25,0.26,0.08,,0.26,0.18,0.22,0.09,0.3,0.23,0.22,0.2,0.2,0.3,,0.18,0.22,0.24,0.18,0.25,0.24,0.32,0.2,0.21,0.09,0.2,,0.17,0.13,0.22,0.34,0.18,0.2,0.22,0.18,0.18,0.34,0.23,0.15,0.32,0.08,0.18,0.22,0.11,0.24,,0.21,0.17,0.2,0.2,0.22,0.18,0.25,0.22,0.22,0.14,,0.31,0.34,0.25,0.24,,0.22,0.22,0.01,0.13,0.2,0.24,0.19,0.22,0.23,0.19,0.26,0.12,0.25,0.1,0.21,0.19,0.22,0.18,0.32,0.1,0.16,0.1,0.26,0.2,0.12,0.22,0.08,0.34,,0.21,0.23,0.19,0.24,,0.07,0.1,0.2,0.24,0.24,0.09,0.32,0.13,0.08,0.24,0.15,0.23,0.33,0.21,0.23,0.27,0.07,0.22,0.22,0.25,,0.11,0.18,,0.18,0.12,0.18,0.26,0.22,,0.13,0.18,0.27,0.21,0.22,0.13,0.11,0.24,0.34,0.25,0.12,,0.2,0.23,0.22,0.23,0.09,0.23,0.12,0.23,0.18,0.32,0.08,0.01,0.23,0.25,0.35,0.22,0.28,0.11,0.23,0.12,0.21,0.24,0.01,0.1
"Ireland","Q1 2020",0.18,0.21,0.12,0.21,0.1,0.1,0.21,0.2,0.22,0.22,0.11,0.12,0.19,0.33,0.26,0.21,0.08,0.1,0.22,0.11,0.12,0.19,0.16,0.12,0.21,0.24,0.15,0.21,0.26,0.24,0.24,0.08,,0.24,0.18,0.21,0.09,0.29,0.22,0.2,0.19,0.2,0.28,,0.18,0.21,0.22,0.18,0.24,0.22,0.31,0.19,0.2,0.09,0.2,,0.17,0.13,0.21,0.32,0.18,0.2,0.21,0.17,0.18,0.32,0.22,0.16,0.3,0.08,0.18,0.21,0.11,0.22,,0.2,0.16,0.2,0.2,0.2,0.18,0.24,0.2,0.19,0.13,,0.29,0.32,0.23,0.23,,0.2,0.21,0.1,0.12,0.2,0.22,0.18,0.22,0.2,0.19,0.25,0.11,0.23,0.11,0.2,0.19,0.21,0.18,0.24,0.1,0.17,0.1,0.25,0.2,0.12,0.2,0.01,0.32,,0.2,0.21,0.18,0.22,,0.07,0.1,0.19,0.23,0.23,0.09,0.3,0.13,0.08,0.21,0.13,0.22,0.31,0.2,0.21,0.25,0.07,0.21,0.21,0.24,,0.11,0.18,,0.18,0.12,0.17,0.24,0.21,,0.12,0.18,0.25,0.21,0.21,0.12,0.12,0.23,0.33,0.24,0.11,,0.2,0.22,0.21,0.21,0.09,0.21,0.11,0.22,0.18,0.31,0.08,0.01,0.21,0.24,0.33,0.2,0.26,0.1,0.21,0.12,0.2,0.22,0.01,0.11
"Ireland","Q1 2021",0.17,0.21,0.19,0.21,0.17,0.17,0.22,0.2,0.23,0.23,0.12,0.12,0.2,0.33,0.26,0.22,0.15,0.16,0.23,0.17,0.11,0.19,0.16,0.12,0.22,0.24,0.15,0.22,0.26,0.24,0.25,0.08,,0.25,0.11,0.21,0.09,0.29,0.22,0.2,0.19,0.2,0.29,,0.18,0.21,0.22,0.18,0.24,0.23,0.24,0.2,0.2,0.1,0.2,,0.18,0.12,0.21,0.32,0.18,0.21,0.2,0.17,0.18,0.32,0.23,0.16,0.24,0.1,0.18,0.22,0.18,0.23,,0.18,0.16,0.2,0.2,0.2,0.18,0.24,0.2,0.12,0.2,,0.3,0.32,0.24,0.23,,0.21,0.21,0.1,0.12,0.19,0.23,0.17,0.22,0.2,0.11,0.25,0.11,0.24,0.18,0.22,0.19,0.13,0.11,0.24,0.1,0.17,0.17,0.25,0.22,0.12,0.2,,0.33,,0.21,0.22,0.21,0.22,0.08,0.07,0.1,0.19,0.24,0.23,0.09,0.31,0.13,0.08,0.22,0.13,0.23,0.31,0.2,0.22,0.25,0.07,0.21,0.21,0.24,,0.17,0.18,,0.18,0.19,0.17,0.24,0.22,,0.12,0.18,0.26,0.21,0.21,0.12,0.12,0.23,0.33,0.24,0.12,,0.2,0.22,0.21,0.23,0.09,0.22,0.19,0.22,0.17,0.31,0.14,0.01,0.22,0.24,0.33,0.21,0.33,0.18,0.22,0.12,0.19,0.22,,0.11
"Israel","Q1 2016",0.25,0.25,0.2,0.33,0.18,0.19,0.34,0.21,0.33,0.38,0.29,0.23,0.21,0.5,0.21,0.29,0.15,0.19,0.35,0.18,0.19,0.2,0.18,0.22,0.26,0.45,0.16,0.33,0.49,0.47,0.46,,,0.38,0.2,0.31,0.1,0.27,0.29,0.4,0.21,0.22,0.35,,0.2,0.33,0.35,0.2,0.33,0.34,0.47,0.2,0.2,0.09,0.21,,0.18,0.23,0.33,0.49,0.19,0.24,0.23,0.21,0.18,0.49,0.3,0.17,0.44,0.09,0.21,0.23,0.21,0.3,,0.23,0.18,0.22,0.22,0.24,0.19,0.45,0.28,0.35,0.22,0.3,,0.49,0.31,0.39,,0.33,0.26,0.19,0.22,0.21,0.38,0.2,0.25,0.25,0.22,0.48,0.2,0.38,0.19,0.21,0.19,0.34,0.22,0.38,0.16,0.18,0.17,0.46,0.24,0.23,0.31,0.09,0.48,,0.25,0.29,0.2,0.31,,0.08,0.18,0.25,0.46,0.42,,0.39,0.22,0.08,0.34,0.28,0.34,0.45,0.22,0.24,0.48,0.08,0.27,0.3,0.46,,0.19,0.21,,0.21,0.2,0.19,0.46,0.27,,0.22,0.21,0.49,0.23,0.41,0.22,0.19,0.38,0.5,0.45,0.27,,0.23,0.41,0.24,0.36,0.16,0.34,0.2,0.28,0.22,0.45,,0.1,0.38,0.46,0.49,0.26,0.49,0.19,0.33,0.2,0.24,0.44,0.1,0.25
"Israel","Q1 2017",0.26,0.25,0.2,0.33,0.19,0.18,0.34,0.2,0.35,0.39,0.23,0.22,0.22,0.5,0.21,0.28,0.15,0.17,0.34,0.19,0.2,0.21,0.18,0.22,0.28,0.46,0.16,0.35,0.5,0.47,0.47,0.15,,0.4,0.18,0.32,0.09,0.27,0.29,0.41,0.22,0.2,0.35,,0.2,0.33,0.36,0.19,0.37,0.33,0.49,0.21,0.23,0.09,0.22,,0.18,0.23,0.31,0.5,0.2,0.24,0.24,0.2,0.19,0.5,0.3,0.17,0.46,0.08,0.2,0.24,0.22,0.3,,0.23,0.17,0.22,0.22,0.25,0.19,0.47,0.28,0.32,0.27,0.3,,0.5,0.34,0.47,,0.34,0.26,0.19,0.21,0.2,0.38,0.19,0.22,0.23,0.22,0.49,0.2,0.39,0.2,0.23,0.2,0.34,0.2,0.38,0.17,0.18,0.18,0.47,0.23,0.23,0.26,0.08,0.5,,0.25,0.34,0.2,0.3,,0.08,0.21,0.22,0.47,0.42,0.18,0.4,0.22,0.08,0.36,0.28,0.36,0.46,0.23,0.28,0.49,0.14,0.31,0.37,0.44,,0.2,0.21,,0.21,0.2,0.19,0.47,0.27,,0.21,0.2,0.49,0.24,0.42,0.22,0.2,0.38,0.5,0.4,0.25,,0.22,0.43,0.25,0.35,0.16,0.34,0.21,0.24,0.19,0.46,,0.09,0.39,0.47,0.5,0.25,0.5,0.19,0.33,0.21,0.24,0.45,0.09,0.19
"Israel","Q1 2018",0.24,0.24,0.2,0.31,0.19,0.19,0.34,0.21,0.33,0.39,0.31,0.23,0.22,0.51,0.21,0.29,0.15,0.17,0.34,0.2,0.18,0.2,0.2,0.21,0.26,0.46,0.16,0.35,0.5,0.41,0.48,0.15,,0.39,0.18,0.3,0.09,0.27,0.28,0.4,0.22,0.21,0.33,,0.1,0.34,0.36,0.19,0.37,0.33,0.48,0.21,0.23,0.09,0.21,,0.18,0.23,0.3,0.5,0.2,0.24,0.24,0.2,0.19,0.5,0.28,0.17,0.47,0.08,0.19,0.23,0.2,0.3,,0.22,0.18,0.22,0.21,0.25,0.19,0.46,0.33,0.36,0.31,0.31,,0.5,0.35,0.4,,0.35,0.25,0.19,0.21,0.21,0.38,0.18,0.25,0.25,0.21,0.49,0.2,0.4,0.2,0.23,0.24,0.32,0.2,0.38,0.16,0.17,0.18,0.49,0.23,0.23,0.25,0.08,0.5,,0.24,0.32,0.2,0.29,,0.08,0.19,0.21,0.46,0.42,0.17,0.39,0.22,0.08,0.35,0.28,0.36,0.47,0.22,0.34,0.49,0.08,0.3,0.32,0.43,,0.2,0.21,,0.2,0.2,0.18,0.47,0.28,,0.2,0.22,0.5,0.23,0.41,0.22,0.19,0.37,0.51,0.47,0.23,,0.22,0.42,0.24,0.35,0.16,0.35,0.2,0.25,0.2,0.48,,0.09,0.4,0.47,0.5,0.26,0.5,0.19,0.33,0.2,0.22,0.46,0.09,0.17
"Israel","Q1 2019",0.18,0.23,0.2,0.29,0.18,0.18,0.33,0.21,0.33,0.38,0.29,0.23,0.21,0.5,0.21,0.28,0.15,0.17,0.33,0.19,0.2,0.2,0.19,0.21,0.29,0.46,0.16,0.35,0.5,0.4,0.47,0.15,,0.39,0.19,0.29,0.09,0.26,0.27,0.39,0.21,0.21,0.34,,0.19,0.33,0.35,0.19,0.36,0.34,0.48,0.21,0.23,0.17,0.22,,0.18,0.22,0.31,0.5,0.19,0.22,0.23,0.19,0.19,0.49,0.28,0.16,0.46,0.08,0.19,0.23,0.2,0.3,,0.23,0.17,0.22,0.21,0.24,0.19,0.46,0.33,0.27,0.3,0.31,,0.49,0.34,0.38,,0.35,0.29,0.09,0.23,0.22,0.37,0.2,0.24,0.29,0.2,0.49,0.2,0.39,0.18,0.23,0.2,0.33,0.19,0.39,0.17,0.17,0.18,0.47,0.22,0.2,0.25,0.09,0.5,,0.23,0.31,0.19,0.29,,0.07,0.18,0.22,0.39,0.41,0.17,0.39,0.22,0.08,0.36,0.28,0.35,0.47,0.22,0.36,0.49,0.08,0.26,0.31,0.44,,0.2,0.19,,0.19,0.2,0.19,0.47,0.25,,0.21,0.19,0.49,0.23,0.39,0.21,0.2,0.38,0.5,0.4,0.2,,0.22,0.42,0.23,0.38,0.16,0.34,0.2,0.24,0.19,0.47,0.15,0.09,0.39,0.47,0.5,0.29,0.5,0.19,0.32,0.2,0.23,0.45,0.09,0.18
"Israel","Q1 2020",0.2,0.25,0.2,0.32,0.18,0.18,0.33,0.21,0.33,0.39,0.21,0.23,0.2,0.51,0.2,0.27,0.15,0.17,0.34,0.19,0.2,0.2,0.17,0.21,0.24,0.46,0.16,0.35,0.5,0.41,0.48,0.15,,0.39,0.2,0.31,0.1,0.29,0.28,0.4,0.2,0.21,0.34,,0.19,0.35,0.35,0.2,0.36,0.36,0.49,0.2,0.22,0.17,0.22,,0.18,0.22,0.3,0.5,0.19,0.24,0.24,0.18,0.19,0.49,0.36,0.17,0.47,0.08,0.2,0.26,0.21,0.29,,0.23,0.17,0.21,0.21,0.22,0.19,0.46,0.35,0.25,0.33,0.29,,0.5,0.34,0.39,,0.35,0.26,0.19,0.23,0.22,0.38,0.2,0.25,0.24,0.21,0.43,0.2,0.39,0.2,0.25,0.2,0.34,0.2,0.39,0.18,0.19,0.18,0.48,0.24,0.21,0.25,0.08,0.5,,0.23,0.31,0.19,0.29,,0.07,0.19,0.21,0.47,0.44,0.17,0.39,0.21,0.09,0.35,0.26,0.36,0.47,0.22,0.36,0.5,0.08,0.29,0.31,0.4,,0.19,0.19,,0.2,0.2,0.17,0.48,0.26,,0.22,0.19,0.5,0.23,0.41,0.2,0.21,0.38,0.51,0.47,0.2,,0.21,0.42,0.23,0.38,0.16,0.35,0.19,0.25,0.19,0.48,0.15,0.09,0.39,0.48,0.51,0.26,0.5,0.19,0.33,0.2,0.22,0.38,0.09,0.19
"Israel","Q1 2021",0.18,0.25,0.2,0.29,0.18,0.18,0.33,0.21,0.34,0.4,0.3,0.23,0.21,0.51,0.2,0.29,0.15,0.17,0.34,0.18,0.19,0.2,0.17,0.21,0.27,0.47,0.16,0.34,0.51,0.42,0.48,0.15,,0.4,0.19,0.29,0.09,0.3,0.27,0.4,0.2,0.21,0.34,,0.18,0.35,0.35,0.2,0.36,0.36,0.49,0.2,0.23,0.18,0.21,,0.19,0.21,0.31,0.5,0.19,0.24,0.23,0.18,0.19,0.5,0.37,0.17,0.48,0.17,0.2,0.27,0.21,0.32,,0.19,0.17,0.21,0.21,0.23,0.2,0.47,0.28,0.3,0.34,0.3,,0.5,0.34,0.39,,0.35,0.26,0.19,0.21,0.21,0.38,0.18,0.31,0.24,0.19,0.44,0.19,0.39,0.2,0.26,0.2,0.32,0.19,0.4,0.18,0.18,0.18,0.49,0.26,0.21,0.24,,0.51,,0.23,0.32,0.22,0.29,0.09,0.07,0.19,0.21,0.46,0.45,0.17,0.4,0.22,0.09,0.35,0.25,0.36,0.48,0.22,0.37,0.5,0.14,0.28,0.38,0.4,,0.18,0.19,,0.2,0.21,0.17,0.49,0.26,,0.2,0.19,0.51,0.23,0.4,0.21,0.21,0.39,0.52,0.41,0.19,,0.22,0.42,0.23,0.39,0.16,0.36,0.21,0.24,0.18,0.48,0.15,0.08,0.4,0.49,0.51,0.26,0.51,0.2,0.33,0.2,0.21,0.39,,0.18
"Italy","Q1 2016",0.28,0.36,0.23,0.39,0.21,0.22,0.45,0.25,0.47,0.43,0.32,0.25,0.24,0.69,0.24,0.41,0.16,0.22,0.47,0.2,0.21,0.28,0.2,0.24,0.37,0.52,0.17,0.46,0.65,0.61,0.57,,,0.56,0.22,0.36,0.11,0.39,0.4,0.43,0.31,0.26,0.38,,0.23,0.38,0.48,0.23,0.47,0.46,0.62,0.22,0.23,0.16,0.23,,0.19,0.26,0.37,0.68,0.22,0.27,0.34,0.24,0.2,0.67,0.42,0.25,0.51,0.09,0.25,0.34,0.24,0.42,,0.27,0.2,0.26,0.26,0.28,0.21,0.54,0.39,0.51,0.23,0.33,0.49,,0.44,0.58,,0.43,0.37,0.21,0.23,0.23,0.52,0.23,0.36,0.27,0.25,0.64,0.22,0.56,0.22,0.31,0.2,0.46,0.25,0.56,0.18,0.26,0.19,0.61,0.34,0.25,0.35,0.17,0.65,,0.29,0.34,0.23,0.44,,0.15,0.19,0.34,0.56,0.5,,0.57,0.25,0.16,0.46,0.32,0.4,0.56,0.26,0.26,0.63,0.15,0.39,0.4,0.58,,0.22,0.25,,0.25,0.23,0.21,0.57,0.37,,0.25,0.24,0.63,0.27,0.45,0.25,0.21,0.53,0.71,0.57,0.3,,0.27,0.4,0.32,0.48,0.17,0.46,0.22,0.33,0.31,0.56,,0.11,0.43,0.59,0.68,0.36,0.65,0.22,0.44,0.23,0.35,0.54,0.11,0.27
"Italy","Q1 2017",0.27,0.36,0.23,0.39,0.22,0.21,0.45,0.23,0.48,0.44,0.25,0.24,0.26,0.67,0.25,0.39,0.16,0.19,0.46,0.22,0.21,0.29,0.19,0.24,0.39,0.54,0.17,0.47,0.65,0.6,0.57,0.17,,0.56,0.2,0.37,0.1,0.39,0.4,0.45,0.32,0.23,0.38,,0.22,0.37,0.47,0.22,0.51,0.45,0.6,0.25,0.33,0.16,0.23,,0.19,0.26,0.26,0.67,0.22,0.28,0.34,0.23,0.27,0.65,0.41,0.25,0.52,0.09,0.23,0.35,0.24,0.43,,0.26,0.19,0.26,0.26,0.3,0.2,0.56,0.39,0.44,0.3,0.33,0.5,,0.47,0.57,,0.44,0.36,0.21,0.23,0.22,0.51,0.21,0.32,0.24,0.24,0.61,0.22,0.54,0.22,0.33,0.23,0.45,0.22,0.54,0.18,0.25,0.21,0.62,0.33,0.25,0.31,0.09,0.64,,0.29,0.4,0.23,0.43,,0.08,0.22,0.24,0.54,0.49,0.19,0.56,0.25,0.16,0.48,0.32,0.41,0.56,0.27,0.31,0.62,0.15,0.42,0.4,0.52,,0.23,0.24,,0.25,0.22,0.21,0.57,0.38,,0.24,0.23,0.63,0.28,0.45,0.25,0.23,0.51,0.69,0.57,0.28,,0.25,0.41,0.34,0.48,0.17,0.45,0.23,0.29,0.28,0.58,,0.1,0.43,0.58,0.66,0.36,0.66,0.22,0.44,0.23,0.35,0.52,0.1,0.2
"Italy","Q1 2018",0.26,0.34,0.23,0.36,0.22,0.21,0.46,0.25,0.46,0.43,0.34,0.25,0.25,0.69,0.25,0.41,0.16,0.19,0.47,0.23,0.2,0.29,0.22,0.23,0.37,0.55,0.17,0.48,0.67,0.61,0.58,0.17,,0.55,0.2,0.36,0.1,0.39,0.39,0.44,0.33,0.25,0.36,,0.18,0.39,0.47,0.22,0.51,0.46,0.6,0.25,0.33,0.16,0.23,,0.19,0.27,0.26,0.67,0.23,0.27,0.34,0.22,0.28,0.67,0.4,0.25,0.57,0.09,0.22,0.34,0.22,0.43,,0.25,0.19,0.27,0.25,0.29,0.21,0.56,0.45,0.48,0.4,0.34,0.5,,0.48,0.55,,0.45,0.35,0.21,0.23,0.23,0.5,0.21,0.36,0.27,0.23,0.64,0.21,0.57,0.23,0.34,0.27,0.43,0.22,0.55,0.17,0.25,0.21,0.65,0.33,0.26,0.29,0.09,0.67,,0.28,0.38,0.24,0.41,,0.16,0.21,0.22,0.56,0.5,0.19,0.55,0.25,0.16,0.49,0.34,0.42,0.56,0.26,0.37,0.64,0.15,0.4,0.42,0.53,,0.23,0.24,,0.24,0.22,0.2,0.59,0.39,,0.23,0.25,0.66,0.28,0.44,0.25,0.21,0.5,0.7,0.59,0.25,,0.26,0.47,0.33,0.48,0.17,0.46,0.23,0.29,0.29,0.59,,0.1,0.45,0.6,0.68,0.36,0.65,0.22,0.45,0.23,0.26,0.52,0.1,0.18
"Italy","Q1 2019",0.27,0.33,0.23,0.33,0.21,0.2,0.44,0.25,0.47,0.44,0.32,0.25,0.25,0.67,0.25,0.39,0.16,0.18,0.46,0.22,0.21,0.29,0.21,0.24,0.41,0.54,0.17,0.47,0.65,0.58,0.59,0.17,,0.53,0.22,0.33,0.1,0.38,0.38,0.41,0.32,0.25,0.37,,0.22,0.38,0.46,0.22,0.5,0.46,0.58,0.24,0.27,0.18,0.24,,0.19,0.25,0.27,0.67,0.22,0.25,0.27,0.2,0.27,0.64,0.4,0.17,0.56,0.09,0.22,0.35,0.22,0.42,,0.26,0.18,0.26,0.25,0.29,0.21,0.55,0.44,0.37,0.33,0.34,0.49,,0.47,0.55,,0.46,0.4,0.1,0.25,0.24,0.5,0.22,0.35,0.38,0.23,0.62,0.22,0.57,0.2,0.33,0.23,0.45,0.22,0.54,0.2,0.25,0.21,0.61,0.32,0.23,0.29,0.17,0.66,,0.27,0.37,0.22,0.41,,0.08,0.21,0.24,0.55,0.48,0.18,0.54,0.25,0.16,0.49,0.33,0.49,0.59,0.27,0.46,0.63,0.15,0.37,0.41,0.52,,0.23,0.22,,0.23,0.23,0.21,0.58,0.35,,0.25,0.21,0.65,0.27,0.42,0.25,0.23,0.51,0.68,0.58,0.22,,0.26,0.4,0.32,0.5,0.17,0.46,0.23,0.29,0.28,0.57,0.16,0.1,0.45,0.58,0.66,0.4,0.66,0.21,0.43,0.22,0.27,0.54,0.1,0.19
"Italy","Q1 2020",0.28,0.35,0.23,0.37,0.2,0.21,0.37,0.24,0.45,0.45,0.22,0.25,0.24,0.66,0.24,0.38,0.16,0.18,0.45,0.22,0.22,0.28,0.18,0.23,0.28,0.54,0.17,0.39,0.65,0.59,0.6,0.17,,0.53,0.22,0.35,0.11,0.4,0.39,0.42,0.29,0.24,0.36,,0.2,0.4,0.46,0.23,0.48,0.41,0.6,0.23,0.26,0.18,0.24,,0.19,0.25,0.26,0.67,0.22,0.27,0.28,0.19,0.27,0.63,0.47,0.18,0.57,0.09,0.23,0.37,0.23,0.4,,0.26,0.18,0.25,0.24,0.25,0.21,0.55,0.47,0.28,0.36,0.32,0.5,,0.46,0.56,,0.44,0.36,0.21,0.24,0.24,0.5,0.22,0.35,0.25,0.24,0.63,0.21,0.55,0.22,0.36,0.21,0.45,0.22,0.54,0.2,0.27,0.2,0.62,0.34,0.24,0.28,0.09,0.64,,0.26,0.36,0.22,0.4,,0.08,0.21,0.23,0.57,0.5,0.18,0.53,0.25,0.16,0.4,0.31,0.43,0.53,0.26,0.46,0.64,0.15,0.39,0.41,0.46,,0.22,0.22,,0.23,0.23,0.19,0.59,0.36,,0.25,0.21,0.65,0.27,0.45,0.23,0.24,0.5,0.69,0.59,0.21,,0.25,0.41,0.31,0.49,0.17,0.45,0.21,0.29,0.27,0.57,0.16,0.1,0.43,0.61,0.66,0.35,0.65,0.21,0.43,0.23,0.25,0.5,0.1,0.2
"Italy","Q1 2021",0.27,0.34,0.23,0.32,0.2,0.21,0.37,0.24,0.45,0.45,0.31,0.25,0.25,0.68,0.23,0.39,0.16,0.18,0.45,0.21,0.2,0.28,0.18,0.23,0.31,0.52,0.16,0.38,0.67,0.61,0.63,0.16,,0.53,0.2,0.32,0.1,0.4,0.37,0.42,0.3,0.24,0.36,,0.2,0.41,0.45,0.23,0.48,0.4,0.62,0.23,0.26,0.19,0.22,,0.2,0.24,0.26,0.69,0.21,0.26,0.25,0.19,0.27,0.66,0.48,0.18,0.59,0.11,0.23,0.38,0.22,0.43,,0.21,0.18,0.25,0.23,0.26,0.21,0.54,0.3,0.32,0.37,0.32,0.5,,0.46,0.51,,0.45,0.36,0.2,0.23,0.22,0.51,0.2,0.34,0.25,0.21,0.65,0.21,0.58,0.22,0.37,0.22,0.35,0.21,0.52,0.2,0.27,0.2,0.64,0.36,0.23,0.28,,0.68,,0.26,0.35,0.25,0.39,0.1,0.08,0.2,0.23,0.58,0.51,0.18,0.52,0.25,0.16,0.39,0.28,0.46,0.57,0.26,0.48,0.65,0.15,0.38,0.4,0.45,,0.21,0.21,,0.23,0.23,0.19,0.62,0.36,,0.23,0.21,0.67,0.27,0.43,0.24,0.24,0.5,0.72,0.61,0.2,,0.25,0.42,0.31,0.46,0.17,0.46,0.23,0.28,0.26,0.59,0.16,0.09,0.44,0.63,0.68,0.35,0.68,0.22,0.43,0.22,0.24,0.49,,0.19
"Jamaica","Q1 2016",0.19,0.26,0.22,0.29,0.21,0.28,0.3,0.31,0.39,0.31,0.26,0.22,0.32,0.47,0.3,0.29,0.15,0.29,0.38,0.19,0.19,0.2,0.19,0.22,0.27,0.4,0.17,0.38,0.44,0.42,0.42,,,0.44,0.2,0.27,0.17,0.37,0.29,0.27,0.3,0.32,0.26,,0.2,0.27,0.3,0.29,0.44,0.39,0.34,0.22,0.2,0.09,0.21,,0.18,0.24,0.26,0.46,0.21,0.32,0.24,0.22,0.18,0.44,0.3,0.17,0.31,0.09,0.32,0.34,0.22,0.39,,0.24,0.18,0.33,0.33,0.34,0.2,0.33,0.28,0.29,0.15,0.24,0.31,0.44,,0.35,,0.28,0.25,0.2,0.22,0.21,0.32,0.2,0.25,0.25,0.22,0.36,0.13,0.39,0.2,0.23,0.19,0.29,0.22,0.43,0.17,0.18,0.2,0.41,0.23,0.23,0.27,0.16,0.46,,0.33,0.37,0.22,0.32,,0.15,0.18,0.24,0.33,0.31,,0.45,0.23,0.08,0.38,0.28,0.29,0.33,0.33,0.24,0.44,0.08,0.27,0.27,0.41,,0.29,0.32,,0.32,0.22,0.2,0.33,0.27,,0.15,0.22,0.36,0.33,0.28,0.23,0.13,0.33,0.46,0.32,0.24,,0.34,0.29,0.24,0.31,0.16,0.29,0.21,0.4,0.22,0.33,,0.17,0.29,0.33,0.47,0.25,0.49,0.22,0.29,0.22,0.35,0.32,0.17,0.23
"Jamaica","Q1 2017",0.19,0.26,0.22,0.33,0.22,0.27,0.34,0.28,0.41,0.34,0.23,0.22,0.33,0.5,0.31,0.28,0.15,0.19,0.42,0.22,0.2,0.21,0.18,0.22,0.28,0.43,0.17,0.41,0.47,0.45,0.45,0.16,,0.49,0.18,0.31,0.17,0.36,0.29,0.31,0.31,0.28,0.28,,0.2,0.3,0.33,0.22,0.47,0.41,0.38,0.24,0.24,0.09,0.22,,0.18,0.24,0.23,0.49,0.21,0.33,0.25,0.21,0.19,0.47,0.29,0.17,0.34,0.08,0.29,0.35,0.22,0.4,,0.23,0.18,0.32,0.33,0.34,0.19,0.36,0.27,0.31,0.27,0.24,0.34,0.47,,0.38,,0.32,0.25,0.2,0.14,0.21,0.35,0.2,0.22,0.23,0.21,0.38,0.2,0.43,0.2,0.27,0.21,0.31,0.2,0.45,0.17,0.18,0.21,0.45,0.23,0.22,0.27,0.09,0.49,,0.33,0.41,0.22,0.3,,0.15,0.21,0.22,0.36,0.34,0.18,0.47,0.23,0.08,0.42,0.27,0.33,0.36,0.33,0.28,0.46,0.08,0.3,0.3,0.43,,0.29,0.3,,0.31,0.21,0.2,0.36,0.28,,0.2,0.21,0.46,0.34,0.31,0.23,0.13,0.35,0.49,0.36,0.25,,0.32,0.32,0.25,0.34,0.17,0.32,0.22,0.36,0.2,0.36,,0.09,0.31,0.36,0.5,0.24,0.52,0.22,0.33,0.22,0.34,0.34,0.09,0.12
"Jamaica","Q1 2018",0.18,0.24,0.21,0.32,0.22,0.28,0.35,0.3,0.33,0.34,0.28,0.22,0.32,0.5,0.3,0.29,0.15,0.18,0.43,0.23,0.19,0.21,0.2,0.21,0.27,0.45,0.17,0.42,0.48,0.45,0.45,0.16,,0.49,0.18,0.31,0.1,0.36,0.28,0.31,0.31,0.3,0.26,,0.11,0.31,0.34,0.22,0.49,0.42,0.37,0.24,0.24,0.09,0.21,,0.18,0.24,0.23,0.49,0.29,0.25,0.24,0.2,0.19,0.48,0.29,0.17,0.36,0.08,0.29,0.35,0.21,0.41,,0.22,0.18,0.33,0.3,0.34,0.19,0.36,0.32,0.33,0.29,0.24,0.35,0.48,,0.37,,0.33,0.25,0.19,0.14,0.21,0.34,0.19,0.25,0.25,0.21,0.39,0.2,0.43,0.21,0.34,0.24,0.3,0.2,0.46,0.16,0.17,0.21,0.47,0.23,0.22,0.25,0.09,0.51,,0.25,0.33,0.22,0.3,,0.08,0.2,0.21,0.36,0.34,0.18,0.48,0.22,0.08,0.42,0.27,0.33,0.38,0.32,0.31,0.47,0.08,0.3,0.31,0.43,,0.3,0.31,,0.3,0.2,0.18,0.36,0.29,,0.2,0.22,0.46,0.35,0.31,0.22,0.12,0.35,0.5,0.36,0.22,,0.32,0.33,0.23,0.34,0.16,0.33,0.21,0.36,0.21,0.38,,0.09,0.34,0.37,0.5,0.25,0.52,0.29,0.34,0.21,0.33,0.35,0.09,0.11
"Jamaica","Q1 2019",0.18,0.23,0.21,0.3,0.2,0.27,0.35,0.31,0.33,0.33,0.29,0.22,0.31,0.49,0.3,0.28,0.15,0.18,0.43,0.21,0.2,0.2,0.2,0.22,0.3,0.44,0.16,0.42,0.47,0.45,0.45,0.16,,0.49,0.19,0.29,0.1,0.36,0.28,0.3,0.3,0.31,0.27,,0.2,0.31,0.34,0.22,0.48,0.42,0.36,0.23,0.24,0.1,0.22,,0.18,0.23,0.24,0.48,0.28,0.23,0.24,0.19,0.19,0.47,0.28,0.16,0.35,0.08,0.22,0.34,0.21,0.4,,0.23,0.17,0.32,0.31,0.33,0.19,0.36,0.32,0.27,0.29,0.25,0.34,0.47,,0.37,,0.31,0.28,0.09,0.23,0.22,0.33,0.2,0.24,0.29,0.2,0.38,0.2,0.43,0.19,0.33,0.21,0.31,0.2,0.46,0.18,0.17,0.2,0.45,0.22,0.21,0.25,0.09,0.5,,0.24,0.33,0.2,0.29,,0.08,0.19,0.22,0.35,0.34,0.17,0.47,0.23,0.09,0.43,0.27,0.33,0.38,0.32,0.32,0.47,0.08,0.26,0.3,0.43,,0.29,0.28,,0.22,0.21,0.19,0.36,0.26,,0.21,0.2,0.46,0.33,0.3,0.22,0.13,0.35,0.5,0.36,0.14,,0.32,0.32,0.23,0.34,0.16,0.32,0.21,0.35,0.2,0.37,0.15,0.09,0.33,0.36,0.5,0.29,0.52,0.21,0.34,0.21,0.33,0.34,0.09,0.11
"Jamaica","Q1 2020",0.2,0.24,0.22,0.32,0.21,0.28,0.34,0.3,0.4,0.34,0.14,0.22,0.31,0.49,0.29,0.27,0.15,0.18,0.42,0.29,0.2,0.2,0.17,0.22,0.25,0.45,0.16,0.4,0.47,0.45,0.45,0.16,,0.49,0.2,0.31,0.17,0.39,0.28,0.29,0.29,0.3,0.27,,0.2,0.31,0.33,0.23,0.48,0.41,0.36,0.22,0.23,0.1,0.22,,0.18,0.24,0.24,0.48,0.21,0.32,0.25,0.18,0.19,0.39,0.33,0.17,0.36,0.08,0.3,0.38,0.22,0.38,,0.23,0.17,0.32,0.31,0.31,0.2,0.36,0.32,0.25,0.3,0.23,0.34,0.46,,0.37,,0.31,0.25,0.2,0.22,0.22,0.32,0.2,0.24,0.24,0.21,0.38,0.2,0.42,0.21,0.36,0.2,0.32,0.2,0.46,0.19,0.19,0.21,0.38,0.24,0.22,0.25,0.09,0.5,,0.31,0.4,0.21,0.29,,0.15,0.2,0.21,0.35,0.34,0.18,0.47,0.23,0.09,0.41,0.26,0.34,0.36,0.32,0.33,0.47,0.08,0.29,0.3,0.33,,0.29,0.28,,0.3,0.22,0.11,0.36,0.26,,0.22,0.19,0.46,0.34,0.3,0.22,0.14,0.35,0.48,0.36,0.13,,0.32,0.32,0.22,0.34,0.17,0.32,0.2,0.36,0.19,0.36,0.15,0.09,0.32,0.36,0.51,0.25,0.52,0.22,0.33,0.22,0.32,0.33,0.09,0.12
"Jamaica","Q1 2021",0.18,0.23,0.22,0.3,0.2,0.28,0.34,0.3,0.41,0.42,0.28,0.22,0.32,0.49,0.28,0.28,0.15,0.18,0.43,0.21,0.19,0.2,0.17,0.22,0.27,0.44,0.16,0.4,0.48,0.45,0.46,0.16,,0.49,0.12,0.29,0.17,0.38,0.27,0.3,0.29,0.3,0.26,,0.19,0.31,0.33,0.23,0.48,0.42,0.36,0.22,0.23,0.11,0.21,,0.19,0.23,0.23,0.48,0.21,0.32,0.23,0.19,0.19,0.4,0.34,0.17,0.36,0.11,0.3,0.38,0.21,0.41,,0.2,0.17,0.31,0.3,0.3,0.2,0.37,0.27,0.28,0.31,0.24,0.34,0.46,,0.37,,0.32,0.25,0.2,0.14,0.21,0.33,0.19,0.24,0.24,0.12,0.38,0.19,0.43,0.21,0.37,0.21,0.29,0.12,0.47,0.19,0.19,0.2,0.38,0.26,0.22,0.25,,0.5,,0.31,0.4,0.24,0.29,0.16,0.15,0.19,0.21,0.35,0.35,0.17,0.48,0.24,0.09,0.41,0.24,0.34,0.36,0.32,0.33,0.47,0.08,0.29,0.3,0.32,,0.21,0.28,,0.29,0.22,0.11,0.36,0.27,,0.2,0.19,0.47,0.34,0.31,0.23,0.14,0.35,0.49,0.36,0.13,,0.32,0.32,0.22,0.35,0.17,0.33,0.22,0.35,0.19,0.36,0.15,0.09,0.32,0.37,0.51,0.25,0.53,0.29,0.34,0.22,0.3,0.34,,0.12
"Japan","Q1 2016",0.19,0.26,0.3,0.42,0.19,0.2,0.43,0.23,0.47,0.34,0.31,0.24,0.23,0.6,0.22,0.31,0.15,0.21,0.45,0.18,0.2,0.2,0.19,0.3,0.29,0.51,0.17,0.44,0.69,0.66,0.61,,,0.53,0.21,0.33,0.18,0.29,0.31,0.34,0.23,0.24,0.29,,0.22,0.37,0.45,0.21,0.37,0.43,0.54,0.21,0.21,0.16,0.22,,0.18,0.34,0.36,0.59,0.21,0.34,0.25,0.22,0.18,0.59,0.33,0.17,0.41,0.09,0.23,0.25,0.31,0.32,,0.25,0.19,0.24,0.24,0.26,0.2,0.54,0.41,0.41,0.23,0.25,0.39,0.58,0.35,,,0.34,0.28,0.28,0.23,0.22,0.41,0.21,0.26,0.26,0.24,0.65,0.21,0.44,0.3,0.23,0.19,0.44,0.23,0.53,0.24,0.18,0.18,0.48,0.26,0.31,0.33,0.17,0.58,,0.37,0.41,0.22,0.41,,0.15,0.26,0.32,0.52,0.41,,0.53,0.32,0.15,0.44,0.38,0.39,0.51,0.24,0.32,0.68,0.08,0.3,0.31,0.53,,0.2,0.23,,0.23,0.3,0.21,0.53,0.28,,0.24,0.22,0.65,0.24,0.35,0.33,0.2,0.49,0.59,0.56,0.29,,0.25,0.39,0.24,0.5,0.17,0.37,0.3,0.31,0.22,0.44,,0.18,0.4,0.55,0.59,0.28,0.62,0.2,0.36,0.31,0.26,0.57,0.18,0.26
"Japan","Q1 2017",0.2,0.26,0.3,0.42,0.2,0.19,0.43,0.21,0.48,0.35,0.24,0.23,0.24,0.61,0.23,0.3,0.15,0.18,0.37,0.21,0.21,0.21,0.18,0.3,0.3,0.52,0.17,0.45,0.69,0.64,0.62,0.16,,0.51,0.19,0.34,0.17,0.29,0.31,0.42,0.24,0.21,0.29,,0.21,0.37,0.39,0.2,0.4,0.42,0.54,0.23,0.25,0.09,0.22,,0.18,0.34,0.25,0.59,0.2,0.34,0.26,0.21,0.19,0.59,0.32,0.17,0.43,0.08,0.21,0.26,0.31,0.33,,0.24,0.18,0.23,0.24,0.27,0.2,0.55,0.41,0.35,0.29,0.24,0.47,0.57,0.38,,,0.36,0.28,0.28,0.22,0.21,0.4,0.2,0.23,0.23,0.23,0.62,0.21,0.44,0.29,0.25,0.21,0.42,0.21,0.49,0.25,0.18,0.19,0.56,0.24,0.31,0.28,0.16,0.59,,0.36,0.46,0.22,0.39,,0.15,0.3,0.23,0.52,0.46,0.25,0.52,0.32,0.15,0.46,0.39,0.41,0.52,0.25,0.36,0.67,0.08,0.33,0.32,0.48,,0.21,0.22,,0.23,0.29,0.21,0.55,0.29,,0.22,0.22,0.64,0.25,0.42,0.32,0.21,0.47,0.53,0.57,0.27,,0.23,0.41,0.25,0.5,0.17,0.36,0.3,0.26,0.2,0.47,,0.17,0.34,0.55,0.6,0.27,0.62,0.2,0.35,0.31,0.26,0.56,0.17,0.19
"Japan","Q1 2018",0.18,0.24,0.3,0.39,0.2,0.2,0.43,0.22,0.46,0.34,0.32,0.24,0.23,0.57,0.22,0.31,0.15,0.18,0.37,0.21,0.19,0.2,0.2,0.29,0.28,0.51,0.16,0.45,0.66,0.63,0.61,0.16,,0.5,0.19,0.32,0.17,0.29,0.29,0.34,0.24,0.22,0.27,,0.18,0.35,0.36,0.2,0.4,0.43,0.5,0.23,0.24,0.09,0.22,,0.18,0.34,0.25,0.56,0.2,0.34,0.25,0.2,0.19,0.55,0.3,0.17,0.42,0.08,0.21,0.25,0.29,0.33,,0.22,0.18,0.24,0.23,0.26,0.2,0.53,0.46,0.38,0.31,0.24,0.4,0.55,0.37,,,0.35,0.26,0.28,0.22,0.22,0.38,0.12,0.25,0.26,0.22,0.59,0.2,0.42,0.3,0.25,0.25,0.4,0.21,0.51,0.24,0.17,0.19,0.47,0.24,0.31,0.26,0.16,0.56,,0.35,0.45,0.22,0.37,,0.16,0.27,0.21,0.41,0.46,0.25,0.5,0.31,0.15,0.46,0.4,0.37,0.5,0.24,0.34,0.65,0.08,0.32,0.32,0.47,,0.21,0.22,,0.22,0.29,0.19,0.5,0.3,,0.21,0.22,0.61,0.25,0.34,0.32,0.19,0.46,0.49,0.54,0.23,,0.23,0.36,0.23,0.49,0.17,0.36,0.3,0.27,0.21,0.44,,0.17,0.34,0.52,0.56,0.27,0.58,0.2,0.36,0.3,0.24,0.55,0.17,0.18
"Japan","Q1 2019",0.18,0.23,0.29,0.37,0.19,0.19,0.41,0.23,0.45,0.33,0.3,0.24,0.22,0.57,0.23,0.29,0.15,0.17,0.36,0.2,0.21,0.2,0.2,0.29,0.31,0.49,0.16,0.44,0.66,0.62,0.62,0.16,,0.48,0.2,0.29,0.17,0.28,0.28,0.32,0.23,0.23,0.27,,0.2,0.37,0.35,0.2,0.38,0.42,0.44,0.22,0.24,0.17,0.22,,0.18,0.32,0.25,0.56,0.2,0.32,0.24,0.12,0.19,0.55,0.29,0.16,0.43,0.08,0.2,0.25,0.28,0.39,,0.23,0.11,0.23,0.23,0.26,0.19,0.44,0.45,0.27,0.3,0.24,0.38,0.55,0.37,,,0.35,0.29,0.16,0.23,0.22,0.39,0.13,0.24,0.29,0.21,0.59,0.2,0.43,0.27,0.24,0.21,0.41,0.2,0.49,0.26,0.17,0.19,0.47,0.23,0.22,0.26,0.16,0.57,,0.33,0.43,0.2,0.36,,0.15,0.27,0.22,0.44,0.37,0.18,0.49,0.32,0.15,0.45,0.39,0.4,0.46,0.24,0.36,0.65,0.08,0.27,0.31,0.45,,0.21,0.2,,0.21,0.29,0.19,0.51,0.26,,0.22,0.13,0.61,0.24,0.33,0.32,0.2,0.45,0.5,0.48,0.21,,0.23,0.38,0.22,0.51,0.17,0.36,0.29,0.26,0.19,0.43,0.15,0.16,0.33,0.52,0.57,0.3,0.59,0.19,0.33,0.29,0.24,0.55,0.16,0.18
"Japan","Q1 2020",0.2,0.24,0.3,0.41,0.19,0.19,0.35,0.22,0.45,0.36,0.21,0.24,0.22,0.57,0.22,0.29,0.15,0.18,0.37,0.2,0.21,0.2,0.1,0.29,0.26,0.51,0.16,0.44,0.67,0.63,0.63,0.16,,0.49,0.2,0.33,0.18,0.31,0.29,0.33,0.21,0.22,0.27,,0.2,0.37,0.36,0.21,0.38,0.45,0.46,0.22,0.24,0.17,0.23,,0.18,0.33,0.24,0.57,0.2,0.33,0.25,0.18,0.19,0.56,0.38,0.17,0.44,0.08,0.21,0.28,0.29,0.38,,0.23,0.1,0.23,0.23,0.24,0.2,0.45,0.49,0.25,0.34,0.23,0.39,0.56,0.37,,,0.35,0.27,0.27,0.23,0.22,0.4,0.2,0.25,0.24,0.22,0.61,0.2,0.41,0.29,0.27,0.2,0.42,0.21,0.5,0.27,0.19,0.19,0.54,0.25,0.23,0.26,0.16,0.57,,0.33,0.43,0.21,0.37,,0.15,0.27,0.22,0.51,0.4,0.18,0.51,0.31,0.09,0.45,0.36,0.4,0.42,0.24,0.36,0.67,0.08,0.31,0.31,0.42,,0.2,0.2,,0.21,0.3,0.18,0.52,0.27,,0.23,0.19,0.62,0.24,0.35,0.31,0.21,0.46,0.5,0.55,0.21,,0.23,0.38,0.23,0.51,0.17,0.36,0.28,0.26,0.19,0.44,0.15,0.16,0.33,0.54,0.58,0.26,0.6,0.2,0.34,0.3,0.23,0.54,0.16,0.2
"Japan","Q1 2021",0.11,0.24,0.3,0.29,0.19,0.19,0.34,0.22,0.46,0.35,0.3,0.25,0.22,0.59,0.21,0.29,0.15,0.17,0.36,0.19,0.2,0.2,0.1,0.29,0.28,0.49,0.16,0.43,0.71,0.67,0.66,0.16,,0.5,0.19,0.29,0.17,0.31,0.28,0.33,0.21,0.22,0.26,,0.19,0.39,0.34,0.21,0.38,0.44,0.49,0.22,0.23,0.18,0.21,,0.19,0.32,0.24,0.59,0.2,0.33,0.23,0.19,0.19,0.58,0.37,0.17,0.46,0.11,0.21,0.28,0.29,0.41,,0.2,0.1,0.22,0.21,0.24,0.2,0.44,0.39,0.3,0.36,0.23,0.39,0.51,0.37,,,0.35,0.26,0.27,0.22,0.22,0.39,0.19,0.23,0.24,0.19,0.63,0.2,0.45,0.3,0.28,0.2,0.33,0.19,0.49,0.27,0.11,0.19,0.57,0.26,0.23,0.25,,0.6,,0.33,0.43,0.23,0.3,0.17,0.15,0.27,0.22,0.53,0.4,0.18,0.49,0.32,0.09,0.44,0.34,0.43,0.45,0.24,0.37,0.7,0.08,0.29,0.31,0.41,,0.19,0.2,,0.21,0.3,0.11,0.56,0.27,,0.21,0.19,0.65,0.24,0.34,0.31,0.22,0.39,0.53,0.58,0.19,,0.23,0.4,0.22,0.56,0.17,0.36,0.3,0.26,0.18,0.45,0.15,0.16,0.34,0.57,0.61,0.26,0.63,0.2,0.34,0.3,0.22,0.61,,0.19
"Jersey","Q1 2016",,,,,,,,,,,,,,,,,,,,,,,,,,,,,,,,,,,,,,,,,,,,,,,,,,,,,,,,,,,,,,,,,,,,,,,,,,,,,,,,,,,,,,,,,,,,,,,,,,,,,,,,,,,,,,,,,,,,,,,,,,,,,,,,,,,,,,,,,,,,,,,,,,,,,,,,,,,,,,,,,,,,,,,,,,,,,,,,,,,,,,,,,,,,,,,
"Jersey","Q1 2017",,,,,,,,,,,,,,,,,,,,,,,,,,,,,,,,,,,,,,,,,,,,,,,,,,,,,,,,,,,,,,,,,,,,,,,,,,,,,,,,,,,,,,,,,,,,,,,,,,,,,,,,,,,,,,,,,,,,,,,,,,,,,,,,,,,,,,,,,,,,,,,,,,,,,,,,,,,,,,,,,,,,,,,,,,,,,,,,,,,,,,,,,,,,,,,
"Jersey","Q1 2018",,,,,,,,,,,,,,,,,,,,,,,,,,,,,,,,,,,,,,,,,,,,,,,,,,,,,,,,,,,,,,,,,,,,,,,,,,,,,,,,,,,,,,,,,,,,,,,,,,,,,,,,,,,,,,,,,,,,,,,,,,,,,,,,,,,,,,,,,,,,,,,,,,,,,,,,,,,,,,,,,,,,,,,,,,,,,,,,,,,,,,,,,,,,,,,
"Jersey","Q1 2019",,,,,,,,,,,,,,,,,,,,,,,,,,,,,,,,,,,,,,,,,,,,,,,,,,,,,,,,,,,,,,,,,,,,,,,,,,,,,,,,,,,,,,,,,,,,,,,,,,,,,,,,,,,,,,,,,,,,,,,,,,,,,,,,,,,,,,,,,,,,,,,,,,,,,,,,,,,,,,,,,,,,,,,,,,,,,,,,,,,,,,,,,,,,,,,
"Jersey","Q1 2020",,,,,,,,,,,,,,,,,,,,,,,,,,,,,,,,,,,,,,,,,,,,,,,,,,,,,,,,,,,,,,,,,,,,,,,,,,,,,,,,,,,,,,,,,,,,,,,,,,,,,,,,,,,,,,,,,,,,,,,,,,,,,,,,,,,,,,,,,,,,,,,,,,,,,,,,,,,,,,,,,,,,,,,,,,,,,,,,,,,,,,,,,,,,,,,
"Jersey","Q1 2021",,,,,,,,,,,,,,,,,,,,,,,,,,,,,,,,,,,,,,,,,,,,,,,,,,,,,,,,,,,,,,,,,,,,,,,,,,,,,,,,,,,,,,,,,,,,,,,,,,,,,,,,,,,,,,,,,,,,,,,,,,,,,,,,,,,,,,,,,,,,,,,,,,,,,,,,,,,,,,,,,,,,,,,,,,,,,,,,,,,,,,,,,,,,,,,
"Jordan","Q1 2016",0.18,0.23,0.19,0.31,0.11,0.18,0.31,0.2,0.3,0.29,0.28,0.21,0.2,0.44,0.2,0.27,0.08,0.12,0.31,0.1,0.19,0.19,0.18,0.2,0.24,0.33,0.08,0.31,0.43,0.35,0.4,,,0.33,0.19,0.3,0.09,0.25,0.27,0.3,0.2,0.2,0.26,,0.19,0.3,0.4,0.18,0.3,0.3,0.42,0.13,0.18,0.15,0.2,,0.17,0.21,0.24,0.36,0.19,0.22,0.21,0.2,0.17,0.42,0.28,0.16,0.33,0.08,0.2,0.21,0.2,0.27,,0.22,0.17,0.21,0.14,0.23,0.18,0.42,0.25,0.39,0.21,0.22,0.33,0.43,0.28,0.34,,,0.32,0.18,0.21,0.2,0.33,0.19,0.31,0.23,0.21,0.43,0.19,0.4,0.18,0.2,0.18,0.3,0.21,0.34,0.09,0.17,0.1,0.41,0.23,0.21,0.29,0.09,0.42,,0.23,0.26,0.12,0.29,,0.08,0.17,0.22,0.41,0.34,,0.33,0.2,0.08,0.31,0.26,0.3,0.33,0.21,0.23,0.36,0.07,0.26,0.29,0.34,,0.11,0.2,,0.2,0.19,0.18,0.41,0.25,,0.21,0.2,0.43,0.21,0.31,0.2,0.19,0.34,0.43,0.34,0.34,,0.21,0.3,0.23,0.33,0.16,0.32,0.19,0.26,0.21,0.33,,0.09,0.29,0.42,0.43,0.31,0.36,0.11,0.3,0.19,0.23,0.33,0.09,0.31
"Jordan","Q1 2017",0.18,0.23,0.19,0.31,0.11,0.11,0.31,0.18,0.31,0.29,0.22,0.21,0.2,0.45,0.2,0.26,0.08,0.1,0.31,0.11,0.19,0.19,0.17,0.2,0.25,0.35,0.08,0.33,0.44,0.43,0.43,0.15,,0.35,0.17,0.3,0.09,0.24,0.26,0.31,0.2,0.18,0.26,,0.19,0.31,0.41,0.11,0.33,0.3,0.43,0.13,0.22,0.15,0.2,,0.17,0.21,0.21,0.44,0.19,0.22,0.23,0.19,0.18,0.44,0.27,0.16,0.34,0.08,0.12,0.22,0.2,0.27,,0.21,0.17,0.2,0.14,0.22,0.18,0.43,0.25,0.36,0.26,0.22,0.34,0.44,0.32,0.36,,,0.25,0.18,0.2,0.19,0.34,0.18,0.21,0.21,0.2,0.44,0.19,0.42,0.18,0.21,0.19,0.32,0.19,0.34,0.09,0.17,0.1,0.43,0.22,0.2,0.24,0.08,0.44,,0.23,0.31,0.12,0.27,,0.08,0.19,0.2,0.42,0.32,0.17,0.35,0.21,0.08,0.33,0.25,0.33,0.35,0.22,0.27,0.37,0.07,0.29,0.28,0.32,,0.12,0.19,,0.2,0.18,0.18,0.43,0.25,,0.2,0.2,0.44,0.22,0.31,0.2,0.2,0.35,0.45,0.36,0.31,,0.2,0.33,0.24,0.32,0.16,0.32,0.19,0.22,0.18,0.36,,0.08,0.29,0.43,0.44,0.24,0.38,0.11,0.3,0.19,0.22,0.34,0.08,0.19
"Jordan","Q1 2018",0.17,0.23,0.19,0.29,0.11,0.11,0.32,0.2,0.3,0.31,0.29,0.22,0.2,0.45,0.2,0.28,0.08,0.1,0.33,0.12,0.18,0.2,0.19,0.2,0.25,0.35,0.09,0.32,0.45,0.37,0.43,0.15,,0.35,0.18,0.29,0.09,0.25,0.27,0.31,0.21,0.2,0.26,,0.1,0.31,0.42,0.11,0.34,0.31,0.43,0.14,0.22,0.15,0.2,,0.17,0.22,0.22,0.45,0.19,0.23,0.22,0.19,0.19,0.45,0.27,0.16,0.43,0.08,0.12,0.22,0.19,0.28,,0.21,0.17,0.21,0.13,0.23,0.18,0.43,0.3,0.4,0.3,0.23,0.35,0.45,0.33,0.35,,,0.25,0.18,0.21,0.2,0.34,0.18,0.31,0.24,0.2,0.44,0.19,0.42,0.19,0.22,0.24,0.31,0.19,0.35,0.09,0.16,0.11,0.44,0.22,0.22,0.24,0.08,0.45,,0.23,0.3,0.13,0.28,,0.08,0.18,0.2,0.43,0.41,0.17,0.34,0.21,0.08,0.33,0.26,0.32,0.35,0.21,0.39,0.38,0.07,0.29,0.31,0.34,,0.12,0.2,,0.19,0.19,0.18,0.43,0.27,,0.2,0.21,0.45,0.22,0.31,0.21,0.19,0.35,0.45,0.43,0.22,,0.21,0.32,0.23,0.33,0.16,0.32,0.19,0.23,0.2,0.44,,0.09,0.32,0.44,0.45,0.25,0.39,0.11,0.32,0.19,0.21,0.34,0.09,0.17
"Jordan","Q1 2019",0.17,0.21,0.19,0.27,0.1,0.1,0.3,0.2,0.31,0.29,0.28,0.22,0.13,0.39,0.13,0.26,0.08,0.1,0.31,0.11,0.19,0.18,0.18,0.2,0.27,0.36,0.08,0.33,0.46,0.37,0.44,0.15,,0.35,0.19,0.27,0.09,0.24,0.25,0.31,0.2,0.2,0.25,,0.18,0.31,0.4,0.11,0.33,0.31,0.44,0.13,0.21,0.17,0.13,,0.1,0.21,0.22,0.46,0.18,0.21,0.22,0.18,0.18,0.38,0.26,0.15,0.36,0.08,0.11,0.21,0.19,0.28,,0.21,0.17,0.2,0.13,0.22,0.11,0.43,0.31,0.33,0.29,0.22,0.35,0.46,0.31,0.35,,,0.35,0.08,0.23,0.2,0.35,0.19,0.29,0.27,0.19,0.45,0.2,0.43,0.17,0.21,0.19,0.32,0.19,0.35,0.17,0.16,0.1,0.38,0.22,0.2,0.23,0.08,0.39,,0.21,0.3,0.12,0.26,,0.07,0.18,0.19,0.37,0.4,0.16,0.35,0.21,0.08,0.33,0.27,0.33,0.36,0.14,0.41,0.45,0.07,0.25,0.29,0.33,,0.12,0.11,,0.11,0.19,0.18,0.44,0.23,,0.21,0.18,0.46,0.21,0.31,0.21,0.2,0.36,0.46,0.44,0.2,,0.2,0.33,0.21,0.35,0.16,0.32,0.19,0.22,0.18,0.38,0.08,0.08,0.31,0.45,0.39,0.35,0.4,0.11,0.3,0.19,0.21,0.35,0.08,0.17
"Jordan","Q1 2020",0.18,0.22,0.19,0.3,0.1,0.11,0.3,0.19,0.3,0.3,0.2,0.22,0.12,0.38,0.12,0.25,0.08,0.1,0.31,0.11,0.19,0.19,0.16,0.2,0.22,0.36,0.08,0.32,0.45,0.36,0.43,0.15,,0.35,0.19,0.29,0.09,0.26,0.26,0.31,0.19,0.19,0.24,,0.18,0.31,0.39,0.11,0.32,0.33,0.43,0.12,0.21,0.16,0.2,,0.1,0.2,0.21,0.45,0.18,0.22,0.22,0.17,0.18,0.37,0.33,0.16,0.36,0.08,0.11,0.24,0.2,0.27,,0.2,0.16,0.13,0.13,0.14,0.11,0.42,0.33,0.24,0.32,0.2,0.35,0.44,0.31,0.35,,,0.25,0.18,0.22,0.2,0.34,0.19,0.29,0.21,0.2,0.44,0.19,0.42,0.18,0.24,0.18,0.32,0.19,0.36,0.17,0.17,0.1,0.43,0.23,0.2,0.23,0.08,0.38,,0.21,0.29,0.12,0.26,,0.07,0.18,0.19,0.36,0.41,0.16,0.35,0.21,0.08,0.32,0.25,0.32,0.35,0.14,0.4,0.44,0.07,0.27,0.29,0.3,,0.11,0.11,,0.11,0.19,0.1,0.43,0.24,,0.2,0.18,0.44,0.21,0.32,0.2,0.2,0.35,0.45,0.36,0.2,,0.13,0.32,0.21,0.34,0.16,0.32,0.18,0.22,0.18,0.36,0.08,0.08,0.31,0.43,0.38,0.24,0.39,0.11,0.3,0.19,0.13,0.34,0.08,0.19
"Jordan","Q1 2021",0.17,0.23,0.19,0.27,0.1,0.11,0.3,0.19,0.31,0.31,0.29,0.22,0.2,0.39,0.12,0.27,0.08,0.1,0.31,0.11,0.18,0.19,0.16,0.21,0.25,0.36,0.08,0.32,0.46,0.37,0.44,0.15,,0.36,0.18,0.27,0.09,0.27,0.25,0.31,0.19,0.19,0.25,,0.18,0.31,0.39,0.12,0.33,0.33,0.44,0.13,0.21,0.18,0.13,,0.11,0.2,0.22,0.45,0.18,0.22,0.21,0.18,0.18,0.38,0.34,0.16,0.43,0.1,0.12,0.25,0.2,0.3,,0.18,0.16,0.2,0.13,0.15,0.11,0.44,0.26,0.3,0.33,0.21,0.35,0.45,0.32,0.35,,,0.32,0.18,0.21,0.13,0.42,0.18,0.29,0.22,0.18,0.45,0.19,0.42,0.19,0.24,0.19,0.3,0.18,0.36,0.18,0.18,0.1,0.37,0.25,0.21,0.23,,0.39,,0.21,0.3,0.2,0.26,0.09,0.07,0.18,0.19,0.36,0.43,0.16,0.35,0.22,0.08,0.33,0.24,0.33,0.36,0.14,0.42,0.45,0.07,0.27,0.3,0.3,,0.11,0.11,,0.12,0.2,0.1,0.44,0.24,,0.2,0.18,0.45,0.21,0.32,0.2,0.28,0.36,0.46,0.37,0.19,,0.2,0.32,0.21,0.35,0.16,0.34,0.19,0.22,0.18,0.37,0.08,0.08,0.32,0.44,0.39,0.25,0.39,0.11,0.3,0.19,0.13,0.34,,0.18
"Kenya","Q1 2016",0.18,0.21,0.19,0.26,0.11,0.18,0.24,0.2,0.26,0.25,0.24,0.21,0.2,0.38,0.13,0.33,0.08,0.12,0.24,0.1,0.19,0.19,0.18,0.2,0.25,0.27,0.09,0.24,0.38,0.29,0.28,,,0.26,0.2,0.25,0.1,0.23,0.25,0.23,0.2,0.2,0.23,,0.2,0.23,0.34,0.19,0.25,0.24,0.35,0.13,0.19,0.16,0.19,,0.1,0.22,0.22,0.37,0.19,0.22,0.22,0.21,0.11,0.3,0.33,0.16,0.25,0.08,0.2,0.22,0.2,0.24,,0.22,0.17,0.21,0.14,0.21,0.11,0.36,0.23,0.33,0.21,0.21,0.26,0.37,0.25,0.28,,0.32,,0.18,0.2,0.19,0.26,0.2,0.23,0.21,0.22,0.37,0.2,0.28,0.19,0.2,0.18,0.27,0.22,0.27,0.09,0.17,0.1,0.28,0.31,0.2,0.25,0.09,0.3,,0.23,0.24,0.13,0.33,,0.08,0.1,0.21,0.35,0.34,,0.26,0.21,0.08,0.24,0.3,0.24,0.27,0.21,0.22,0.3,0.07,0.26,0.23,0.28,,0.12,0.2,,0.2,0.19,0.19,0.35,0.23,,0.22,0.21,0.38,0.21,0.24,0.21,0.26,0.35,0.38,0.35,0.3,,0.21,0.23,0.21,0.33,0.16,0.32,0.19,0.24,0.2,0.26,,0.1,0.24,0.36,0.31,0.33,0.31,0.12,0.23,0.2,0.22,0.26,0.1,0.29
"Kenya","Q1 2017",0.18,0.21,0.19,0.25,0.11,0.11,0.24,0.18,0.26,0.25,0.22,0.2,0.2,0.37,0.13,0.25,0.08,0.1,0.25,0.11,0.18,0.19,0.17,0.2,0.25,0.27,0.08,0.24,0.37,0.28,0.28,0.15,,0.27,0.18,0.25,0.09,0.22,0.25,0.24,0.2,0.18,0.23,,0.19,0.23,0.26,0.11,0.26,0.24,0.35,0.13,0.21,0.15,0.19,,0.1,0.21,0.2,0.36,0.18,0.21,0.22,0.19,0.18,0.29,0.25,0.16,0.26,0.08,0.12,0.22,0.2,0.25,,0.21,0.17,0.2,0.14,0.21,0.1,0.35,0.23,0.32,0.23,0.21,0.26,0.36,0.25,0.28,,0.25,,0.18,0.21,0.19,0.33,0.18,0.2,0.21,0.21,0.36,0.2,0.27,0.18,0.21,0.19,0.26,0.2,0.26,0.09,0.17,0.1,0.28,0.29,0.19,0.24,0.08,0.29,,0.22,0.24,0.12,0.25,,0.08,0.19,0.19,0.34,0.33,0.17,0.26,0.2,0.08,0.24,0.3,0.25,0.27,0.21,0.23,0.29,0.07,0.25,0.23,0.27,,0.12,0.19,,0.19,0.11,0.18,0.35,0.23,,0.27,0.19,0.36,0.21,0.24,0.2,0.27,0.34,0.37,0.34,0.22,,0.19,0.24,0.22,0.26,0.16,0.24,0.19,0.22,0.18,0.34,,0.09,0.23,0.35,0.3,0.33,0.3,0.11,0.24,0.19,0.22,0.26,0.09,0.19
"Kenya","Q1 2018",0.17,0.2,0.19,0.24,0.11,0.11,0.24,0.19,0.25,0.24,0.22,0.2,0.13,0.36,0.12,0.25,0.08,0.1,0.24,0.11,0.18,0.19,0.18,0.19,0.23,0.25,0.08,0.23,0.36,0.27,0.28,0.15,,0.25,0.18,0.24,0.09,0.22,0.24,0.23,0.2,0.19,0.22,,0.17,0.22,0.33,0.11,0.25,0.23,0.34,0.13,0.21,0.15,0.19,,0.1,0.21,0.2,0.29,0.18,0.21,0.21,0.18,0.18,0.28,0.24,0.16,0.26,0.08,0.11,0.21,0.19,0.24,,0.2,0.17,0.2,0.13,0.2,0.11,0.34,0.23,0.32,0.24,0.21,0.25,0.35,0.25,0.26,,0.25,,0.18,0.2,0.19,0.24,0.17,0.22,0.21,0.2,0.35,0.19,0.26,0.18,0.21,0.23,0.24,0.19,0.25,0.09,0.16,0.1,0.28,0.29,0.2,0.23,0.08,0.29,,0.22,0.24,0.12,0.25,,0.08,0.18,0.18,0.34,0.33,0.16,0.25,0.2,0.08,0.23,0.3,0.24,0.26,0.21,0.24,0.28,0.07,0.25,0.24,0.26,,0.12,0.12,,0.12,0.12,0.17,0.34,0.24,,0.2,0.2,0.36,0.21,0.23,0.2,0.25,0.33,0.36,0.34,0.21,,0.2,0.24,0.2,0.26,0.16,0.24,0.19,0.22,0.18,0.34,,0.08,0.25,0.34,0.29,0.33,0.29,0.11,0.24,0.19,0.21,0.26,0.08,0.17
"Kenya","Q1 2019",0.17,0.2,0.19,0.27,0.11,0.11,0.28,0.2,0.29,0.28,0.26,0.2,0.13,0.33,0.13,0.26,0.08,0.1,0.28,0.11,0.19,0.19,0.18,0.2,0.27,0.3,0.08,0.27,0.4,0.31,0.32,0.15,,0.3,0.26,0.27,0.09,0.23,0.25,0.27,0.2,0.2,0.24,,0.18,0.26,0.37,0.11,0.29,0.27,0.38,0.13,0.21,0.17,0.13,,0.1,0.21,0.21,0.33,0.18,0.2,0.22,0.18,0.18,0.32,0.26,0.15,0.3,0.08,0.11,0.21,0.19,0.26,,0.21,0.17,0.2,0.13,0.14,0.11,0.38,0.27,0.33,0.27,0.22,0.29,0.4,0.28,0.29,,0.35,,0.08,0.21,0.13,0.28,0.19,0.23,0.26,0.2,0.39,0.2,0.31,0.17,0.21,0.19,0.29,0.26,0.3,0.17,0.16,0.11,0.31,0.29,0.19,0.23,0.08,0.33,,0.21,0.27,0.12,0.26,,0.07,0.18,0.2,0.37,0.37,0.16,0.29,0.21,0.08,0.28,0.32,0.28,0.31,0.14,0.29,0.33,0.07,0.26,0.28,0.3,,0.12,0.12,,0.12,0.19,0.11,0.38,0.23,,0.28,0.19,0.4,0.21,0.27,0.2,0.27,0.37,0.4,0.38,0.2,,0.2,0.27,0.21,0.3,0.16,0.28,0.19,0.22,0.18,0.38,0.08,0.08,0.29,0.39,0.33,0.38,0.34,0.11,0.27,0.19,0.21,0.29,0.08,0.18
"Kenya","Q1 2020",0.19,0.21,0.19,0.24,0.1,0.11,0.24,0.19,0.25,0.25,0.2,0.2,0.12,0.3,0.12,0.25,0.08,0.1,0.25,0.11,0.19,0.19,0.16,0.2,0.22,0.27,0.08,0.23,0.37,0.28,0.29,0.15,,0.26,0.26,0.24,0.09,0.24,0.25,0.23,0.19,0.19,0.23,,0.18,0.23,0.33,0.12,0.26,0.24,0.35,0.13,0.21,0.17,0.13,,0.1,0.2,0.21,0.3,0.18,0.15,0.22,0.18,0.18,0.28,0.25,0.16,0.27,0.08,0.12,0.23,0.2,0.24,,0.21,0.16,0.13,0.14,0.13,0.11,0.35,0.24,0.3,0.24,0.21,0.26,0.36,0.25,0.27,,0.25,,0.18,0.22,0.2,0.25,0.19,0.22,0.14,0.21,0.36,0.2,0.26,0.18,0.22,0.18,0.26,0.26,0.26,0.17,0.18,0.1,0.28,0.31,0.2,0.23,0.08,0.29,,0.21,0.24,0.12,0.25,,0.07,0.18,0.19,0.35,0.34,0.16,0.26,0.21,0.08,0.23,0.23,0.24,0.26,0.14,0.33,0.29,0.07,0.25,0.25,0.27,,0.11,0.11,,0.12,0.19,0.1,0.35,0.23,,0.29,0.18,0.36,0.21,0.24,0.2,0.28,0.34,0.37,0.35,0.2,,0.13,0.24,0.21,0.26,0.16,0.25,0.11,0.22,0.18,0.35,0.08,0.08,0.26,0.36,0.3,0.34,0.3,0.11,0.24,0.19,0.13,0.25,0.08,0.19
"Kenya","Q1 2021",0.17,0.21,0.19,0.24,0.1,0.11,0.24,0.19,0.25,0.26,0.23,0.2,0.2,0.3,0.12,0.25,0.08,0.1,0.25,0.11,0.18,0.19,0.16,0.19,0.25,0.27,0.08,0.23,0.37,0.28,0.29,0.15,,0.26,0.19,0.24,0.09,0.24,0.24,0.24,0.19,0.19,0.23,,0.18,0.23,0.34,0.12,0.26,0.24,0.35,0.13,0.21,0.18,0.13,,0.11,0.2,0.21,0.3,0.18,0.15,0.21,0.18,0.18,0.29,0.26,0.16,0.27,0.1,0.12,0.24,0.19,0.24,,0.18,0.16,0.19,0.13,0.13,0.11,0.36,0.23,0.29,0.24,0.21,0.26,0.36,0.25,0.26,,0.32,,0.18,0.21,0.13,0.26,0.18,0.22,0.15,0.25,0.36,0.19,0.27,0.18,0.23,0.19,0.24,0.19,0.26,0.17,0.17,0.1,0.28,0.32,0.2,0.23,,0.3,,0.21,0.24,0.13,0.25,0.09,0.07,0.18,0.19,0.34,0.34,0.16,0.26,0.21,0.08,0.23,0.22,0.24,0.27,0.14,0.33,0.29,0.07,0.24,0.24,0.27,,0.11,0.11,,0.12,0.19,0.1,0.35,0.23,,0.21,0.18,0.37,0.21,0.24,0.2,0.28,0.34,0.37,0.35,0.19,,0.2,0.24,0.2,0.26,0.16,0.25,0.19,0.22,0.18,0.34,0.08,0.08,0.26,0.36,0.3,0.33,0.3,0.11,0.24,0.19,0.13,0.25,,0.18
"Kiribati","Q1 2016",0.1,0.11,0.26,0.19,0.1,0.1,0.18,0.11,0.21,0.19,0.18,0.17,0.11,0.22,0.1,0.19,0.08,0.1,0.19,0.09,0.16,0.1,0.09,0.17,0.18,0.2,0.08,0.18,0.29,0.21,0.21,,,0.2,0.1,0.18,0.16,0.11,0.18,0.18,0.1,0.11,0.11,,0.1,0.18,0.19,0.1,0.2,0.19,0.2,0.1,0.1,0.08,0.1,,0.09,0.27,0.18,0.22,0.1,0.19,0.11,0.1,0.09,0.21,0.18,0.08,0.19,0.08,0.11,0.11,0.18,0.18,,0.11,0.09,0.11,0.11,0.11,0.1,0.2,0.18,0.18,0.09,0.1,0.19,0.21,0.2,0.28,,0.18,0.18,,0.1,0.1,0.19,0.1,0.11,0.1,0.1,0.21,0.09,0.19,0.26,0.1,0.09,0.19,0.1,0.2,0.16,0.09,0.09,0.2,0.18,0.17,0.18,0.15,0.21,,0.27,0.27,0.1,0.19,,0.07,0.16,0.18,0.2,0.19,,0.2,0.19,0.08,0.18,0.19,0.18,0.19,0.11,0.17,0.29,0.07,0.11,0.18,0.2,,0.1,0.11,,0.11,0.26,0.1,0.2,0.11,,0.1,0.1,0.22,0.11,0.18,0.26,0.09,0.2,0.21,0.19,0.17,,0.11,0.18,0.1,0.2,0.08,0.19,0.26,0.19,0.1,0.19,,0.23,0.18,0.2,0.22,0.18,0.22,0.1,0.18,0.26,0.11,0.19,0.23,0.17
"Kiribati","Q1 2017",0.1,0.11,0.25,0.19,0.1,0.1,0.19,0.1,0.2,0.19,0.1,0.17,0.11,0.22,0.11,0.18,0.08,0.09,0.19,0.1,0.16,0.1,0.09,0.17,0.18,0.2,0.08,0.19,0.29,0.2,0.28,0.08,,0.2,0.1,0.18,0.15,0.11,0.18,0.18,0.11,0.1,0.11,,0.1,0.18,0.19,0.1,0.2,0.19,0.2,0.1,0.11,0.08,0.1,,0.09,0.26,0.1,0.21,0.1,0.19,0.11,0.1,0.1,0.21,0.18,0.08,0.19,0.08,0.1,0.11,0.18,0.19,,0.11,0.09,0.11,0.11,0.11,0.1,0.2,0.18,0.18,0.17,0.1,0.19,0.21,0.2,0.28,,0.18,0.18,,0.1,0.1,0.19,0.1,0.1,0.1,0.17,0.21,0.1,0.19,0.26,0.11,0.1,0.19,0.1,0.2,0.16,0.09,0.1,0.2,0.17,0.17,0.18,0.15,0.21,,0.26,0.2,0.1,0.19,,0.07,0.18,0.1,0.2,0.19,0.16,0.2,0.19,0.07,0.19,0.19,0.18,0.19,0.11,0.17,0.28,0.07,0.18,0.18,0.2,,0.1,0.1,,0.11,0.18,0.1,0.2,0.11,,0.1,0.1,0.21,0.11,0.18,0.19,0.1,0.2,0.21,0.2,0.1,,0.11,0.18,0.1,0.2,0.08,0.18,0.26,0.12,0.09,0.19,,0.22,0.18,0.2,0.22,0.18,0.22,0.1,0.18,0.26,0.11,0.19,0.22,0.09
"Kiribati","Q1 2018",0.09,0.11,0.25,0.19,0.1,0.1,0.19,0.11,0.2,0.19,0.17,0.17,0.11,0.22,0.1,0.19,0.08,0.09,0.19,0.1,0.16,0.1,0.1,0.17,0.18,0.2,0.08,0.19,0.29,0.21,0.28,0.08,,0.2,0.1,0.18,0.15,0.11,0.18,0.18,0.11,0.11,0.1,,0.09,0.18,0.18,0.1,0.2,0.19,0.2,0.1,0.11,0.08,0.1,,0.09,0.26,0.1,0.21,0.1,0.19,0.11,0.1,0.1,0.21,0.18,0.08,0.19,0.08,0.1,0.12,0.18,0.19,,0.1,0.09,0.11,0.1,0.11,0.1,0.2,0.18,0.18,0.18,0.11,0.19,0.21,0.19,0.28,,0.18,0.18,,0.1,0.1,0.18,0.1,0.11,0.1,0.1,0.21,0.1,0.19,0.26,0.11,0.17,0.18,0.1,0.2,0.15,0.09,0.1,0.2,0.11,0.17,0.18,0.15,0.21,,0.26,0.2,0.1,0.19,,0.08,0.18,0.1,0.2,0.19,0.16,0.2,0.19,0.07,0.19,0.19,0.18,0.2,0.11,0.18,0.28,0.07,0.18,0.18,0.2,,0.1,0.11,,0.11,0.18,0.1,0.2,0.18,,0.1,0.1,0.21,0.12,0.18,0.19,0.1,0.19,0.21,0.2,0.1,,0.11,0.18,0.1,0.2,0.08,0.18,0.26,0.11,0.1,0.2,,0.22,0.19,0.2,0.21,0.18,0.22,0.1,0.18,0.25,0.11,0.19,0.22,0.09
"Kiribati","Q1 2019",0.01,0.02,0.15,0.09,0.01,0.01,0.09,0.01,0.16,0.09,0.08,0.08,0.02,0.1,0.01,0.09,0,0.01,0.09,0.01,0.08,0.01,0.01,0.08,0.09,0.09,0.01,0.09,0.17,0.16,0.16,0.07,,0.09,0.01,0.08,0.14,0.02,0.08,0.08,0.01,0.01,0.01,,0.01,0.08,0.09,0.02,0.09,0.09,0.09,0.01,0.02,0.01,0.01,,0.01,0.22,0.01,0.1,0.01,0.15,0.02,0.01,0.01,0.1,0.09,0.01,0.09,0.01,0.02,0.02,0.08,0.09,,0.02,0.01,0.02,0.02,0.02,0.01,0.09,0.08,0.08,0.08,0.01,0.09,0.1,0.09,0.16,,0.08,0.08,,0.08,0.01,0.08,0.01,0.02,0.08,0.08,0.1,0.08,0.09,0.15,0.02,0.01,0.09,0.01,0.09,0.15,0.01,0.01,0.09,0.08,0.08,0.08,0.14,0.1,,0.15,0.15,0.01,0.09,,0.07,0.08,0.02,0.09,0.09,0.08,0.09,0.15,0,0.09,0.15,0.09,0.09,0.02,0.08,0.17,0,0.08,0.08,0.09,,0.02,0.01,,0.02,0.15,0.01,0.09,0.01,,0.08,0.01,0.17,0.02,0.08,0.15,0.01,0.09,0.1,0.09,0.01,,0.02,0.08,0.01,0.16,0.07,0.09,0.15,0.02,0.01,0.09,0,0.21,0.09,0.09,0.1,0.08,0.1,0.01,0.08,0.15,0.02,0.09,0.21,0.01
"Kiribati","Q1 2020",0.1,0.11,0.26,0.19,0.1,0.1,0.18,0.1,0.2,0.19,0.1,0.17,0.11,0.21,0.1,0.18,0.08,0.09,0.19,0.1,0.17,0.1,0.09,0.17,0.11,0.2,0.08,0.18,0.29,0.2,0.28,0.08,,0.2,0.1,0.18,0.16,0.11,0.18,0.17,0.1,0.1,0.1,,0.09,0.18,0.18,0.1,0.2,0.19,0.2,0.1,0.11,0.09,0.1,,0.09,0.26,0.1,0.21,0.1,0.19,0.11,0.09,0.1,0.2,0.19,0.09,0.19,0.08,0.1,0.11,0.18,0.19,,0.11,0.09,0.11,0.1,0.1,0.1,0.2,0.19,0.17,0.18,0.1,0.19,0.21,0.2,0.27,,0.18,0.18,,0.17,0.1,0.18,0.1,0.11,0.1,0.1,0.21,0.1,0.19,0.26,0.11,0.1,0.18,0.1,0.2,0.17,0.1,0.1,0.2,0.11,0.17,0.18,0.15,0.21,,0.26,0.2,0.1,0.19,,0.07,0.18,0.1,0.2,0.19,0.16,0.2,0.19,0.08,0.19,0.18,0.18,0.19,0.11,0.18,0.28,0.07,0.11,0.18,0.2,,0.1,0.1,,0.1,0.26,0.09,0.2,0.11,,0.1,0.1,0.21,0.11,0.18,0.19,0.1,0.19,0.21,0.2,0.09,,0.11,0.18,0.1,0.19,0.08,0.19,0.18,0.11,0.09,0.2,0.08,0.22,0.18,0.2,0.21,0.18,0.22,0.1,0.18,0.25,0.11,0.19,0.22,0.09
"Kiribati","Q1 2021",0.09,0.11,0.26,0.18,0.1,0.1,0.18,0.1,0.2,0.19,0.17,0.17,0.11,0.21,0.1,0.18,0.08,0.09,0.19,0.1,0.17,0.1,0.09,0.17,0.18,0.19,0.08,0.18,0.29,0.2,0.28,0.08,,0.2,0.1,0.18,0.16,0.11,0.18,0.17,0.1,0.1,0.1,,0.09,0.18,0.18,0.1,0.2,0.19,0.19,0.1,0.11,0.09,0.1,,0.1,0.26,0.1,0.21,0.1,0.19,0.1,0.09,0.1,0.2,0.19,0.09,0.19,0.09,0.1,0.12,0.18,0.19,,0.1,0.09,0.11,0.1,0.1,0.1,0.2,0.18,0.17,0.18,0.1,0.19,0.2,0.2,0.27,,0.18,0.18,,0.1,0.1,0.18,0.1,0.11,0.1,0.1,0.21,0.1,0.19,0.26,0.11,0.1,0.18,0.1,0.2,0.17,0.1,0.1,0.2,0.11,0.17,0.18,,0.21,,0.26,0.2,0.1,0.19,0.15,0.07,0.17,0.1,0.19,0.19,0.16,0.2,0.19,0.08,0.18,0.18,0.18,0.19,0.1,0.18,0.29,0.07,0.11,0.18,0.2,,0.1,0.1,,0.1,0.26,0.09,0.2,0.11,,0.1,0.1,0.21,0.11,0.18,0.19,0.1,0.19,0.21,0.2,0.09,,0.11,0.18,0.1,0.19,0.09,0.19,0.26,0.11,0.09,0.19,0.08,0.21,0.18,0.2,0.21,0.18,0.22,0.1,0.18,0.26,0.11,0.19,,0.09
"Kuwait","Q1 2016",0.09,0.2,0.17,0.21,0.16,0.16,0.21,0.18,0.22,0.2,0.28,0.19,0.18,0.24,0.18,0.21,0.15,0.17,0.21,0.16,0.11,0.11,0.1,0.12,0.2,0.22,0.15,0.21,0.24,0.23,0.23,,,0.22,0.17,0.2,0.09,0.21,0.14,0.21,0.18,0.19,0.13,,0.11,0.13,0.22,0.17,0.22,0.21,0.23,0.19,0.17,0.08,0.11,,0.09,0.19,0.13,0.24,0.1,0.2,0.19,0.11,0.1,0.24,0.21,0.08,0.21,0.08,0.18,0.19,0.19,0.21,,0.13,0.1,0.19,0.19,0.2,0.17,0.23,0.2,0.21,0.27,0.13,0.22,0.23,0.22,0.23,,0.21,0.2,0.1,,0.11,0.22,0.18,0.2,0.12,0.19,0.24,0.11,0.22,0.1,0.11,0.1,0.21,0.19,0.29,0.08,0.09,0.15,0.23,0.2,0.12,0.2,0.08,0.23,,0.2,0.21,0.18,0.22,,0.07,0.09,0.19,0.29,0.29,,0.22,0.12,0.07,0.21,0.13,0.13,0.22,0.19,0.28,0.24,0,0.2,0.13,0.23,,0.17,0.18,,0.18,0.17,0.1,0.29,0.2,,0.19,0.11,0.23,0.19,0.21,0.11,0.18,0.23,0.24,0.22,0.2,,0.19,0.2,0.12,0.22,0.08,0.21,0.1,0.21,0.11,0.22,,0.08,0.14,0.3,0.24,0.2,0.31,0.17,0.2,0.11,0.2,0.22,0.08,0.19
"Kuwait","Q1 2017",0.1,0.11,0.11,0.21,0.1,0.09,0.13,0.1,0.21,0.21,0.27,0.18,0.11,0.24,0.11,0.2,0.08,0.09,0.14,0.1,0.1,0.1,0.09,0.11,0.2,0.21,0.08,0.13,0.23,0.22,0.22,0.08,,0.15,0.16,0.2,0.02,0.13,0.13,0.2,0.11,0.1,0.13,,0.1,0.13,0.21,0.1,0.14,0.13,0.22,0.12,0.13,0.08,0.11,,0.09,0.12,0.11,0.23,0.1,0.13,0.13,0.1,0.1,0.23,0.21,0.08,0.21,0.01,0.1,0.12,0.12,0.14,,0.12,0.09,0.11,0.12,0.12,0.09,0.29,0.13,0.21,0.27,0.12,0.21,0.23,0.14,0.22,,0.2,0.21,0.1,,0.11,0.21,0.1,0.1,0.12,0.18,0.22,0.18,0.22,0.1,0.12,0.11,0.21,0.18,0.14,0.09,0.09,0.09,0.22,0.19,0.17,0.13,0.01,0.23,,0.13,0.13,0.11,0.21,,0.01,0.11,0.1,0.29,0.28,0.09,0.14,0.11,0.01,0.13,0.2,0.21,0.21,0.12,0.27,0.23,0,0.2,0.13,0.22,,0.1,0.11,,0.11,0.1,0.1,0.29,0.13,,0.18,0.11,0.23,0.12,0.2,0.11,0.19,0.22,0.23,0.22,0.19,,0.11,0.13,0.12,0.21,0.08,0.13,0.11,0.12,0.1,0.22,,0.01,0.2,0.29,0.23,0.21,0.23,0.1,0.13,0.11,0.12,0.21,0.01,0.18
"Kuwait","Q1 2018",0.09,0.12,0.11,0.14,0.1,0.1,0.14,0.11,0.21,0.2,0.27,0.19,0.11,0.24,0.11,0.21,0.08,0.09,0.14,0.1,0.1,0.11,0.1,0.11,0.13,0.21,0.08,0.14,0.24,0.23,0.23,0.08,,0.15,0.16,0.21,0.02,0.13,0.14,0.2,0.11,0.11,0.13,,0.09,0.13,0.22,0.1,0.15,0.14,0.22,0.12,0.13,0.08,0.11,,0.09,0.13,0.12,0.23,0.1,0.13,0.13,0.1,0.1,0.23,0.21,0.08,0.22,0.01,0.1,0.12,0.11,0.14,,0.12,0.1,0.12,0.12,0.13,0.1,0.29,0.13,0.28,0.28,0.12,0.21,0.23,0.14,0.22,,0.21,0.2,0.1,,0.11,0.21,0.1,0.2,0.13,0.18,0.23,0.18,0.22,0.1,0.12,0.2,0.2,0.17,0.22,0.08,0.09,0.09,0.23,0.19,0.18,0.13,0.01,0.23,,0.13,0.14,0.12,0.21,,0.07,0.1,0.11,0.29,0.29,0.09,0.15,0.11,0.01,0.14,0.2,0.2,0.21,0.12,0.28,0.23,0.07,0.21,0.21,0.15,,0.1,0.11,,0.1,0.1,0.1,0.23,0.21,,0.18,0.11,0.24,0.12,0.2,0.11,0.17,0.22,0.24,0.23,0.19,,0.12,0.2,0.12,0.21,0.08,0.14,0.11,0.14,0.11,0.22,,0.01,0.21,0.29,0.23,0.2,0.23,0.1,0.14,0.11,0.12,0.21,0.01,0.1
"Kuwait","Q1 2019",0.09,0.12,0.18,0.21,0.09,0.1,0.22,0.12,0.23,0.21,0.28,0.2,0.11,0.25,0.12,0.21,0.08,0.09,0.22,0.1,0.18,0.11,0.1,0.19,0.21,0.24,0.08,0.22,0.26,0.24,0.25,0.14,,0.23,0.17,0.21,0.08,0.15,0.21,0.21,0.12,0.12,0.14,,0.1,0.21,0.23,0.1,0.23,0.22,0.24,0.12,0.13,0.16,0.13,,0.09,0.19,0.14,0.25,0.1,0.19,0.13,0.11,0.1,0.25,0.22,0.08,0.24,0.08,0.1,0.13,0.18,0.22,,0.12,0.09,0.12,0.12,0.14,0.1,0.31,0.22,0.21,0.29,0.13,0.23,0.25,0.23,0.23,,0.23,0.21,0.08,,0.12,0.22,0.11,0.2,0.21,0.18,0.25,0.19,0.24,0.16,0.12,0.11,0.21,0.17,0.24,0.16,0.09,0.09,0.24,0.19,0.18,0.2,0.08,0.25,,0.19,0.22,0.11,0.22,,0.07,0.17,0.11,0.31,0.3,0.09,0.23,0.19,0.08,0.22,0.22,0.22,0.24,0.13,0.3,0.32,0.07,0.2,0.22,0.23,,0.11,0.1,,0.1,0.18,0.1,0.31,0.13,,0.19,0.11,0.32,0.13,0.21,0.19,0.19,0.24,0.26,0.24,0.19,,0.12,0.22,0.12,0.23,0.15,0.21,0.18,0.14,0.1,0.24,0.07,0.08,0.23,0.31,0.25,0.22,0.26,0.1,0.21,0.18,0.13,0.23,0.08,0.17
"Kuwait","Q1 2020",0.11,0.13,0.18,0.21,0.09,0.1,0.21,0.11,0.22,0.21,0.26,0.2,0.11,0.25,0.11,0.21,0.08,0.09,0.22,0.1,0.18,0.11,0.09,0.19,0.13,0.23,0.08,0.21,0.25,0.24,0.24,0.14,,0.23,0.18,0.21,0.09,0.14,0.21,0.21,0.11,0.11,0.14,,0.1,0.21,0.22,0.1,0.23,0.21,0.24,0.12,0.13,0.16,0.12,,0.09,0.19,0.14,0.25,0.1,0.2,0.13,0.1,0.1,0.24,0.22,0.08,0.23,0.08,0.11,0.13,0.19,0.21,,0.12,0.09,0.12,0.12,0.13,0.1,0.31,0.21,0.2,0.29,0.12,0.23,0.24,0.22,0.23,,0.22,0.22,0.17,,0.12,0.22,0.11,0.21,0.13,0.19,0.25,0.19,0.23,0.17,0.12,0.11,0.21,0.18,0.23,0.16,0.1,0.09,0.24,0.2,0.19,0.19,0.08,0.25,,0.19,0.22,0.11,0.22,,0.07,0.17,0.11,0.3,0.3,0.09,0.23,0.19,0.08,0.21,0.21,0.22,0.22,0.13,0.29,0.31,0.07,0.21,0.22,0.23,,0.1,0.1,,0.1,0.18,0.09,0.3,0.14,,0.2,0.1,0.31,0.13,0.21,0.18,0.2,0.23,0.25,0.24,0.19,,0.12,0.21,0.12,0.23,0.15,0.21,0.17,0.14,0.1,0.23,0.07,0.08,0.22,0.31,0.25,0.21,0.25,0.1,0.21,0.18,0.12,0.22,0.08,0.18
"Kuwait","Q1 2021",0.09,0.12,0.11,0.13,0.09,0.1,0.13,0.11,0.14,0.21,0.27,0.19,0.11,0.23,0.1,0.21,0.08,0.09,0.14,0.1,0.1,0.11,0.09,0.11,0.2,0.21,0.08,0.13,0.24,0.23,0.23,0.08,,0.15,0.17,0.2,0.02,0.14,0.13,0.2,0.11,0.11,0.13,,0.1,0.13,0.21,0.1,0.14,0.14,0.22,0.12,0.12,0.17,0.11,,0.1,0.12,0.13,0.23,0.1,0.13,0.12,0.1,0.1,0.23,0.21,0.08,0.22,0.03,0.1,0.13,0.11,0.14,,0.11,0.09,0.11,0.12,0.12,0.1,0.29,0.13,0.19,0.28,0.12,0.21,0.23,0.14,0.22,,0.21,0.21,0.1,,0.12,0.21,0.1,0.19,0.13,0.17,0.23,0.18,0.22,0.1,0.13,0.11,0.2,0.17,0.22,0.09,0.1,0.09,0.22,0.2,0.11,0.12,,0.23,,0.12,0.14,0.12,0.21,0.01,0,0.1,0.11,0.29,0.29,0.08,0.15,0.12,0.01,0.13,0.13,0.14,0.22,0.13,0.28,0.23,0.07,0.19,0.2,0.22,,0.1,0.1,,0.1,0.11,0.09,0.29,0.13,,0.18,0.1,0.24,0.12,0.2,0.11,0.19,0.22,0.24,0.23,0.18,,0.12,0.13,0.12,0.21,0.09,0.21,0.11,0.14,0.09,0.22,0.07,0.01,0.21,0.29,0.23,0.21,0.24,0.1,0.13,0.11,0.11,0.22,,0.17
"Latvia","Q1 2016",0.1,0.2,0.11,0.2,0.1,0.17,0.2,0.19,0.21,0.2,0.19,0.11,0.18,0.31,0.18,0.2,0.08,0.11,0.2,0.09,0.11,0.18,0.1,0.18,0.2,0.21,0.08,0.2,0.23,0.22,0.21,,,0.21,0.17,0.2,0.09,0.2,0.2,0.12,0.18,0.19,0.19,,0.18,0.27,0.21,0.17,0.21,0.2,0.22,0.11,0.18,0.08,0.26,,0.17,0.12,0.28,0.23,0.17,0.19,0.19,0.19,0.1,0.3,0.21,0.08,0.21,0.15,0.18,0.19,0.11,0.2,,0.2,0.1,0.2,0.12,0.19,0.18,0.21,0.19,0.2,0.11,0.19,0.21,0.23,0.21,0.22,,0.2,0.19,0.1,0.11,,0.21,0.1,0.19,0.27,0.18,0.23,0.1,0.21,0.1,0.18,0.17,0.2,0.18,0.21,0.09,0.09,0.09,0.22,0.12,0.18,0.2,0.08,0.3,,0.2,0.2,0.11,0.21,,0.07,0.1,0.2,0.21,0.21,,0.22,0.12,0.07,0.2,0.19,0.28,0.21,0.19,0.19,0.23,0.07,0.2,0.2,0.29,,0.1,0.18,,0.18,0.11,0.17,0.21,0.2,,0.11,0.18,0.23,0.19,0.19,0.11,0.1,0.21,0.24,0.21,0.12,,0.2,0.27,0.18,0.2,0.08,0.2,0.11,0.21,0.18,0.21,,0.09,0.2,0.22,0.3,0.19,0.23,0.1,0.2,0.11,0.2,0.21,0.09,0.11
"Latvia","Q1 2017",0.1,0.19,0.11,0.2,0.1,0.1,0.19,0.17,0.2,0.2,0.19,0.11,0.18,0.3,0.18,0.19,0.08,0.09,0.2,0.1,0.1,0.17,0.09,0.18,0.2,0.21,0.08,0.19,0.22,0.21,0.21,0.08,,0.21,0.16,0.19,0.08,0.2,0.2,0.12,0.18,0.17,0.19,,0.17,0.2,0.2,0.1,0.21,0.2,0.21,0.11,0.19,0.08,0.26,,0.17,0.12,0.26,0.23,0.17,0.19,0.19,0.18,0.17,0.29,0.2,0.08,0.2,0.08,0.1,0.19,0.11,0.2,,0.18,0.09,0.18,0.12,0.19,0.17,0.21,0.19,0.19,0.11,0.19,0.2,0.22,0.21,0.21,,0.19,0.19,0.1,0.11,,0.2,0.1,0.18,0.26,0.18,0.22,0.1,0.2,0.1,0.19,0.18,0.19,0.17,0.21,0.09,0.09,0.09,0.21,0.11,0.18,0.19,0.01,0.29,,0.19,0.19,0.11,0.2,,0.07,0.11,0.19,0.21,0.2,0.09,0.21,0.11,0.07,0.2,0.19,0.27,0.21,0.19,0.19,0.22,0.07,0.19,0.18,0.28,,0.1,0.18,,0.18,0.1,0.17,0.21,0.19,,0.1,0.18,0.22,0.19,0.19,0.11,0.1,0.2,0.22,0.2,0.11,,0.18,0.27,0.18,0.2,0.08,0.19,0.11,0.2,0.17,0.21,,0.01,0.18,0.21,0.3,0.19,0.23,0.1,0.19,0.11,0.19,0.2,0.01,0.09
"Latvia","Q1 2018",0.09,0.19,0.11,0.21,0.1,0.1,0.2,0.18,0.21,0.2,0.12,0.12,0.19,0.31,0.19,0.21,0.08,0.09,0.21,0.1,0.1,0.18,0.17,0.11,0.2,0.21,0.08,0.2,0.24,0.22,0.22,0.08,,0.22,0.17,0.2,0.08,0.21,0.21,0.12,0.19,0.18,0.2,,0.09,0.27,0.2,0.1,0.22,0.2,0.22,0.12,0.19,0.08,0.27,,0.17,0.13,0.27,0.23,0.18,0.2,0.19,0.18,0.17,0.3,0.21,0.08,0.21,0.15,0.1,0.19,0.11,0.21,,0.19,0.1,0.19,0.12,0.2,0.17,0.21,0.2,0.2,0.19,0.2,0.21,0.23,0.21,0.22,,0.2,0.19,0.1,0.11,,0.21,0.1,0.2,0.27,0.18,0.23,0.11,0.21,0.11,0.2,0.19,0.19,0.18,0.22,0.08,0.09,0.1,0.23,0.12,0.18,0.19,0.01,0.31,,0.2,0.2,0.12,0.21,,0.08,0.1,0.19,0.21,0.21,0.09,0.22,0.12,0.07,0.2,0.19,0.28,0.22,0.19,0.12,0.23,0.07,0.2,0.19,0.29,,0.11,0.18,,0.18,0.11,0.17,0.22,0.2,,0.11,0.19,0.23,0.2,0.12,0.12,0.11,0.21,0.23,0.21,0.11,,0.19,0.28,0.19,0.21,0.08,0.21,0.11,0.2,0.17,0.22,,0.01,0.2,0.22,0.31,0.19,0.23,0.1,0.2,0.11,0.2,0.21,0.01,0.1
"Latvia","Q1 2019",0.09,0.2,0.11,0.2,0.1,0.1,0.21,0.19,0.22,0.2,0.12,0.12,0.19,0.31,0.18,0.21,0.08,0.09,0.21,0.1,0.11,0.18,0.17,0.12,0.21,0.22,0.08,0.21,0.24,0.22,0.23,0.08,,0.23,0.17,0.2,0.08,0.21,0.21,0.12,0.19,0.19,0.2,,0.17,0.21,0.21,0.17,0.22,0.21,0.23,0.12,0.2,0.09,0.27,,0.17,0.12,0.28,0.31,0.18,0.19,0.19,0.11,0.17,0.3,0.21,0.15,0.22,0.08,0.17,0.2,0.11,0.21,,0.19,0.09,0.19,0.12,0.2,0.17,0.22,0.2,0.2,0.13,0.2,0.22,0.24,0.22,0.22,,0.2,0.13,0.01,0.12,,0.21,0.11,0.2,0.28,0.18,0.23,0.11,0.22,0.09,0.19,0.18,0.2,0.18,0.22,0.09,0.09,0.1,0.23,0.12,0.11,0.2,0.08,0.31,,0.2,0.21,0.11,0.21,,0.07,0.1,0.2,0.22,0.21,0.09,0.22,0.12,0.08,0.21,0.2,0.29,0.23,0.19,0.2,0.24,0.07,0.2,0.2,0.3,,0.11,0.17,,0.17,0.11,0.17,0.22,0.2,,0.11,0.11,0.24,0.2,0.13,0.12,0.11,0.22,0.24,0.22,0.11,,0.19,0.28,0.2,0.21,0.08,0.21,0.11,0.21,0.17,0.22,0.07,0.01,0.2,0.22,0.31,0.13,0.24,0.1,0.21,0.11,0.2,0.21,0.01,0.1
"Latvia","Q1 2020",0.18,0.19,0.11,0.22,0.1,0.1,0.21,0.19,0.22,0.21,0.12,0.12,0.18,0.32,0.18,0.21,0.08,0.09,0.22,0.1,0.11,0.18,0.16,0.11,0.21,0.22,0.08,0.21,0.24,0.23,0.23,0.08,,0.23,0.18,0.21,0.09,0.22,0.22,0.13,0.18,0.19,0.21,,0.17,0.22,0.21,0.18,0.23,0.22,0.23,0.12,0.2,0.09,0.28,,0.17,0.12,0.28,0.25,0.18,0.2,0.21,0.17,0.17,0.31,0.22,0.16,0.23,0.08,0.18,0.21,0.12,0.21,,0.2,0.16,0.19,0.13,0.12,0.18,0.23,0.21,0.19,0.13,0.2,0.22,0.24,0.22,0.22,,0.2,0.2,0.1,0.12,,0.21,0.18,0.2,0.28,0.18,0.24,0.12,0.22,0.1,0.2,0.18,0.21,0.18,0.23,0.09,0.1,0.1,0.23,0.2,0.11,0.2,0.01,0.32,,0.2,0.21,0.11,0.22,,0.07,0.1,0.19,0.22,0.22,0.09,0.23,0.12,0.08,0.21,0.13,0.29,0.29,0.2,0.21,0.24,0.07,0.21,0.2,0.3,,0.1,0.17,,0.18,0.11,0.16,0.23,0.21,,0.12,0.17,0.24,0.2,0.13,0.12,0.12,0.22,0.31,0.22,0.12,,0.19,0.29,0.19,0.22,0.09,0.21,0.1,0.21,0.17,0.23,0.08,0.01,0.21,0.23,0.32,0.2,0.25,0.1,0.21,0.11,0.2,0.22,0.01,0.11
"Latvia","Q1 2021",0.09,0.19,0.11,0.2,0.09,0.1,0.2,0.19,0.21,0.21,0.12,0.11,0.18,0.3,0.18,0.2,0.08,0.09,0.21,0.1,0.1,0.11,0.09,0.11,0.21,0.21,0.08,0.2,0.23,0.22,0.22,0.08,,0.22,0.1,0.2,0.08,0.21,0.21,0.12,0.18,0.19,0.2,,0.17,0.21,0.2,0.17,0.22,0.21,0.22,0.11,0.2,0.1,0.26,,0.18,0.12,0.27,0.23,0.17,0.2,0.19,0.1,0.17,0.3,0.21,0.16,0.22,0.16,0.18,0.21,0.12,0.2,,0.18,0.09,0.18,0.11,0.12,0.18,0.22,0.19,0.12,0.12,0.19,0.21,0.22,0.21,0.22,,0.13,0.13,0.1,0.12,,0.21,0.1,0.19,0.27,0.11,0.23,0.11,0.21,0.1,0.2,0.18,0.12,0.1,0.22,0.09,0.1,0.09,0.22,0.2,0.11,0.2,,0.3,,0.19,0.2,0.19,0.21,0.08,0.07,0.1,0.19,0.21,0.21,0.08,0.22,0.12,0.08,0.2,0.12,0.28,0.22,0.19,0.2,0.23,0.07,0.2,0.19,0.29,,0.1,0.17,,0.18,0.11,0.09,0.22,0.2,,0.11,0.1,0.23,0.19,0.12,0.12,0.12,0.21,0.24,0.22,0.11,,0.18,0.28,0.19,0.21,0.09,0.2,0.11,0.2,0.1,0.22,0.07,0.01,0.2,0.22,0.31,0.13,0.24,0.1,0.2,0.11,0.12,0.21,,0.1
"Lebanon","Q1 2016",0.19,0.33,0.2,0.33,0.19,0.19,0.34,0.22,0.33,0.32,0.3,0.22,0.22,0.53,0.22,0.29,0.15,0.2,0.35,0.18,0.19,0.2,0.19,0.22,0.26,0.38,0.16,0.34,0.51,0.42,0.41,,,0.46,0.2,0.31,0.1,0.28,0.29,0.4,0.22,0.23,0.35,,0.2,0.35,0.42,0.2,0.41,0.34,0.5,0.21,0.2,0.16,0.21,,0.18,0.23,0.26,0.51,0.2,0.24,0.23,0.21,0.19,0.51,0.3,0.17,0.47,0.09,0.22,0.24,0.21,0.37,,0.23,0.18,0.23,0.23,0.25,0.19,0.44,0.27,0.37,0.22,0.24,0.38,0.52,0.32,0.41,,0.33,0.26,0.19,0.22,0.21,,0.2,0.33,0.25,0.23,0.5,0.2,0.49,0.19,0.22,0.19,0.34,0.22,0.47,0.17,0.18,0.18,0.49,0.24,0.23,0.31,0.09,0.51,,0.25,0.29,0.21,0.32,,0.08,0.18,0.24,0.48,0.42,,0.47,0.22,0.08,0.34,0.27,0.36,0.47,0.23,0.24,0.51,0.15,0.28,0.38,0.48,,0.19,0.22,,0.22,0.2,0.19,0.48,0.27,,0.22,0.21,0.5,0.23,0.41,0.22,0.2,0.38,0.53,0.4,0.28,,0.23,0.36,0.31,0.35,0.16,0.34,0.2,0.29,0.22,0.49,,0.1,0.39,0.48,0.52,0.26,0.52,0.19,0.33,0.2,0.32,0.46,0.1,0.25
"Lebanon","Q1 2017",0.19,0.33,0.2,0.33,0.19,0.18,0.34,0.2,0.34,0.32,0.23,0.21,0.23,0.51,0.22,0.28,0.15,0.18,0.35,0.19,0.2,0.2,0.18,0.21,0.27,0.39,0.16,0.36,0.5,0.41,0.4,0.15,,0.46,0.18,0.32,0.09,0.27,0.29,0.41,0.23,0.2,0.35,,0.2,0.34,0.36,0.19,0.43,0.33,0.49,0.22,0.23,0.09,0.21,,0.18,0.22,0.23,0.5,0.19,0.24,0.24,0.2,0.19,0.5,0.29,0.17,0.45,0.08,0.2,0.25,0.21,0.37,,0.22,0.17,0.22,0.22,0.25,0.18,0.39,0.26,0.31,0.27,0.24,0.38,0.51,0.35,0.4,,0.34,0.33,0.19,0.21,0.2,,0.19,0.29,0.22,0.22,0.48,0.2,0.46,0.19,0.24,0.2,0.33,0.2,0.45,0.17,0.18,0.19,0.48,0.3,0.22,0.26,0.08,0.49,,0.25,0.34,0.21,0.3,,0.08,0.2,0.22,0.46,0.34,0.17,0.46,0.22,0.08,0.36,0.27,0.36,0.46,0.24,0.28,0.48,0.08,0.31,0.31,0.36,,0.2,0.21,,0.21,0.19,0.19,0.47,0.26,,0.21,0.2,0.49,0.24,0.41,0.21,0.2,0.44,0.51,0.39,0.25,,0.22,0.36,0.32,0.33,0.16,0.34,0.2,0.25,0.2,0.48,,0.09,0.32,0.46,0.51,0.32,0.51,0.19,0.34,0.2,0.31,0.37,0.09,0.19
"Lebanon","Q1 2018",0.17,0.31,0.2,0.3,0.11,0.11,0.33,0.2,0.31,0.31,0.31,0.22,0.21,0.5,0.2,0.28,0.08,0.1,0.34,0.12,0.18,0.2,0.19,0.2,0.25,0.38,0.09,0.35,0.5,0.41,0.46,0.15,,0.38,0.18,0.29,0.09,0.26,0.27,0.33,0.21,0.2,0.33,,0.1,0.35,0.35,0.11,0.36,0.33,0.48,0.14,0.22,0.09,0.2,,0.17,0.22,0.23,0.49,0.19,0.23,0.23,0.19,0.19,0.49,0.27,0.16,0.48,0.08,0.12,0.23,0.2,0.29,,0.21,0.18,0.21,0.13,0.24,0.18,0.38,0.31,0.35,0.3,0.23,0.38,0.5,0.34,0.38,,0.34,0.24,0.18,0.21,0.21,,0.18,0.32,0.24,0.2,0.49,0.19,0.47,0.19,0.22,0.24,0.31,0.19,0.37,0.16,0.16,0.11,0.49,0.22,0.22,0.24,0.08,0.49,,0.23,0.31,0.13,0.28,,0.08,0.18,0.2,0.46,0.34,0.17,0.37,0.21,0.08,0.35,0.27,0.36,0.45,0.21,0.33,0.49,0.14,0.29,0.38,0.42,,0.13,0.2,,0.2,0.19,0.18,0.47,0.27,,0.2,0.21,0.49,0.22,0.4,0.21,0.19,0.36,0.5,0.4,0.22,,0.21,0.37,0.3,0.33,0.16,0.34,0.2,0.24,0.21,0.48,,0.09,0.4,0.47,0.5,0.25,0.42,0.12,0.33,0.2,0.22,0.37,0.09,0.17
"Lebanon","Q1 2019",0.18,0.3,0.19,0.28,0.11,0.11,0.32,0.21,0.32,0.3,0.28,0.22,0.2,0.5,0.21,0.27,0.08,0.1,0.33,0.12,0.19,0.2,0.19,0.21,0.28,0.38,0.09,0.35,0.5,0.4,0.41,0.15,,0.37,0.19,0.28,0.09,0.25,0.26,0.32,0.21,0.21,0.33,,0.19,0.35,0.34,0.19,0.35,0.33,0.48,0.13,0.22,0.17,0.21,,0.17,0.21,0.23,0.5,0.19,0.21,0.23,0.18,0.19,0.49,0.27,0.16,0.48,0.08,0.19,0.23,0.19,0.29,,0.22,0.17,0.21,0.13,0.24,0.18,0.38,0.32,0.26,0.29,0.24,0.37,0.5,0.33,0.39,,0.35,0.28,0.08,0.22,0.21,,0.19,0.31,0.28,0.2,0.49,0.19,0.47,0.17,0.22,0.2,0.33,0.19,0.37,0.17,0.17,0.11,0.49,0.22,0.2,0.24,0.09,0.49,,0.22,0.3,0.12,0.27,,0.07,0.18,0.21,0.47,0.34,0.16,0.37,0.21,0.08,0.35,0.27,0.36,0.48,0.22,0.35,0.49,0.14,0.26,0.37,0.36,,0.12,0.19,,0.19,0.19,0.18,0.48,0.25,,0.21,0.19,0.49,0.22,0.39,0.21,0.19,0.36,0.5,0.41,0.2,,0.21,0.36,0.29,0.36,0.16,0.33,0.19,0.24,0.19,0.47,0.08,0.08,0.39,0.48,0.5,0.28,0.44,0.11,0.32,0.19,0.22,0.39,0.08,0.17
"Lebanon","Q1 2020",0.2,0.31,0.2,0.31,0.11,0.11,0.32,0.2,0.32,0.31,0.2,0.22,0.2,0.51,0.2,0.26,0.08,0.1,0.33,0.12,0.19,0.2,0.17,0.2,0.24,0.38,0.09,0.34,0.5,0.41,0.41,0.15,,0.38,0.19,0.31,0.1,0.28,0.28,0.33,0.2,0.2,0.33,,0.19,0.36,0.34,0.19,0.34,0.35,0.49,0.13,0.22,0.17,0.21,,0.17,0.21,0.23,0.5,0.19,0.23,0.23,0.18,0.19,0.5,0.34,0.17,0.48,0.08,0.19,0.26,0.2,0.28,,0.22,0.17,0.21,0.14,0.15,0.18,0.38,0.34,0.24,0.32,0.22,0.38,0.5,0.32,0.4,,0.34,0.25,0.18,0.22,0.21,,0.19,0.32,0.23,0.2,0.49,0.19,0.47,0.19,0.25,0.19,0.33,0.19,0.38,0.17,0.18,0.11,0.49,0.23,0.21,0.24,0.08,0.5,,0.22,0.3,0.12,0.27,,0.07,0.18,0.21,0.47,0.36,0.16,0.38,0.21,0.09,0.34,0.25,0.37,0.45,0.21,0.34,0.5,0.14,0.28,0.37,0.32,,0.12,0.18,,0.19,0.2,0.17,0.48,0.25,,0.21,0.18,0.5,0.22,0.41,0.2,0.2,0.36,0.51,0.41,0.2,,0.21,0.37,0.29,0.36,0.16,0.33,0.18,0.24,0.19,0.48,0.08,0.08,0.38,0.49,0.51,0.25,0.44,0.11,0.32,0.2,0.21,0.37,0.08,0.19
"Lebanon","Q1 2021",0.18,0.31,0.2,0.28,0.11,0.11,0.32,0.2,0.33,0.33,0.3,0.22,0.21,0.51,0.19,0.28,0.08,0.1,0.33,0.11,0.19,0.2,0.17,0.21,0.26,0.38,0.09,0.33,0.51,0.41,0.42,0.15,,0.38,0.18,0.28,0.09,0.28,0.27,0.33,0.2,0.2,0.33,,0.18,0.36,0.34,0.19,0.35,0.35,0.49,0.13,0.22,0.18,0.2,,0.18,0.21,0.23,0.5,0.19,0.23,0.22,0.18,0.19,0.5,0.36,0.17,0.49,0.1,0.19,0.27,0.2,0.31,,0.19,0.17,0.21,0.13,0.15,0.19,0.45,0.26,0.3,0.34,0.23,0.38,0.51,0.33,0.39,,0.42,0.26,0.18,0.21,0.21,,0.18,0.31,0.23,0.12,0.5,0.19,0.47,0.19,0.26,0.2,0.32,0.18,0.38,0.18,0.18,0.11,0.49,0.26,0.21,0.24,,0.5,,0.22,0.3,0.21,0.28,0.09,0.07,0.18,0.21,0.41,0.44,0.16,0.38,0.22,0.09,0.34,0.24,0.38,0.48,0.21,0.43,0.5,0.14,0.28,0.37,0.32,,0.11,0.19,,0.19,0.2,0.17,0.49,0.26,,0.2,0.19,0.51,0.22,0.4,0.21,0.21,0.38,0.52,0.41,0.19,,0.21,0.37,0.29,0.39,0.16,0.35,0.2,0.24,0.19,0.49,0.08,0.08,0.39,0.49,0.51,0.25,0.44,0.12,0.32,0.2,0.14,0.39,,0.18
"Liberia","Q1 2016",0.16,0.18,0.17,0.21,0.17,0.17,0.19,0.18,0.2,0.2,0.19,0.11,0.18,0.24,0.18,0.28,0.15,0.17,0.2,0.16,0.1,0.1,0.17,0.11,0.2,0.2,0.15,0.19,0.23,0.22,0.2,,,0.2,0.1,0.2,0.09,0.2,0.27,0.19,0.18,0.18,0.18,,0.17,0.19,0.2,0.17,0.2,0.19,0.21,0.17,0.18,0.08,0.1,,0.09,0.19,0.18,0.23,0.17,0.18,0.2,0.19,0.1,0.23,0.28,0.15,0.2,0.08,0.18,0.19,0.18,0.19,,0.27,0.17,0.18,0.18,0.18,0.17,0.21,0.18,0.2,0.11,0.18,0.2,0.23,0.2,0.21,,0.19,0.2,0.1,0.18,0.1,0.2,,0.19,0.11,0.11,0.22,0.11,0.21,0.1,0.18,0.17,0.2,0.11,0.21,0.09,0.16,0.16,0.29,0.19,0.1,0.2,0.08,0.22,,0.19,0.19,0.18,0.28,,0.07,0.09,0.18,0.2,0.2,,0.21,0.11,0.07,0.19,0.12,0.19,0.22,0.18,0.18,0.22,0.07,0.2,0.19,0.21,,0.17,0.18,,0.18,0.17,0.17,0.2,0.27,,0.11,0.26,0.22,0.19,0.19,0.11,0.1,0.21,0.3,0.21,0.11,,0.18,0.19,0.18,0.19,0.08,0.27,0.1,0.2,0.17,0.2,,0.09,0.19,0.21,0.24,0.19,0.29,0.17,0.19,0.11,0.19,0.2,0.09,0.11
"Liberia","Q1 2017",0.1,0.18,0.1,0.2,0.1,0.09,0.19,0.17,0.19,0.19,0.18,0.11,0.11,0.22,0.11,0.19,0.08,0.09,0.2,0.1,0.1,0.17,0.16,0.1,0.19,0.19,0.08,0.19,0.21,0.2,0.2,0.08,,0.2,0.09,0.19,0.02,0.19,0.26,0.18,0.18,0.17,0.18,,0.1,0.11,0.19,0.1,0.2,0.19,0.2,0.11,0.19,0.08,0.1,,0.09,0.11,0.11,0.22,0.17,0.11,0.19,0.24,0.1,0.22,0.26,0.15,0.19,0.01,0.1,0.19,0.11,0.19,,0.26,0.16,0.17,0.11,0.11,0.09,0.2,0.11,0.18,0.11,0.18,0.19,0.21,0.2,0.2,,0.18,0.18,0.1,0.1,0.1,0.19,,0.17,0.11,0.11,0.21,0.1,0.19,0.1,0.18,0.18,0.19,0.11,0.2,0.09,0.09,0.09,0.28,0.18,0.1,0.19,0.01,0.21,,0.12,0.12,0.11,0.2,,0.01,0.11,0.17,0.2,0.19,0.09,0.2,0.11,0.07,0.19,0.11,0.19,0.2,0.11,0.18,0.2,0.07,0.18,0.18,0.2,,0.1,0.1,,0.1,0.1,0.1,0.2,0.2,,0.11,0.25,0.21,0.19,0.11,0.11,0.11,0.2,0.28,0.2,0.11,,0.17,0.19,0.18,0.12,0.08,0.26,0.1,0.19,0.16,0.2,,0.01,0.18,0.2,0.22,0.18,0.21,0.1,0.19,0.11,0.19,0.12,0.01,0.1
"Liberia","Q1 2018",0.09,0.18,0.1,0.19,0.1,0.1,0.19,0.17,0.18,0.18,0.1,0.1,0.11,0.21,0.1,0.26,0.08,0.09,0.19,0.1,0.09,0.17,0.17,0.1,0.19,0.19,0.08,0.18,0.21,0.2,0.19,0.08,,0.19,0.09,0.19,0.02,0.18,0.25,0.17,0.17,0.17,0.17,,0.09,0.17,0.18,0.1,0.19,0.18,0.2,0.1,0.18,0.08,0.1,,0.09,0.11,0.1,0.21,0.17,0.11,0.18,0.18,0.1,0.21,0.26,0.15,0.19,0.08,0.1,0.18,0.1,0.18,,0.25,0.17,0.18,0.1,0.11,0.1,0.19,0.18,0.18,0.17,0.18,0.18,0.21,0.19,0.12,,0.18,0.17,0.1,0.1,0.1,0.18,,0.18,0.1,0.1,0.21,0.1,0.19,0.1,0.18,0.18,0.18,0.1,0.19,0.08,0.09,0.09,0.27,0.17,0.1,0.18,0.01,0.21,,0.11,0.11,0.1,0.19,,0.07,0.1,0.17,0.19,0.19,0.09,0.19,0.1,0.07,0.18,0.11,0.18,0.2,0.11,0.11,0.2,0.07,0.18,0.18,0.2,,0.1,0.1,,0.1,0.1,0.09,0.19,0.19,,0.1,0.24,0.21,0.18,0.11,0.11,0.1,0.19,0.28,0.2,0.1,,0.17,0.18,0.17,0.18,0.08,0.26,0.1,0.18,0.17,0.2,,0.01,0.18,0.2,0.21,0.18,0.21,0.1,0.18,0.1,0.18,0.11,0.01,0.09
"Liberia","Q1 2019",0.16,0.18,0.1,0.19,0.09,0.1,0.19,0.18,0.2,0.19,0.11,0.11,0.11,0.23,0.11,0.2,0.08,0.09,0.19,0.1,0.11,0.17,0.17,0.1,0.2,0.2,0.08,0.19,0.22,0.21,0.21,0.08,,0.21,0.1,0.19,0.02,0.19,0.26,0.18,0.18,0.18,0.19,,0.17,0.12,0.2,0.1,0.2,0.19,0.27,0.11,0.19,0.09,0.11,,0.09,0.11,0.18,0.22,0.17,0.12,0.19,0.25,0.17,0.22,0.27,0.15,0.2,0.01,0.1,0.19,0.11,0.19,,0.27,0.16,0.18,0.11,0.12,0.1,0.21,0.12,0.19,0.11,0.19,0.2,0.22,0.2,0.13,,0.19,0.19,0.01,0.11,0.11,0.19,,0.19,0.18,0.11,0.22,0.11,0.2,0.09,0.19,0.18,0.19,0.11,0.2,0.09,0.09,0.09,0.29,0.19,0.1,0.19,0.08,0.22,,0.12,0.12,0.11,0.2,,0,0.1,0.17,0.2,0.2,0.09,0.2,0.11,0.08,0.19,0.12,0.19,0.21,0.12,0.19,0.22,0.07,0.19,0.19,0.21,,0.1,0.1,,0.1,0.11,0.1,0.21,0.19,,0.11,0.25,0.22,0.19,0.18,0.11,0.11,0.2,0.3,0.21,0.1,,0.18,0.19,0.19,0.13,0.08,0.26,0.11,0.19,0.17,0.27,0.07,0.01,0.2,0.21,0.22,0.19,0.23,0.1,0.19,0.11,0.19,0.2,0.01,0.1
"Liberia","Q1 2020",0.18,0.18,0.1,0.2,0.1,0.1,0.19,0.18,0.2,0.19,0.1,0.11,0.1,0.23,0.11,0.2,0.08,0.09,0.19,0.1,0.1,0.18,0.16,0.1,0.26,0.2,0.08,0.12,0.22,0.21,0.21,0.08,,0.21,0.1,0.19,0.02,0.19,0.27,0.18,0.18,0.18,0.19,,0.16,0.18,0.2,0.1,0.2,0.19,0.27,0.11,0.19,0.09,0.11,,0.09,0.11,0.18,0.23,0.17,0.11,0.2,0.24,0.17,0.22,0.27,0.15,0.2,0.08,0.1,0.19,0.11,0.19,,0.26,0.16,0.11,0.11,0.11,0.1,0.21,0.12,0.18,0.11,0.18,0.2,0.22,0.2,0.2,,0.19,0.19,0.1,0.11,0.18,0.19,,0.19,0.11,0.11,0.22,0.1,0.2,0.1,0.19,0.17,0.19,0.11,0.21,0.09,0.1,0.1,0.29,0.19,0.1,0.19,0.01,0.22,,0.12,0.12,0.1,0.2,,0,0.1,0.17,0.2,0.2,0.09,0.2,0.11,0.08,0.12,0.11,0.2,0.21,0.11,0.19,0.22,0.07,0.19,0.19,0.21,,0.1,0.1,,0.1,0.1,0.1,0.21,0.2,,0.11,0.25,0.22,0.19,0.18,0.11,0.11,0.2,0.3,0.21,0.1,,0.11,0.19,0.18,0.12,0.08,0.27,0.1,0.19,0.17,0.27,0.07,0.01,0.19,0.21,0.23,0.19,0.23,0.1,0.19,0.11,0.12,0.12,0.01,0.1
"Liberia","Q1 2021",0.16,0.18,0.1,0.18,0.09,0.09,0.18,0.17,0.18,0.18,0.1,0.1,0.17,0.21,0.1,0.19,0.08,0.09,0.19,0.09,0.1,0.17,0.16,0.1,0.19,0.19,0.08,0.11,0.21,0.19,0.2,0.07,,0.19,0.1,0.18,0.02,0.18,0.25,0.11,0.17,0.17,0.17,,0.16,0.18,0.18,0.1,0.19,0.18,0.19,0.1,0.18,0.1,0.1,,0.1,0.11,0.11,0.2,0.17,0.11,0.18,0.24,0.1,0.2,0.26,0.15,0.19,0.09,0.1,0.18,0.1,0.18,,0.17,0.16,0.17,0.1,0.1,0.1,0.2,0.11,0.1,0.11,0.17,0.18,0.2,0.19,0.19,,0.18,0.18,0.1,0.1,0.1,0.18,,0.18,0.1,0.1,0.2,0.1,0.19,0.1,0.18,0.18,0.18,0.1,0.19,0.09,0.09,0.09,0.27,0.18,0.1,0.18,,0.2,,0.11,0.11,0.1,0.19,0.01,0,0.09,0.17,0.19,0.19,0.08,0.19,0.11,0.08,0.11,0.1,0.19,0.19,0.11,0.18,0.2,0.07,0.18,0.18,0.19,,0.09,0.09,,0.1,0.1,0.09,0.19,0.19,,0.11,0.25,0.21,0.18,0.11,0.11,0.11,0.19,0.28,0.2,0.09,,0.17,0.18,0.17,0.18,0.08,0.26,0.1,0.18,0.16,0.19,0.07,0.01,0.18,0.2,0.21,0.18,0.21,0.1,0.18,0.1,0.11,0.18,,0.1
"Libya","Q1 2016",0.18,0.3,0.12,0.24,0.11,0.18,0.23,0.2,0.25,0.23,0.22,0.13,0.2,0.36,0.19,0.24,0.08,0.11,0.24,0.1,0.11,0.19,0.18,0.13,0.22,0.25,0.08,0.23,0.29,0.27,0.26,,,0.26,0.19,0.23,0.09,0.24,0.23,0.23,0.19,0.2,0.3,,0.19,0.22,0.32,0.19,0.26,0.24,0.34,0.12,0.18,0.15,0.19,,0.17,0.14,0.22,0.35,0.19,0.21,0.21,0.2,0.18,0.35,0.24,0.16,0.33,0.08,0.2,0.21,0.13,0.24,,0.22,0.17,0.21,0.14,0.22,0.18,0.27,0.22,0.3,0.2,0.22,0.25,0.36,0.25,0.26,,0.31,0.23,0.11,0.2,0.19,0.33,0.19,,0.21,0.2,0.28,0.12,0.34,0.11,0.2,0.18,0.23,0.2,0.26,0.09,0.17,0.1,0.34,0.22,0.13,0.22,0.09,0.28,,0.22,0.23,0.12,0.25,,0.08,0.1,0.21,0.27,0.26,,0.26,0.13,0.08,0.23,0.15,0.23,0.26,0.21,0.22,0.28,0.07,0.23,0.24,0.27,,0.11,0.2,,0.2,0.12,0.18,0.33,0.23,,0.2,0.2,0.28,0.21,0.3,0.13,0.19,0.26,0.36,0.26,0.21,,0.21,0.23,0.28,0.24,0.09,0.24,0.11,0.23,0.28,0.33,,0.09,0.24,0.34,0.36,0.23,0.29,0.11,0.23,0.12,0.23,0.25,0.09,0.2
"Libya","Q1 2017",0.17,0.29,0.11,0.21,0.1,0.1,0.21,0.17,0.22,0.2,0.19,0.11,0.2,0.32,0.18,0.21,0.08,0.09,0.21,0.11,0.11,0.19,0.16,0.12,0.21,0.22,0.08,0.21,0.25,0.23,0.23,0.08,,0.24,0.16,0.2,0.09,0.21,0.21,0.21,0.18,0.17,0.28,,0.18,0.2,0.21,0.1,0.23,0.21,0.31,0.11,0.19,0.08,0.19,,0.16,0.12,0.19,0.25,0.17,0.19,0.2,0.18,0.17,0.31,0.21,0.16,0.3,0.08,0.11,0.2,0.11,0.22,,0.19,0.16,0.2,0.12,0.2,0.17,0.23,0.2,0.21,0.12,0.2,0.22,0.32,0.22,0.23,,0.21,0.2,0.1,0.1,0.18,0.29,0.17,,0.18,0.18,0.24,0.1,0.3,0.11,0.19,0.18,0.2,0.17,0.23,0.09,0.16,0.1,0.31,0.19,0.12,0.19,0.01,0.25,,0.2,0.2,0.11,0.21,,0.07,0.11,0.2,0.23,0.22,0.09,0.23,0.12,0.08,0.21,0.13,0.21,0.23,0.19,0.19,0.24,0.07,0.19,0.2,0.23,,0.11,0.18,,0.19,0.11,0.17,0.23,0.21,,0.1,0.18,0.24,0.2,0.27,0.11,0.1,0.22,0.32,0.23,0.17,,0.2,0.21,0.27,0.21,0.09,0.21,0.11,0.2,0.25,0.3,,0.02,0.2,0.23,0.32,0.2,0.25,0.11,0.21,0.11,0.21,0.21,0.02,0.09
"Libya","Q1 2018",0.17,0.29,0.12,0.23,0.11,0.11,0.24,0.19,0.24,0.22,0.2,0.13,0.2,0.36,0.19,0.24,0.08,0.1,0.24,0.11,0.11,0.2,0.19,0.12,0.23,0.25,0.08,0.24,0.29,0.26,0.27,0.08,,0.26,0.17,0.23,0.09,0.24,0.23,0.23,0.2,0.19,0.29,,0.1,0.22,0.32,0.11,0.26,0.24,0.34,0.14,0.21,0.15,0.2,,0.17,0.14,0.21,0.35,0.19,0.21,0.22,0.19,0.18,0.35,0.24,0.16,0.34,0.08,0.11,0.22,0.12,0.24,,0.21,0.17,0.21,0.13,0.22,0.18,0.27,0.23,0.3,0.22,0.23,0.25,0.36,0.25,0.25,,0.31,0.22,0.11,0.2,0.2,0.32,0.18,,0.21,0.19,0.28,0.12,0.33,0.12,0.22,0.21,0.21,0.19,0.25,0.09,0.16,0.1,0.35,0.22,0.2,0.21,0.01,0.29,,0.21,0.23,0.13,0.24,,0.08,0.11,0.19,0.27,0.26,0.09,0.25,0.13,0.08,0.24,0.15,0.23,0.26,0.2,0.23,0.28,0.07,0.23,0.23,0.26,,0.12,0.19,,0.19,0.12,0.17,0.33,0.23,,0.19,0.21,0.29,0.21,0.3,0.13,0.18,0.25,0.36,0.26,0.19,,0.2,0.24,0.29,0.24,0.09,0.23,0.12,0.22,0.27,0.34,,0.02,0.25,0.33,0.36,0.22,0.29,0.11,0.23,0.12,0.21,0.25,0.02,0.17
"Libya","Q1 2019",0.24,0.29,0.12,0.22,0.1,0.1,0.23,0.2,0.24,0.22,0.2,0.13,0.2,0.35,0.2,0.23,0.08,0.1,0.23,0.11,0.12,0.19,0.18,0.12,0.22,0.25,0.08,0.23,0.28,0.25,0.26,0.08,,0.25,0.18,0.22,0.09,0.23,0.23,0.21,0.2,0.2,0.29,,0.18,0.21,0.31,0.18,0.25,0.23,0.33,0.13,0.21,0.17,0.2,,0.17,0.13,0.21,0.35,0.19,0.2,0.21,0.18,0.18,0.34,0.23,0.15,0.33,0.08,0.18,0.22,0.12,0.23,,0.21,0.17,0.2,0.13,0.21,0.18,0.26,0.22,0.29,0.21,0.22,0.24,0.35,0.24,0.24,,0.29,0.23,0.02,0.2,0.2,0.31,0.19,,0.22,0.19,0.27,0.12,0.33,0.1,0.21,0.2,0.22,0.19,0.25,0.1,0.16,0.1,0.34,0.21,0.12,0.21,0.08,0.28,,0.21,0.22,0.12,0.23,,0.07,0.11,0.2,0.25,0.25,0.09,0.25,0.13,0.08,0.23,0.14,0.23,0.26,0.21,0.23,0.27,0.07,0.22,0.23,0.25,,0.12,0.18,,0.18,0.12,0.18,0.33,0.22,,0.19,0.19,0.28,0.21,0.22,0.13,0.19,0.24,0.36,0.26,0.19,,0.2,0.22,0.29,0.23,0.09,0.22,0.12,0.22,0.26,0.33,0.08,0.02,0.24,0.33,0.35,0.23,0.28,0.11,0.23,0.12,0.21,0.24,0.02,0.17
"Libya","Q1 2020",0.26,0.3,0.12,0.22,0.1,0.11,0.23,0.2,0.24,0.22,0.19,0.13,0.19,0.35,0.19,0.23,0.08,0.1,0.24,0.11,0.12,0.19,0.16,0.13,0.22,0.26,0.08,0.22,0.28,0.26,0.27,0.08,,0.26,0.19,0.22,0.09,0.23,0.24,0.22,0.19,0.2,0.3,,0.18,0.22,0.31,0.18,0.25,0.24,0.34,0.13,0.21,0.16,0.2,,0.17,0.13,0.22,0.35,0.19,0.21,0.21,0.18,0.18,0.34,0.24,0.16,0.33,0.08,0.19,0.22,0.12,0.23,,0.21,0.16,0.2,0.13,0.14,0.18,0.27,0.22,0.27,0.21,0.22,0.25,0.35,0.24,0.25,,0.29,0.22,0.11,0.21,0.2,0.32,0.19,,0.21,0.2,0.28,0.12,0.32,0.11,0.21,0.19,0.22,0.19,0.26,0.1,0.18,0.1,0.34,0.22,0.13,0.2,0.01,0.28,,0.21,0.22,0.12,0.24,,0.07,0.11,0.2,0.26,0.25,0.09,0.25,0.13,0.08,0.23,0.14,0.23,0.26,0.2,0.24,0.28,0.07,0.22,0.23,0.26,,0.11,0.18,,0.18,0.12,0.1,0.33,0.22,,0.19,0.18,0.28,0.21,0.23,0.12,0.2,0.25,0.36,0.26,0.19,,0.2,0.23,0.29,0.23,0.09,0.22,0.11,0.22,0.25,0.34,0.08,0.02,0.24,0.34,0.35,0.22,0.28,0.11,0.23,0.12,0.2,0.24,0.02,0.19
"Libya","Q1 2021",0.24,0.29,0.12,0.22,0.1,0.11,0.22,0.2,0.23,0.23,0.2,0.13,0.2,0.34,0.19,0.22,0.08,0.1,0.23,0.11,0.11,0.19,0.16,0.12,0.22,0.25,0.08,0.21,0.28,0.25,0.26,0.08,,0.25,0.18,0.22,0.09,0.23,0.22,0.21,0.19,0.2,0.29,,0.18,0.21,0.3,0.18,0.24,0.23,0.33,0.13,0.2,0.17,0.2,,0.18,0.13,0.21,0.34,0.18,0.21,0.2,0.18,0.18,0.33,0.23,0.16,0.33,0.1,0.19,0.22,0.12,0.22,,0.19,0.16,0.2,0.13,0.13,0.18,0.26,0.13,0.19,0.21,0.22,0.31,0.34,0.24,0.23,,0.29,0.22,0.11,0.19,0.19,0.31,0.18,,0.2,0.11,0.27,0.11,0.32,0.11,0.22,0.19,0.2,0.18,0.25,0.1,0.18,0.1,0.27,0.23,0.12,0.21,,0.28,,0.21,0.22,0.2,0.23,0.09,0.07,0.11,0.2,0.25,0.25,0.09,0.25,0.13,0.08,0.22,0.13,0.23,0.32,0.2,0.23,0.27,0.07,0.21,0.22,0.25,,0.11,0.18,,0.18,0.12,0.17,0.32,0.22,,0.19,0.18,0.27,0.21,0.22,0.13,0.2,0.24,0.35,0.25,0.18,,0.2,0.22,0.28,0.23,0.09,0.22,0.12,0.22,0.25,0.33,0.08,0.01,0.23,0.33,0.35,0.22,0.28,0.11,0.22,0.12,0.13,0.23,,0.18
"Lithuania","Q1 2016",0.1,0.2,0.11,0.24,0.1,0.17,0.24,0.19,0.25,0.23,0.23,0.12,0.19,0.35,0.19,0.24,0.08,0.11,0.24,0.09,0.11,0.18,0.1,0.19,0.22,0.25,0.08,0.24,0.27,0.26,0.25,,,0.25,0.18,0.23,0.09,0.22,0.24,0.16,0.18,0.19,0.23,,0.18,0.31,0.24,0.18,0.25,0.24,0.26,0.12,0.18,0.08,0.26,,0.17,0.13,0.28,0.33,0.18,0.21,0.2,0.19,0.1,0.34,0.24,0.08,0.25,0.15,0.19,0.2,0.12,0.24,,0.21,0.1,0.2,0.12,0.21,0.18,0.25,0.22,0.23,0.13,0.2,0.25,0.27,0.25,0.26,,0.23,0.21,0.1,0.12,0.27,0.25,0.11,0.21,,0.19,0.27,0.11,0.25,0.1,0.19,0.17,0.24,0.19,0.25,0.09,0.09,0.09,0.26,0.2,0.18,0.23,0.08,0.34,,0.21,0.23,0.12,0.25,,0.07,0.1,0.21,0.25,0.25,,0.26,0.12,0.07,0.24,0.23,0.31,0.25,0.2,0.2,0.27,0.07,0.23,0.23,0.33,,0.1,0.19,,0.19,0.11,0.18,0.25,0.23,,0.12,0.19,0.27,0.2,0.23,0.12,0.11,0.25,0.28,0.25,0.15,,0.2,0.31,0.21,0.24,0.09,0.24,0.11,0.24,0.19,0.25,,0.09,0.24,0.26,0.34,0.21,0.27,0.1,0.23,0.11,0.21,0.25,0.09,0.14
"Lithuania","Q1 2017",0.1,0.19,0.11,0.22,0.1,0.1,0.22,0.17,0.23,0.22,0.21,0.11,0.19,0.32,0.19,0.22,0.08,0.09,0.22,0.1,0.1,0.18,0.1,0.18,0.22,0.23,0.08,0.22,0.25,0.24,0.23,0.08,,0.24,0.17,0.22,0.08,0.21,0.22,0.14,0.19,0.17,0.21,,0.18,0.28,0.22,0.1,0.23,0.22,0.24,0.12,0.21,0.08,0.26,,0.17,0.13,0.27,0.31,0.18,0.21,0.2,0.18,0.17,0.32,0.22,0.08,0.22,0.15,0.11,0.2,0.12,0.22,,0.2,0.09,0.19,0.12,0.2,0.17,0.23,0.21,0.21,0.13,0.19,0.23,0.24,0.23,0.23,,0.21,0.21,0.1,0.12,0.26,0.22,0.11,0.18,,0.19,0.24,0.11,0.23,0.11,0.2,0.18,0.21,0.18,0.23,0.09,0.09,0.1,0.24,0.19,0.18,0.21,0.01,0.32,,0.2,0.22,0.12,0.23,,0.07,0.11,0.19,0.23,0.22,0.09,0.23,0.12,0.07,0.22,0.21,0.3,0.23,0.2,0.21,0.24,0.07,0.21,0.2,0.31,,0.11,0.18,,0.18,0.1,0.18,0.23,0.22,,0.11,0.18,0.24,0.2,0.21,0.12,0.11,0.23,0.25,0.23,0.13,,0.18,0.23,0.2,0.22,0.08,0.21,0.11,0.2,0.17,0.23,,0.01,0.21,0.23,0.32,0.2,0.25,0.1,0.22,0.11,0.2,0.22,0.01,0.11
"Lithuania","Q1 2018",0.09,0.2,0.11,0.25,0.1,0.1,0.24,0.18,0.25,0.23,0.15,0.12,0.19,0.35,0.19,0.23,0.08,0.09,0.25,0.1,0.1,0.18,0.17,0.12,0.22,0.25,0.08,0.24,0.27,0.26,0.26,0.08,,0.26,0.17,0.24,0.08,0.21,0.24,0.16,0.19,0.18,0.23,,0.09,0.31,0.24,0.1,0.26,0.24,0.26,0.13,0.2,0.08,0.27,,0.17,0.13,0.28,0.27,0.18,0.21,0.2,0.18,0.17,0.34,0.24,0.08,0.25,0.15,0.1,0.2,0.11,0.24,,0.19,0.1,0.19,0.12,0.21,0.17,0.25,0.24,0.24,0.23,0.2,0.25,0.27,0.25,0.26,,0.24,0.21,0.1,0.13,0.27,0.24,0.1,0.21,,0.18,0.27,0.11,0.25,0.11,0.2,0.21,0.23,0.18,0.26,0.08,0.09,0.1,0.27,0.13,0.19,0.21,0.01,0.34,,0.2,0.24,0.12,0.24,,0.08,0.1,0.19,0.25,0.25,0.09,0.26,0.12,0.07,0.24,0.23,0.32,0.26,0.2,0.16,0.27,0.07,0.24,0.23,0.33,,0.11,0.18,,0.18,0.11,0.17,0.25,0.24,,0.11,0.19,0.27,0.2,0.16,0.12,0.11,0.25,0.27,0.25,0.14,,0.19,0.32,0.2,0.25,0.08,0.25,0.11,0.21,0.18,0.26,,0.01,0.24,0.26,0.35,0.21,0.27,0.1,0.24,0.11,0.2,0.25,0.01,0.1
"Lithuania","Q1 2019",0.17,0.21,0.19,0.26,0.1,0.1,0.28,0.2,0.36,0.27,0.24,0.2,0.2,0.4,0.2,0.26,0.08,0.1,0.28,0.11,0.19,0.18,0.18,0.2,0.27,0.29,0.08,0.28,0.32,0.3,0.3,0.15,,0.3,0.18,0.26,0.09,0.24,0.26,0.25,0.2,0.2,0.25,,0.19,0.34,0.28,0.18,0.29,0.28,0.3,0.13,0.22,0.09,0.29,,0.17,0.2,0.3,0.39,0.19,0.21,0.22,0.18,0.18,0.39,0.26,0.16,0.29,0.15,0.18,0.22,0.12,0.27,,0.21,0.17,0.2,0.13,0.22,0.18,0.3,0.27,0.25,0.26,0.23,0.29,0.38,0.29,0.29,,0.27,0.26,0.08,0.21,0.28,0.28,0.18,0.22,,0.19,0.32,0.19,0.3,0.1,0.21,0.19,0.34,0.18,0.3,0.1,0.16,0.1,0.31,0.2,0.19,0.23,0.15,0.4,,0.21,0.27,0.12,0.26,,0.07,0.1,0.28,0.29,0.29,0.09,0.3,0.2,0.08,0.28,0.25,0.37,0.38,0.21,0.27,0.32,0.07,0.25,0.26,0.37,,0.12,0.18,,0.18,0.19,0.18,0.3,0.24,,0.2,0.18,0.39,0.21,0.26,0.2,0.12,0.29,0.39,0.37,0.13,,0.2,0.35,0.21,0.28,0.16,0.27,0.19,0.23,0.18,0.3,0.08,0.08,0.27,0.3,0.4,0.26,0.32,0.11,0.28,0.19,0.21,0.28,0.08,0.1
"Lithuania","Q1 2020",0.11,0.2,0.12,0.23,0.1,0.1,0.23,0.19,0.23,0.22,0.12,0.13,0.18,0.34,0.19,0.22,0.08,0.09,0.23,0.11,0.11,0.11,0.09,0.12,0.22,0.24,0.08,0.23,0.26,0.25,0.25,0.08,,0.25,0.18,0.22,0.09,0.23,0.23,0.14,0.18,0.19,0.22,,0.18,0.3,0.23,0.18,0.24,0.23,0.25,0.12,0.21,0.09,0.28,,0.17,0.12,0.3,0.33,0.18,0.21,0.22,0.1,0.17,0.33,0.23,0.16,0.24,0.15,0.18,0.21,0.12,0.23,,0.2,0.09,0.19,0.13,0.13,0.18,0.24,0.22,0.2,0.14,0.2,0.24,0.25,0.24,0.24,,0.21,0.14,0.1,0.13,0.28,0.23,0.11,0.21,,0.19,0.26,0.12,0.24,0.11,0.2,0.18,0.22,0.18,0.24,0.1,0.1,0.1,0.25,0.14,0.12,0.21,0.01,0.33,,0.2,0.23,0.11,0.23,,0.07,0.1,0.27,0.24,0.23,0.09,0.24,0.12,0.08,0.23,0.15,0.31,0.25,0.2,0.22,0.26,0.07,0.22,0.21,0.32,,0.11,0.17,,0.18,0.12,0.1,0.24,0.22,,0.12,0.11,0.26,0.2,0.15,0.12,0.12,0.24,0.27,0.24,0.12,,0.19,0.31,0.2,0.23,0.09,0.22,0.11,0.22,0.17,0.24,0.08,0.01,0.22,0.25,0.34,0.14,0.26,0.1,0.23,0.11,0.2,0.23,0.01,0.11
"Lithuania","Q1 2021",0.09,0.2,0.11,0.22,0.1,0.1,0.23,0.19,0.23,0.23,0.14,0.12,0.19,0.33,0.18,0.23,0.08,0.09,0.23,0.1,0.1,0.11,0.09,0.12,0.23,0.24,0.08,0.23,0.26,0.25,0.25,0.08,,0.25,0.1,0.22,0.09,0.23,0.23,0.14,0.18,0.19,0.22,,0.17,0.3,0.23,0.18,0.24,0.23,0.24,0.12,0.2,0.1,0.27,,0.18,0.12,0.29,0.32,0.18,0.22,0.21,0.1,0.17,0.33,0.24,0.16,0.24,0.17,0.18,0.23,0.12,0.23,,0.18,0.09,0.19,0.12,0.13,0.18,0.24,0.22,0.14,0.15,0.2,0.24,0.25,0.24,0.24,,0.22,0.15,0.1,0.13,0.27,0.23,0.1,0.2,,0.11,0.25,0.11,0.24,0.11,0.22,0.18,0.14,0.11,0.24,0.1,0.1,0.1,0.25,0.22,0.12,0.21,,0.33,,0.2,0.23,0.2,0.23,0.08,0.07,0.1,0.26,0.24,0.24,0.09,0.24,0.13,0.08,0.23,0.14,0.31,0.24,0.2,0.22,0.26,0.07,0.22,0.22,0.32,,0.1,0.17,,0.18,0.11,0.1,0.24,0.23,,0.11,0.1,0.26,0.2,0.15,0.12,0.12,0.24,0.26,0.24,0.12,,0.19,0.24,0.2,0.24,0.09,0.23,0.11,0.22,0.1,0.24,0.08,0.01,0.22,0.25,0.33,0.15,0.26,0.11,0.23,0.11,0.12,0.23,,0.1
"Madagascar","Q1 2016",0.1,0.2,0.11,0.23,0.1,0.17,0.21,0.12,0.23,0.22,0.21,0.2,0.19,0.33,0.12,0.23,0.08,0.11,0.22,0.09,0.18,0.11,0.1,0.19,0.21,0.23,0.08,0.21,0.26,0.24,0.24,,,0.23,0.26,0.22,0.09,0.21,0.21,0.2,0.12,0.12,0.2,,0.18,0.2,0.23,0.18,0.22,0.21,0.24,0.12,0.17,0.08,0.18,,0.1,0.2,0.2,0.33,0.18,0.2,0.2,0.19,0.1,0.25,0.22,0.08,0.22,0.08,0.19,0.2,0.12,0.21,,0.2,0.1,0.19,0.13,0.2,0.1,0.31,0.2,0.22,0.19,0.2,0.22,0.25,0.22,0.24,,0.21,0.22,0.1,0.19,0.18,0.23,0.11,0.2,0.19,,0.32,0.19,0.23,0.11,0.19,0.18,0.31,0.28,0.23,0.09,0.1,0.09,0.24,0.29,0.19,0.21,0.08,0.25,,0.21,0.21,0.12,0.23,,0.07,0.1,0.19,0.31,0.31,,0.23,0.19,0.08,0.22,0.2,0.21,0.23,0.2,0.2,0.25,0.07,0.3,0.2,0.24,,0.11,0.19,,0.19,0.11,0.18,0.24,0.2,,0.28,0.19,0.32,0.2,0.21,0.19,0.18,0.31,0.26,0.24,0.21,,0.2,0.21,0.19,0.23,0.16,0.22,0.11,0.21,0.19,0.23,,0.09,0.21,0.32,0.26,0.29,0.25,0.11,0.21,0.12,0.2,0.22,0.09,0.2
"Madagascar","Q1 2017",0.1,0.19,0.18,0.22,0.1,0.1,0.21,0.11,0.22,0.22,0.19,0.19,0.19,0.31,0.12,0.21,0.08,0.1,0.21,0.1,0.18,0.11,0.1,0.19,0.21,0.22,0.08,0.2,0.31,0.23,0.23,0.15,,0.22,0.24,0.21,0.09,0.2,0.21,0.2,0.12,0.11,0.19,,0.18,0.2,0.22,0.1,0.22,0.2,0.23,0.12,0.19,0.08,0.18,,0.1,0.2,0.19,0.32,0.18,0.19,0.2,0.18,0.1,0.24,0.21,0.08,0.21,0.08,0.11,0.2,0.19,0.21,,0.19,0.09,0.18,0.13,0.2,0.1,0.24,0.2,0.21,0.19,0.19,0.22,0.24,0.21,0.23,,0.2,0.21,0.17,0.18,0.18,0.22,0.11,0.18,0.19,,0.31,0.18,0.22,0.18,0.2,0.18,0.29,0.26,0.21,0.09,0.1,0.1,0.23,0.27,0.18,0.2,0.08,0.24,,0.2,0.21,0.11,0.22,,0.07,0.18,0.18,0.3,0.29,0.16,0.22,0.19,0.08,0.2,0.2,0.21,0.22,0.19,0.19,0.24,0.07,0.28,0.19,0.22,,0.11,0.18,,0.18,0.11,0.18,0.23,0.2,,0.26,0.18,0.31,0.2,0.2,0.19,0.19,0.29,0.25,0.23,0.19,,0.18,0.2,0.19,0.22,0.15,0.21,0.18,0.2,0.1,0.22,,0.08,0.19,0.3,0.25,0.22,0.25,0.1,0.21,0.18,0.2,0.21,0.08,0.17
"Madagascar","Q1 2018",0.09,0.18,0.11,0.21,0.1,0.1,0.2,0.18,0.21,0.2,0.19,0.18,0.18,0.3,0.12,0.21,0.08,0.1,0.21,0.1,0.17,0.11,0.18,0.18,0.2,0.21,0.08,0.2,0.23,0.22,0.22,0.15,,0.21,0.24,0.2,0.08,0.2,0.2,0.19,0.12,0.18,0.19,,0.16,0.19,0.21,0.1,0.21,0.2,0.22,0.12,0.19,0.08,0.18,,0.09,0.19,0.19,0.3,0.18,0.19,0.19,0.17,0.1,0.23,0.2,0.08,0.21,0.08,0.11,0.2,0.11,0.2,,0.19,0.1,0.18,0.12,0.19,0.1,0.22,0.2,0.2,0.19,0.19,0.21,0.23,0.21,0.22,,0.2,0.2,0.1,0.18,0.18,0.2,0.1,0.19,0.18,,0.3,0.18,0.21,0.11,0.2,0.19,0.28,0.26,0.21,0.08,0.09,0.1,0.22,0.27,0.18,0.2,0.08,0.23,,0.2,0.2,0.11,0.2,,0.08,0.1,0.17,0.29,0.21,0.09,0.21,0.19,0.07,0.2,0.19,0.2,0.21,0.19,0.19,0.23,0.07,0.28,0.2,0.21,,0.11,0.18,,0.18,0.11,0.17,0.22,0.2,,0.26,0.19,0.3,0.2,0.19,0.19,0.17,0.28,0.24,0.22,0.18,,0.18,0.2,0.19,0.21,0.15,0.21,0.11,0.2,0.1,0.22,,0.08,0.2,0.23,0.23,0.21,0.23,0.1,0.2,0.11,0.19,0.21,0.08,0.1
"Madagascar","Q1 2019",0.09,0.18,0.11,0.2,0.1,0.1,0.2,0.12,0.21,0.2,0.19,0.18,0.11,0.29,0.18,0.2,0.08,0.09,0.2,0.1,0.18,0.11,0.17,0.18,0.2,0.21,0.08,0.2,0.23,0.21,0.22,0.15,,0.21,0.25,0.2,0.08,0.19,0.19,0.18,0.12,0.12,0.19,,0.17,0.19,0.2,0.1,0.21,0.19,0.22,0.11,0.19,0.09,0.11,,0.09,0.19,0.19,0.3,0.17,0.19,0.19,0.1,0.1,0.22,0.2,0.08,0.21,0.08,0.1,0.19,0.11,0.2,,0.19,0.09,0.18,0.12,0.19,0.1,0.21,0.19,0.19,0.19,0.19,0.2,0.23,0.2,0.21,,0.19,0.2,0.08,0.18,0.18,0.2,0.11,0.19,0.19,,0.23,0.18,0.21,0.09,0.19,0.18,0.28,0.25,0.21,0.09,0.09,0.1,0.21,0.26,0.17,0.19,0.08,0.23,,0.19,0.2,0.11,0.2,,0.07,0.1,0.18,0.28,0.21,0.09,0.21,0.19,0.08,0.2,0.19,0.2,0.21,0.19,0.19,0.22,0.07,0.27,0.19,0.21,,0.11,0.1,,0.1,0.11,0.17,0.21,0.19,,0.26,0.11,0.3,0.19,0.19,0.18,0.18,0.28,0.23,0.22,0.17,,0.18,0.19,0.19,0.2,0.15,0.2,0.11,0.2,0.1,0.21,0.07,0.08,0.19,0.22,0.23,0.2,0.23,0.1,0.2,0.11,0.19,0.2,0.08,0.1
"Madagascar","Q1 2020",0.11,0.19,0.11,0.2,0.1,0.1,0.2,0.18,0.21,0.21,0.18,0.18,0.11,0.31,0.18,0.2,0.08,0.09,0.21,0.11,0.18,0.11,0.09,0.18,0.2,0.22,0.08,0.19,0.24,0.23,0.23,0.15,,0.22,0.26,0.2,0.09,0.2,0.2,0.19,0.11,0.18,0.19,,0.17,0.19,0.21,0.11,0.21,0.2,0.23,0.11,0.19,0.09,0.19,,0.09,0.19,0.19,0.31,0.18,0.19,0.19,0.1,0.1,0.23,0.21,0.09,0.21,0.08,0.11,0.2,0.11,0.2,,0.19,0.09,0.18,0.12,0.12,0.1,0.23,0.2,0.19,0.2,0.19,0.21,0.24,0.21,0.22,,0.2,0.21,0.1,0.19,0.18,0.2,0.11,0.2,0.19,,0.3,0.18,0.21,0.11,0.19,0.18,0.29,0.26,0.21,0.1,0.1,0.1,0.23,0.27,0.18,0.2,0.08,0.24,,0.2,0.2,0.11,0.21,,0.07,0.1,0.18,0.29,0.29,0.09,0.21,0.19,0.08,0.2,0.19,0.2,0.21,0.19,0.21,0.24,0.07,0.28,0.2,0.22,,0.11,0.1,,0.11,0.11,0.1,0.22,0.19,,0.27,0.11,0.31,0.19,0.19,0.19,0.19,0.29,0.24,0.23,0.18,,0.18,0.2,0.19,0.21,0.15,0.21,0.1,0.2,0.17,0.22,0.08,0.08,0.2,0.3,0.24,0.21,0.24,0.1,0.2,0.12,0.19,0.21,0.08,0.17
"Madagascar","Q1 2021",0.09,0.11,0.1,0.11,0.09,0.1,0.12,0.11,0.19,0.12,0.17,0.11,0.1,0.21,0.1,0.18,0.08,0.09,0.12,0.1,0.1,0.1,0.09,0.1,0.12,0.12,0.08,0.11,0.21,0.2,0.2,0.08,,0.13,0.24,0.11,0.02,0.12,0.12,0.18,0.11,0.11,0.11,,0.09,0.11,0.19,0.1,0.13,0.12,0.2,0.11,0.11,0.1,0.11,,0.1,0.11,0.11,0.2,0.1,0.11,0.11,0.1,0.1,0.2,0.19,0.08,0.12,0.03,0.1,0.12,0.11,0.12,,0.1,0.09,0.1,0.11,0.11,0.1,0.2,0.11,0.17,0.18,0.11,0.19,0.21,0.12,0.19,,0.18,0.25,0.1,0.17,0.11,0.12,0.1,0.11,0.11,,0.21,0.17,0.19,0.1,0.12,0.11,0.26,0.25,0.13,0.09,0.1,0.09,0.2,0.26,0.1,0.18,,0.21,,0.11,0.12,0.11,0.12,0.01,0,0.1,0.1,0.26,0.2,0.08,0.13,0.11,0.01,0.11,0.11,0.12,0.2,0.11,0.19,0.2,0,0.26,0.11,0.19,,0.1,0.1,,0.1,0.1,0.09,0.2,0.11,,0.25,0.1,0.21,0.11,0.18,0.11,0.19,0.2,0.21,0.21,0.1,,0.1,0.11,0.11,0.19,0.09,0.19,0.1,0.12,0.09,0.2,0.07,0.01,0.18,0.21,0.21,0.19,0.21,0.1,0.11,0.11,0.11,0.19,,0.1
"Malaysia","Q1 2016",0.2,0.28,0.23,0.45,0.2,0.21,0.44,0.24,0.48,0.36,0.38,0.32,0.24,0.69,0.23,0.41,0.16,0.22,0.46,0.19,0.27,0.22,0.2,0.31,0.38,0.53,0.17,0.45,0.76,0.7,0.62,,,0.54,0.23,0.43,0.18,0.31,0.4,0.42,0.24,0.25,0.31,,0.23,0.48,0.48,0.22,0.39,0.38,0.59,0.22,0.23,0.16,0.23,,0.19,0.27,0.38,0.66,0.21,0.27,0.27,0.24,0.2,0.67,0.42,0.18,0.5,0.16,0.24,0.27,0.24,0.34,,0.27,0.19,0.25,0.25,0.27,0.21,0.59,0.42,0.51,0.23,0.26,0.48,0.64,0.36,0.65,,0.43,0.37,0.21,0.24,0.23,0.5,0.22,0.28,0.27,0.32,,0.28,0.56,0.22,0.24,0.2,0.46,0.25,0.55,0.18,0.19,0.19,0.61,0.34,0.32,0.42,0.17,0.65,,0.3,0.41,0.22,0.44,,0.15,0.19,0.34,0.57,0.51,,0.55,0.32,0.16,0.45,0.39,0.5,0.55,0.25,0.26,0.72,0.15,0.39,0.4,0.57,,0.21,0.24,,0.24,0.23,0.22,0.58,0.31,,0.32,0.24,0.77,0.26,0.44,0.32,0.21,0.53,0.68,0.61,0.37,,0.26,0.5,0.26,0.53,0.17,0.46,0.22,0.32,0.23,0.53,,0.18,0.42,0.63,0.68,0.37,0.67,0.21,0.43,0.24,0.28,0.59,0.18,0.27
"Malaysia","Q1 2017",0.2,0.27,0.23,0.44,0.21,0.2,0.43,0.21,0.48,0.35,0.25,0.3,0.24,0.67,0.23,0.39,0.16,0.18,0.44,0.21,0.27,0.22,0.19,0.3,0.39,0.52,0.17,0.39,0.72,0.66,0.59,0.16,,0.46,0.2,0.43,0.17,0.29,0.4,0.43,0.24,0.21,0.3,,0.22,0.47,0.47,0.21,0.41,0.36,0.57,0.23,0.26,0.16,0.23,,0.19,0.26,0.26,0.65,0.21,0.27,0.28,0.22,0.2,0.65,0.41,0.18,0.52,0.15,0.22,0.26,0.24,0.33,,0.26,0.18,0.24,0.24,0.27,0.2,0.59,0.41,0.43,0.29,0.25,0.49,0.61,0.38,0.62,,0.44,0.36,0.21,0.22,0.22,0.48,0.21,0.24,0.24,0.31,,0.28,0.53,0.21,0.25,0.22,0.45,0.22,0.44,0.18,0.18,0.2,0.61,0.33,0.32,0.37,0.16,0.63,,0.28,0.45,0.21,0.42,,0.15,0.23,0.24,0.57,0.48,0.19,0.46,0.32,0.16,0.4,0.39,0.51,0.55,0.25,0.31,0.68,0.15,0.42,0.39,0.51,,0.22,0.22,,0.23,0.22,0.21,0.58,0.31,,0.3,0.23,0.75,0.26,0.44,0.31,0.23,0.51,0.65,0.63,0.34,,0.24,0.5,0.27,0.52,0.17,0.45,0.23,0.27,0.21,0.55,,0.1,0.41,0.61,0.65,0.36,0.64,0.21,0.42,0.23,0.26,0.56,0.1,0.2
"Malaysia","Q1 2018",0.19,0.26,0.23,0.42,0.21,0.21,0.44,0.23,0.46,0.36,0.4,0.31,0.24,0.69,0.23,0.41,0.16,0.18,0.45,0.22,0.26,0.22,0.22,0.29,0.37,0.53,0.17,0.4,0.75,0.68,0.62,0.17,,0.46,0.2,0.42,0.17,0.3,0.39,0.43,0.24,0.23,0.29,,0.18,0.48,0.47,0.21,0.42,0.38,0.59,0.23,0.27,0.16,0.23,,0.19,0.27,0.26,0.66,0.22,0.27,0.27,0.22,0.21,0.66,0.4,0.18,0.58,0.15,0.21,0.26,0.22,0.34,,0.25,0.19,0.25,0.23,0.27,0.21,0.59,0.48,0.48,0.4,0.26,0.49,0.64,0.39,0.59,,0.44,0.35,0.21,0.23,0.23,0.49,0.21,0.28,0.27,0.3,,0.28,0.54,0.23,0.26,0.33,0.43,0.22,0.46,0.17,0.18,0.2,0.64,0.34,0.32,0.35,0.16,0.67,,0.28,0.44,0.22,0.41,,0.16,0.21,0.22,0.59,0.5,0.19,0.45,0.32,0.16,0.4,0.41,0.51,0.54,0.24,0.44,0.71,0.15,0.41,0.41,0.51,,0.22,0.23,,0.23,0.22,0.2,0.58,0.4,,0.3,0.24,0.79,0.26,0.43,0.32,0.21,0.51,0.68,0.66,0.31,,0.24,0.51,0.26,0.51,0.17,0.46,0.23,0.28,0.22,0.56,,0.1,0.44,0.64,0.67,0.36,0.62,0.21,0.44,0.23,0.25,0.57,0.1,0.18
"Malaysia","Q1 2019",0.19,0.26,0.23,0.4,0.2,0.2,0.43,0.23,0.46,0.43,0.38,0.31,0.23,0.66,0.23,0.39,0.16,0.18,0.44,0.21,0.28,0.22,0.21,0.3,0.4,0.52,0.17,0.39,0.74,0.65,0.65,0.16,,0.44,0.22,0.39,0.17,0.29,0.38,0.41,0.23,0.23,0.29,,0.22,0.47,0.45,0.21,0.41,0.38,0.6,0.22,0.27,0.18,0.24,,0.19,0.26,0.27,0.65,0.21,0.25,0.27,0.2,0.2,0.64,0.4,0.17,0.57,0.15,0.21,0.26,0.22,0.33,,0.26,0.18,0.24,0.23,0.26,0.21,0.57,0.47,0.3,0.39,0.26,0.49,0.62,0.38,0.59,,0.45,0.39,0.1,0.25,0.23,0.49,0.22,0.27,0.32,0.23,,0.28,0.54,0.2,0.25,0.22,0.45,0.22,0.45,0.2,0.18,0.2,0.61,0.32,0.29,0.36,0.17,0.65,,0.26,0.42,0.2,0.4,,0.15,0.21,0.25,0.59,0.48,0.18,0.44,0.32,0.16,0.4,0.41,0.52,0.6,0.24,0.46,0.71,0.15,0.37,0.4,0.5,,0.22,0.21,,0.22,0.23,0.21,0.57,0.28,,0.31,0.21,0.77,0.25,0.42,0.32,0.23,0.51,0.66,0.65,0.22,,0.24,0.5,0.25,0.54,0.17,0.46,0.23,0.27,0.21,0.54,0.16,0.1,0.43,0.62,0.66,0.4,0.65,0.21,0.42,0.23,0.25,0.59,0.1,0.18
"Malaysia","Q1 2020",0.21,0.27,0.23,0.43,0.2,0.2,0.42,0.23,0.45,0.44,0.22,0.32,0.23,0.68,0.22,0.38,0.16,0.18,0.45,0.21,0.28,0.22,0.18,0.3,0.28,0.53,0.17,0.38,0.76,0.68,0.66,0.16,,0.45,0.23,0.42,0.18,0.32,0.39,0.42,0.22,0.23,0.29,,0.21,0.48,0.45,0.22,0.4,0.4,0.59,0.22,0.26,0.18,0.24,,0.19,0.26,0.26,0.65,0.21,0.27,0.27,0.19,0.2,0.65,0.47,0.18,0.57,0.15,0.22,0.29,0.23,0.33,,0.26,0.18,0.24,0.23,0.24,0.21,0.57,0.5,0.34,0.42,0.25,0.43,0.63,0.38,0.61,,0.44,0.36,0.21,0.25,0.24,0.49,0.22,0.28,0.26,0.3,,0.28,0.54,0.22,0.28,0.21,0.45,0.22,0.46,0.2,0.2,0.2,0.64,0.35,0.31,0.35,0.16,0.67,,0.26,0.42,0.21,0.4,,0.15,0.21,0.24,0.57,0.5,0.18,0.46,0.31,0.16,0.39,0.38,0.53,0.52,0.24,0.46,0.73,0.15,0.4,0.4,0.46,,0.21,0.21,,0.22,0.23,0.19,0.6,0.29,,0.31,0.21,0.78,0.26,0.44,0.3,0.24,0.51,0.68,0.63,0.21,,0.24,0.49,0.25,0.53,0.17,0.45,0.21,0.27,0.2,0.55,0.16,0.1,0.42,0.63,0.67,0.36,0.64,0.21,0.43,0.23,0.24,0.55,0.1,0.2
"Malaysia","Q1 2021",0.2,0.28,0.23,0.39,0.2,0.2,0.43,0.23,0.47,0.44,0.32,0.33,0.24,0.67,0.21,0.4,0.16,0.18,0.44,0.2,0.27,0.22,0.18,0.3,0.38,0.52,0.16,0.38,0.75,0.68,0.69,0.16,,0.46,0.21,0.39,0.17,0.32,0.38,0.42,0.22,0.23,0.29,,0.2,0.48,0.45,0.22,0.4,0.39,0.61,0.22,0.26,0.19,0.23,,0.2,0.25,0.26,0.66,0.21,0.27,0.26,0.19,0.2,0.64,0.49,0.18,0.57,0.18,0.22,0.3,0.22,0.35,,0.21,0.18,0.24,0.22,0.24,0.21,0.58,0.41,0.39,0.44,0.25,0.44,0.65,0.38,0.63,,0.45,0.36,0.21,0.23,0.23,0.5,0.2,0.27,0.25,0.21,,0.27,0.56,0.22,0.29,0.22,0.42,0.21,0.46,0.21,0.2,0.2,0.63,0.37,0.31,0.35,,0.66,,0.26,0.42,0.24,0.4,0.17,0.15,0.2,0.24,0.59,0.53,0.18,0.45,0.32,0.16,0.38,0.36,0.52,0.57,0.24,0.48,0.71,0.15,0.39,0.4,0.46,,0.2,0.21,,0.22,0.23,0.19,0.62,0.3,,0.3,0.21,0.79,0.26,0.43,0.31,0.25,0.52,0.68,0.66,0.2,,0.24,0.49,0.25,0.58,0.18,0.47,0.23,0.27,0.2,0.56,0.16,0.09,0.43,0.64,0.67,0.36,0.68,0.22,0.43,0.23,0.23,0.62,,0.19
"Maldives","Q1 2016",0.09,0.11,0.1,0.2,0.09,0.09,0.19,0.11,0.2,0.19,0.19,0.19,0.11,0.22,0.11,0.2,0.08,0.1,0.19,0.09,0.17,0.1,0.1,0.18,0.2,0.21,0.08,0.19,0.22,0.21,0.21,,,0.2,0.17,0.2,0.08,0.12,0.2,0.19,0.11,0.11,0.12,,0.1,0.19,0.2,0.1,0.13,0.12,0.21,0.11,0.1,0.08,0.1,,0.09,0.19,0.18,0.22,0.1,0.12,0.12,0.11,0.09,0.22,0.2,0.08,0.2,0.08,0.11,0.12,0.11,0.12,,0.12,0.09,0.11,0.11,0.12,0.1,0.28,0.19,0.2,0.11,0.11,0.2,0.22,0.13,0.21,,0.19,0.2,0.09,0.11,0.1,0.2,0.11,0.12,0.11,0.19,0.28,,0.2,0.1,0.11,0.1,0.2,0.19,0.2,0.08,0.09,0.08,0.21,0.2,0.18,0.19,0.08,0.21,,0.19,0.2,0.11,0.2,,0.07,0.09,0.18,0.21,0.21,,0.2,0.18,0.07,0.19,0.2,0.19,0.2,0.12,0.18,0.22,0.07,0.2,0.19,0.21,,0.1,0.11,,0.11,0.1,0.1,0.21,0.12,,0.26,0.11,0.28,0.12,0.19,0.18,0.11,0.21,0.22,0.27,0.19,,0.11,0.19,0.11,0.27,0.15,0.2,0.1,0.13,0.1,0.2,,0.08,0.19,0.21,0.22,0.27,0.22,0.1,0.19,0.11,0.12,0.2,0.08,0.18
"Maldives","Q1 2017",0.1,0.11,0.1,0.2,0.1,0.09,0.19,0.1,0.2,0.19,0.18,0.18,0.11,0.22,0.11,0.19,0.08,0.09,0.19,0.1,0.17,0.1,0.09,0.18,0.2,0.2,0.08,0.12,0.22,0.21,0.21,0.15,,0.2,0.09,0.19,0.08,0.12,0.19,0.19,0.11,0.1,0.11,,0.1,0.19,0.2,0.1,0.2,0.12,0.21,0.11,0.11,0.08,0.1,,0.09,0.19,0.11,0.21,0.1,0.12,0.12,0.1,0.1,0.21,0.2,0.08,0.2,0.08,0.1,0.12,0.11,0.12,,0.11,0.09,0.11,0.12,0.12,0.09,0.27,0.19,0.2,0.18,0.11,0.2,0.22,0.2,0.21,,0.19,0.2,0.1,0.18,0.1,0.2,0.1,0.1,0.11,0.18,0.28,,0.2,0.1,0.12,0.11,0.2,0.18,0.2,0.08,0.09,0.09,0.21,0.19,0.18,0.19,0.08,0.21,,0.19,0.19,0.11,0.2,,0.07,0.11,0.1,0.21,0.2,0.09,0.2,0.18,0.07,0.12,0.2,0.19,0.2,0.12,0.18,0.21,0.07,0.19,0.18,0.2,,0.1,0.1,,0.11,0.1,0.1,0.21,0.12,,0.25,0.11,0.28,0.12,0.19,0.18,0.18,0.2,0.22,0.27,0.18,,0.1,0.19,0.11,0.27,0.15,0.19,0.1,0.12,0.1,0.2,,0.08,0.19,0.21,0.21,0.26,0.22,0.1,0.19,0.11,0.12,0.2,0.08,0.1
"Maldives","Q1 2018",0.09,0.11,0.1,0.19,0.1,0.1,0.19,0.11,0.2,0.19,0.18,0.19,0.11,0.22,0.11,0.2,0.08,0.09,0.19,0.1,0.17,0.1,0.1,0.18,0.19,0.2,0.08,0.12,0.22,0.21,0.21,0.15,,0.2,0.09,0.19,0.08,0.12,0.19,0.19,0.11,0.11,0.11,,0.09,0.19,0.2,0.1,0.2,0.12,0.21,0.11,0.11,0.08,0.1,,0.09,0.19,0.11,0.21,0.1,0.11,0.12,0.1,0.1,0.21,0.19,0.08,0.2,0.08,0.1,0.12,0.11,0.12,,0.11,0.09,0.11,0.11,0.12,0.1,0.27,0.19,0.19,0.19,0.11,0.2,0.21,0.2,0.2,,0.19,0.19,0.1,0.18,0.11,0.19,0.1,0.12,0.11,0.18,0.28,,0.2,0.1,0.12,0.18,0.19,0.18,0.2,0.08,0.08,0.09,0.21,0.19,0.18,0.19,0.08,0.21,,0.19,0.19,0.11,0.2,,0.07,0.1,0.1,0.21,0.2,0.09,0.2,0.18,0.07,0.12,0.19,0.19,0.2,0.12,0.19,0.21,0.07,0.19,0.19,0.2,,0.1,0.1,,0.1,0.1,0.09,0.21,0.19,,0.25,0.11,0.28,0.12,0.19,0.18,0.1,0.2,0.22,0.27,0.18,,0.11,0.19,0.11,0.27,0.15,0.19,0.11,0.12,0.1,0.21,,0.08,0.19,0.21,0.22,0.26,0.22,0.1,0.19,0.11,0.12,0.2,0.08,0.1
"Maldives","Q1 2019",0.09,0.11,0.1,0.19,0.09,0.09,0.19,0.11,0.21,0.2,0.19,0.18,0.11,0.22,0.11,0.2,0.08,0.09,0.2,0.1,0.18,0.1,0.1,0.18,0.2,0.21,0.08,0.13,0.22,0.21,0.21,0.15,,0.2,0.17,0.2,0.08,0.12,0.2,0.19,0.11,0.11,0.12,,0.1,0.19,0.2,0.1,0.2,0.13,0.21,0.11,0.12,0.09,0.11,,0.09,0.18,0.12,0.22,0.1,0.12,0.12,0.1,0.1,0.22,0.2,0.08,0.2,0.08,0.1,0.12,0.11,0.13,,0.12,0.09,0.11,0.11,0.12,0.1,0.28,0.2,0.2,0.19,0.12,0.2,0.22,0.2,0.2,,0.2,0.2,0.08,0.19,0.11,0.19,0.11,0.12,0.19,0.18,0.28,,0.21,0.09,0.12,0.1,0.2,0.17,0.2,0.09,0.09,0.09,0.21,0.19,0.17,0.19,0.08,0.22,,0.19,0.2,0.11,0.2,,0.07,0.1,0.1,0.21,0.21,0.08,0.2,0.19,0.08,0.13,0.2,0.2,0.21,0.12,0.2,0.22,0.07,0.2,0.19,0.21,,0.1,0.1,,0.1,0.1,0.1,0.21,0.12,,0.26,0.1,0.29,0.12,0.19,0.18,0.18,0.21,0.22,0.28,0.11,,0.11,0.19,0.11,0.27,0.15,0.2,0.1,0.13,0.1,0.21,0.07,0.08,0.2,0.21,0.22,0.27,0.22,0.1,0.19,0.11,0.12,0.2,0.08,0.1
"Maldives","Q1 2020",0.1,0.11,0.1,0.2,0.09,0.09,0.19,0.11,0.2,0.2,0.18,0.18,0.1,0.22,0.1,0.2,0.08,0.09,0.2,0.1,0.17,0.11,0.09,0.17,0.12,0.21,0.08,0.12,0.22,0.21,0.21,0.14,,0.2,0.17,0.2,0.08,0.13,0.2,0.19,0.1,0.11,0.12,,0.09,0.19,0.2,0.1,0.2,0.13,0.21,0.11,0.12,0.09,0.12,,0.09,0.18,0.12,0.22,0.1,0.12,0.12,0.1,0.1,0.21,0.2,0.08,0.2,0.08,0.1,0.12,0.11,0.12,,0.12,0.09,0.1,0.12,0.11,0.1,0.27,0.2,0.19,0.19,0.11,0.2,0.21,0.2,0.2,,0.19,0.2,0.1,0.19,0.12,0.19,0.1,0.12,0.12,0.18,0.28,,0.2,0.1,0.12,0.1,0.2,0.17,0.2,0.09,0.1,0.09,0.21,0.2,0.18,0.19,0.08,0.22,,0.18,0.2,0.11,0.2,,0.07,0.1,0.1,0.21,0.21,0.08,0.2,0.18,0.08,0.12,0.19,0.2,0.2,0.12,0.2,0.21,0.07,0.2,0.19,0.2,,0.1,0.1,,0.1,0.1,0.09,0.21,0.12,,0.26,0.1,0.28,0.11,0.19,0.18,0.18,0.21,0.22,0.28,0.11,,0.11,0.19,0.11,0.2,0.15,0.2,0.1,0.13,0.09,0.21,0.07,0.08,0.2,0.21,0.22,0.26,0.22,0.09,0.19,0.11,0.11,0.2,0.08,0.11
"Maldives","Q1 2021",0.09,0.11,0.1,0.19,0.09,0.09,0.19,0.11,0.19,0.2,0.18,0.18,0.1,0.21,0.1,0.19,0.08,0.09,0.19,0.09,0.17,0.11,0.09,0.17,0.19,0.2,0.08,0.11,0.21,0.2,0.2,0.14,,0.2,0.17,0.19,0.08,0.12,0.19,0.18,0.11,0.11,0.11,,0.09,0.18,0.19,0.1,0.19,0.12,0.2,0.11,0.11,0.1,0.11,,0.1,0.18,0.11,0.21,0.1,0.11,0.11,0.1,0.1,0.2,0.19,0.08,0.2,0.09,0.1,0.12,0.11,0.12,,0.1,0.09,0.1,0.11,0.11,0.1,0.27,0.18,0.18,0.19,0.11,0.19,0.21,0.19,0.2,,0.19,0.19,0.1,0.18,0.11,0.19,0.1,0.11,0.11,0.17,0.27,,0.2,0.1,0.12,0.11,0.19,0.17,0.2,0.09,0.09,0.09,0.2,0.19,0.18,0.18,,0.21,,0.18,0.19,0.11,0.19,0.08,0.07,0.1,0.1,0.2,0.2,0.08,0.19,0.18,0.08,0.12,0.18,0.19,0.2,0.11,0.19,0.21,0.07,0.19,0.18,0.2,,0.09,0.1,,0.1,0.1,0.09,0.2,0.11,,0.25,0.1,0.28,0.11,0.18,0.18,0.18,0.2,0.21,0.27,0.1,,0.1,0.19,0.11,0.19,0.15,0.19,0.1,0.12,0.09,0.2,0.07,0.08,0.19,0.21,0.21,0.26,0.21,0.1,0.19,0.11,0.11,0.19,,0.1
"Malta","Q1 2016",0.26,0.34,0.21,0.35,0.19,0.2,0.34,0.23,0.41,0.33,0.3,0.23,0.22,0.58,0.22,0.37,0.15,0.21,0.36,0.18,0.2,0.27,0.19,0.22,0.28,0.39,0.16,0.34,0.57,0.47,0.43,,,0.47,0.2,0.33,0.1,0.29,0.3,0.41,0.22,0.23,0.36,,0.21,0.38,0.44,0.21,0.42,0.41,0.52,0.21,0.21,0.16,0.21,,0.18,0.24,0.27,0.57,0.2,0.25,0.31,0.22,0.26,0.57,0.32,0.17,0.48,0.09,0.23,0.25,0.22,0.31,,0.25,0.18,0.24,0.24,0.26,0.2,0.46,0.28,0.39,0.22,0.25,0.38,0.56,0.39,0.44,,0.4,0.28,0.19,0.22,0.21,0.49,0.21,0.34,0.25,0.23,0.56,0.2,,0.2,0.22,0.19,0.36,0.23,0.48,0.17,0.25,0.18,0.55,0.25,0.23,0.32,0.16,0.56,,0.27,0.3,0.21,0.4,,0.15,0.18,0.25,0.49,0.43,,0.48,0.23,0.08,0.35,0.28,0.39,0.42,0.24,0.25,0.56,0.15,0.36,0.39,0.49,,0.2,0.23,,0.23,0.21,0.2,0.5,0.28,,0.23,0.22,0.55,0.24,0.42,0.23,0.2,0.4,0.59,0.49,0.28,,0.24,0.39,0.31,0.36,0.17,0.42,0.2,0.3,0.29,0.5,,0.1,0.41,0.53,0.58,0.27,0.57,0.2,0.34,0.21,0.26,0.48,0.1,0.26
"Malta","Q1 2017",0.26,0.34,0.21,0.34,0.2,0.19,0.35,0.21,0.41,0.33,0.24,0.22,0.23,0.56,0.23,0.29,0.15,0.18,0.35,0.2,0.2,0.28,0.18,0.22,0.28,0.4,0.16,0.43,0.56,0.46,0.42,0.16,,0.48,0.19,0.33,0.1,0.28,0.29,0.41,0.23,0.21,0.29,,0.2,0.37,0.38,0.2,0.45,0.4,0.51,0.23,0.24,0.09,0.22,,0.18,0.23,0.23,0.55,0.2,0.25,0.25,0.2,0.26,0.55,0.3,0.17,0.49,0.08,0.21,0.25,0.21,0.31,,0.23,0.18,0.23,0.24,0.26,0.19,0.47,0.27,0.38,0.28,0.24,0.39,0.54,0.43,0.44,,0.42,0.27,0.19,0.22,0.2,0.46,0.19,0.3,0.23,0.22,0.53,0.2,,0.2,0.24,0.21,0.34,0.21,0.46,0.17,0.24,0.19,0.54,0.24,0.22,0.27,0.09,0.54,,0.26,0.35,0.21,0.31,,0.08,0.2,0.22,0.5,0.41,0.17,0.47,0.22,0.08,0.43,0.27,0.4,0.43,0.25,0.29,0.54,0.15,0.38,0.38,0.45,,0.21,0.22,,0.22,0.2,0.19,0.5,0.27,,0.21,0.21,0.54,0.25,0.42,0.22,0.21,0.38,0.56,0.5,0.26,,0.23,0.39,0.32,0.35,0.17,0.34,0.21,0.26,0.27,0.51,,0.09,0.4,0.51,0.56,0.26,0.55,0.2,0.34,0.21,0.26,0.39,0.09,0.19
"Malta","Q1 2018",0.25,0.32,0.21,0.32,0.2,0.2,0.43,0.22,0.34,0.33,0.32,0.23,0.23,0.56,0.22,0.3,0.15,0.18,0.44,0.2,0.19,0.28,0.2,0.21,0.27,0.41,0.16,0.44,0.56,0.46,0.44,0.16,,0.48,0.19,0.31,0.1,0.29,0.28,0.41,0.23,0.22,0.27,,0.1,0.37,0.44,0.2,0.46,0.43,0.52,0.23,0.24,0.16,0.21,,0.18,0.24,0.24,0.55,0.21,0.25,0.24,0.21,0.27,0.55,0.29,0.17,0.52,0.08,0.2,0.25,0.21,0.32,,0.23,0.18,0.24,0.23,0.26,0.19,0.48,0.33,0.37,0.31,0.24,0.4,0.57,0.43,0.42,,0.42,0.26,0.19,0.22,0.21,0.47,0.19,0.33,0.25,0.21,0.54,0.2,,0.2,0.25,0.25,0.33,0.2,0.41,0.16,0.24,0.19,0.55,0.24,0.23,0.25,0.09,0.55,,0.25,0.34,0.22,0.3,,0.08,0.19,0.21,0.5,0.44,0.17,0.48,0.22,0.15,0.44,0.28,0.38,0.42,0.23,0.41,0.55,0.15,0.31,0.4,0.46,,0.21,0.22,,0.22,0.2,0.18,0.51,0.29,,0.21,0.23,0.55,0.25,0.42,0.22,0.2,0.38,0.56,0.44,0.23,,0.23,0.38,0.24,0.36,0.16,0.35,0.21,0.26,0.28,0.52,,0.09,0.42,0.51,0.56,0.27,0.54,0.2,0.42,0.2,0.24,0.46,0.09,0.18
"Malta","Q1 2019",0.26,0.31,0.21,0.3,0.19,0.19,0.41,0.23,0.42,0.34,0.3,0.23,0.22,0.56,0.23,0.29,0.15,0.17,0.43,0.2,0.2,0.28,0.2,0.22,0.3,0.41,0.16,0.44,0.56,0.46,0.46,0.16,,0.48,0.2,0.3,0.1,0.28,0.28,0.4,0.23,0.23,0.28,,0.2,0.36,0.37,0.21,0.45,0.42,0.52,0.22,0.24,0.17,0.22,,0.18,0.23,0.25,0.56,0.21,0.23,0.24,0.19,0.26,0.55,0.29,0.16,0.52,0.08,0.21,0.25,0.2,0.32,,0.23,0.17,0.24,0.23,0.26,0.19,0.48,0.34,0.28,0.31,0.25,0.39,0.57,0.43,0.43,,0.43,0.31,0.09,0.24,0.22,0.47,0.2,0.33,0.3,0.21,0.54,0.21,,0.19,0.24,0.21,0.35,0.2,0.41,0.18,0.24,0.19,0.54,0.23,0.21,0.26,0.16,0.56,,0.24,0.33,0.2,0.3,,0.08,0.19,0.22,0.5,0.42,0.17,0.47,0.23,0.16,0.44,0.29,0.39,0.46,0.24,0.43,0.56,0.15,0.35,0.4,0.45,,0.21,0.21,,0.21,0.21,0.19,0.51,0.26,,0.23,0.2,0.56,0.24,0.41,0.23,0.21,0.4,0.57,0.51,0.21,,0.24,0.38,0.24,0.39,0.17,0.36,0.21,0.26,0.27,0.51,0.15,0.09,0.42,0.52,0.56,0.31,0.57,0.2,0.4,0.21,0.25,0.48,0.09,0.18
"Malta","Q1 2020",0.21,0.32,0.21,0.33,0.19,0.19,0.34,0.22,0.33,0.34,0.21,0.22,0.22,0.56,0.22,0.28,0.15,0.17,0.42,0.2,0.2,0.21,0.17,0.21,0.25,0.4,0.16,0.35,0.56,0.46,0.46,0.15,,0.47,0.2,0.32,0.1,0.37,0.28,0.4,0.21,0.22,0.27,,0.19,0.39,0.36,0.21,0.44,0.37,0.52,0.21,0.23,0.17,0.22,,0.18,0.22,0.24,0.56,0.2,0.24,0.24,0.18,0.19,0.54,0.36,0.17,0.52,0.08,0.21,0.35,0.21,0.3,,0.23,0.17,0.23,0.22,0.23,0.19,0.46,0.34,0.25,0.32,0.23,0.39,0.55,0.42,0.41,,0.42,0.26,0.19,0.23,0.22,0.47,0.2,0.32,0.24,0.21,0.54,0.2,,0.2,0.34,0.2,0.34,0.2,0.47,0.18,0.26,0.19,0.54,0.24,0.22,0.25,0.09,0.55,,0.23,0.32,0.2,0.29,,0.08,0.19,0.21,0.44,0.44,0.17,0.46,0.22,0.16,0.36,0.26,0.41,0.4,0.24,0.42,0.56,0.14,0.29,0.38,0.34,,0.2,0.2,,0.21,0.21,0.11,0.53,0.26,,0.22,0.19,0.56,0.24,0.42,0.21,0.21,0.38,0.57,0.44,0.2,,0.23,0.4,0.23,0.36,0.16,0.35,0.19,0.26,0.26,0.49,0.15,0.09,0.4,0.53,0.56,0.26,0.54,0.19,0.4,0.2,0.23,0.37,0.09,0.19
"Malta","Q1 2021",0.19,0.32,0.21,0.29,0.19,0.19,0.33,0.22,0.4,0.35,0.3,0.22,0.23,0.58,0.21,0.29,0.15,0.17,0.35,0.2,0.19,0.21,0.17,0.21,0.28,0.4,0.16,0.34,0.58,0.48,0.49,0.16,,0.47,0.19,0.29,0.1,0.36,0.28,0.4,0.21,0.22,0.27,,0.19,0.39,0.35,0.21,0.43,0.36,0.55,0.22,0.23,0.18,0.21,,0.19,0.22,0.23,0.58,0.2,0.25,0.23,0.19,0.19,0.56,0.37,0.17,0.53,0.11,0.21,0.36,0.21,0.33,,0.2,0.17,0.23,0.22,0.23,0.2,0.46,0.26,0.3,0.34,0.24,0.39,0.58,0.43,0.45,,0.42,0.27,0.19,0.22,0.21,0.47,0.19,0.32,0.24,0.19,0.56,0.2,,0.2,0.35,0.2,0.33,0.19,0.46,0.19,0.26,0.19,0.55,0.27,0.21,0.25,,0.58,,0.24,0.31,0.23,0.29,0.09,0.08,0.19,0.21,0.47,0.45,0.17,0.46,0.23,0.09,0.35,0.24,0.42,0.43,0.24,0.43,0.57,0.15,0.36,0.38,0.33,,0.2,0.2,,0.21,0.21,0.11,0.55,0.26,,0.21,0.19,0.58,0.24,0.41,0.22,0.22,0.38,0.59,0.54,0.19,,0.23,0.39,0.23,0.41,0.17,0.36,0.21,0.26,0.26,0.51,0.15,0.09,0.4,0.55,0.58,0.26,0.58,0.2,0.33,0.21,0.22,0.44,,0.19
"Marshall Islands","Q1 2016",0.1,0.11,0.26,0.19,0.1,0.1,0.19,0.11,0.21,0.19,0.18,0.17,0.11,0.23,0.11,0.19,0.08,0.11,0.19,0.1,0.16,0.1,0.1,0.18,0.19,0.2,0.08,0.19,0.3,0.22,0.23,,,0.21,0.1,0.19,0.17,0.12,0.19,0.18,0.11,0.11,0.11,,0.11,0.18,0.2,0.11,0.2,0.19,0.21,0.1,0.11,0.08,0.1,,0.09,0.27,0.19,0.22,0.1,0.2,0.11,0.11,0.1,0.22,0.19,0.09,0.19,0.08,0.12,0.12,0.25,0.19,,0.11,0.1,0.12,0.12,0.11,0.1,0.21,0.19,0.19,0.1,0.11,0.19,0.22,0.2,0.3,,0.18,0.19,0.26,0.1,0.1,0.19,0.1,0.11,0.1,0.11,0.22,0.1,0.2,,0.11,0.1,0.2,0.11,0.21,0.23,0.1,0.09,0.21,0.18,0.18,0.19,0.15,0.22,,0.28,0.28,0.1,0.2,,0.07,0.24,0.19,0.2,0.2,,0.21,0.19,0.08,0.19,0.19,0.19,0.2,0.11,0.18,0.3,0.07,0.12,0.18,0.21,,0.11,0.12,,0.12,0.26,0.1,0.2,0.11,,0.11,0.11,0.22,0.12,0.19,0.27,0.1,0.2,0.22,0.2,0.18,,0.12,0.19,0.1,0.2,0.09,0.19,0.26,0.2,0.1,0.2,,0.23,0.19,0.21,0.23,0.19,0.24,0.11,0.18,0.27,0.12,0.2,0.23,0.17
"Marshall Islands","Q1 2017",0.1,0.12,0.26,0.19,0.1,0.1,0.19,0.11,0.21,0.2,0.11,0.17,0.12,0.23,0.11,0.19,0.08,0.1,0.19,0.1,0.17,0.1,0.1,0.18,0.19,0.21,0.08,0.19,0.3,0.21,0.29,0.08,,0.21,0.1,0.19,0.16,0.12,0.19,0.19,0.11,0.11,0.11,,0.1,0.18,0.19,0.1,0.21,0.19,0.21,0.11,0.11,0.08,0.11,,0.1,0.27,0.11,0.22,0.1,0.2,0.11,0.11,0.1,0.22,0.19,0.08,0.2,0.08,0.11,0.12,0.26,0.2,,0.11,0.09,0.11,0.12,0.12,0.1,0.21,0.19,0.19,0.17,0.11,0.2,0.22,0.2,0.29,,0.18,0.18,0.26,0.1,0.1,0.19,0.1,0.11,0.11,0.18,0.21,0.1,0.2,,0.12,0.1,0.19,0.1,0.2,0.23,0.09,0.1,0.21,0.18,0.18,0.18,0.15,0.22,,0.27,0.21,0.1,0.2,,0.07,0.26,0.11,0.2,0.2,0.17,0.21,0.2,0.08,0.2,0.2,0.19,0.2,0.11,0.18,0.3,0.07,0.19,0.18,0.21,,0.11,0.11,,0.11,0.19,0.1,0.21,0.12,,0.11,0.11,0.22,0.12,0.19,0.2,0.11,0.2,0.22,0.21,0.1,,0.11,0.19,0.11,0.2,0.09,0.19,0.26,0.12,0.1,0.2,,0.22,0.18,0.21,0.23,0.19,0.23,0.1,0.19,0.27,0.12,0.2,0.22,0.09
"Marshall Islands","Q1 2018",0.1,0.11,0.26,0.2,0.11,0.11,0.2,0.11,0.22,0.2,0.18,0.18,0.12,0.23,0.11,0.2,0.08,0.1,0.2,0.11,0.17,0.1,0.11,0.18,0.19,0.21,0.08,0.2,0.31,0.29,0.3,0.08,,0.22,0.1,0.19,0.16,0.12,0.19,0.19,0.12,0.11,0.11,,0.09,0.19,0.19,0.11,0.21,0.2,0.21,0.11,0.11,0.08,0.11,,0.1,0.28,0.11,0.23,0.11,0.2,0.12,0.11,0.1,0.23,0.19,0.09,0.21,0.08,0.11,0.13,0.25,0.2,,0.11,0.1,0.12,0.11,0.12,0.1,0.21,0.2,0.2,0.18,0.11,0.2,0.23,0.21,0.3,,0.19,0.18,0.26,0.1,0.11,0.19,0.1,0.12,0.11,0.11,0.23,0.1,0.2,,0.12,0.18,0.19,0.11,0.21,0.23,0.09,0.1,0.22,0.12,0.18,0.18,0.15,0.23,,0.28,0.21,0.11,0.2,,0.08,0.25,0.1,0.21,0.2,0.17,0.22,0.26,0.08,0.2,0.2,0.19,0.21,0.12,0.19,0.31,0.07,0.19,0.19,0.21,,0.11,0.12,,0.11,0.19,0.1,0.21,0.19,,0.11,0.11,0.24,0.13,0.19,0.27,0.1,0.21,0.23,0.21,0.1,,0.12,0.19,0.11,0.21,0.09,0.19,0.27,0.12,0.1,0.21,,0.22,0.2,0.21,0.23,0.19,0.24,0.11,0.19,0.27,0.12,0.21,0.22,0.09
"Marshall Islands","Q1 2019",0.09,0.1,0.17,0.18,0.16,0.16,0.18,0.17,0.19,0.18,0.17,0.16,0.17,0.2,0.16,0.18,0.14,0.15,0.18,0.17,0.16,0.09,0.09,0.16,0.18,0.19,0.15,0.18,0.28,0.27,0.2,0.08,,0.19,0.09,0.17,0.15,0.17,0.17,0.17,0.17,0.17,0.1,,0.09,0.17,0.18,0.17,0.19,0.18,0.19,0.16,0.17,0.08,0.09,,0.09,0.25,0.1,0.2,0.09,0.18,0.17,0.09,0.09,0.2,0.18,0.08,0.19,0.08,0.17,0.17,0.24,0.18,,0.1,0.08,0.17,0.17,0.17,0.16,0.19,0.18,0.17,0.17,0.1,0.18,0.2,0.19,0.27,,0.17,0.17,0.15,0.16,0.09,0.17,0.09,0.1,0.1,0.09,0.2,0.09,0.19,,0.17,0.09,0.18,0.09,0.19,0.24,0.08,0.16,0.19,0.17,0.16,0.17,0.15,0.2,,0.18,0.19,0.16,0.18,,0.07,0.24,0.1,0.19,0.18,0.16,0.19,0.24,0.07,0.18,0.18,0.18,0.19,0.17,0.17,0.28,0.07,0.1,0.17,0.19,,0.17,0.17,,0.17,0.17,0.09,0.19,0.17,,0.1,0.09,0.21,0.17,0.17,0.25,0.09,0.19,0.2,0.19,0.09,,0.17,0.17,0.09,0.19,0.08,0.18,0.17,0.17,0.09,0.19,0.14,0.15,0.18,0.19,0.21,0.17,0.27,0.16,0.18,0.17,0.17,0.18,0.15,0.08
"Marshall Islands","Q1 2020",0.1,0.11,0.26,0.19,0.17,0.17,0.19,0.18,0.22,0.2,0.1,0.18,0.18,0.23,0.18,0.19,0.15,0.16,0.2,0.18,0.17,0.1,0.09,0.18,0.18,0.21,0.15,0.19,0.31,0.29,0.3,0.08,,0.21,0.1,0.19,0.16,0.19,0.19,0.18,0.17,0.18,0.11,,0.1,0.18,0.19,0.18,0.21,0.2,0.21,0.17,0.18,0.09,0.11,,0.1,0.27,0.11,0.23,0.1,0.19,0.18,0.1,0.1,0.22,0.2,0.09,0.2,0.08,0.18,0.19,0.25,0.2,,0.11,0.09,0.18,0.18,0.17,0.17,0.21,0.2,0.18,0.18,0.11,0.2,0.22,0.21,0.29,,0.18,0.18,0.26,0.17,0.1,0.19,0.1,0.11,0.11,0.11,0.22,0.1,0.2,,0.19,0.1,0.19,0.1,0.21,0.25,0.1,0.17,0.21,0.18,0.18,0.18,0.15,0.23,,0.27,0.21,0.17,0.2,,0.07,0.25,0.11,0.21,0.2,0.17,0.21,0.26,0.08,0.2,0.19,0.19,0.2,0.18,0.19,0.31,0.07,0.12,0.18,0.21,,0.18,0.17,,0.18,0.26,0.1,0.21,0.18,,0.11,0.1,0.23,0.19,0.18,0.27,0.11,0.2,0.23,0.21,0.1,,0.18,0.19,0.11,0.21,0.08,0.19,0.18,0.19,0.1,0.21,0.15,0.15,0.19,0.21,0.23,0.18,0.3,0.17,0.19,0.26,0.18,0.2,0.15,0.09
"Marshall Islands","Q1 2021",0.1,0.11,0.27,0.19,0.17,0.17,0.19,0.18,0.22,0.2,0.17,0.18,0.18,0.23,0.17,0.19,0.15,0.16,0.2,0.17,0.17,0.1,0.09,0.18,0.19,0.21,0.15,0.19,0.32,0.29,0.31,0.08,,0.22,0.1,0.18,0.16,0.19,0.19,0.18,0.18,0.18,0.11,,0.1,0.18,0.19,0.18,0.21,0.2,0.21,0.17,0.18,0.09,0.11,,0.1,0.28,0.11,0.23,0.1,0.2,0.18,0.1,0.1,0.22,0.2,0.09,0.21,0.1,0.18,0.19,0.25,0.2,,0.1,0.09,0.18,0.17,0.18,0.17,0.21,0.19,0.17,0.18,0.18,0.2,0.22,0.21,0.3,,0.19,0.18,0.26,0.1,0.1,0.19,0.1,0.11,0.11,0.1,0.22,0.1,0.2,,0.19,0.1,0.19,0.1,0.21,0.25,0.1,0.17,0.21,0.19,0.18,0.18,,0.23,,0.27,0.21,0.18,0.2,0.16,0.07,0.25,0.11,0.21,0.2,0.17,0.21,0.26,0.08,0.19,0.19,0.19,0.2,0.18,0.19,0.31,0.07,0.11,0.18,0.21,,0.17,0.17,,0.18,0.27,0.1,0.21,0.18,,0.11,0.1,0.23,0.19,0.18,0.27,0.11,0.2,0.23,0.21,0.09,,0.18,0.19,0.11,0.21,0.09,0.19,0.27,0.19,0.1,0.21,0.15,0.15,0.19,0.21,0.23,0.18,0.31,0.18,0.19,0.27,0.18,0.2,,0.1
"Martinique","Q1 2016",0.17,0.2,0.11,0.21,0.17,0.18,0.21,0.2,0.22,0.22,0.19,0.11,0.19,0.32,0.19,0.21,0.08,0.19,0.22,0.09,0.1,0.17,0.17,0.11,0.21,0.22,0.08,0.21,0.24,0.23,0.23,,,0.3,0.18,0.21,0.09,0.28,0.21,0.2,0.19,0.2,0.2,,0.18,0.2,0.21,0.18,0.23,0.21,0.23,0.18,0.18,0.08,0.18,,0.16,0.13,0.19,0.31,0.25,0.2,0.2,0.19,0.1,0.24,0.21,0.16,0.21,0.08,0.19,0.29,0.12,0.21,,0.2,0.17,0.26,0.2,0.2,0.17,0.22,0.19,0.2,0.11,0.2,0.21,0.31,0.23,0.23,,0.2,0.2,0.1,0.11,0.18,0.22,0.18,0.2,0.19,0.19,0.24,0.11,0.22,0.11,,0.17,0.21,0.19,0.23,0.09,0.17,0.16,0.3,0.2,0.1,0.2,0.08,0.25,,0.21,0.21,0.18,0.22,,0.07,0.1,0.19,0.22,0.21,,0.3,0.12,0.08,0.21,0.12,0.2,0.29,0.2,0.19,0.24,0.07,0.2,0.2,0.23,,0.18,0.19,,0.19,0.11,0.18,0.22,0.2,,0.12,0.19,0.23,0.21,0.2,0.12,0.11,0.22,0.32,0.22,0.12,,0.27,0.2,0.19,0.2,0.09,0.21,0.11,0.29,0.18,0.22,,0.09,0.21,0.22,0.32,0.2,0.25,0.18,0.2,0.12,0.21,0.21,0.09,0.12
"Martinique","Q1 2017",0.18,0.22,0.19,0.22,0.2,0.19,0.23,0.19,0.24,0.24,0.2,0.12,0.29,0.35,0.22,0.22,0.15,0.17,0.24,0.19,0.11,0.18,0.17,0.12,0.22,0.24,0.15,0.23,0.27,0.25,0.25,0.08,,0.34,0.17,0.22,0.09,0.31,0.22,0.21,0.22,0.19,0.21,,0.18,0.2,0.23,0.19,0.33,0.23,0.25,0.21,0.21,0.09,0.19,,0.17,0.21,0.2,0.35,0.26,0.21,0.21,0.19,0.18,0.27,0.23,0.16,0.23,0.08,0.21,0.32,0.2,0.31,,0.21,0.17,0.29,0.23,0.3,0.18,0.24,0.21,0.21,0.12,0.21,0.23,0.33,0.27,0.25,,0.21,0.21,0.11,0.12,0.19,0.24,0.18,0.19,0.2,0.2,0.25,0.12,0.24,0.12,,0.19,0.22,0.19,0.25,0.09,0.17,0.19,0.32,0.2,0.11,0.21,0.08,0.34,,0.22,0.22,0.2,0.23,,0.08,0.12,0.19,0.24,0.23,0.1,0.32,0.13,0.08,0.23,0.14,0.22,0.24,0.3,0.2,0.26,0.07,0.21,0.2,0.25,,0.2,0.28,,0.28,0.18,0.18,0.24,0.22,,0.12,0.2,0.26,0.31,0.21,0.13,0.12,0.23,0.35,0.24,0.12,,0.28,0.22,0.2,0.22,0.09,0.22,0.19,0.31,0.18,0.25,,0.09,0.21,0.24,0.36,0.21,0.36,0.2,0.23,0.12,0.24,0.22,0.09,0.11
"Martinique","Q1 2018",0.17,0.21,0.19,0.23,0.2,0.2,0.23,0.29,0.24,0.23,0.13,0.12,0.29,0.36,0.21,0.23,0.15,0.18,0.25,0.2,0.11,0.19,0.19,0.12,0.22,0.33,0.16,0.24,0.28,0.26,0.26,0.08,,0.35,0.18,0.22,0.09,0.32,0.22,0.21,0.23,0.29,0.21,,0.1,0.21,0.23,0.2,0.35,0.24,0.25,0.21,0.21,0.09,0.19,,0.17,0.21,0.2,0.36,0.27,0.21,0.22,0.19,0.18,0.28,0.23,0.16,0.24,0.08,0.21,0.33,0.19,0.32,,0.21,0.17,0.3,0.22,0.3,0.18,0.24,0.22,0.22,0.2,0.22,0.23,0.34,0.34,0.25,,0.22,0.21,0.11,0.12,0.2,0.22,0.18,0.22,0.2,0.2,0.26,0.12,0.25,0.12,,0.21,0.22,0.19,0.27,0.09,0.16,0.19,0.34,0.21,0.12,0.21,0.08,0.36,,0.22,0.23,0.2,0.23,,0.08,0.11,0.19,0.24,0.23,0.1,0.34,0.13,0.08,0.24,0.14,0.22,0.25,0.3,0.14,0.27,0.07,0.22,0.21,0.25,,0.22,0.29,,0.28,0.19,0.18,0.24,0.23,,0.12,0.2,0.27,0.32,0.21,0.13,0.11,0.23,0.36,0.25,0.12,,0.29,0.22,0.21,0.23,0.09,0.23,0.19,0.32,0.18,0.26,,0.09,0.23,0.25,0.36,0.21,0.37,0.2,0.23,0.12,0.24,0.23,0.09,0.1
"Martinique","Q1 2019",0.17,0.2,0.18,0.22,0.18,0.18,0.22,0.21,0.24,0.23,0.2,0.12,0.28,0.35,0.21,0.22,0.15,0.17,0.25,0.19,0.11,0.18,0.18,0.11,0.22,0.32,0.15,0.23,0.27,0.25,0.25,0.08,,0.33,0.18,0.21,0.09,0.3,0.22,0.2,0.22,0.21,0.21,,0.18,0.21,0.22,0.2,0.33,0.23,0.24,0.2,0.21,0.1,0.19,,0.17,0.13,0.2,0.34,0.27,0.21,0.21,0.18,0.18,0.26,0.22,0.16,0.23,0.08,0.2,0.32,0.19,0.31,,0.21,0.17,0.28,0.21,0.29,0.18,0.24,0.21,0.21,0.13,0.21,0.23,0.33,0.33,0.24,,0.21,0.21,0.02,0.12,0.19,0.22,0.19,0.21,0.21,0.19,0.25,0.12,0.24,0.17,,0.19,0.22,0.18,0.26,0.1,0.16,0.18,0.26,0.2,0.11,0.21,0.08,0.35,,0.21,0.22,0.19,0.22,,0.07,0.11,0.19,0.23,0.23,0.09,0.33,0.13,0.08,0.24,0.14,0.22,0.25,0.29,0.22,0.26,0.07,0.21,0.2,0.24,,0.2,0.2,,0.2,0.18,0.18,0.24,0.21,,0.13,0.18,0.26,0.29,0.2,0.13,0.12,0.23,0.35,0.24,0.12,,0.28,0.21,0.2,0.23,0.09,0.22,0.18,0.31,0.18,0.24,0.15,0.02,0.22,0.24,0.35,0.21,0.35,0.19,0.22,0.12,0.23,0.23,0.02,0.1
"Martinique","Q1 2020",0.19,0.2,0.19,0.25,0.19,0.26,0.25,0.21,0.26,0.26,0.12,0.12,0.28,0.37,0.21,0.24,0.15,0.17,0.27,0.21,0.11,0.19,0.16,0.11,0.22,0.28,0.16,0.25,0.3,0.28,0.28,0.08,,0.37,0.19,0.24,0.09,0.33,0.24,0.23,0.2,0.21,0.23,,0.17,0.23,0.25,0.27,0.36,0.26,0.27,0.2,0.21,0.1,0.2,,0.17,0.13,0.2,0.37,0.26,0.22,0.22,0.18,0.18,0.29,0.25,0.16,0.27,0.08,0.27,0.35,0.19,0.26,,0.21,0.16,0.28,0.21,0.2,0.18,0.27,0.24,0.22,0.16,0.2,0.25,0.36,0.36,0.27,,0.24,0.22,0.11,0.12,0.2,0.25,0.19,0.21,0.2,0.19,0.28,0.12,0.34,0.19,,0.18,0.25,0.19,0.35,0.1,0.18,0.19,0.28,0.21,0.12,0.22,0.02,0.32,,0.21,0.25,0.19,0.25,,0.07,0.11,0.19,0.26,0.26,0.1,0.35,0.12,0.08,0.26,0.15,0.25,0.27,0.29,0.25,0.29,0.07,0.24,0.24,0.27,,0.21,0.26,,0.27,0.19,0.1,0.27,0.23,,0.13,0.18,0.29,0.3,0.23,0.12,0.12,0.26,0.37,0.27,0.12,,0.28,0.24,0.2,0.25,0.09,0.25,0.18,0.32,0.18,0.27,0.15,0.02,0.25,0.27,0.39,0.22,0.39,0.2,0.25,0.12,0.23,0.25,0.02,0.11
"Martinique","Q1 2021",0.17,0.21,0.19,0.25,0.19,0.27,0.26,0.22,0.27,0.28,0.16,0.12,0.29,0.39,0.2,0.25,0.15,0.17,0.28,0.2,0.11,0.19,0.16,0.12,0.25,0.28,0.15,0.26,0.31,0.29,0.3,0.08,,0.39,0.11,0.25,0.09,0.35,0.25,0.23,0.21,0.22,0.24,,0.18,0.24,0.26,0.28,0.38,0.27,0.28,0.2,0.22,0.11,0.2,,0.18,0.13,0.21,0.38,0.27,0.23,0.22,0.18,0.18,0.3,0.26,0.17,0.28,0.1,0.28,0.37,0.2,0.34,,0.19,0.16,0.29,0.2,0.21,0.19,0.28,0.23,0.15,0.23,0.22,0.26,0.37,0.37,0.28,,0.24,0.23,0.11,0.13,0.2,0.26,0.18,0.22,0.22,0.12,0.29,0.12,0.35,0.19,,0.19,0.17,0.12,0.37,0.11,0.18,0.19,0.29,0.24,0.12,0.23,,0.4,,0.21,0.26,0.28,0.25,0.09,0.07,0.11,0.19,0.27,0.27,0.09,0.37,0.13,0.09,0.27,0.14,0.34,0.28,0.3,0.25,0.3,0.07,0.25,0.24,0.28,,0.2,0.27,,0.28,0.19,0.1,0.28,0.24,,0.13,0.18,0.31,0.31,0.24,0.13,0.13,0.27,0.39,0.28,0.11,,0.29,0.25,0.2,0.26,0.1,0.25,0.19,0.33,0.18,0.28,0.15,0.02,0.25,0.28,0.4,0.23,0.41,0.21,0.26,0.12,0.22,0.26,,0.11
"Mauritania","Q1 2016",0.16,0.18,0.1,0.19,0.09,0.16,0.18,0.18,0.19,0.18,0.18,0.1,0.17,0.27,0.1,0.19,0.08,0.1,0.19,0.09,0.1,0.1,0.17,0.1,0.19,0.19,0.08,0.18,0.2,0.2,0.19,,,0.19,0.17,0.19,0.08,0.19,0.19,0.18,0.17,0.18,0.18,,0.17,0.18,0.19,0.17,0.19,0.19,0.2,0.1,0.17,0.08,0.17,,0.09,0.11,0.18,0.27,0.17,0.18,0.18,0.25,0.09,0.21,0.19,0.15,0.19,0.08,0.18,0.18,0.1,0.19,,0.19,0.16,0.18,0.11,0.18,0.1,0.2,0.18,0.18,0.1,0.18,0.19,0.2,0.19,0.19,,0.18,0.18,0.09,0.1,0.17,0.19,0.17,0.18,0.17,0.18,0.2,0.1,0.19,0.1,0.17,,0.19,0.17,0.19,0.08,0.16,0.08,0.27,0.18,0.1,0.18,0.08,0.2,,0.18,0.18,0.1,0.19,,0.07,0.09,0.18,0.19,0.19,,0.2,0.11,0.07,0.18,0.11,0.18,0.2,0.18,0.18,0.2,0.07,0.18,0.18,0.2,,0.09,0.18,,0.18,0.1,0.16,0.19,0.25,,0.11,0.17,0.2,0.18,0.18,0.11,0.1,0.19,0.27,0.19,0.1,,0.18,0.18,0.17,0.18,0.08,0.19,0.1,0.19,0.18,0.19,,0.08,0.18,0.2,0.21,0.18,0.21,0.09,0.18,0.1,0.18,0.19,0.08,0.1
"Mauritania","Q1 2017",0.1,0.19,0.11,0.21,0.1,0.09,0.2,0.17,0.2,0.2,0.19,0.11,0.18,0.3,0.11,0.27,0.08,0.09,0.2,0.1,0.1,0.17,0.16,0.11,0.21,0.21,0.08,0.2,0.23,0.22,0.21,0.08,,0.21,0.17,0.21,0.08,0.2,0.27,0.19,0.18,0.17,0.19,,0.17,0.19,0.2,0.1,0.21,0.2,0.21,0.12,0.2,0.08,0.18,,0.09,0.12,0.19,0.29,0.17,0.19,0.2,0.24,0.1,0.23,0.21,0.15,0.2,0.08,0.1,0.2,0.11,0.2,,0.2,0.16,0.18,0.12,0.19,0.09,0.21,0.19,0.19,0.11,0.19,0.2,0.23,0.21,0.21,,0.19,0.19,0.1,0.11,0.18,0.2,0.18,0.18,0.18,0.18,0.22,0.11,0.21,0.1,0.19,,0.2,0.18,0.21,0.09,0.09,0.09,0.29,0.19,0.11,0.2,0.01,0.22,,0.19,0.2,0.11,0.21,,0.07,0.11,0.18,0.21,0.2,0.09,0.21,0.12,0.07,0.2,0.12,0.2,0.21,0.19,0.19,0.22,0.07,0.19,0.19,0.21,,0.1,0.18,,0.18,0.1,0.17,0.21,0.27,,0.11,0.19,0.22,0.2,0.12,0.11,0.11,0.21,0.29,0.21,0.11,,0.18,0.2,0.19,0.2,0.08,0.27,0.11,0.2,0.17,0.21,,0.01,0.19,0.21,0.23,0.19,0.23,0.1,0.2,0.11,0.2,0.2,0.01,0.1
"Mauritania","Q1 2018",0.1,0.2,0.18,0.24,0.1,0.11,0.24,0.19,0.24,0.23,0.21,0.19,0.19,0.35,0.12,0.31,0.08,0.1,0.25,0.11,0.18,0.18,0.25,0.19,0.23,0.25,0.08,0.23,0.34,0.26,0.26,0.15,,0.25,0.17,0.24,0.09,0.21,0.24,0.23,0.19,0.19,0.22,,0.09,0.22,0.24,0.1,0.25,0.23,0.33,0.13,0.21,0.08,0.19,,0.1,0.21,0.2,0.34,0.18,0.21,0.22,0.25,0.11,0.27,0.24,0.15,0.25,0.08,0.11,0.21,0.18,0.24,,0.27,0.24,0.2,0.12,0.2,0.1,0.26,0.23,0.23,0.22,0.21,0.24,0.27,0.24,0.25,,0.24,0.23,0.17,0.2,0.19,0.24,0.18,0.21,0.21,0.19,0.33,0.18,0.25,0.18,0.21,,0.23,0.18,0.25,0.08,0.09,0.1,0.34,0.21,0.19,0.23,0.08,0.27,,0.21,0.23,0.12,0.24,,0.08,0.17,0.18,0.32,0.24,0.16,0.25,0.2,0.08,0.23,0.22,0.23,0.32,0.2,0.23,0.26,0.07,0.23,0.23,0.25,,0.11,0.18,,0.18,0.11,0.17,0.25,0.31,,0.19,0.2,0.34,0.21,0.22,0.2,0.18,0.25,0.35,0.26,0.2,,0.19,0.24,0.2,0.24,0.16,0.24,0.18,0.22,0.18,0.26,,0.08,0.24,0.26,0.28,0.23,0.28,0.11,0.24,0.18,0.2,0.24,0.08,0.1
"Mauritania","Q1 2019",0.16,0.19,0.11,0.27,0.1,0.1,0.2,0.18,0.21,0.2,0.11,0.11,0.12,0.3,0.17,0.2,0.08,0.09,0.21,0.1,0.11,0.17,0.26,0.11,0.21,0.21,0.08,0.2,0.23,0.21,0.21,0.08,,0.22,0.18,0.2,0.08,0.2,0.2,0.12,0.18,0.18,0.19,,0.25,0.19,0.2,0.1,0.21,0.2,0.21,0.11,0.2,0.09,0.11,,0.09,0.12,0.19,0.3,0.17,0.18,0.27,0.24,0.1,0.22,0.21,0.15,0.21,0.08,0.11,0.19,0.1,0.2,,0.19,0.23,0.19,0.12,0.19,0.1,0.21,0.19,0.19,0.12,0.19,0.2,0.23,0.21,0.21,,0.19,0.19,0.01,0.11,0.18,0.2,0.18,0.2,0.19,0.18,0.22,0.1,0.21,0.09,0.19,,0.19,0.17,0.22,0.09,0.09,0.1,0.29,0.18,0.11,0.19,0.08,0.23,,0.19,0.2,0.1,0.21,,0.07,0.1,0.19,0.21,0.2,0.09,0.21,0.12,0.08,0.2,0.12,0.2,0.29,0.19,0.19,0.23,0.07,0.18,0.19,0.21,,0.11,0.11,,0.11,0.11,0.25,0.21,0.26,,0.11,0.17,0.23,0.2,0.12,0.12,0.11,0.21,0.31,0.21,0.1,,0.19,0.2,0.19,0.2,0.09,0.21,0.11,0.2,0.17,0.21,0.08,0.01,0.2,0.21,0.24,0.19,0.24,0.1,0.2,0.11,0.19,0.2,0.01,0.1
"Mauritania","Q1 2020",0.17,0.19,0.11,0.2,0.09,0.1,0.19,0.18,0.19,0.19,0.1,0.11,0.11,0.28,0.17,0.19,0.08,0.09,0.2,0.1,0.11,0.17,0.23,0.11,0.19,0.2,0.08,0.19,0.22,0.2,0.2,0.08,,0.2,0.17,0.19,0.09,0.19,0.2,0.11,0.17,0.18,0.19,,0.17,0.19,0.19,0.1,0.2,0.19,0.2,0.11,0.18,0.09,0.18,,0.09,0.12,0.18,0.28,0.17,0.18,0.19,0.23,0.1,0.21,0.2,0.15,0.2,0.08,0.1,0.19,0.1,0.19,,0.19,0.23,0.18,0.11,0.11,0.1,0.2,0.18,0.18,0.11,0.19,0.2,0.21,0.2,0.2,,0.18,0.18,0.1,0.11,0.18,0.19,0.17,0.19,0.18,0.18,0.21,0.1,0.2,0.1,0.18,,0.19,0.17,0.2,0.09,0.1,0.09,0.28,0.18,0.11,0.18,0.01,0.22,,0.18,0.19,0.1,0.2,,0.07,0.1,0.18,0.2,0.2,0.09,0.2,0.11,0.08,0.19,0.11,0.19,0.27,0.18,0.19,0.21,0.07,0.19,0.19,0.21,,0.1,0.1,,0.1,0.11,0.16,0.2,0.26,,0.11,0.17,0.21,0.19,0.11,0.11,0.11,0.2,0.29,0.2,0.1,,0.18,0.19,0.19,0.19,0.08,0.2,0.1,0.19,0.17,0.2,0.07,0.01,0.19,0.2,0.22,0.18,0.22,0.1,0.19,0.11,0.18,0.19,0.01,0.1
"Mauritania","Q1 2021",0.16,0.19,0.11,0.2,0.1,0.1,0.2,0.18,0.2,0.2,0.11,0.11,0.18,0.29,0.18,0.2,0.08,0.09,0.21,0.1,0.1,0.18,0.23,0.11,0.2,0.21,0.08,0.19,0.23,0.21,0.21,0.08,,0.21,0.1,0.2,0.09,0.2,0.27,0.12,0.18,0.18,0.19,,0.17,0.19,0.2,0.11,0.21,0.2,0.21,0.11,0.19,0.1,0.18,,0.1,0.12,0.19,0.29,0.17,0.19,0.19,0.24,0.1,0.22,0.21,0.15,0.21,0.1,0.11,0.2,0.11,0.2,,0.18,0.23,0.18,0.11,0.11,0.11,0.21,0.12,0.11,0.12,0.19,0.2,0.22,0.21,0.2,,0.19,0.19,0.1,0.11,0.18,0.2,0.18,0.19,0.18,0.11,0.22,0.11,0.2,0.1,0.19,,0.12,0.1,0.21,0.1,0.1,0.1,0.29,0.2,0.11,0.19,,0.23,,0.19,0.19,0.18,0.2,0.08,0.07,0.1,0.18,0.21,0.21,0.08,0.21,0.12,0.08,0.19,0.11,0.2,0.28,0.19,0.19,0.22,0.07,0.19,0.19,0.21,,0.1,0.1,,0.11,0.11,0.16,0.21,0.26,,0.11,0.25,0.22,0.19,0.12,0.12,0.12,0.2,0.3,0.21,0.1,,0.18,0.2,0.19,0.2,0.09,0.2,0.11,0.2,0.17,0.21,0.07,0.01,0.19,0.21,0.23,0.19,0.23,0.1,0.2,0.11,0.12,0.2,,0.1
"Mauritius","Q1 2016",0.18,0.23,0.2,0.39,0.11,0.19,0.32,0.21,0.37,0.31,0.28,0.21,0.21,0.47,0.21,0.35,0.08,0.19,0.33,0.11,0.19,0.19,0.18,0.21,0.27,0.35,0.16,0.38,0.46,0.45,0.43,,,0.42,0.27,0.32,0.1,0.24,0.28,0.3,0.21,0.22,0.26,,0.2,0.3,0.41,0.2,0.31,0.31,0.37,0.2,0.2,0.16,0.2,,0.17,0.23,0.23,0.47,0.19,0.24,0.23,0.21,0.11,0.4,0.29,0.17,0.33,0.09,0.21,0.23,0.21,0.27,,0.23,0.18,0.22,0.22,0.22,0.18,0.43,0.25,0.34,0.21,0.22,0.34,0.46,0.29,0.44,,0.3,0.27,0.19,0.21,0.2,0.34,0.2,0.23,0.24,0.31,0.46,0.2,0.36,0.2,0.21,0.19,,0.3,0.43,0.17,0.18,0.1,0.37,0.32,0.21,0.31,0.16,0.39,,0.25,0.27,0.2,0.37,,0.15,0.18,0.22,0.43,0.4,,0.42,0.22,0.08,0.38,0.26,0.31,0.35,0.22,0.23,0.45,0.08,0.36,0.28,0.43,,0.12,0.21,,0.21,0.2,0.19,0.42,0.25,,0.3,0.21,0.46,0.22,0.31,0.22,0.2,0.45,0.47,0.43,0.27,,0.22,0.31,0.23,0.33,0.16,0.4,0.2,0.28,0.2,0.34,,0.1,0.3,0.45,0.47,0.27,0.4,0.12,0.31,0.21,0.23,0.34,0.1,0.25
"Mauritius","Q1 2017",0.18,0.21,0.2,0.38,0.12,0.11,0.3,0.19,0.37,0.3,0.23,0.2,0.2,0.46,0.2,0.34,0.08,0.1,0.31,0.12,0.18,0.18,0.17,0.2,0.33,0.35,0.09,0.32,0.46,0.43,0.42,0.15,,0.35,0.19,0.38,0.09,0.23,0.27,0.31,0.21,0.19,0.25,,0.2,0.3,0.4,0.12,0.31,0.28,0.36,0.13,0.23,0.16,0.19,,0.17,0.22,0.2,0.46,0.19,0.23,0.23,0.19,0.18,0.39,0.28,0.16,0.33,0.08,0.12,0.23,0.21,0.26,,0.22,0.17,0.2,0.14,0.21,0.18,0.44,0.24,0.29,0.26,0.21,0.34,0.45,0.31,0.42,,0.32,0.26,0.19,0.21,0.19,0.33,0.19,0.2,0.21,0.29,0.45,0.2,0.34,0.19,0.22,0.2,,0.27,0.34,0.16,0.17,0.11,0.37,0.29,0.2,0.26,0.08,0.38,,0.23,0.31,0.12,0.34,,0.08,0.2,0.19,0.42,0.38,0.17,0.34,0.21,0.08,0.32,0.25,0.33,0.35,0.22,0.27,0.38,0.08,0.38,0.27,0.32,,0.12,0.2,,0.2,0.19,0.2,0.42,0.25,,0.27,0.2,0.45,0.22,0.31,0.21,0.2,0.43,0.45,0.43,0.25,,0.2,0.31,0.23,0.31,0.16,0.39,0.2,0.22,0.18,0.34,,0.09,0.28,0.44,0.46,0.25,0.39,0.12,0.29,0.2,0.22,0.34,0.09,0.19
"Mauritius","Q1 2018",0.17,0.2,0.19,0.28,0.11,0.11,0.3,0.19,0.35,0.3,0.29,0.2,0.2,0.44,0.19,0.26,0.08,0.1,0.3,0.12,0.18,0.18,0.19,0.19,0.24,0.33,0.08,0.31,0.43,0.41,0.41,0.15,,0.33,0.18,0.28,0.09,0.22,0.25,0.3,0.2,0.19,0.24,,0.16,0.29,0.31,0.11,0.31,0.29,0.35,0.13,0.22,0.09,0.19,,0.17,0.22,0.2,0.43,0.19,0.22,0.22,0.19,0.18,0.36,0.26,0.16,0.34,0.08,0.12,0.22,0.2,0.26,,0.2,0.17,0.2,0.13,0.21,0.18,0.41,0.28,0.32,0.27,0.21,0.32,0.43,0.3,0.4,,0.31,0.24,0.18,0.2,0.19,0.31,0.18,0.21,0.23,0.28,0.43,0.19,0.33,0.19,0.22,0.23,,0.26,0.33,0.16,0.16,0.11,0.35,0.29,0.2,0.24,0.08,0.37,,0.23,0.29,0.12,0.26,,0.15,0.18,0.18,0.41,0.37,0.17,0.33,0.21,0.08,0.31,0.24,0.3,0.34,0.21,0.3,0.36,0.07,0.35,0.28,0.31,,0.12,0.19,,0.19,0.19,0.17,0.34,0.25,,0.27,0.2,0.43,0.21,0.29,0.21,0.18,0.41,0.43,0.41,0.22,,0.2,0.31,0.2,0.31,0.16,0.38,0.2,0.22,0.18,0.34,,0.09,0.29,0.42,0.43,0.25,0.37,0.11,0.29,0.19,0.21,0.33,0.09,0.1
"Mauritius","Q1 2019",0.17,0.21,0.19,0.28,0.11,0.11,0.3,0.2,0.37,0.31,0.28,0.2,0.2,0.46,0.21,0.27,0.08,0.1,0.31,0.12,0.19,0.19,0.19,0.2,0.28,0.35,0.09,0.32,0.45,0.43,0.36,0.15,,0.34,0.27,0.28,0.09,0.23,0.26,0.29,0.21,0.2,0.24,,0.19,0.31,0.32,0.19,0.32,0.3,0.36,0.13,0.22,0.1,0.2,,0.17,0.21,0.22,0.46,0.19,0.21,0.23,0.18,0.18,0.44,0.27,0.16,0.35,0.08,0.19,0.23,0.19,0.27,,0.22,0.17,0.2,0.13,0.21,0.18,0.42,0.3,0.26,0.27,0.22,0.33,0.45,0.31,0.41,,0.32,0.29,0.09,0.21,0.2,0.33,0.19,0.22,0.34,0.28,0.45,0.2,0.35,0.18,0.22,0.19,,0.26,0.34,0.17,0.16,0.11,0.36,0.28,0.19,0.25,0.15,0.45,,0.22,0.29,0.12,0.27,,0.07,0.18,0.2,0.42,0.38,0.17,0.34,0.21,0.08,0.32,0.25,0.4,0.43,0.21,0.31,0.38,0.07,0.34,0.28,0.33,,0.12,0.19,,0.19,0.19,0.19,0.36,0.24,,0.29,0.19,0.46,0.21,0.29,0.21,0.2,0.42,0.45,0.43,0.2,,0.2,0.32,0.21,0.34,0.16,0.39,0.19,0.23,0.18,0.35,0.08,0.09,0.29,0.43,0.45,0.28,0.39,0.11,0.3,0.2,0.22,0.34,0.09,0.11
"Mauritius","Q1 2020",0.19,0.21,0.2,0.31,0.11,0.11,0.31,0.2,0.37,0.32,0.2,0.2,0.2,0.46,0.2,0.26,0.08,0.1,0.32,0.12,0.19,0.19,0.17,0.2,0.23,0.36,0.09,0.32,0.45,0.43,0.37,0.15,,0.35,0.27,0.31,0.1,0.26,0.26,0.31,0.2,0.2,0.24,,0.18,0.31,0.33,0.19,0.32,0.32,0.43,0.13,0.22,0.1,0.21,,0.17,0.21,0.22,0.46,0.19,0.23,0.23,0.18,0.18,0.44,0.41,0.17,0.35,0.08,0.19,0.26,0.2,0.26,,0.22,0.17,0.2,0.14,0.13,0.19,0.42,0.32,0.24,0.3,0.21,0.34,0.45,0.32,0.42,,0.32,0.26,0.18,0.21,0.21,0.33,0.19,0.22,0.22,0.29,0.45,0.2,0.34,0.19,0.25,0.19,,0.27,0.35,0.18,0.18,0.11,0.37,0.31,0.2,0.25,0.08,0.45,,0.22,0.29,0.12,0.27,,0.07,0.19,0.2,0.43,0.41,0.17,0.35,0.21,0.09,0.32,0.24,0.33,0.35,0.21,0.32,0.45,0.07,0.37,0.29,0.3,,0.12,0.19,,0.19,0.2,0.1,0.36,0.24,,0.29,0.19,0.46,0.22,0.31,0.21,0.21,0.43,0.46,0.44,0.19,,0.2,0.32,0.21,0.34,0.16,0.4,0.19,0.23,0.18,0.36,0.08,0.09,0.29,0.44,0.46,0.25,0.4,0.11,0.31,0.2,0.21,0.34,0.09,0.18
"Mauritius","Q1 2021",0.1,0.12,0.19,0.26,0.1,0.11,0.28,0.12,0.28,0.3,0.28,0.19,0.12,0.36,0.11,0.32,0.08,0.1,0.29,0.11,0.18,0.11,0.09,0.19,0.24,0.33,0.08,0.3,0.43,0.41,0.35,0.15,,0.32,0.25,0.27,0.09,0.17,0.24,0.3,0.12,0.12,0.15,,0.1,0.3,0.3,0.11,0.3,0.3,0.34,0.12,0.21,0.11,0.12,,0.11,0.2,0.13,0.36,0.11,0.21,0.2,0.11,0.11,0.35,0.39,0.09,0.33,0.1,0.11,0.17,0.2,0.27,,0.18,0.09,0.12,0.12,0.12,0.11,0.4,0.23,0.29,0.31,0.13,0.32,0.35,0.29,0.33,,0.3,0.24,0.18,0.2,0.12,0.32,0.18,0.2,0.14,0.26,0.42,0.19,0.33,0.19,0.17,0.12,,0.26,0.32,0.17,0.1,0.1,0.35,0.31,0.19,0.23,,0.36,,0.2,0.27,0.12,0.25,0.09,0.07,0.18,0.11,0.4,0.4,0.16,0.32,0.2,0.08,0.3,0.21,0.31,0.33,0.13,0.32,0.42,0.07,0.34,0.27,0.26,,0.11,0.11,,0.11,0.19,0.1,0.34,0.22,,0.27,0.18,0.43,0.13,0.3,0.2,0.21,0.4,0.37,0.41,0.11,,0.12,0.3,0.12,0.32,0.16,0.39,0.19,0.14,0.1,0.33,0.08,0.08,0.28,0.42,0.36,0.24,0.37,0.11,0.28,0.19,0.12,0.32,,0.18
"Mayotte","Q1 2016",0.1,0.19,0.11,0.22,0.1,0.17,0.21,0.12,0.22,0.21,0.2,0.19,0.19,0.32,0.12,0.22,0.08,0.11,0.21,0.09,0.11,0.11,0.1,0.12,0.21,0.22,0.08,0.21,0.25,0.24,0.23,,,0.22,0.26,0.21,0.09,0.21,0.21,0.2,0.11,0.12,0.2,,0.18,0.2,0.23,0.18,0.22,0.21,0.24,0.12,0.17,0.08,0.18,,0.09,0.13,0.2,0.32,0.18,0.2,0.2,0.18,0.1,0.24,0.22,0.08,0.21,0.08,0.19,0.2,0.12,0.21,,0.2,0.1,0.19,0.13,0.2,0.1,0.31,0.2,0.22,0.19,0.2,0.22,0.25,0.22,0.23,,0.21,0.22,0.1,0.19,0.18,0.22,0.11,0.2,0.19,0.28,0.25,0.19,0.23,0.11,0.19,0.17,0.3,,0.23,0.09,0.09,0.09,0.23,0.28,0.18,0.21,0.08,0.24,,0.21,0.21,0.12,0.22,,0.07,0.1,0.19,0.3,0.3,,0.23,0.12,0.08,0.21,0.2,0.2,0.22,0.2,0.2,0.24,0.07,0.29,0.2,0.23,,0.1,0.19,,0.19,0.11,0.18,0.23,0.2,,0.28,0.18,0.25,0.19,0.2,0.12,0.18,0.31,0.25,0.24,0.2,,0.19,0.2,0.19,0.22,0.09,0.22,0.11,0.21,0.18,0.22,,0.09,0.21,0.31,0.25,0.29,0.25,0.1,0.2,0.11,0.2,0.22,0.09,0.19
"Mayotte","Q1 2017",0.1,0.18,0.1,0.2,0.1,0.1,0.19,0.1,0.2,0.2,0.18,0.18,0.18,0.29,0.11,0.2,0.08,0.09,0.19,0.1,0.1,0.1,0.09,0.11,0.2,0.2,0.08,0.19,0.23,0.21,0.21,0.08,,0.21,0.24,0.2,0.08,0.19,0.19,0.12,0.12,0.1,0.19,,0.17,0.18,0.2,0.1,0.2,0.19,0.21,0.11,0.19,0.08,0.17,,0.09,0.12,0.18,0.29,0.17,0.19,0.19,0.17,0.1,0.22,0.2,0.08,0.2,0.08,0.1,0.19,0.11,0.2,,0.19,0.09,0.18,0.12,0.19,0.1,0.28,0.19,0.2,0.18,0.18,0.2,0.22,0.2,0.21,,0.19,0.2,0.1,0.18,0.17,0.2,0.11,0.17,0.18,0.26,0.22,0.18,0.21,0.1,0.19,0.18,0.27,,0.2,0.09,0.09,0.09,0.21,0.26,0.17,0.19,0.01,0.22,,0.19,0.19,0.11,0.2,,0.07,0.11,0.17,0.21,0.21,0.09,0.2,0.11,0.07,0.19,0.19,0.2,0.2,0.19,0.19,0.22,0,0.27,0.11,0.21,,0.1,0.17,,0.18,0.1,0.17,0.21,0.19,,0.19,0.18,0.23,0.19,0.12,0.11,0.18,0.21,0.23,0.21,0.18,,0.17,0.19,0.18,0.2,0.08,0.19,0.11,0.19,0.1,0.21,,0.01,0.19,0.28,0.22,0.26,0.22,0.1,0.19,0.11,0.19,0.2,0.01,0.1
"Mayotte","Q1 2018",0.09,0.18,0.11,0.19,0.1,0.1,0.19,0.18,0.2,0.19,0.18,0.11,0.18,0.29,0.11,0.19,0.08,0.09,0.19,0.1,0.1,0.1,0.17,0.1,0.19,0.2,0.08,0.19,0.22,0.21,0.21,0.08,,0.2,0.24,0.19,0.08,0.19,0.19,0.12,0.12,0.18,0.18,,0.09,0.12,0.2,0.1,0.2,0.19,0.21,0.11,0.18,0.08,0.17,,0.09,0.12,0.18,0.29,0.17,0.18,0.19,0.17,0.1,0.21,0.19,0.08,0.2,0.01,0.1,0.19,0.11,0.19,,0.18,0.1,0.18,0.11,0.19,0.1,0.21,0.19,0.19,0.18,0.18,0.2,0.22,0.2,0.21,,0.19,0.19,0.1,0.17,0.18,0.19,0.1,0.19,0.18,0.26,0.22,0.18,0.2,0.11,0.19,0.18,0.26,,0.2,0.08,0.09,0.09,0.21,0.26,0.11,0.19,0.01,0.22,,0.19,0.19,0.11,0.19,,0.08,0.1,0.17,0.21,0.2,0.09,0.2,0.11,0.07,0.19,0.19,0.19,0.2,0.18,0.18,0.21,0.07,0.27,0.19,0.2,,0.1,0.17,,0.17,0.1,0.17,0.21,0.19,,0.25,0.18,0.23,0.19,0.12,0.11,0.17,0.21,0.22,0.21,0.17,,0.18,0.19,0.18,0.2,0.08,0.19,0.11,0.19,0.1,0.21,,0.01,0.19,0.28,0.22,0.26,0.22,0.1,0.19,0.11,0.19,0.2,0.01,0.1
"Mayotte","Q1 2019",0.09,0.18,0.1,0.19,0.09,0.1,0.19,0.11,0.2,0.19,0.18,0.1,0.11,0.28,0.18,0.19,0.08,0.09,0.19,0.1,0.1,0.1,0.17,0.1,0.19,0.2,0.08,0.19,0.22,0.2,0.2,0.08,,0.2,0.25,0.19,0.08,0.19,0.19,0.11,0.11,0.11,0.18,,0.17,0.18,0.2,0.1,0.2,0.19,0.2,0.11,0.18,0.16,0.11,,0.09,0.11,0.18,0.28,0.17,0.18,0.18,0.1,0.1,0.21,0.19,0.08,0.2,0.08,0.1,0.19,0.1,0.19,,0.18,0.09,0.18,0.11,0.18,0.1,0.21,0.18,0.19,0.18,0.18,0.19,0.22,0.2,0.2,,0.19,0.26,0.01,0.17,0.18,0.19,0.11,0.19,0.18,0.25,0.22,0.17,0.2,0.09,0.18,0.17,0.26,,0.2,0.09,0.09,0.09,0.2,0.19,0.1,0.18,0.08,0.22,,0.18,0.19,0.1,0.19,,0.07,0.1,0.17,0.21,0.2,0.09,0.2,0.11,0.08,0.19,0.18,0.19,0.2,0.18,0.19,0.21,0.07,0.26,0.18,0.2,,0.1,0.1,,0.1,0.11,0.17,0.2,0.18,,0.26,0.1,0.22,0.19,0.11,0.11,0.25,0.2,0.22,0.21,0.17,,0.18,0.19,0.18,0.19,0.08,0.19,0.11,0.19,0.1,0.2,0.07,0.01,0.19,0.28,0.22,0.19,0.22,0.1,0.19,0.11,0.19,0.19,0.01,0.1
"Mayotte","Q1 2020",0.11,0.18,0.11,0.19,0.1,0.1,0.19,0.18,0.2,0.2,0.17,0.11,0.11,0.29,0.18,0.19,0.08,0.09,0.2,0.1,0.1,0.11,0.09,0.11,0.19,0.2,0.08,0.19,0.22,0.21,0.21,0.08,,0.21,0.26,0.19,0.09,0.19,0.19,0.11,0.11,0.18,0.18,,0.16,0.18,0.2,0.11,0.2,0.19,0.21,0.11,0.18,0.16,0.18,,0.09,0.12,0.18,0.29,0.17,0.18,0.19,0.1,0.1,0.22,0.2,0.08,0.2,0.08,0.1,0.19,0.11,0.19,,0.19,0.09,0.18,0.11,0.11,0.1,0.21,0.19,0.18,0.18,0.18,0.2,0.22,0.2,0.21,,0.19,0.26,0.1,0.18,0.18,0.19,0.11,0.19,0.18,0.26,0.22,0.17,0.2,0.1,0.19,0.17,0.27,,0.21,0.09,0.1,0.1,0.21,0.27,0.11,0.19,0.01,0.22,,0.19,0.19,0.11,0.2,,0.07,0.1,0.17,0.21,0.21,0.09,0.2,0.11,0.08,0.19,0.11,0.19,0.2,0.18,0.2,0.22,0.07,0.27,0.19,0.2,,0.1,0.1,,0.11,0.11,0.1,0.21,0.19,,0.26,0.1,0.23,0.19,0.12,0.11,0.25,0.21,0.23,0.21,0.17,,0.18,0.19,0.18,0.19,0.08,0.19,0.1,0.19,0.16,0.21,0.07,0.01,0.19,0.29,0.22,0.19,0.22,0.1,0.19,0.11,0.19,0.2,0.01,0.17
"Mayotte","Q1 2021",0.09,0.11,0.1,0.11,0.09,0.1,0.11,0.11,0.19,0.19,0.17,0.17,0.1,0.21,0.11,0.19,0.08,0.09,0.12,0.1,0.1,0.1,0.09,0.1,0.19,0.19,0.08,0.11,0.21,0.2,0.2,0.08,,0.13,0.25,0.18,0.02,0.12,0.18,0.11,0.11,0.11,0.11,,0.09,0.11,0.19,0.1,0.13,0.12,0.2,0.1,0.11,0.17,0.11,,0.1,0.11,0.11,0.21,0.1,0.11,0.11,0.1,0.1,0.21,0.19,0.08,0.19,0.03,0.1,0.12,0.1,0.12,,0.1,0.09,0.1,0.1,0.11,0.1,0.2,0.11,0.17,0.18,0.11,0.19,0.21,0.12,0.19,,0.18,0.19,0.1,0.17,0.1,0.18,0.1,0.18,0.11,0.25,0.21,0.17,0.19,0.1,0.12,0.1,0.26,,0.19,0.09,0.09,0.09,0.2,0.26,0.17,0.18,,0.21,,0.11,0.12,0.11,0.19,0.01,0,0.1,0.1,0.2,0.2,0.08,0.13,0.11,0.01,0.11,0.11,0.12,0.2,0.11,0.19,0.21,0,0.26,0.11,0.19,,0.1,0.1,,0.1,0.1,0.09,0.2,0.11,,0.26,0.1,0.21,0.11,0.11,0.11,0.25,0.2,0.21,0.27,0.1,,0.1,0.11,0.11,0.19,0.09,0.19,0.1,0.12,0.09,0.2,0.07,0.01,0.18,0.27,0.21,0.19,0.21,0.1,0.11,0.1,0.11,0.19,,0.17
"Mexico","Q1 2016",0.19,0.34,0.21,0.42,0.2,0.21,0.44,0.24,0.38,0.41,0.3,0.23,0.24,0.59,0.3,0.31,0.15,0.21,0.46,0.19,0.2,0.2,0.19,0.23,0.35,0.49,0.23,0.44,0.57,0.54,0.52,,,0.54,0.21,0.33,0.1,0.38,0.31,0.34,0.3,0.25,0.29,,0.22,0.35,0.37,0.22,0.46,0.45,0.52,0.28,0.28,0.09,0.21,,0.18,0.24,0.29,0.57,0.21,0.26,0.32,0.22,0.19,0.57,0.32,0.18,0.4,0.09,0.24,0.26,0.23,0.41,,0.25,0.19,0.25,0.32,0.34,0.2,0.43,0.31,0.39,0.23,0.25,0.38,0.56,0.43,0.53,,0.34,0.27,0.2,0.29,0.21,0.47,0.21,0.26,0.25,0.23,0.55,0.2,0.48,0.21,0.23,0.19,0.43,0.23,,0.17,0.18,0.18,0.53,0.25,0.23,0.33,0.09,0.57,,0.27,0.32,0.29,0.41,,0.08,0.19,0.25,0.51,0.4,,0.55,0.23,0.16,0.45,0.29,0.37,0.52,0.31,0.31,0.56,0.08,0.29,0.32,0.53,,0.21,0.24,,0.24,0.21,0.21,0.51,0.28,,0.23,0.22,0.48,0.25,0.35,0.23,0.2,0.48,0.58,0.44,0.28,,0.25,0.37,0.24,0.39,0.1,0.36,0.21,0.38,0.23,0.5,,0.11,0.33,0.53,0.58,0.26,0.6,0.21,0.42,0.22,0.34,0.42,0.11,0.25
"Mexico","Q1 2017",0.19,0.33,0.21,0.41,0.2,0.19,0.43,0.21,0.37,0.4,0.23,0.22,0.24,0.56,0.3,0.29,0.15,0.18,0.43,0.21,0.2,0.21,0.18,0.22,0.35,0.48,0.23,0.46,0.54,0.51,0.49,0.16,,0.53,0.18,0.33,0.17,0.36,0.31,0.34,0.31,0.21,0.28,,0.21,0.34,0.36,0.2,0.48,0.43,0.49,0.3,0.31,0.09,0.22,,0.18,0.24,0.25,0.55,0.2,0.26,0.32,0.21,0.19,0.54,0.31,0.17,0.39,0.08,0.21,0.26,0.22,0.42,,0.24,0.18,0.23,0.25,0.35,0.19,0.42,0.29,0.33,0.27,0.24,0.38,0.54,0.45,0.49,,0.34,0.26,0.2,0.14,0.21,0.45,0.2,0.23,0.23,0.21,0.44,0.2,0.46,0.2,0.25,0.21,0.34,0.2,,0.17,0.18,0.19,0.52,0.23,0.23,0.28,0.09,0.54,,0.27,0.43,0.28,0.38,,0.15,0.21,0.23,0.4,0.36,0.18,0.52,0.23,0.15,0.47,0.29,0.43,0.49,0.32,0.28,0.52,0.08,0.31,0.31,0.4,,0.21,0.22,,0.23,0.2,0.21,0.42,0.28,,0.2,0.22,0.52,0.26,0.35,0.22,0.13,0.39,0.55,0.41,0.25,,0.23,0.37,0.26,0.36,0.16,0.35,0.21,0.27,0.2,0.48,,0.09,0.33,0.42,0.56,0.25,0.57,0.2,0.41,0.21,0.33,0.39,0.09,0.12
"Mexico","Q1 2018",0.18,0.24,0.21,0.39,0.21,0.21,0.43,0.23,0.36,0.41,0.3,0.23,0.24,0.57,0.3,0.31,0.15,0.18,0.45,0.21,0.19,0.2,0.21,0.21,0.34,0.5,0.23,0.46,0.55,0.53,0.52,0.16,,0.53,0.19,0.32,0.17,0.37,0.29,0.34,0.31,0.23,0.27,,0.17,0.34,0.35,0.21,0.49,0.44,0.48,0.31,0.31,0.09,0.21,,0.18,0.25,0.24,0.55,0.22,0.25,0.32,0.21,0.19,0.55,0.3,0.17,0.41,0.08,0.21,0.27,0.21,0.41,,0.23,0.18,0.31,0.24,0.34,0.2,0.49,0.36,0.37,0.31,0.25,0.38,0.55,0.46,0.51,,0.35,0.25,0.2,0.22,0.22,0.37,0.19,0.25,0.26,0.21,0.46,0.2,0.41,0.21,0.27,0.25,0.33,0.2,,0.17,0.17,0.2,0.53,0.24,0.23,0.26,0.09,0.56,,0.26,0.42,0.29,0.38,,0.15,0.2,0.21,0.39,0.39,0.18,0.52,0.23,0.15,0.47,0.31,0.42,0.5,0.31,0.34,0.54,0.08,0.31,0.32,0.4,,0.23,0.23,,0.22,0.21,0.19,0.49,0.3,,0.2,0.23,0.54,0.27,0.34,0.23,0.19,0.39,0.56,0.43,0.23,,0.31,0.35,0.23,0.39,0.17,0.36,0.22,0.34,0.21,0.42,,0.09,0.34,0.5,0.57,0.26,0.59,0.21,0.42,0.21,0.31,0.41,0.09,0.18
"Mexico","Q1 2019",0.18,0.24,0.21,0.38,0.2,0.2,0.42,0.24,0.37,0.41,0.3,0.23,0.24,0.56,0.31,0.3,0.15,0.18,0.44,0.21,0.2,0.2,0.21,0.22,0.38,0.49,0.23,0.46,0.54,0.51,0.51,0.16,,0.52,0.2,0.31,0.17,0.37,0.29,0.32,0.3,0.24,0.28,,0.21,0.33,0.35,0.21,0.48,0.44,0.47,0.3,0.32,0.17,0.22,,0.18,0.23,0.25,0.55,0.21,0.24,0.32,0.19,0.19,0.53,0.3,0.16,0.4,0.08,0.21,0.27,0.21,0.41,,0.23,0.18,0.31,0.25,0.34,0.2,0.48,0.36,0.28,0.31,0.32,0.39,0.54,0.46,0.49,,0.35,0.3,0.09,0.24,0.22,0.37,0.2,0.25,0.3,0.21,0.45,0.2,0.41,0.19,0.26,0.22,0.34,0.2,,0.19,0.17,0.2,0.51,0.23,0.21,0.26,0.09,0.55,,0.25,0.4,0.27,0.38,,0.15,0.2,0.23,0.41,0.37,0.18,0.52,0.23,0.16,0.47,0.31,0.43,0.51,0.32,0.36,0.54,0.08,0.27,0.31,0.4,,0.22,0.22,,0.21,0.22,0.2,0.48,0.27,,0.22,0.2,0.53,0.26,0.33,0.23,0.21,0.4,0.56,0.42,0.21,,0.31,0.35,0.23,0.4,0.17,0.36,0.22,0.34,0.2,0.41,0.15,0.09,0.34,0.49,0.56,0.3,0.58,0.2,0.41,0.21,0.32,0.4,0.09,0.18
"Mexico","Q1 2020",0.2,0.25,0.22,0.41,0.2,0.21,0.42,0.23,0.37,0.43,0.21,0.23,0.23,0.57,0.3,0.29,0.15,0.18,0.45,0.22,0.21,0.2,0.17,0.22,0.33,0.52,0.23,0.45,0.55,0.52,0.52,0.16,,0.53,0.2,0.34,0.1,0.4,0.3,0.33,0.29,0.23,0.27,,0.2,0.35,0.36,0.22,0.49,0.46,0.49,0.29,0.31,0.17,0.23,,0.18,0.23,0.24,0.56,0.21,0.26,0.33,0.19,0.19,0.53,0.38,0.18,0.42,0.08,0.22,0.37,0.22,0.41,,0.24,0.17,0.31,0.25,0.32,0.2,0.49,0.38,0.25,0.34,0.24,0.39,0.54,0.46,0.5,,0.36,0.26,0.2,0.23,0.23,0.38,0.21,0.26,0.24,0.21,0.46,0.2,0.47,0.21,0.35,0.2,0.35,0.21,,0.19,0.19,0.2,0.52,0.25,0.22,0.26,0.09,0.56,,0.25,0.34,0.28,0.38,,0.08,0.2,0.23,0.41,0.4,0.18,0.53,0.23,0.16,0.46,0.29,0.44,0.49,0.32,0.36,0.55,0.08,0.3,0.31,0.36,,0.22,0.21,,0.22,0.22,0.18,0.49,0.28,,0.22,0.2,0.54,0.26,0.34,0.22,0.22,0.4,0.56,0.43,0.21,,0.31,0.36,0.23,0.41,0.17,0.37,0.2,0.35,0.2,0.42,0.16,0.09,0.34,0.51,0.57,0.26,0.6,0.2,0.42,0.21,0.31,0.41,0.09,0.2
"Mexico","Q1 2021",0.18,0.26,0.22,0.37,0.2,0.21,0.42,0.23,0.37,0.43,0.3,0.25,0.24,0.56,0.28,0.3,0.15,0.18,0.45,0.2,0.2,0.2,0.17,0.22,0.36,0.51,0.16,0.44,0.55,0.52,0.52,0.16,,0.54,0.19,0.31,0.1,0.41,0.29,0.33,0.29,0.23,0.27,,0.2,0.34,0.35,0.22,0.49,0.46,0.48,0.29,0.31,0.18,0.22,,0.19,0.23,0.25,0.55,0.21,0.26,0.31,0.19,0.19,0.53,0.38,0.18,0.42,0.11,0.22,0.38,0.22,0.44,,0.2,0.17,0.31,0.22,0.32,0.2,0.5,0.3,0.31,0.35,0.24,0.4,0.52,0.47,0.49,,0.36,0.26,0.2,0.22,0.22,0.38,0.19,0.25,0.24,0.13,0.46,0.2,0.46,0.21,0.37,0.21,0.32,0.19,,0.2,0.19,0.2,0.51,0.27,0.22,0.26,,0.55,,0.25,0.34,0.31,0.37,0.09,0.08,0.2,0.23,0.4,0.41,0.17,0.53,0.24,0.16,0.45,0.27,0.45,0.49,0.31,0.37,0.54,0.08,0.29,0.31,0.36,,0.2,0.21,,0.22,0.22,0.18,0.49,0.28,,0.21,0.19,0.54,0.26,0.33,0.22,0.22,0.4,0.56,0.43,0.19,,0.31,0.35,0.23,0.4,0.17,0.37,0.22,0.34,0.19,0.42,0.15,0.09,0.34,0.5,0.56,0.26,0.6,0.22,0.42,0.21,0.3,0.4,,0.19
"Micronesia (Federated States of)","Q1 2016",0.08,0.09,0.16,0.16,0.09,0.09,0.16,0.09,0.17,0.16,0.16,0.09,0.09,0.18,0.09,0.16,0.07,0.09,0.17,0.08,0.08,0.08,0.08,0.16,0.09,0.17,0.08,0.16,0.18,0.18,0.18,,,0.17,0.09,0.09,0.08,0.09,0.09,0.16,0.09,0.09,0.09,,0.09,0.16,0.17,0.09,0.17,0.16,0.17,0.08,0.09,0.08,0.09,,0.08,0.16,0.16,0.18,0.09,0.16,0.09,0.09,0.08,0.18,0.1,0.08,0.17,0.08,0.09,0.09,0.23,0.16,,0.09,0.08,0.09,0.09,0.09,0.08,0.17,0.16,0.16,0.08,0.09,0.16,0.18,0.17,0.24,,0.09,0.09,0.16,0.08,0.09,0.17,0.09,0.09,0.09,0.09,0.18,0.08,0.17,0.23,0.09,0.08,0.17,0.09,0.17,,0.08,0.08,0.17,0.09,0.16,0.16,0.08,0.18,,0.17,0.17,0.08,0.17,,0.07,0.22,0.16,0.17,0.17,,0.17,0.16,0.07,0.16,0.16,0.16,0.17,0.09,0.16,0.25,0.07,0.09,0.16,0.17,,0.09,0.09,,0.09,0.16,0.08,0.17,0.09,,0.09,0.09,0.18,0.09,0.16,0.17,0.08,0.17,0.18,0.17,0.09,,0.09,0.16,0.09,0.17,0.08,0.16,0.16,0.17,0.09,0.17,,0.15,0.16,0.17,0.18,0.09,0.18,0.09,0.16,0.16,0.09,0.17,0.15,0.09
"Micronesia (Federated States of)","Q1 2017",0.08,0.09,0.16,0.17,0.09,0.09,0.17,0.09,0.17,0.17,0.09,0.09,0.09,0.18,0.09,0.16,0.07,0.08,0.17,0.09,0.08,0.09,0.08,0.16,0.1,0.17,0.08,0.17,0.19,0.18,0.18,0.07,,0.18,0.08,0.16,0.08,0.1,0.1,0.16,0.09,0.09,0.09,,0.09,0.16,0.1,0.09,0.17,0.17,0.17,0.09,0.09,0.01,0.09,,0.08,0.17,0.09,0.18,0.09,0.16,0.09,0.09,0.09,0.18,0.1,0.08,0.17,0.07,0.09,0.1,0.23,0.17,,0.09,0.08,0.09,0.09,0.09,0.09,0.17,0.16,0.16,0.09,0.09,0.17,0.18,0.17,0.25,,0.09,0.09,0.16,0.09,0.09,0.17,0.09,0.09,0.09,0.09,0.18,0.08,0.17,0.23,0.09,0.09,0.16,0.09,0.17,,0.08,0.09,0.17,0.09,0.16,0.09,0.07,0.18,,0.17,0.17,0.09,0.17,,0.07,0.23,0.09,0.17,0.17,0.15,0.17,0.16,0.07,0.17,0.17,0.16,0.17,0.09,0.16,0.25,0.07,0.16,0.16,0.17,,0.09,0.09,,0.09,0.16,0.09,0.17,0.09,,0.09,0.09,0.18,0.1,0.16,0.17,0.09,0.17,0.18,0.17,0.09,,0.09,0.16,0.09,0.17,0.08,0.16,0.16,0.1,0.09,0.17,,0.14,0.16,0.17,0.18,0.09,0.19,0.09,0.16,0.17,0.1,0.17,0.14,0.08
"Micronesia (Federated States of)","Q1 2018",0.08,0.08,0.16,0.16,0.08,0.08,0.16,0.09,0.16,0.16,0.08,0.15,0.09,0.18,0.08,0.16,0.07,0.08,0.16,0.09,0.08,0.08,0.08,0.15,0.09,0.17,0.08,0.16,0.18,0.18,0.18,0.07,,0.17,0.08,0.16,0.08,0.09,0.09,0.15,0.09,0.09,0.08,,0.08,0.15,0.09,0.08,0.17,0.16,0.17,0.08,0.08,0.01,0.08,,0.08,0.16,0.08,0.18,0.08,0.16,0.09,0.08,0.08,0.17,0.09,0.08,0.16,0.07,0.08,0.09,0.22,0.16,,0.08,0.08,0.09,0.08,0.09,0.08,0.17,0.16,0.16,0.08,0.08,0.16,0.17,0.16,0.24,,0.09,0.09,0.15,0.08,0.08,0.16,0.08,0.09,0.08,0.08,0.17,0.08,0.16,0.23,0.09,0.08,0.16,0.08,0.17,,0.08,0.08,0.17,0.09,0.15,0.09,0.07,0.18,,0.16,0.16,0.08,0.16,,0.07,0.22,0.08,0.16,0.16,0.15,0.17,0.16,0.07,0.16,0.16,0.16,0.17,0.09,0.15,0.24,0.07,0.16,0.16,0.17,,0.09,0.09,,0.09,0.15,0.08,0.17,0.09,,0.08,0.08,0.18,0.09,0.15,0.16,0.08,0.16,0.17,0.17,0.08,,0.09,0.16,0.08,0.16,0.08,0.16,0.16,0.09,0.08,0.17,,0.14,0.16,0.17,0.18,0.09,0.18,0.08,0.16,0.16,0.09,0.16,0.14,0.07
"Micronesia (Federated States of)","Q1 2019",0.09,0.1,0.17,0.17,0.09,0.09,0.18,0.1,0.19,0.18,0.16,0.16,0.1,0.2,0.1,0.17,0.07,0.08,0.18,0.1,0.16,0.09,0.09,0.16,0.17,0.18,0.08,0.18,0.28,0.27,0.2,0.08,,0.19,0.09,0.17,0.15,0.1,0.17,0.16,0.1,0.1,0.1,,0.09,0.17,0.17,0.1,0.19,0.18,0.19,0.09,0.1,0.08,0.09,,0.09,0.25,0.09,0.2,0.09,0.17,0.1,0.09,0.09,0.19,0.17,0.08,0.18,0.08,0.1,0.1,0.24,0.18,,0.1,0.08,0.1,0.1,0.1,0.09,0.18,0.18,0.17,0.17,0.1,0.17,0.2,0.18,0.26,,0.17,0.17,0.15,0.16,0.09,0.17,0.09,0.1,0.1,0.09,0.2,0.09,0.18,0.24,0.1,0.09,0.17,0.09,0.19,,0.08,0.09,0.19,0.1,0.16,0.17,0.15,0.2,,0.18,0.18,0.09,0.18,,0.07,0.24,0.1,0.18,0.18,0.16,0.19,0.24,0.07,0.18,0.18,0.17,0.19,0.1,0.17,0.27,0.07,0.1,0.17,0.19,,0.1,0.1,,0.1,0.17,0.09,0.19,0.1,,0.1,0.09,0.2,0.1,0.17,0.25,0.09,0.18,0.2,0.19,0.09,,0.1,0.17,0.09,0.19,0.08,0.17,0.17,0.1,0.09,0.18,0.07,0.15,0.17,0.19,0.2,0.17,0.21,0.09,0.17,0.17,0.1,0.18,0.15,0.08
"Micronesia (Federated States of)","Q1 2020",0.09,0.1,0.18,0.18,0.09,0.1,0.18,0.1,0.19,0.18,0.09,0.16,0.1,0.2,0.1,0.17,0.08,0.09,0.18,0.1,0.16,0.09,0.08,0.17,0.1,0.19,0.08,0.18,0.28,0.27,0.21,0.08,,0.19,0.09,0.17,0.15,0.11,0.17,0.17,0.1,0.1,0.1,,0.09,0.17,0.17,0.1,0.19,0.18,0.19,0.09,0.1,0.09,0.1,,0.09,0.25,0.1,0.2,0.09,0.17,0.1,0.09,0.09,0.2,0.18,0.08,0.19,0.08,0.1,0.11,0.24,0.18,,0.1,0.08,0.1,0.1,0.1,0.09,0.19,0.18,0.16,0.17,0.1,0.18,0.2,0.19,0.27,,0.17,0.17,0.17,0.16,0.09,0.17,0.09,0.1,0.1,0.1,0.2,0.09,0.18,0.25,0.1,0.09,0.18,0.09,0.19,,0.09,0.09,0.19,0.1,0.17,0.17,0.15,0.2,,0.18,0.19,0.09,0.18,,0.07,0.24,0.1,0.19,0.18,0.16,0.19,0.24,0.08,0.18,0.18,0.18,0.18,0.1,0.18,0.28,0.07,0.1,0.17,0.19,,0.1,0.1,,0.1,0.18,0.09,0.19,0.1,,0.1,0.09,0.2,0.11,0.17,0.25,0.1,0.19,0.2,0.19,0.09,,0.1,0.17,0.1,0.19,0.08,0.18,0.17,0.11,0.09,0.19,0.07,0.15,0.17,0.19,0.2,0.17,0.21,0.1,0.17,0.18,0.1,0.18,0.15,0.09
"Micronesia (Federated States of)","Q1 2021",0.09,0.1,0.18,0.17,0.1,0.1,0.18,0.1,0.19,0.19,0.16,0.17,0.11,0.21,0.1,0.18,0.08,0.09,0.18,0.1,0.16,0.09,0.09,0.17,0.18,0.19,0.08,0.18,0.29,0.28,0.28,0.08,,0.2,0.09,0.17,0.15,0.11,0.17,0.17,0.1,0.1,0.1,,0.09,0.17,0.18,0.1,0.19,0.18,0.19,0.09,0.1,0.09,0.1,,0.09,0.25,0.1,0.21,0.1,0.18,0.1,0.09,0.09,0.2,0.18,0.09,0.19,0.09,0.1,0.11,0.24,0.18,,0.09,0.09,0.1,0.1,0.1,0.09,0.19,0.18,0.16,0.17,0.1,0.18,0.2,0.19,0.27,,0.18,0.17,0.17,0.09,0.09,0.18,0.09,0.1,0.1,0.09,0.21,0.09,0.19,0.25,0.11,0.1,0.17,0.09,0.2,,0.09,0.1,0.2,0.11,0.17,0.17,,0.21,,0.19,0.19,0.1,0.18,0.15,0.07,0.24,0.1,0.19,0.19,0.23,0.2,0.25,0.08,0.18,0.18,0.18,0.19,0.1,0.18,0.28,0.07,0.1,0.17,0.19,,0.1,0.1,,0.1,0.18,0.09,0.2,0.1,,0.1,0.09,0.21,0.11,0.17,0.25,0.1,0.19,0.21,0.2,0.08,,0.1,0.17,0.1,0.19,0.09,0.18,0.18,0.11,0.09,0.19,0.08,0.15,0.18,0.2,0.21,0.17,0.22,0.1,0.18,0.18,0.1,0.19,,0.09
"Montenegro","Q1 2016",0.23,0.17,0.1,0.17,0.09,0.09,0.17,0.17,0.18,0.18,0.17,0.09,0.1,0.19,0.1,0.18,0.08,0.09,0.17,0.09,0.09,0.16,0.16,0.09,0.17,0.18,0.08,0.17,0.2,0.18,0.18,,,0.18,0.09,0.17,0.02,0.18,0.17,0.24,0.17,0.17,0.18,,0.09,0.17,0.18,0.1,0.18,0.18,0.19,0.09,0.16,0.08,0.09,,0.09,0.1,0.17,0.19,0.16,0.1,0.17,0.17,0.16,0.19,0.18,0.15,0.18,0.08,0.1,0.17,0.09,0.17,,0.17,0.16,0.1,0.1,0.1,0.09,0.18,0.17,0.17,0.09,0.17,0.18,0.26,0.18,0.18,,0.17,0.17,0.09,0.09,0.09,0.18,0.16,0.17,0.09,0.1,0.19,0.09,0.25,0.1,0.17,0.16,0.18,0.09,0.18,0.08,,0.08,0.19,0.17,0.09,0.17,0.08,0.19,,0.1,0.1,0.09,0.18,,0.07,0.09,0.17,0.19,0.18,,0.19,0.1,0.07,0.17,0.1,0.17,0.18,0.1,0.16,0.19,0.07,0.17,0.17,0.19,,0.09,0.1,,0.1,0.1,0.09,0.19,0.17,,0.1,0.16,0.19,0.17,0.24,0.1,0.09,0.18,0.26,0.18,0.1,,0.1,0.17,0.17,0.17,0.08,0.18,0.1,0.17,0.17,0.18,,0.02,0.17,0.18,0.19,0.17,0.2,0.09,0.17,0.1,0.17,0.18,0.02,0.09
"Montenegro","Q1 2017",0.23,0.17,0.09,0.1,0.09,0.09,0.17,0.09,0.18,0.17,0.09,0.09,0.1,0.19,0.1,0.17,0.07,0.09,0.17,0.09,0.09,0.16,0.09,0.09,0.17,0.17,0.07,0.17,0.19,0.18,0.18,0.07,,0.18,0.09,0.1,0.01,0.17,0.17,0.24,0.17,0.09,0.17,,0.09,0.1,0.17,0.09,0.18,0.17,0.18,0.09,0.17,0.08,0.09,,0.09,0.1,0.1,0.19,0.09,0.1,0.17,0.09,0.16,0.18,0.17,0.15,0.18,0.01,0.09,0.17,0.1,0.17,,0.1,0.09,0.09,0.1,0.1,0.09,0.18,0.17,0.17,0.09,0.16,0.18,0.25,0.18,0.18,,0.17,0.17,0.09,0.09,0.09,0.18,0.09,0.16,0.09,0.1,0.18,0.09,0.24,0.09,0.17,0.09,0.17,0.09,0.18,0.08,,0.09,0.18,0.17,0.09,0.1,0.01,0.18,,0.1,0.1,0.09,0.17,,0,0.09,0.09,0.18,0.17,0.08,0.18,0.1,0.07,0.17,0.1,0.1,0.18,0.1,0.1,0.18,0.07,0.17,0.17,0.18,,0.09,0.09,,0.09,0.09,0.09,0.18,0.17,,0.09,0.09,0.19,0.1,0.17,0.1,0.09,0.17,0.19,0.18,0.09,,0.09,0.1,0.16,0.17,0.08,0.17,0.09,0.1,0.16,0.18,,0.01,0.17,0.18,0.19,0.17,0.19,0.09,0.17,0.1,0.17,0.17,0.01,0.09
"Montenegro","Q1 2018",0.22,0.16,0.09,0.09,0.09,0.09,0.17,0.09,0.17,0.16,0.09,0.09,0.09,0.18,0.09,0.16,0.07,0.08,0.17,0.09,0.08,0.16,0.09,0.09,0.16,0.17,0.07,0.16,0.18,0.17,0.17,0.07,,0.17,0.08,0.09,0.01,0.17,0.16,0.23,0.16,0.09,0.16,,0.08,0.09,0.17,0.09,0.17,0.17,0.17,0.09,0.16,0.08,0.09,,0.08,0.09,0.09,0.18,0.09,0.09,0.16,0.09,0.16,0.18,0.16,0.15,0.17,0.01,0.09,0.16,0.09,0.16,,0.09,0.08,0.09,0.09,0.09,0.09,0.17,0.16,0.16,0.16,0.16,0.17,0.25,0.17,0.17,,0.16,0.16,0.09,0.09,0.09,0.16,0.09,0.16,0.09,0.09,0.18,0.08,0.24,0.09,0.16,0.09,0.16,0.09,0.17,0.08,,0.09,0.18,0.16,0.09,0.09,0.01,0.18,,0.09,0.1,0.09,0.16,,0.07,0.09,0.09,0.17,0.17,0.08,0.17,0.09,0.07,0.17,0.09,0.09,0.17,0.09,0.16,0.18,0.07,0.16,0.16,0.17,,0.09,0.09,,0.09,0.09,0.08,0.17,0.16,,0.09,0.09,0.18,0.1,0.17,0.09,0.08,0.17,0.18,0.17,0.09,,0.09,0.16,0.16,0.17,0.08,0.16,0.09,0.1,0.16,0.17,,0.01,0.17,0.17,0.18,0.16,0.18,0.09,0.16,0.09,0.09,0.17,0.01,0.08
"Montenegro","Q1 2019",0.16,0.16,0.09,0.09,0.09,0.09,0.16,0.09,0.17,0.16,0.09,0.09,0.09,0.18,0.09,0.16,0.07,0.08,0.17,0.09,0.08,0.16,0.09,0.09,0.16,0.17,0.07,0.17,0.18,0.17,0.17,0.07,,0.17,0.09,0.09,0.01,0.16,0.16,0.23,0.16,0.09,0.16,,0.09,0.09,0.16,0.09,0.17,0.17,0.18,0.09,0.09,0.08,0.09,,0.08,0.09,0.09,0.18,0.09,0.09,0.09,0.08,0.16,0.18,0.16,0.08,0.17,0.01,0.09,0.16,0.09,0.16,,0.09,0.08,0.09,0.09,0.09,0.09,0.17,0.16,0.16,0.09,0.16,0.17,0.25,0.17,0.17,,0.16,0.16,0.01,0.09,0.09,0.17,0.09,0.16,0.16,0.09,0.18,0.09,0.24,0.08,0.16,0.09,0.16,0.09,0.17,0.08,,0.09,0.17,0.16,0.09,0.09,0.08,0.18,,0.09,0.1,0.09,0.16,,0,0.09,0.09,0.17,0.17,0.08,0.17,0.09,0.07,0.17,0.09,0.16,0.17,0.09,0.16,0.18,0.07,0.16,0.16,0.17,,0.09,0.09,,0.09,0.09,0.09,0.18,0.16,,0.09,0.09,0.18,0.09,0.23,0.09,0.09,0.17,0.18,0.17,0.08,,0.09,0.09,0.16,0.17,0.08,0.16,0.09,0.1,0.16,0.18,0.07,0.01,0.16,0.17,0.18,0.16,0.19,0.09,0.16,0.09,0.09,0.17,0.01,0.08
"Montenegro","Q1 2020",0.24,0.25,0.1,0.11,0.09,0.1,0.11,0.1,0.18,0.18,0.1,0.1,0.1,0.2,0.1,0.18,0.08,0.09,0.18,0.1,0.1,0.17,0.09,0.1,0.11,0.19,0.08,0.11,0.2,0.19,0.19,0.07,,0.19,0.1,0.11,0.02,0.18,0.18,0.25,0.17,0.1,0.18,,0.09,0.11,0.18,0.1,0.19,0.18,0.2,0.1,0.11,0.09,0.1,,0.09,0.11,0.1,0.2,0.1,0.1,0.11,0.09,0.17,0.2,0.18,0.08,0.26,0.01,0.1,0.18,0.1,0.18,,0.1,0.09,0.1,0.1,0.1,0.1,0.19,0.18,0.1,0.1,0.17,0.19,0.27,0.19,0.19,,0.17,0.18,0.1,0.1,0.1,0.18,0.1,0.18,0.1,0.1,0.2,0.1,0.26,0.1,0.18,0.1,0.18,0.1,0.19,0.09,,0.09,0.2,0.18,0.1,0.11,0.01,0.2,,0.11,0.11,0.1,0.18,,0,0.1,0.1,0.19,0.18,0.08,0.19,0.1,0.08,0.11,0.1,0.18,0.19,0.1,0.18,0.2,0.07,0.18,0.18,0.19,,0.1,0.1,,0.1,0.1,0.09,0.19,0.17,,0.1,0.1,0.2,0.11,0.25,0.1,0.1,0.18,0.21,0.19,0.1,,0.1,0.11,0.17,0.18,0.08,0.18,0.09,0.11,0.16,0.2,0.07,0.01,0.18,0.19,0.2,0.17,0.2,0.1,0.18,0.1,0.11,0.18,0.01,0.09
"Montenegro","Q1 2021",0.23,0.25,0.1,0.11,0.09,0.1,0.11,0.1,0.18,0.18,0.1,0.1,0.1,0.2,0.1,0.18,0.08,0.09,0.18,0.09,0.1,0.17,0.09,0.1,0.11,0.18,0.08,0.1,0.2,0.19,0.19,0.07,,0.19,0.09,0.11,0.02,0.18,0.18,0.25,0.17,0.1,0.17,,0.09,0.1,0.18,0.1,0.19,0.18,0.19,0.1,0.1,0.09,0.1,,0.1,0.11,0.1,0.2,0.1,0.1,0.1,0.09,0.17,0.2,0.18,0.08,0.26,0.02,0.1,0.18,0.1,0.18,,0.1,0.09,0.1,0.1,0.1,0.1,0.19,0.1,0.1,0.1,0.17,0.18,0.27,0.19,0.11,,0.18,0.17,0.1,0.1,0.1,0.18,0.09,0.18,0.1,0.1,0.2,0.09,0.26,0.1,0.18,0.1,0.1,0.09,0.19,0.09,,0.09,0.19,0.18,0.1,0.1,,0.2,,0.11,0.11,0.1,0.18,0.01,0,0.1,0.1,0.19,0.19,0.08,0.19,0.1,0.08,0.11,0.1,0.18,0.19,0.1,0.18,0.2,0.07,0.18,0.18,0.19,,0.09,0.1,,0.1,0.1,0.09,0.19,0.17,,0.1,0.09,0.2,0.11,0.25,0.1,0.1,0.18,0.2,0.19,0.09,,0.1,0.11,0.17,0.11,0.09,0.18,0.1,0.11,0.16,0.19,0.07,0.01,0.18,0.19,0.2,0.17,0.2,0.1,0.17,0.1,0.1,0.18,,0.09
"Montserrat","Q1 2016",0.09,0.17,0.16,0.17,0.24,0.18,0.17,0.17,0.18,0.18,0.16,0.09,0.25,0.2,0.16,0.17,0.14,0.16,0.18,0.16,0.08,0.09,0.08,0.09,0.17,0.18,0.15,0.17,0.2,0.19,0.18,,,0.18,0.09,0.1,0.08,0.17,0.1,0.17,0.16,0.17,0.09,,0.09,0.1,0.17,0.25,0.26,0.17,0.18,0.15,0.16,0.08,0.09,,0.08,0.17,0.1,0.21,0.16,0.16,0.17,0.09,0.08,0.19,0.17,0.08,0.17,0.08,0.25,0.25,0.16,0.17,,0.1,0.08,0.18,0.18,0.17,0.16,0.18,0.16,0.1,0.08,0.09,0.17,0.19,0.2,0.18,,0.1,0.1,0.09,0.15,0.09,0.18,0.16,0.1,0.09,0.09,0.19,0.08,0.18,0.09,0.16,0.08,0.1,0.09,0.18,0.08,0.08,,0.19,0.1,0.09,0.17,0.08,0.19,,0.17,0.17,0.15,0.18,,0.07,0.08,0.17,0.18,0.18,,0.19,0.09,0.07,0.17,0.1,0.1,0.18,0.18,0.16,0.19,0,0.1,0.1,0.18,,0.25,0.25,,0.25,0.16,0.09,0.18,0.17,,0.09,0.09,0.19,0.25,0.17,0.1,0.08,0.18,0.2,0.18,0.09,,0.18,0.17,0.09,0.17,0.08,0.1,0.09,0.19,0.09,0.18,,0.08,0.17,0.18,0.21,0.1,0.28,0.18,0.17,0.09,0.18,0.17,0.08,0.09
"Montserrat","Q1 2017",0.09,0.18,0.17,0.18,0.26,0.18,0.18,0.17,0.19,0.19,0.1,0.09,0.27,0.22,0.18,0.18,0.14,0.16,0.19,0.26,0.09,0.09,0.09,0.1,0.18,0.19,0.15,0.18,0.21,0.2,0.2,0.08,,0.28,0.09,0.11,0.08,0.19,0.11,0.17,0.17,0.17,0.1,,0.1,0.1,0.18,0.26,0.28,0.18,0.2,0.17,0.17,0.08,0.1,,0.09,0.17,0.1,0.22,0.17,0.17,0.17,0.1,0.09,0.21,0.18,0.08,0.18,0.01,0.26,0.27,0.17,0.2,,0.1,0.09,0.19,0.18,0.19,0.16,0.19,0.17,0.11,0.1,0.1,0.18,0.21,0.21,0.19,,0.1,0.1,0.1,0.09,0.09,0.19,0.09,0.1,0.1,0.1,0.2,0.09,0.19,0.1,0.19,0.09,0.11,0.09,0.19,0.09,0.09,,0.2,0.1,0.1,0.17,0.08,0.21,,0.18,0.18,0.16,0.18,,0.07,0.1,0.17,0.19,0.18,0.09,0.2,0.1,0.08,0.18,0.11,0.18,0.19,0.18,0.1,0.2,0.01,0.11,0.1,0.19,,0.26,0.19,,0.26,0.17,0.09,0.19,0.17,,0.1,0.1,0.2,0.27,0.17,0.1,0.1,0.19,0.22,0.19,0.09,,0.19,0.17,0.1,0.18,0.08,0.18,0.17,0.27,0.09,0.19,,0.08,0.17,0.19,0.22,0.11,0.3,0.19,0.18,0.1,0.27,0.18,0.08,0.08
"Montserrat","Q1 2018",0.09,0.1,0.17,0.18,0.26,0.18,0.18,0.18,0.19,0.19,0.1,0.09,0.26,0.22,0.17,0.18,0.14,0.16,0.19,0.26,0.09,0.09,0.1,0.09,0.17,0.2,0.15,0.18,0.21,0.2,0.2,0.08,,0.28,0.09,0.11,0.08,0.19,0.11,0.17,0.17,0.18,0.1,,0.08,0.1,0.18,0.26,0.28,0.18,0.19,0.17,0.17,0.08,0.1,,0.09,0.17,0.1,0.22,0.17,0.17,0.17,0.1,0.09,0.2,0.18,0.08,0.19,0.01,0.26,0.27,0.16,0.19,,0.1,0.09,0.2,0.18,0.18,0.16,0.19,0.17,0.11,0.1,0.1,0.18,0.21,0.21,0.19,,0.11,0.1,0.1,0.09,0.1,0.11,0.09,0.1,0.1,0.1,0.2,0.09,0.19,0.1,0.19,0.1,0.11,0.09,0.2,0.08,0.09,,0.2,0.17,0.1,0.17,0.08,0.22,,0.18,0.18,0.16,0.18,,0.07,0.09,0.1,0.19,0.18,0.09,0.2,0.1,0.08,0.18,0.11,0.18,0.19,0.19,0.1,0.2,0.01,0.11,0.1,0.19,,0.26,0.19,,0.26,0.17,0.09,0.19,0.18,,0.1,0.1,0.21,0.27,0.17,0.1,0.09,0.18,0.22,0.19,0.09,,0.19,0.11,0.1,0.18,0.08,0.18,0.17,0.27,0.09,0.19,,0.08,0.18,0.19,0.22,0.11,0.3,0.19,0.18,0.1,0.26,0.18,0.08,0.08
"Montserrat","Q1 2019",0.09,0.1,0.17,0.18,0.26,0.18,0.18,0.17,0.19,0.18,0.17,0.09,0.26,0.21,0.17,0.18,0.14,0.16,0.19,0.26,0.09,0.09,0.1,0.09,0.18,0.19,0.15,0.18,0.21,0.19,0.2,0.08,,0.28,0.1,0.11,0.08,0.18,0.11,0.17,0.17,0.17,0.1,,0.1,0.1,0.18,0.26,0.28,0.18,0.19,0.17,0.17,0.08,0.1,,0.09,0.11,0.1,0.21,0.17,0.17,0.17,0.09,0.09,0.2,0.18,0.08,0.18,0.01,0.26,0.27,0.16,0.18,,0.1,0.09,0.19,0.18,0.18,0.16,0.19,0.17,0.1,0.1,0.1,0.18,0.21,0.2,0.19,,0.1,0.11,0.01,0.09,0.1,0.11,0.09,0.1,0.1,0.1,0.2,0.09,0.19,0.16,0.18,0.1,0.11,0.09,0.2,0.09,0.09,,0.2,0.17,0.09,0.17,0.08,0.22,,0.17,0.18,0.16,0.18,,0.07,0.09,0.1,0.18,0.18,0.09,0.2,0.1,0.08,0.19,0.1,0.18,0.2,0.19,0.17,0.2,0.01,0.1,0.1,0.19,,0.26,0.19,,0.26,0.17,0.1,0.19,0.17,,0.1,0.09,0.21,0.27,0.17,0.1,0.1,0.18,0.22,0.19,0.09,,0.19,0.11,0.1,0.18,0.08,0.18,0.17,0.27,0.09,0.19,0.14,0.01,0.18,0.19,0.22,0.11,0.3,0.19,0.18,0.1,0.27,0.18,0.01,0.08
"Montserrat","Q1 2020",0.09,0.1,0.17,0.18,0.26,0.18,0.18,0.17,0.18,0.19,0.09,0.09,0.26,0.21,0.17,0.17,0.14,0.16,0.19,0.26,0.09,0.09,0.09,0.09,0.17,0.2,0.15,0.18,0.21,0.2,0.2,0.08,,0.28,0.1,0.11,0.08,0.18,0.11,0.1,0.17,0.17,0.1,,0.09,0.1,0.18,0.26,0.28,0.18,0.19,0.17,0.17,0.08,0.1,,0.09,0.11,0.1,0.21,0.17,0.17,0.17,0.09,0.09,0.2,0.18,0.09,0.19,0.01,0.26,0.27,0.16,0.18,,0.1,0.09,0.19,0.17,0.17,0.16,0.19,0.17,0.1,0.1,0.1,0.18,0.2,0.21,0.19,,0.1,0.1,0.1,0.09,0.1,0.11,0.1,0.1,0.1,0.1,0.2,0.09,0.19,0.17,0.19,0.09,0.11,0.1,0.2,0.09,0.09,,0.2,0.17,0.1,0.17,0.01,0.22,,0.17,0.18,0.16,0.18,,0.07,0.09,0.1,0.19,0.18,0.09,0.2,0.1,0.08,0.18,0.1,0.18,0.19,0.18,0.18,0.2,0.01,0.11,0.1,0.19,,0.26,0.18,,0.26,0.17,0.09,0.19,0.17,,0.1,0.09,0.2,0.27,0.1,0.1,0.1,0.18,0.21,0.19,0.09,,0.19,0.11,0.1,0.18,0.08,0.18,0.16,0.27,0.09,0.19,0.14,0.01,0.18,0.19,0.22,0.1,0.3,0.19,0.18,0.1,0.26,0.18,0.01,0.09
"Montserrat","Q1 2021",0.09,0.1,0.17,0.17,0.26,0.18,0.18,0.17,0.18,0.19,0.09,0.09,0.26,0.21,0.17,0.18,0.14,0.16,0.19,0.26,0.09,0.09,0.09,0.09,0.18,0.19,0.15,0.18,0.21,0.2,0.2,0.08,,0.28,0.09,0.11,0.08,0.18,0.11,0.1,0.17,0.17,0.1,,0.09,0.1,0.18,0.26,0.28,0.18,0.19,0.17,0.17,0.08,0.1,,0.09,0.1,0.1,0.21,0.17,0.17,0.17,0.09,0.09,0.2,0.18,0.09,0.19,0.09,0.26,0.27,0.16,0.18,,0.09,0.09,0.18,0.17,0.17,0.16,0.19,0.17,0.09,0.17,0.17,0.18,0.2,0.2,0.19,,0.1,0.1,0.1,0.09,0.09,0.11,0.09,0.1,0.1,0.09,0.2,0.09,0.19,0.17,0.19,0.1,0.1,0.09,0.2,0.1,0.09,,0.2,0.18,0.1,0.17,,0.22,,0.17,0.18,0.17,0.18,0.08,0.07,0.09,0.1,0.18,0.18,0.09,0.2,0.1,0.08,0.18,0.1,0.18,0.19,0.18,0.11,0.2,0.01,0.1,0.1,0.19,,0.26,0.18,,0.26,0.17,0.09,0.19,0.17,,0.1,0.09,0.21,0.27,0.1,0.1,0.1,0.18,0.22,0.19,0.08,,0.18,0.1,0.1,0.18,0.08,0.18,0.17,0.27,0.09,0.19,0.14,0.01,0.18,0.19,0.22,0.1,0.3,0.19,0.18,0.1,0.26,0.18,,0.09
"Morocco","Q1 2016",0.2,0.35,0.21,0.43,0.2,0.21,0.43,0.24,0.37,0.35,0.31,0.23,0.23,0.67,0.23,0.4,0.16,0.21,0.45,0.19,0.2,0.21,0.27,0.22,0.36,0.49,0.17,0.37,0.63,0.53,0.46,,,0.52,0.21,0.41,0.11,0.37,0.4,0.35,0.23,0.24,0.3,,0.22,0.46,0.44,0.22,0.44,0.44,0.56,0.21,0.22,0.16,0.22,,0.19,0.24,0.3,0.65,0.21,0.26,0.33,0.31,0.19,0.65,0.41,0.18,0.48,0.16,0.24,0.33,0.22,0.33,,0.34,0.26,0.25,0.25,0.27,0.21,0.5,0.3,0.42,0.23,0.26,0.46,0.61,0.41,0.48,,0.41,0.28,0.2,0.23,0.22,0.49,0.29,0.34,0.26,0.24,0.61,0.21,0.55,0.21,0.3,0.27,0.37,0.23,0.53,0.17,0.19,0.19,,0.26,0.24,0.34,0.1,0.63,,0.27,0.32,0.22,0.43,,0.08,0.18,0.32,0.52,0.46,,0.52,0.23,0.16,0.37,0.29,0.42,0.55,0.25,0.25,0.61,0.15,0.3,0.39,0.54,,0.21,0.24,,0.24,0.21,0.21,0.53,0.37,,0.23,0.31,0.61,0.25,0.36,0.23,0.2,0.43,0.67,0.47,0.29,,0.26,0.48,0.25,0.39,0.17,0.45,0.21,0.31,0.3,0.53,,0.11,0.41,0.57,0.66,0.27,0.63,0.21,0.42,0.22,0.27,0.44,0.11,0.26
"Morocco","Q1 2017",0.2,0.35,0.22,0.44,0.21,0.2,0.44,0.22,0.39,0.35,0.25,0.23,0.25,0.68,0.24,0.38,0.16,0.18,0.46,0.21,0.21,0.28,0.25,0.23,0.38,0.51,0.17,0.46,0.64,0.6,0.47,0.16,,0.53,0.19,0.42,0.1,0.37,0.4,0.36,0.25,0.22,0.3,,0.22,0.4,0.45,0.21,0.48,0.44,0.55,0.24,0.33,0.16,0.23,,0.19,0.25,0.26,0.66,0.21,0.26,0.34,0.29,0.2,0.65,0.41,0.18,0.51,0.09,0.22,0.34,0.23,0.35,,0.32,0.25,0.25,0.25,0.28,0.2,0.53,0.31,0.35,0.29,0.25,0.47,0.62,0.45,0.56,,0.43,0.28,0.2,0.22,0.21,0.48,0.28,0.31,0.24,0.23,0.61,0.21,0.54,0.21,0.32,0.29,0.37,0.21,0.52,0.17,0.18,0.2,,0.25,0.24,0.3,0.09,0.64,,0.27,0.38,0.22,0.41,,0.08,0.22,0.3,0.54,0.46,0.18,0.53,0.23,0.16,0.47,0.3,0.44,0.56,0.26,0.3,0.55,0.15,0.34,0.39,0.5,,0.22,0.23,,0.24,0.21,0.21,0.55,0.38,,0.22,0.3,0.63,0.27,0.37,0.23,0.22,0.43,0.68,0.57,0.27,,0.24,0.5,0.27,0.39,0.17,0.45,0.22,0.28,0.28,0.55,,0.1,0.35,0.58,0.67,0.27,0.64,0.21,0.43,0.22,0.27,0.44,0.1,0.2
"Morocco","Q1 2018",0.19,0.33,0.22,0.42,0.21,0.21,0.46,0.24,0.38,0.36,0.33,0.25,0.25,0.7,0.24,0.41,0.16,0.19,0.47,0.22,0.2,0.29,0.29,0.22,0.37,0.53,0.17,0.47,0.67,0.61,0.49,0.16,,0.53,0.2,0.42,0.1,0.38,0.39,0.36,0.26,0.24,0.29,,0.18,0.48,0.46,0.21,0.5,0.46,0.57,0.25,0.33,0.16,0.23,,0.19,0.26,0.26,0.67,0.22,0.26,0.34,0.29,0.21,0.67,0.4,0.18,0.58,0.15,0.22,0.34,0.22,0.42,,0.32,0.26,0.26,0.24,0.29,0.21,0.53,0.43,0.4,0.32,0.33,0.49,0.65,0.47,0.47,,0.44,0.28,0.2,0.23,0.23,0.49,0.27,0.35,0.27,0.22,0.64,0.21,0.55,0.22,0.34,0.34,0.35,0.21,0.53,0.17,0.18,0.2,,0.25,0.25,0.28,0.09,0.67,,0.27,0.37,0.23,0.4,,0.09,0.2,0.29,0.56,0.48,0.18,0.53,0.24,0.16,0.48,0.32,0.45,0.56,0.26,0.36,0.65,0.15,0.33,0.41,0.52,,0.23,0.24,,0.23,0.21,0.2,0.55,0.4,,0.22,0.31,0.66,0.28,0.37,0.24,0.2,0.42,0.7,0.59,0.24,,0.25,0.5,0.32,0.47,0.17,0.46,0.22,0.29,0.29,0.57,,0.1,0.44,0.6,0.69,0.28,0.62,0.22,0.45,0.22,0.26,0.44,0.1,0.18
"Morocco","Q1 2019",0.2,0.32,0.21,0.33,0.2,0.2,0.43,0.24,0.38,0.36,0.31,0.24,0.24,0.66,0.24,0.39,0.16,0.18,0.45,0.21,0.21,0.28,0.27,0.22,0.4,0.51,0.17,0.46,0.64,0.58,0.52,0.16,,0.51,0.21,0.39,0.1,0.3,0.38,0.34,0.24,0.24,0.29,,0.22,0.41,0.44,0.21,0.47,0.45,0.58,0.23,0.33,0.18,0.23,,0.19,0.24,0.26,0.65,0.21,0.24,0.34,0.27,0.2,0.63,0.39,0.17,0.56,0.08,0.21,0.27,0.21,0.4,,0.32,0.18,0.25,0.24,0.27,0.2,0.51,0.36,0.29,0.32,0.26,0.47,0.61,0.45,0.47,,0.38,0.31,0.09,0.24,0.23,0.49,0.29,0.34,0.31,0.21,0.61,0.21,0.54,0.19,0.26,0.29,0.36,0.2,0.51,0.19,0.17,0.2,,0.24,0.22,0.28,0.09,0.64,,0.25,0.35,0.21,0.4,,0.08,0.2,0.3,0.56,0.45,0.18,0.51,0.24,0.16,0.47,0.31,0.44,0.6,0.25,0.38,0.63,0.15,0.29,0.4,0.5,,0.22,0.22,,0.22,0.22,0.21,0.54,0.35,,0.23,0.28,0.63,0.25,0.34,0.23,0.22,0.42,0.67,0.57,0.21,,0.25,0.49,0.31,0.41,0.17,0.45,0.22,0.28,0.28,0.54,0.16,0.09,0.43,0.58,0.66,0.32,0.62,0.2,0.42,0.21,0.26,0.45,0.09,0.18
"Morocco","Q1 2020",0.21,0.34,0.22,0.43,0.2,0.2,0.42,0.23,0.37,0.37,0.22,0.24,0.23,0.68,0.23,0.37,0.16,0.18,0.44,0.21,0.21,0.28,0.18,0.22,0.36,0.51,0.17,0.38,0.66,0.61,0.52,0.16,,0.51,0.21,0.42,0.11,0.32,0.39,0.35,0.22,0.23,0.29,,0.21,0.47,0.44,0.22,0.4,0.46,0.57,0.22,0.33,0.17,0.24,,0.19,0.24,0.26,0.65,0.21,0.26,0.35,0.26,0.2,0.64,0.47,0.24,0.57,0.15,0.22,0.29,0.22,0.39,,0.32,0.18,0.24,0.23,0.24,0.21,0.52,0.39,0.27,0.35,0.25,0.48,0.62,0.38,0.54,,0.43,0.28,0.2,0.24,0.23,0.49,0.29,0.34,0.25,0.23,0.64,0.21,0.54,0.21,0.28,0.28,0.37,0.21,0.52,0.19,0.2,0.2,,0.26,0.23,0.28,0.09,0.66,,0.25,0.34,0.21,0.4,,0.08,0.2,0.3,0.54,0.48,0.18,0.51,0.23,0.16,0.39,0.29,0.47,0.53,0.24,0.38,0.65,0.15,0.32,0.4,0.46,,0.21,0.21,,0.22,0.22,0.19,0.58,0.36,,0.23,0.27,0.65,0.25,0.37,0.23,0.23,0.43,0.69,0.57,0.21,,0.24,0.49,0.31,0.41,0.17,0.46,0.21,0.28,0.27,0.55,0.16,0.09,0.43,0.6,0.68,0.28,0.62,0.2,0.42,0.22,0.24,0.42,0.09,0.2
"Morocco","Q1 2021",0.19,0.33,0.22,0.39,0.2,0.2,0.42,0.23,0.38,0.38,0.31,0.25,0.23,0.67,0.22,0.39,0.16,0.18,0.44,0.2,0.2,0.28,0.18,0.23,0.38,0.51,0.16,0.37,0.66,0.6,0.55,0.16,,0.51,0.2,0.39,0.1,0.32,0.38,0.35,0.23,0.23,0.28,,0.2,0.47,0.43,0.22,0.4,0.46,0.59,0.22,0.33,0.18,0.23,,0.2,0.23,0.26,0.65,0.21,0.26,0.26,0.26,0.2,0.64,0.48,0.24,0.57,0.18,0.22,0.3,0.22,0.42,,0.28,0.18,0.24,0.22,0.25,0.21,0.53,0.3,0.31,0.37,0.25,0.49,0.64,0.38,0.57,,0.37,0.28,0.2,0.22,0.22,0.49,0.27,0.27,0.25,0.2,0.63,0.2,0.55,0.21,0.29,0.29,0.35,0.2,0.51,0.2,0.19,0.2,,0.29,0.23,0.27,,0.65,,0.25,0.34,0.24,0.39,0.1,0.08,0.2,0.3,0.56,0.5,0.17,0.51,0.24,0.16,0.38,0.27,0.46,0.56,0.24,0.4,0.64,0.15,0.31,0.4,0.45,,0.2,0.21,,0.22,0.22,0.19,0.59,0.37,,0.22,0.27,0.65,0.25,0.36,0.23,0.23,0.43,0.68,0.6,0.2,,0.24,0.48,0.31,0.45,0.17,0.46,0.22,0.27,0.26,0.56,0.15,0.09,0.43,0.61,0.67,0.28,0.66,0.21,0.42,0.22,0.23,0.55,,0.19
"Mozambique","Q1 2016",0.17,0.21,0.18,0.24,0.11,0.18,0.22,0.19,0.25,0.23,0.22,0.2,0.2,0.29,0.12,0.24,0.08,0.11,0.23,0.1,0.18,0.18,0.17,0.2,0.23,0.25,0.08,0.23,0.34,0.26,0.26,,,0.24,0.27,0.23,0.09,0.22,0.23,0.22,0.19,0.2,0.21,,0.19,0.21,0.32,0.18,0.24,0.22,0.33,0.12,0.18,0.15,0.12,,0.1,0.21,0.21,0.35,0.18,0.21,0.21,0.19,0.1,0.27,0.24,0.16,0.24,0.08,0.2,0.21,0.2,0.22,,0.21,0.17,0.13,0.14,0.2,0.11,0.33,0.21,0.24,0.19,0.21,0.24,0.34,0.23,0.26,,0.23,0.31,0.18,0.2,0.12,0.24,0.19,0.22,0.2,0.29,0.34,0.2,0.25,0.18,0.2,0.18,0.32,0.28,0.25,0.09,0.17,0.1,0.26,,0.19,0.22,0.09,0.27,,0.22,0.22,0.12,0.25,,0.08,0.1,0.2,0.27,0.33,,0.25,0.2,0.08,0.23,0.22,0.22,0.24,0.14,0.21,0.27,0.07,0.31,0.21,0.25,,0.11,0.2,,0.2,0.18,0.18,0.32,0.21,,0.29,0.19,0.34,0.21,0.22,0.2,0.19,0.34,0.35,0.33,0.22,,0.13,0.22,0.2,0.25,0.16,0.24,0.18,0.23,0.19,0.24,,0.09,0.23,0.34,0.28,0.32,0.28,0.11,0.22,0.19,0.21,0.24,0.09,0.21
"Mozambique","Q1 2017",0.18,0.2,0.18,0.23,0.11,0.1,0.22,0.18,0.23,0.22,0.2,0.19,0.19,0.28,0.12,0.23,0.08,0.1,0.22,0.11,0.18,0.18,0.17,0.19,0.23,0.24,0.08,0.21,0.33,0.25,0.24,0.15,,0.24,0.24,0.22,0.09,0.21,0.22,0.22,0.19,0.18,0.21,,0.18,0.2,0.23,0.11,0.24,0.22,0.32,0.13,0.2,0.08,0.12,,0.1,0.21,0.19,0.34,0.18,0.2,0.21,0.18,0.17,0.26,0.23,0.16,0.23,0.08,0.11,0.21,0.19,0.23,,0.2,0.16,0.19,0.13,0.2,0.1,0.25,0.21,0.22,0.19,0.2,0.23,0.33,0.23,0.24,,0.22,0.29,0.17,0.19,0.11,0.3,0.18,0.19,0.19,0.27,0.33,0.19,0.24,0.18,0.2,0.19,0.29,0.26,0.23,0.09,0.17,0.1,0.25,,0.19,0.28,0.08,0.26,,0.21,0.22,0.12,0.23,,0.08,0.19,0.18,0.25,0.24,0.16,0.24,0.2,0.08,0.22,0.21,0.22,0.24,0.2,0.2,0.25,0.07,0.29,0.21,0.24,,0.11,0.19,,0.19,0.11,0.18,0.31,0.21,,0.2,0.19,0.33,0.21,0.22,0.2,0.19,0.31,0.33,0.25,0.19,,0.19,0.22,0.2,0.23,0.16,0.22,0.19,0.21,0.18,0.31,,0.08,0.21,0.26,0.27,0.3,0.27,0.11,0.22,0.19,0.21,0.22,0.08,0.18
"Mozambique","Q1 2018",0.17,0.2,0.19,0.23,0.18,0.18,0.22,0.19,0.23,0.22,0.2,0.19,0.19,0.28,0.19,0.23,0.15,0.17,0.23,0.18,0.18,0.19,0.18,0.19,0.22,0.24,0.15,0.22,0.27,0.25,0.25,0.15,,0.24,0.24,0.22,0.09,0.22,0.22,0.22,0.2,0.19,0.21,,0.17,0.21,0.3,0.18,0.24,0.22,0.32,0.2,0.2,0.15,0.12,,0.1,0.21,0.2,0.27,0.18,0.2,0.21,0.18,0.18,0.26,0.23,0.16,0.24,0.08,0.18,0.21,0.19,0.22,,0.2,0.17,0.2,0.2,0.21,0.17,0.25,0.22,0.23,0.21,0.21,0.23,0.33,0.23,0.24,,0.22,0.29,0.11,0.19,0.12,0.22,0.17,0.22,0.13,0.27,0.34,0.19,0.24,0.12,0.21,0.21,0.29,0.26,0.24,0.09,0.16,0.17,0.25,,0.19,0.28,0.08,0.27,,0.21,0.22,0.19,0.23,,0.08,0.11,0.18,0.26,0.25,0.09,0.24,0.2,0.08,0.22,0.21,0.22,0.24,0.2,0.22,0.26,0.07,0.3,0.22,0.24,,0.19,0.19,,0.18,0.18,0.1,0.31,0.22,,0.27,0.2,0.34,0.21,0.22,0.2,0.18,0.32,0.34,0.26,0.19,,0.2,0.22,0.2,0.23,0.16,0.23,0.19,0.22,0.19,0.32,,0.08,0.23,0.33,0.27,0.29,0.33,0.18,0.22,0.12,0.21,0.23,0.08,0.17
"Mozambique","Q1 2019",0.17,0.19,0.18,0.21,0.17,0.17,0.21,0.2,0.23,0.22,0.2,0.19,0.19,0.26,0.19,0.22,0.15,0.16,0.22,0.18,0.19,0.18,0.18,0.19,0.22,0.23,0.15,0.21,0.26,0.24,0.24,0.15,,0.23,0.25,0.21,0.09,0.21,0.21,0.21,0.2,0.2,0.2,,0.18,0.2,0.29,0.18,0.23,0.21,0.31,0.19,0.2,0.16,0.12,,0.1,0.2,0.2,0.26,0.18,0.2,0.2,0.18,0.18,0.25,0.22,0.15,0.23,0.08,0.18,0.21,0.18,0.21,,0.2,0.16,0.19,0.2,0.2,0.17,0.24,0.21,0.22,0.2,0.2,0.22,0.32,0.22,0.23,,0.22,0.29,0.08,0.19,0.12,0.22,0.19,0.21,0.2,0.26,0.32,0.19,0.23,0.17,0.2,0.18,0.28,0.19,0.23,0.1,0.16,0.17,0.24,,0.18,0.28,0.08,0.26,,0.2,0.21,0.18,0.22,,0.07,0.1,0.19,0.24,0.23,0.09,0.23,0.2,0.08,0.21,0.21,0.22,0.24,0.2,0.22,0.25,0.07,0.28,0.21,0.23,,0.18,0.18,,0.18,0.19,0.11,0.3,0.2,,0.2,0.18,0.33,0.2,0.21,0.2,0.19,0.31,0.33,0.25,0.19,,0.19,0.21,0.2,0.22,0.16,0.22,0.19,0.21,0.18,0.31,0.15,0.08,0.22,0.25,0.26,0.29,0.32,0.17,0.21,0.12,0.2,0.22,0.08,0.17
"Mozambique","Q1 2020",0.19,0.2,0.19,0.23,0.17,0.18,0.22,0.19,0.24,0.24,0.2,0.2,0.19,0.29,0.19,0.23,0.15,0.17,0.23,0.18,0.19,0.19,0.16,0.19,0.22,0.25,0.15,0.21,0.28,0.26,0.27,0.15,,0.25,0.26,0.23,0.09,0.22,0.23,0.21,0.19,0.19,0.21,,0.18,0.21,0.31,0.19,0.24,0.22,0.33,0.19,0.21,0.17,0.13,,0.1,0.2,0.21,0.28,0.18,0.21,0.22,0.18,0.18,0.27,0.24,0.16,0.25,0.08,0.19,0.22,0.2,0.22,,0.21,0.16,0.19,0.2,0.2,0.18,0.33,0.22,0.22,0.22,0.2,0.24,0.34,0.24,0.25,,0.23,0.31,0.11,0.2,0.2,0.23,0.19,0.22,0.14,0.27,0.35,0.2,0.24,0.18,0.21,0.18,0.31,0.27,0.25,0.1,0.18,0.17,0.26,,0.19,0.29,0.08,0.28,,0.21,0.22,0.19,0.24,,0.07,0.11,0.19,0.27,0.26,0.09,0.24,0.2,0.08,0.22,0.21,0.23,0.25,0.21,0.24,0.27,0.07,0.31,0.23,0.25,,0.18,0.18,,0.19,0.19,0.1,0.33,0.22,,0.29,0.18,0.35,0.21,0.22,0.19,0.27,0.33,0.35,0.33,0.2,,0.2,0.22,0.2,0.24,0.16,0.24,0.18,0.22,0.18,0.33,0.15,0.08,0.24,0.34,0.28,0.31,0.35,0.18,0.22,0.12,0.2,0.23,0.08,0.19
"Mozambique","Q1 2021",0.18,0.22,0.19,0.25,0.18,0.18,0.25,0.2,0.26,0.27,0.22,0.2,0.2,0.37,0.19,0.26,0.15,0.17,0.26,0.18,0.18,0.19,0.17,0.19,0.26,0.27,0.15,0.24,0.31,0.28,0.29,0.15,,0.27,0.26,0.25,0.09,0.25,0.25,0.23,0.2,0.2,0.24,,0.18,0.24,0.33,0.19,0.27,0.25,0.35,0.19,0.21,0.18,0.2,,0.18,0.2,0.21,0.3,0.19,0.22,0.22,0.18,0.18,0.36,0.27,0.16,0.28,0.1,0.19,0.25,0.2,0.24,,0.19,0.17,0.2,0.2,0.2,0.19,0.36,0.23,0.22,0.24,0.22,0.26,0.36,0.26,0.26,,0.25,0.32,0.11,0.2,0.2,0.26,0.18,0.23,0.22,0.26,0.37,0.19,0.27,0.19,0.24,0.2,0.31,0.26,0.27,0.11,0.18,0.18,0.29,,0.19,0.31,,0.37,,0.21,0.24,0.2,0.26,0.09,0.07,0.11,0.2,0.29,0.29,0.09,0.27,0.21,0.09,0.24,0.22,0.25,0.34,0.21,0.26,0.3,0.07,0.32,0.24,0.27,,0.18,0.18,,0.19,0.2,0.17,0.35,0.24,,0.28,0.18,0.38,0.22,0.23,0.2,0.28,0.35,0.38,0.36,0.18,,0.2,0.24,0.21,0.26,0.16,0.26,0.19,0.23,0.18,0.35,0.15,0.08,0.25,0.36,0.31,0.32,0.38,0.19,0.25,0.13,0.2,0.26,,0.19
"Myanmar","Q1 2016",0.1,0.13,0.18,0.21,0.1,0.1,0.22,0.11,0.24,0.2,0.2,0.27,0.12,0.26,0.11,0.21,0.08,0.1,0.22,0.09,0.18,0.18,0.1,0.2,0.2,0.24,0.08,0.22,0.32,0.31,0.25,,,0.23,0.1,0.2,0.09,0.14,0.22,0.2,0.11,0.12,0.12,,0.11,0.21,0.22,0.11,0.23,0.22,0.24,0.11,0.17,0.08,0.18,,0.09,0.19,0.22,0.25,0.1,0.19,0.12,0.11,0.1,0.25,0.22,0.08,0.23,0.08,0.12,0.11,0.18,0.22,,0.12,0.09,0.12,0.12,0.14,0.1,0.31,0.22,0.23,0.11,0.12,0.23,0.25,0.23,0.31,,0.21,0.2,0.17,0.12,0.18,0.23,0.1,0.13,0.18,0.19,0.32,0.18,0.23,0.18,0.1,0.1,0.21,0.18,0.23,0.16,0.09,0.09,0.24,0.19,,0.2,0.08,0.25,,0.21,0.23,0.1,0.23,,0.07,0.17,0.2,0.24,0.23,,0.24,0.2,0.07,0.22,0.23,0.22,0.23,0.12,0.19,0.32,0.07,0.2,0.2,0.31,,0.1,0.12,,0.12,0.18,0.1,0.24,0.2,,0.19,0.11,0.32,0.12,0.22,0.19,0.1,0.24,0.26,0.31,0.19,,0.13,0.22,0.11,0.3,0.15,0.22,0.18,0.21,0.12,0.23,,0.09,0.21,0.25,0.26,0.2,0.26,0.1,0.22,0.18,0.13,0.3,0.09,0.18
"Myanmar","Q1 2017",0.1,0.13,0.18,0.21,0.1,0.1,0.22,0.1,0.23,0.2,0.18,0.26,0.12,0.26,0.11,0.21,0.08,0.09,0.22,0.1,0.18,0.18,0.09,0.2,0.21,0.24,0.08,0.21,0.32,0.31,0.25,0.15,,0.23,0.1,0.2,0.08,0.14,0.22,0.2,0.11,0.1,0.12,,0.11,0.21,0.21,0.1,0.23,0.22,0.24,0.11,0.18,0.08,0.19,,0.09,0.19,0.2,0.25,0.1,0.19,0.12,0.1,0.17,0.25,0.22,0.08,0.23,0.08,0.11,0.12,0.18,0.22,,0.11,0.09,0.12,0.12,0.14,0.1,0.31,0.28,0.22,0.19,0.12,0.23,0.25,0.22,0.31,,0.2,0.19,0.17,0.17,0.18,0.22,0.1,0.12,0.18,0.18,0.32,0.18,0.22,0.18,0.11,0.11,0.2,0.17,0.23,0.16,0.09,0.1,0.24,0.19,,0.2,0.08,0.25,,0.2,0.22,0.11,0.23,,0.07,0.18,0.12,0.24,0.23,0.16,0.23,0.2,0.07,0.22,0.23,0.22,0.23,0.12,0.19,0.31,0.07,0.19,0.2,0.3,,0.11,0.11,,0.12,0.18,0.1,0.24,0.2,,0.18,0.1,0.32,0.12,0.22,0.19,0.17,0.22,0.25,0.3,0.18,,0.12,0.22,0.11,0.3,0.16,0.2,0.18,0.13,0.17,0.23,,0.08,0.21,0.24,0.25,0.2,0.26,0.1,0.21,0.18,0.12,0.3,0.08,0.09
"Myanmar","Q1 2018",0.09,0.13,0.18,0.21,0.1,0.1,0.23,0.11,0.24,0.2,0.19,0.21,0.12,0.26,0.11,0.22,0.08,0.1,0.23,0.1,0.18,0.18,0.11,0.2,0.2,0.24,0.08,0.22,0.33,0.32,0.25,0.15,,0.24,0.1,0.21,0.08,0.15,0.21,0.21,0.11,0.11,0.12,,0.09,0.21,0.22,0.1,0.24,0.22,0.24,0.12,0.19,0.08,0.19,,0.09,0.2,0.21,0.26,0.11,0.19,0.12,0.11,0.17,0.26,0.22,0.08,0.23,0.08,0.11,0.12,0.18,0.22,,0.12,0.1,0.12,0.12,0.14,0.1,0.24,0.3,0.29,0.21,0.13,0.23,0.26,0.22,0.31,,0.22,0.2,0.17,0.18,0.18,0.22,0.1,0.2,0.19,0.18,0.32,0.18,0.23,0.18,0.12,0.19,0.2,0.11,0.23,0.15,0.09,0.1,0.25,0.19,,0.19,0.08,0.26,,0.2,0.23,0.11,0.22,,0.08,0.18,0.11,0.23,0.24,0.16,0.24,0.2,0.07,0.22,0.23,0.22,0.24,0.12,0.21,0.32,0.07,0.2,0.21,0.31,,0.11,0.11,,0.11,0.18,0.1,0.24,0.21,,0.18,0.11,0.32,0.13,0.21,0.2,0.1,0.23,0.25,0.31,0.18,,0.12,0.22,0.19,0.3,0.16,0.21,0.18,0.13,0.18,0.24,,0.08,0.22,0.25,0.26,0.2,0.26,0.1,0.22,0.18,0.12,0.3,0.08,0.1
"Myanmar","Q1 2019",0.09,0.12,0.18,0.19,0.09,0.09,0.2,0.11,0.21,0.2,0.18,0.26,0.11,0.23,0.1,0.2,0.08,0.09,0.2,0.1,0.18,0.1,0.1,0.19,0.19,0.22,0.08,0.2,0.3,0.29,0.23,0.15,,0.21,0.1,0.19,0.08,0.13,0.2,0.19,0.11,0.11,0.12,,0.1,0.19,0.2,0.1,0.21,0.2,0.22,0.11,0.11,0.09,0.11,,0.09,0.19,0.12,0.23,0.1,0.18,0.11,0.1,0.1,0.23,0.2,0.08,0.21,0.08,0.1,0.11,0.17,0.2,,0.11,0.09,0.12,0.11,0.12,0.1,0.22,0.27,0.19,0.2,0.12,0.2,0.23,0.21,0.22,,0.2,0.19,0.08,0.18,0.11,0.2,0.1,0.12,0.19,0.17,0.29,0.17,0.21,0.16,0.11,0.11,0.19,0.1,0.21,0.16,0.09,0.09,0.22,0.18,,0.19,0.08,0.23,,0.19,0.21,0.1,0.2,,0.07,0.17,0.11,0.21,0.21,0.16,0.21,0.19,0.08,0.2,0.21,0.2,0.21,0.11,0.2,0.23,0.07,0.18,0.19,0.22,,0.11,0.1,,0.1,0.18,0.1,0.22,0.12,,0.18,0.1,0.3,0.12,0.2,0.19,0.1,0.21,0.23,0.29,0.1,,0.12,0.2,0.11,0.28,0.15,0.2,0.18,0.12,0.1,0.21,0.07,0.08,0.2,0.22,0.23,0.2,0.23,0.1,0.2,0.17,0.12,0.28,0.08,0.09
"Myanmar","Q1 2020",0.1,0.13,0.19,0.2,0.1,0.1,0.21,0.11,0.22,0.21,0.11,0.27,0.11,0.25,0.11,0.21,0.08,0.09,0.21,0.11,0.26,0.11,0.09,0.2,0.12,0.23,0.08,0.21,0.32,0.31,0.31,0.15,,0.23,0.11,0.2,0.09,0.14,0.21,0.2,0.11,0.11,0.13,,0.11,0.2,0.21,0.11,0.22,0.21,0.23,0.11,0.12,0.09,0.11,,0.09,0.2,0.13,0.24,0.1,0.19,0.12,0.1,0.1,0.24,0.22,0.09,0.23,0.08,0.11,0.12,0.18,0.21,,0.11,0.09,0.12,0.12,0.12,0.1,0.24,0.28,0.19,0.21,0.12,0.21,0.24,0.22,0.23,,0.2,0.2,0.17,0.19,0.11,0.21,0.1,0.13,0.12,0.18,0.31,0.18,0.22,0.18,0.12,0.11,0.2,0.11,0.22,0.17,0.1,0.1,0.23,0.19,,0.19,0.08,0.24,,0.2,0.22,0.11,0.21,,0.07,0.18,0.12,0.23,0.22,0.16,0.23,0.2,0.08,0.21,0.28,0.21,0.22,0.12,0.21,0.31,0.07,0.19,0.2,0.23,,0.11,0.1,,0.11,0.19,0.1,0.23,0.13,,0.18,0.1,0.31,0.13,0.2,0.19,0.11,0.22,0.24,0.3,0.11,,0.12,0.21,0.12,0.29,0.16,0.21,0.17,0.13,0.1,0.22,0.08,0.08,0.21,0.23,0.25,0.2,0.25,0.1,0.21,0.19,0.12,0.29,0.08,0.1
"Myanmar","Q1 2021",0.09,0.13,0.18,0.2,0.1,0.1,0.21,0.11,0.23,0.2,0.18,0.27,0.12,0.24,0.1,0.21,0.08,0.09,0.21,0.1,0.25,0.11,0.09,0.21,0.2,0.23,0.08,0.21,0.32,0.31,0.31,0.15,,0.23,0.1,0.19,0.09,0.14,0.21,0.19,0.11,0.11,0.12,,0.1,0.2,0.21,0.11,0.22,0.21,0.22,0.11,0.12,0.09,0.11,,0.1,0.2,0.13,0.24,0.1,0.12,0.11,0.1,0.1,0.24,0.21,0.09,0.23,0.1,0.11,0.12,0.18,0.21,,0.1,0.09,0.12,0.12,0.13,0.11,0.23,0.28,0.18,0.21,0.12,0.21,0.23,0.22,0.23,,0.21,0.2,0.17,0.11,0.11,0.21,0.1,0.12,0.12,0.1,0.31,0.18,0.21,0.18,0.12,0.11,0.19,0.17,0.22,0.17,0.1,0.1,0.23,0.19,,0.19,,0.24,,0.2,0.22,0.12,0.21,0.08,0.07,0.17,0.11,0.23,0.23,0.16,0.22,0.21,0.08,0.21,0.28,0.21,0.22,0.12,0.21,0.24,0.07,0.19,0.2,0.23,,0.1,0.1,,0.11,0.19,0.1,0.23,0.13,,0.18,0.1,0.31,0.12,0.2,0.19,0.18,0.22,0.24,0.3,0.11,,0.12,0.2,0.12,0.29,0.16,0.21,0.18,0.13,0.1,0.22,0.08,0.08,0.21,0.23,0.24,0.2,0.25,0.11,0.21,0.18,0.12,0.29,,0.1
"Namibia","Q1 2016",0.17,0.22,0.19,0.39,0.18,0.18,0.29,0.2,0.28,0.29,0.27,0.21,0.2,0.43,0.2,0.35,0.15,0.19,0.3,0.17,0.19,0.12,0.18,0.2,0.26,0.38,0.15,0.3,0.42,0.41,0.32,,,0.32,0.19,0.38,0.09,0.23,0.27,0.28,0.2,0.21,0.25,,0.27,0.29,0.31,0.19,0.29,0.29,0.33,0.19,0.2,0.09,0.2,,0.17,0.22,0.22,0.36,0.19,0.23,0.29,0.21,0.1,0.42,0.35,0.16,0.31,0.08,0.2,0.21,0.21,0.26,,0.3,0.18,0.21,0.21,0.22,0.18,0.4,0.24,0.38,0.21,0.21,0.31,0.35,0.27,0.33,,0.29,0.25,0.18,0.2,0.2,0.31,0.2,0.22,0.23,0.21,0.42,0.19,0.32,0.19,0.2,0.18,0.31,0.21,0.33,0.16,0.17,0.17,0.34,0.22,0.2,,0.09,0.41,,0.23,0.26,0.19,0.36,,0.08,0.17,0.22,0.32,0.31,,0.32,0.21,0.08,0.3,0.25,0.29,0.4,0.21,0.21,0.41,0.07,0.33,0.28,0.33,,0.18,0.2,,0.2,0.19,0.19,0.32,0.25,,0.21,0.21,0.42,0.21,0.28,0.21,0.19,0.41,0.43,0.33,0.26,,0.21,0.29,0.22,0.31,0.16,0.39,0.19,0.26,0.19,0.31,,0.09,0.29,0.41,0.36,0.24,0.42,0.18,0.29,0.2,0.22,0.31,0.09,0.23
"Namibia","Q1 2017",0.11,0.21,0.19,0.34,0.18,0.18,0.26,0.19,0.27,0.26,0.21,0.2,0.2,0.39,0.2,0.33,0.15,0.17,0.27,0.18,0.19,0.12,0.17,0.2,0.33,0.34,0.15,0.25,0.38,0.35,0.28,0.15,,0.28,0.17,0.34,0.09,0.23,0.34,0.24,0.21,0.19,0.23,,0.27,0.24,0.26,0.18,0.27,0.25,0.28,0.2,0.23,0.09,0.2,,0.17,0.21,0.2,0.32,0.18,0.22,0.3,0.19,0.11,0.37,0.35,0.16,0.27,0.08,0.19,0.22,0.2,0.25,,0.28,0.17,0.2,0.21,0.22,0.18,0.29,0.24,0.25,0.22,0.21,0.26,0.31,0.27,0.28,,0.24,0.24,0.18,0.13,0.19,0.26,0.19,0.19,0.21,0.2,0.37,0.19,0.27,0.18,0.21,0.2,0.26,0.19,0.28,0.09,0.1,0.17,0.3,0.28,0.2,,0.08,0.36,,0.22,0.25,0.19,0.35,,0.08,0.19,0.2,0.27,0.26,0.17,0.27,0.21,0.08,0.25,0.24,0.26,0.36,0.21,0.23,0.3,0.07,0.25,0.23,0.28,,0.19,0.19,,0.2,0.18,0.19,0.28,0.26,,0.19,0.2,0.37,0.22,0.24,0.2,0.12,0.36,0.38,0.36,0.21,,0.2,0.25,0.23,0.26,0.16,0.34,0.19,0.22,0.18,0.27,,0.09,0.23,0.29,0.32,0.23,0.38,0.18,0.25,0.19,0.22,0.26,0.09,0.12
"Namibia","Q1 2018",0.1,0.2,0.19,0.32,0.18,0.18,0.25,0.19,0.25,0.24,0.21,0.2,0.2,0.36,0.2,0.33,0.15,0.17,0.25,0.18,0.18,0.12,0.19,0.19,0.25,0.26,0.15,0.24,0.36,0.27,0.26,0.15,,0.26,0.17,0.26,0.09,0.22,0.32,0.23,0.2,0.19,0.22,,0.23,0.23,0.25,0.18,0.26,0.24,0.27,0.2,0.22,0.08,0.19,,0.17,0.21,0.2,0.29,0.18,0.22,0.22,0.19,0.11,0.35,0.32,0.15,0.25,0.08,0.18,0.21,0.19,0.24,,0.21,0.17,0.2,0.2,0.21,0.18,0.27,0.24,0.24,0.23,0.2,0.25,0.29,0.25,0.26,,0.24,0.23,0.18,0.13,0.19,0.24,0.18,0.21,0.21,0.2,0.35,0.19,0.25,0.18,0.21,0.23,0.24,0.19,0.26,0.09,0.09,0.17,0.28,0.28,0.19,,0.08,0.36,,0.22,0.24,0.19,0.32,,0.08,0.18,0.19,0.26,0.25,0.16,0.26,0.2,0.08,0.24,0.23,0.24,0.34,0.21,0.23,0.28,0.07,0.24,0.23,0.27,,0.19,0.19,,0.19,0.18,0.17,0.26,0.32,,0.19,0.2,0.36,0.21,0.23,0.2,0.11,0.33,0.36,0.33,0.21,,0.2,0.24,0.2,0.25,0.16,0.32,0.19,0.22,0.18,0.26,,0.08,0.23,0.27,0.29,0.23,0.36,0.18,0.24,0.19,0.21,0.25,0.08,0.1
"Namibia","Q1 2019",0.17,0.2,0.19,0.32,0.17,0.17,0.24,0.2,0.26,0.25,0.22,0.2,0.2,0.36,0.21,0.33,0.15,0.17,0.25,0.18,0.19,0.11,0.18,0.19,0.25,0.26,0.15,0.24,0.36,0.27,0.34,0.15,,0.26,0.18,0.31,0.09,0.23,0.31,0.22,0.2,0.2,0.22,,0.19,0.23,0.25,0.18,0.26,0.24,0.27,0.2,0.23,0.1,0.2,,0.17,0.2,0.21,0.3,0.19,0.21,0.23,0.18,0.11,0.35,0.33,0.16,0.26,0.08,0.19,0.22,0.19,0.24,,0.22,0.17,0.2,0.2,0.21,0.18,0.27,0.24,0.23,0.22,0.22,0.25,0.29,0.25,0.26,,0.23,0.23,0.08,0.2,0.2,0.24,0.19,0.21,0.23,0.19,0.36,0.19,0.26,0.17,0.21,0.19,0.25,0.18,0.26,0.17,0.09,0.17,0.28,0.28,0.19,,0.08,0.36,,0.21,0.24,0.19,0.33,,0.07,0.18,0.2,0.26,0.25,0.16,0.26,0.21,0.08,0.24,0.23,0.25,0.34,0.21,0.23,0.29,0.07,0.23,0.22,0.27,,0.19,0.19,,0.19,0.19,0.18,0.27,0.23,,0.2,0.18,0.36,0.21,0.22,0.2,0.12,0.34,0.36,0.34,0.13,,0.2,0.24,0.2,0.25,0.16,0.32,0.19,0.23,0.18,0.27,0.15,0.08,0.23,0.27,0.36,0.23,0.37,0.18,0.24,0.19,0.22,0.32,0.08,0.1
"Namibia","Q1 2020",0.18,0.2,0.19,0.32,0.17,0.18,0.24,0.2,0.25,0.25,0.12,0.2,0.19,0.36,0.19,0.32,0.15,0.17,0.25,0.18,0.19,0.19,0.16,0.19,0.23,0.26,0.15,0.23,0.36,0.26,0.34,0.15,,0.26,0.18,0.31,0.09,0.24,0.32,0.22,0.19,0.2,0.22,,0.18,0.23,0.25,0.18,0.26,0.24,0.27,0.19,0.22,0.1,0.2,,0.17,0.2,0.2,0.29,0.18,0.22,0.23,0.17,0.11,0.34,0.32,0.16,0.26,0.08,0.19,0.23,0.2,0.23,,0.22,0.16,0.19,0.2,0.19,0.18,0.27,0.24,0.22,0.22,0.2,0.25,0.28,0.25,0.26,,0.23,0.23,0.18,0.19,0.2,0.24,0.19,0.2,0.21,0.2,0.35,0.19,0.25,0.18,0.22,0.18,0.25,0.19,0.26,0.17,0.11,0.17,0.28,0.29,0.19,,0.08,0.35,,0.21,0.24,0.18,0.32,,0.07,0.18,0.19,0.26,0.25,0.16,0.26,0.2,0.08,0.23,0.22,0.25,0.33,0.2,0.24,0.29,0.07,0.24,0.23,0.27,,0.18,0.18,,0.19,0.19,0.17,0.26,0.24,,0.2,0.18,0.36,0.21,0.22,0.2,0.19,0.33,0.36,0.34,0.12,,0.19,0.24,0.2,0.25,0.16,0.32,0.18,0.22,0.17,0.27,0.15,0.08,0.23,0.27,0.29,0.23,0.36,0.18,0.24,0.19,0.2,0.25,0.08,0.11
"Namibia","Q1 2021",0.17,0.2,0.19,0.31,0.17,0.18,0.24,0.2,0.25,0.25,0.21,0.19,0.19,0.35,0.19,0.32,0.15,0.17,0.25,0.17,0.18,0.19,0.16,0.19,0.32,0.25,0.15,0.23,0.35,0.26,0.34,0.15,,0.26,0.18,0.31,0.09,0.23,0.24,0.22,0.19,0.2,0.22,,0.18,0.23,0.24,0.18,0.25,0.24,0.26,0.19,0.22,0.11,0.19,,0.18,0.2,0.2,0.28,0.18,0.21,0.22,0.18,0.11,0.34,0.32,0.16,0.25,0.1,0.19,0.24,0.2,0.23,,0.19,0.16,0.19,0.19,0.19,0.18,0.27,0.22,0.21,0.22,0.2,0.24,0.28,0.25,0.25,,0.23,0.23,0.18,0.12,0.2,0.24,0.18,0.21,0.21,0.18,0.35,0.18,0.25,0.18,0.23,0.19,0.23,0.18,0.26,0.17,0.1,0.17,0.27,0.31,0.19,,,0.34,,0.21,0.24,0.19,0.32,0.08,0.07,0.18,0.19,0.25,0.26,0.16,0.26,0.2,0.08,0.23,0.21,0.25,0.33,0.2,0.23,0.28,0.07,0.23,0.22,0.26,,0.17,0.18,,0.18,0.19,0.17,0.26,0.24,,0.19,0.18,0.35,0.2,0.22,0.2,0.19,0.33,0.36,0.27,0.11,,0.19,0.23,0.2,0.25,0.16,0.32,0.19,0.22,0.17,0.26,0.15,0.08,0.23,0.27,0.29,0.23,0.36,0.18,0.24,0.19,0.2,0.24,,0.11
"Nauru","Q1 2016",0.08,0.09,0.16,0.09,0.08,0.08,0.09,0.09,0.23,0.09,0.09,0.08,0.09,0.17,0.08,0.09,0.07,0.08,0.09,0.08,0.08,0.08,0.08,0.08,0.09,0.16,0.07,0.09,0.17,0.17,0.17,,,0.16,0.08,0.09,0.15,0.09,0.09,0.09,0.08,0.09,0.09,,0.08,0.09,0.16,0.09,0.09,0.09,0.16,0.08,0.08,0.07,0.08,,0.08,0.22,0.09,0.17,0.08,0.16,0.09,0.08,0.08,0.17,0.09,0.07,0.09,0.01,0.09,0.09,0.15,0.09,,0.09,0.08,0.09,0.09,0.09,0.08,0.16,0.16,0.09,0.08,0.08,0.09,0.17,0.16,0.17,,0.09,0.09,0.15,0.08,0.08,0.09,0.08,0.09,0.08,0.08,0.17,0.08,0.16,0.15,0.08,0.08,0.16,0.08,0.09,0.08,0.08,0.08,0.1,0.09,0.08,0.09,,0.17,,0.16,0.16,0.08,0.09,,0.14,0.08,0.09,0.16,0.09,,0.16,0.16,0,0.09,0.16,0.09,0.09,0.09,0.08,0.17,0,0.16,0.09,0.1,,0.09,0.09,,0.09,0.16,0.08,0.16,0.09,,0.08,0.08,0.17,0.09,0.09,0.22,0.08,0.09,0.17,0.16,0.08,,0.09,0.09,0.08,0.16,0.15,0.09,0.16,0.09,0.08,0.09,,0.15,0.09,0.1,0.17,0.09,0.17,0.08,0.09,0.16,0.09,0.16,0.15,0.08
"Nauru","Q1 2017",0.01,0.08,0.15,0.08,0.08,0.08,0.08,0.08,0.16,0.08,0.01,0.08,0.08,0.09,0.08,0.08,0.07,0.07,0.08,0.08,0.07,0.01,0.01,0.08,0.08,0.15,0.07,0.08,0.16,0.09,0.16,0.07,,0.09,0.01,0.08,0.14,0.08,0.08,0.08,0.08,0.08,0.01,,0.01,0.08,0.08,0.08,0.09,0.08,0.09,0.08,0.08,0.01,0.01,,0.01,0.22,0.01,0.09,0.01,0.15,0.08,0.01,0.01,0.09,0.08,0.01,0.08,0.01,0.08,0.08,0.15,0.08,,0.01,0.01,0.08,0.08,0.08,0.08,0.09,0.15,0.08,0.08,0.01,0.08,0.09,0.09,0.16,,0.08,0.08,0.15,0.01,0.01,0.08,0.01,0.01,0.01,0.08,0.16,0.08,0.09,0.15,0.08,0.01,0.08,0.01,0.09,0.07,0.01,0.08,0.09,0.08,0.08,0.08,,0.09,,0.15,0.15,0.08,0.08,,0.07,0.15,0.08,0.09,0.08,0.08,0.09,0.15,0,0.08,0.15,0.08,0.09,0.08,0.08,0.16,0,0.08,0.08,0.09,,0.08,0.08,,0.08,0.15,0.01,0.09,0.08,,0.08,0.01,0.16,0.08,0.08,0.22,0.01,0.09,0.09,0.09,0.08,,0.08,0.08,0.01,0.15,0.07,0.08,0.15,0.08,0.01,0.09,,0.14,0.08,0.09,0.09,0.08,0.16,0.08,0.08,0.15,0.08,0.08,0.14,0.01
"Nauru","Q1 2018",0.01,0.01,0.15,0.08,0.08,0.08,0.08,0.08,0.16,0.08,0.08,0.08,0.08,0.09,0.08,0.08,0.07,0.07,0.08,0.08,0.07,0.01,0.01,0.08,0.08,0.16,0.07,0.08,0.16,0.16,0.16,0.07,,0.09,0.01,0.08,0.14,0.08,0.08,0.08,0.08,0.08,0.01,,0.01,0.08,0.08,0.08,0.09,0.08,0.09,0.08,0.08,0.01,0.01,,0.01,0.22,0.01,0.09,0.01,0.15,0.08,0.01,0.01,0.09,0.08,0.01,0.09,0.01,0.08,0.08,0.08,0.08,,0.01,0.01,0.08,0.08,0.08,0.08,0.09,0.15,0.08,0.08,0.01,0.08,0.09,0.09,0.16,,0.08,0.08,0.15,0.01,0.01,0.08,0.01,0.01,0.01,0.08,0.16,0.08,0.09,0.15,0.08,0.08,0.08,0.01,0.09,0.07,0.01,0.08,0.09,0.08,0.08,0.08,,0.09,,0.15,0.15,0.08,0.08,,0.07,0.08,0.01,0.09,0.09,0.08,0.09,0.15,0,0.08,0.15,0.08,0.09,0.08,0.08,0.16,0,0.08,0.08,0.09,,0.08,0.08,,0.08,0.15,0.01,0.09,0.08,,0.08,0.01,0.16,0.08,0.08,0.22,0.01,0.09,0.09,0.09,0.08,,0.08,0.08,0.01,0.16,0.07,0.08,0.15,0.08,0.01,0.09,,0.14,0.08,0.09,0.09,0.08,0.16,0.08,0.08,0.15,0.08,0.08,0.14,0.01
"Nauru","Q1 2019",0.08,0.08,0.15,0.09,0.08,0.08,0.09,0.08,0.23,0.09,0.08,0.08,0.08,0.17,0.08,0.09,0.07,0.08,0.09,0.08,0.08,0.08,0.08,0.08,0.09,0.09,0.07,0.09,0.17,0.16,0.17,0.14,,0.16,0.08,0.08,0.14,0.09,0.08,0.08,0.08,0.08,0.08,,0.08,0.08,0.09,0.08,0.09,0.09,0.16,0.08,0.08,0.01,0.08,,0.08,0.22,0.08,0.17,0.08,0.15,0.08,0.08,0.08,0.16,0.09,0.07,0.16,0.01,0.08,0.09,0.08,0.09,,0.08,0.08,0.08,0.08,0.08,0.08,0.16,0.15,0.08,0.08,0.08,0.09,0.17,0.09,0.16,,0.08,0.08,0.14,0.08,0.08,0.09,0.08,0.08,0.15,0.08,0.17,0.08,0.16,0.15,0.08,0.08,0.15,0.08,0.09,0.15,0.08,0.08,0.09,0.08,0.08,0.08,,0.17,,0.16,0.16,0.08,0.09,,0.07,0.08,0.08,0.09,0.09,0.08,0.16,0.15,0,0.16,0.15,0.15,0.16,0.08,0.08,0.17,0,0.15,0.08,0.09,,0.08,0.08,,0.08,0.15,0.08,0.09,0.08,,0.08,0.08,0.17,0.09,0.08,0.22,0.08,0.09,0.17,0.16,0.01,,0.08,0.08,0.08,0.16,0.14,0.09,0.15,0.09,0.08,0.09,0.07,0.14,0.09,0.09,0.17,0.08,0.17,0.08,0.08,0.15,0.09,0.09,0.14,0.01
"Nauru","Q1 2020",0.01,0.01,0.15,0.08,0.01,0.01,0.08,0.01,0.15,0.08,0.01,0.08,0.01,0.09,0.01,0.08,0,0.01,0.08,0.01,0.08,0.01,0.01,0.08,0.01,0.09,0.01,0.08,0.16,0.16,0.16,0.07,,0.09,0.01,0.08,0.14,0.02,0.08,0.08,0.01,0.01,0.01,,0.01,0.08,0.08,0.01,0.09,0.08,0.09,0.01,0.01,0.01,0.01,,0.01,0.22,0.01,0.09,0.01,0.15,0.01,0.01,0.01,0.09,0.08,0.01,0.09,0.01,0.01,0.02,0.08,0.08,,0.01,0.01,0.01,0.01,0.01,0.01,0.09,0.15,0.08,0.08,0.01,0.08,0.09,0.09,0.16,,0.08,0.08,0.15,0.08,0.01,0.08,0.01,0.01,0.01,0.08,0.16,0.08,0.09,0.15,0.02,0.01,0.08,0.01,0.09,0.15,0.01,0.01,0.09,0.08,0.08,0.08,,0.09,,0.15,0.15,0.01,0.08,,0.07,0.08,0.01,0.09,0.08,0.08,0.09,0.15,0,0.08,0.08,0.08,0.09,0.01,0.08,0.16,0,0.08,0.08,0.09,,0.01,0.01,,0.01,0.15,0.01,0.09,0.01,,0.08,0.01,0.16,0.02,0.08,0.22,0.01,0.09,0.09,0.09,0.01,,0.01,0.08,0.01,0.15,0.07,0.08,0.15,0.02,0.01,0.09,0,0.14,0.08,0.09,0.09,0.08,0.09,0.01,0.08,0.15,0.02,0.08,0.14,0.01
"Nauru","Q1 2021",,,,,,,,,,,,,,,,,,,,,,,,,,,,,,,,,,,,,,,,,,,,,,,,,,,,,,,,,,,,,,,,,,,,,,,,,,,,,,,,,,,,,,,,,,,,,,,,,,,,,,,,,,,,,,,,,,,,,,,,,,,,,,,,,,,,,,,,,,,,,,,,,,,,,,,,,,,,,,,,,,,,,,,,,,,,,,,,,,,,,,,,,,,,,,,
"Netherlands (Kingdom of the)","Q1 2016",0.2,0.36,0.23,0.45,0.21,0.22,0.45,0.32,0.47,0.44,0.32,0.25,0.25,0.77,0.31,0.4,0.16,0.23,0.48,0.2,0.21,0.22,0.2,0.24,0.31,0.53,0.17,0.46,0.68,0.63,0.57,,,0.56,0.22,0.36,0.18,0.39,0.34,0.36,0.32,0.33,0.37,,0.23,0.49,0.47,0.23,0.48,0.46,0.6,0.23,0.23,0.16,0.3,,0.26,0.26,0.38,0.7,0.29,0.34,0.27,0.24,0.2,0.75,0.42,0.18,0.5,0.16,0.26,0.28,0.24,0.42,,0.33,0.2,0.33,0.27,0.35,0.28,0.53,0.32,0.44,0.23,0.33,0.48,0.65,0.46,0.58,,0.42,0.3,0.21,0.23,0.3,0.51,0.22,0.28,0.34,0.25,0.65,0.21,0.56,0.22,0.25,0.2,0.39,0.24,0.57,0.18,0.19,0.19,0.63,0.27,0.25,0.41,0.17,,,0.36,0.41,0.23,0.44,,0.15,0.19,0.34,0.55,0.48,,0.58,0.25,0.16,0.46,0.32,0.5,0.56,0.27,0.26,0.66,0.15,0.38,0.4,0.57,,0.23,0.26,,0.26,0.23,0.21,0.55,0.37,,0.25,0.24,0.65,0.34,0.38,0.25,0.21,0.52,0.71,0.55,0.3,,0.34,0.51,0.26,0.41,0.17,0.39,0.23,0.41,0.24,0.54,,0.18,0.36,0.6,0.77,0.29,0.69,0.22,0.44,0.24,0.36,0.53,0.18,0.27
"Netherlands (Kingdom of the)","Q1 2017",0.2,0.35,0.23,0.38,0.22,0.21,0.45,0.29,0.48,0.44,0.26,0.24,0.27,0.76,0.32,0.39,0.16,0.19,0.47,0.23,0.21,0.22,0.19,0.24,0.32,0.55,0.17,0.48,0.67,0.63,0.57,0.16,,0.58,0.2,0.37,0.17,0.39,0.4,0.37,0.33,0.29,0.37,,0.22,0.48,0.47,0.22,0.52,0.45,0.58,0.25,0.26,0.16,0.31,,0.26,0.26,0.34,0.7,0.29,0.34,0.28,0.23,0.2,0.74,0.41,0.18,0.52,0.16,0.24,0.36,0.24,0.44,,0.26,0.19,0.33,0.27,0.37,0.28,0.55,0.33,0.37,0.29,0.33,0.5,0.64,0.49,0.59,,0.44,0.29,0.21,0.23,0.29,0.49,0.21,0.25,0.32,0.24,0.63,0.21,0.54,0.22,0.34,0.22,0.38,0.22,0.54,0.18,0.18,0.21,0.64,0.26,0.25,0.36,0.09,,,0.35,0.46,0.23,0.42,,0.15,0.23,0.31,0.57,0.48,0.19,0.57,0.25,0.16,0.49,0.32,0.52,0.57,0.28,0.31,0.65,0.08,0.41,0.33,0.52,,0.24,0.24,,0.25,0.22,0.21,0.57,0.37,,0.23,0.23,0.65,0.36,0.38,0.25,0.22,0.5,0.7,0.59,0.27,,0.33,0.52,0.27,0.41,0.17,0.38,0.23,0.37,0.21,0.57,,0.1,0.36,0.6,0.77,0.28,0.69,0.23,0.44,0.24,0.36,0.52,0.1,0.2
"Netherlands (Kingdom of the)","Q1 2018",0.19,0.33,0.24,0.43,0.23,0.23,0.46,0.32,0.47,0.44,0.34,0.25,0.34,0.78,0.32,0.41,0.16,0.19,0.48,0.24,0.2,0.22,0.22,0.23,0.31,0.57,0.17,0.48,0.7,0.64,0.58,0.17,,0.58,0.2,0.36,0.17,0.4,0.39,0.37,0.34,0.32,0.36,,0.18,0.5,0.46,0.23,0.54,0.47,0.59,0.26,0.27,0.17,0.31,,0.26,0.28,0.34,0.72,0.3,0.34,0.27,0.23,0.21,0.76,0.4,0.18,0.59,0.16,0.24,0.37,0.23,0.44,,0.25,0.19,0.35,0.26,0.37,0.28,0.55,0.45,0.41,0.33,0.34,0.5,0.67,0.51,0.56,,0.45,0.29,0.21,0.23,0.31,0.49,0.21,0.29,0.34,0.23,0.67,0.21,0.55,0.23,0.36,0.27,0.37,0.22,0.56,0.18,0.18,0.22,0.67,0.27,0.26,0.36,0.09,,,0.35,0.45,0.24,0.41,,0.16,0.21,0.3,0.58,0.5,0.19,0.57,0.26,0.16,0.49,0.34,0.53,0.57,0.28,0.37,0.68,0.08,0.41,0.35,0.53,,0.25,0.32,,0.32,0.23,0.2,0.57,0.4,,0.23,0.25,0.69,0.37,0.37,0.26,0.21,0.5,0.72,0.62,0.25,,0.34,0.52,0.26,0.49,0.18,0.46,0.24,0.38,0.23,0.57,,0.1,0.39,0.62,0.79,0.29,0.68,0.24,0.45,0.23,0.35,0.52,0.1,0.18
"Netherlands (Kingdom of the)","Q1 2019",0.2,0.33,0.23,0.34,0.22,0.22,0.45,0.32,0.48,0.44,0.32,0.25,0.33,0.76,0.26,0.4,0.16,0.19,0.47,0.23,0.22,0.22,0.21,0.24,0.35,0.55,0.17,0.48,0.69,0.62,0.62,0.17,,0.57,0.22,0.33,0.17,0.39,0.38,0.35,0.32,0.32,0.36,,0.22,0.49,0.45,0.3,0.53,0.46,0.6,0.24,0.27,0.18,0.31,,0.26,0.26,0.34,0.71,0.3,0.33,0.27,0.2,0.21,0.73,0.34,0.24,0.58,0.16,0.3,0.37,0.22,0.43,,0.33,0.18,0.34,0.26,0.35,0.28,0.54,0.38,0.3,0.33,0.34,0.5,0.66,0.5,0.57,,0.39,0.33,0.1,0.25,0.31,0.49,0.22,0.28,0.4,0.23,0.65,0.22,0.56,0.2,0.35,0.23,0.45,0.22,0.55,0.2,0.18,0.22,0.64,0.26,0.23,0.36,0.17,,,0.34,0.44,0.22,0.41,,0.15,0.21,0.32,0.58,0.48,0.19,0.56,0.26,0.16,0.5,0.34,0.54,0.63,0.28,0.4,0.67,0.08,0.37,0.34,0.52,,0.25,0.31,,0.31,0.24,0.21,0.57,0.35,,0.25,0.22,0.68,0.35,0.36,0.26,0.23,0.51,0.72,0.61,0.22,,0.34,0.52,0.26,0.51,0.17,0.46,0.24,0.38,0.22,0.55,0.16,0.1,0.38,0.61,0.79,0.33,0.7,0.23,0.43,0.23,0.36,0.54,0.1,0.19
"Netherlands (Kingdom of the)","Q1 2020",0.21,0.34,0.24,0.44,0.22,0.22,0.44,0.31,0.47,0.46,0.22,0.25,0.32,0.76,0.24,0.32,0.16,0.19,0.48,0.24,0.22,0.22,0.18,0.24,0.29,0.56,0.17,0.46,0.7,0.65,0.62,0.17,,0.57,0.22,0.36,0.18,0.41,0.4,0.36,0.3,0.31,0.36,,0.21,0.49,0.45,0.31,0.52,0.48,0.59,0.23,0.27,0.18,0.32,,0.26,0.26,0.34,0.7,0.29,0.34,0.35,0.19,0.21,0.72,0.41,0.25,0.58,0.16,0.31,0.33,0.23,0.42,,0.33,0.18,0.33,0.26,0.26,0.28,0.54,0.41,0.27,0.36,0.32,0.5,0.64,0.5,0.57,,0.38,0.29,0.21,0.25,0.32,0.5,0.22,0.28,0.33,0.24,0.67,0.22,0.55,0.23,0.32,0.22,0.45,0.22,0.56,0.2,0.2,0.22,0.66,0.28,0.24,0.35,0.09,,,0.34,0.43,0.22,0.35,,0.15,0.21,0.32,0.56,0.5,0.19,0.56,0.25,0.17,0.48,0.31,0.55,0.55,0.27,0.39,0.69,0.08,0.39,0.34,0.48,,0.24,0.3,,0.31,0.24,0.19,0.59,0.36,,0.25,0.21,0.69,0.35,0.38,0.25,0.23,0.51,0.72,0.59,0.22,,0.33,0.51,0.25,0.5,0.17,0.46,0.22,0.38,0.21,0.56,0.16,0.1,0.37,0.61,0.78,0.29,0.69,0.23,0.44,0.24,0.34,0.5,0.1,0.21
"Netherlands (Kingdom of the)","Q1 2021",0.2,0.34,0.24,0.33,0.22,0.22,0.45,0.31,0.47,0.47,0.32,0.26,0.33,0.76,0.23,0.33,0.16,0.19,0.48,0.23,0.21,0.22,0.18,0.24,0.32,0.55,0.17,0.46,0.69,0.64,0.65,0.17,,0.58,0.21,0.33,0.18,0.42,0.38,0.36,0.31,0.31,0.36,,0.2,0.49,0.45,0.31,0.52,0.48,0.62,0.23,0.26,0.19,0.31,,0.27,0.26,0.34,0.71,0.29,0.34,0.26,0.2,0.2,0.73,0.48,0.25,0.58,0.19,0.31,0.41,0.23,0.45,,0.22,0.18,0.33,0.24,0.27,0.29,0.54,0.32,0.32,0.38,0.33,0.51,0.68,0.5,0.6,,0.39,0.3,0.21,0.23,0.3,0.5,0.2,0.28,0.33,0.21,0.66,0.21,0.58,0.23,0.4,0.23,0.36,0.21,0.55,0.21,0.2,0.22,0.65,0.37,0.24,0.34,,,,0.34,0.44,0.32,0.34,0.17,0.15,0.21,0.31,0.58,0.52,0.18,0.56,0.26,0.17,0.47,0.29,0.55,0.59,0.27,0.41,0.68,0.08,0.39,0.34,0.47,,0.23,0.3,,0.31,0.24,0.19,0.62,0.37,,0.23,0.21,0.68,0.36,0.37,0.25,0.24,0.51,0.73,0.62,0.2,,0.34,0.51,0.25,0.54,0.18,0.4,0.24,0.37,0.2,0.58,0.16,0.09,0.38,0.63,0.78,0.29,0.73,0.24,0.44,0.24,0.26,0.57,,0.2
"Netherlands Antilles","Q1 2016",,,,,,,,,,,,,,,,,,,,,,,,,,,,,,,,,,,,,,,,,,,,,,,,,,,,,,,,,,,,,,,,,,,,,,,,,,,,,,,,,,,,,,,,,,,,,,,,,,,,,,,,,,,,,,,,,,,,,,,,,,,,,,,,,,,,,,,,,,,,,,,,,,,,,,,,,,,,,,,,,,,,,,,,,,,,,,,,,,,,,,,,,,,,,,,
"Netherlands Antilles","Q1 2017",,,,,,,,,,,,,,,,,,,,,,,,,,,,,,,,,,,,,,,,,,,,,,,,,,,,,,,,,,,,,,,,,,,,,,,,,,,,,,,,,,,,,,,,,,,,,,,,,,,,,,,,,,,,,,,,,,,,,,,,,,,,,,,,,,,,,,,,,,,,,,,,,,,,,,,,,,,,,,,,,,,,,,,,,,,,,,,,,,,,,,,,,,,,,,,
"Netherlands Antilles","Q1 2018",,,,,,,,,,,,,,,,,,,,,,,,,,,,,,,,,,,,,,,,,,,,,,,,,,,,,,,,,,,,,,,,,,,,,,,,,,,,,,,,,,,,,,,,,,,,,,,,,,,,,,,,,,,,,,,,,,,,,,,,,,,,,,,,,,,,,,,,,,,,,,,,,,,,,,,,,,,,,,,,,,,,,,,,,,,,,,,,,,,,,,,,,,,,,,,
"Netherlands Antilles","Q1 2019",,,,,,,,,,,,,,,,,,,,,,,,,,,,,,,,,,,,,,,,,,,,,,,,,,,,,,,,,,,,,,,,,,,,,,,,,,,,,,,,,,,,,,,,,,,,,,,,,,,,,,,,,,,,,,,,,,,,,,,,,,,,,,,,,,,,,,,,,,,,,,,,,,,,,,,,,,,,,,,,,,,,,,,,,,,,,,,,,,,,,,,,,,,,,,,
"Netherlands Antilles","Q1 2020",,,,,,,,,,,,,,,,,,,,,,,,,,,,,,,,,,,,,,,,,,,,,,,,,,,,,,,,,,,,,,,,,,,,,,,,,,,,,,,,,,,,,,,,,,,,,,,,,,,,,,,,,,,,,,,,,,,,,,,,,,,,,,,,,,,,,,,,,,,,,,,,,,,,,,,,,,,,,,,,,,,,,,,,,,,,,,,,,,,,,,,,,,,,,,,
"Netherlands Antilles","Q1 2021",,,,,,,,,,,,,,,,,,,,,,,,,,,,,,,,,,,,,,,,,,,,,,,,,,,,,,,,,,,,,,,,,,,,,,,,,,,,,,,,,,,,,,,,,,,,,,,,,,,,,,,,,,,,,,,,,,,,,,,,,,,,,,,,,,,,,,,,,,,,,,,,,,,,,,,,,,,,,,,,,,,,,,,,,,,,,,,,,,,,,,,,,,,,,,,
"New Caledonia","Q1 2016",0.11,0.22,0.28,0.25,0.18,0.19,0.24,0.21,0.35,0.24,0.23,0.21,0.21,0.37,0.21,0.25,0.15,0.19,0.25,0.17,0.19,0.12,0.11,0.22,0.23,0.27,0.16,0.25,0.38,0.29,0.36,,,0.34,0.19,0.23,0.17,0.24,0.23,0.23,0.2,0.22,0.22,,0.19,0.23,0.26,0.2,0.26,0.25,0.28,0.2,0.19,0.09,0.2,,0.17,0.32,0.23,0.36,0.19,0.32,0.22,0.2,0.11,0.29,0.24,0.16,0.25,0.08,0.21,0.22,0.29,0.25,,0.22,0.11,0.22,0.22,0.23,0.18,0.27,0.24,0.24,0.13,0.22,0.25,0.29,0.33,0.37,,0.23,0.23,0.27,0.2,0.2,0.25,0.19,0.22,0.21,0.21,0.3,0.19,0.27,0.28,0.21,0.18,0.25,0.21,0.27,0.17,0.1,0.17,0.27,0.22,0.21,0.23,0.16,0.36,,,0.35,0.2,0.25,,0.15,0.18,0.22,0.27,0.26,,0.34,0.3,0.08,0.25,0.31,0.23,0.26,0.22,0.22,0.38,0.08,0.23,0.22,0.28,,0.19,0.21,,0.21,0.28,0.19,0.27,0.23,,0.21,0.2,0.36,0.22,0.23,0.3,0.12,0.27,0.3,0.27,0.21,,0.23,0.23,0.2,0.33,0.16,0.24,0.28,0.26,0.2,0.26,,0.24,0.24,0.27,0.37,0.23,0.38,0.19,0.23,0.3,0.23,0.33,0.24,0.2
"New Caledonia","Q1 2017",0.11,0.22,0.28,0.24,0.19,0.18,0.24,0.19,0.34,0.24,0.2,0.2,0.22,0.36,0.21,0.24,0.15,0.17,0.25,0.19,0.19,0.12,0.1,0.21,0.24,0.27,0.15,0.25,0.38,0.29,0.37,0.16,,0.34,0.18,0.23,0.17,0.24,0.23,0.23,0.21,0.19,0.22,,0.19,0.22,0.24,0.19,0.27,0.25,0.27,0.21,0.21,0.09,0.2,,0.17,0.31,0.21,0.36,0.19,0.32,0.22,0.19,0.11,0.29,0.24,0.16,0.25,0.08,0.19,0.23,0.29,0.25,,0.21,0.1,0.22,0.22,0.23,0.18,0.27,0.24,0.23,0.2,0.21,0.25,0.29,0.33,0.36,,0.23,0.22,0.26,0.13,0.19,0.25,0.12,0.2,0.2,0.2,0.28,0.19,0.26,0.27,0.22,0.19,0.23,0.19,0.27,0.17,0.1,0.18,0.27,0.21,0.2,0.22,0.15,0.35,,,0.34,0.2,0.25,,0.15,0.28,0.2,0.26,0.25,0.18,0.34,0.3,0.08,0.32,0.31,0.24,0.26,0.23,0.22,0.37,0.08,0.22,0.21,0.27,,0.19,0.2,,0.21,0.27,0.19,0.26,0.23,,0.2,0.19,0.36,0.23,0.22,0.3,0.12,0.25,0.29,0.26,0.2,,0.21,0.23,0.21,0.32,0.16,0.23,0.29,0.24,0.11,0.26,,0.16,0.22,0.26,0.36,0.22,0.37,0.18,0.24,0.29,0.23,0.25,0.16,0.11
"New Caledonia","Q1 2018",0.1,0.2,0.28,0.23,0.18,0.18,0.24,0.2,0.34,0.23,0.2,0.2,0.21,0.35,0.2,0.24,0.15,0.17,0.24,0.19,0.18,0.12,0.19,0.2,0.22,0.26,0.15,0.24,0.37,0.34,0.36,0.15,,0.33,0.18,0.23,0.16,0.23,0.22,0.22,0.21,0.2,0.21,,0.1,0.22,0.24,0.18,0.26,0.24,0.26,0.2,0.21,0.09,0.19,,0.17,0.31,0.2,0.35,0.19,0.31,0.21,0.19,0.11,0.28,0.23,0.16,0.25,0.08,0.19,0.22,0.2,0.24,,0.2,0.1,0.21,0.2,0.22,0.18,0.26,0.24,0.23,0.21,0.21,0.24,0.28,0.25,0.35,,0.23,0.22,0.26,0.13,0.2,0.23,0.11,0.21,0.2,0.2,0.28,0.19,0.25,0.28,0.22,0.21,0.23,0.19,0.26,0.16,0.09,0.18,0.27,0.21,0.2,0.22,0.15,0.35,,,0.33,0.2,0.24,,0.15,0.19,0.19,0.25,0.24,0.17,0.33,0.29,0.08,0.24,0.3,0.23,0.25,0.21,0.22,0.36,0.07,0.23,0.22,0.26,,0.19,0.2,,0.2,0.28,0.18,0.25,0.23,,0.19,0.2,0.35,0.22,0.21,0.3,0.11,0.25,0.28,0.26,0.19,,0.21,0.23,0.2,0.32,0.16,0.23,0.29,0.23,0.11,0.26,,0.16,0.23,0.26,0.35,0.22,0.36,0.18,0.24,0.28,0.22,0.25,0.16,0.1
"New Caledonia","Q1 2019",0.1,0.2,0.28,0.22,0.17,0.17,0.23,0.21,0.33,0.23,0.2,0.2,0.2,0.27,0.2,0.23,0.15,0.17,0.23,0.18,0.19,0.12,0.18,0.2,0.22,0.24,0.15,0.23,0.35,0.26,0.34,0.15,,0.32,0.18,0.22,0.16,0.22,0.22,0.2,0.2,0.21,0.2,,0.18,0.21,0.23,0.19,0.24,0.23,0.24,0.2,0.21,0.1,0.2,,0.17,0.3,0.2,0.33,0.19,0.3,0.21,0.11,0.11,0.26,0.22,0.15,0.24,0.08,0.19,0.22,0.2,0.23,,0.2,0.1,0.2,0.2,0.21,0.18,0.25,0.23,0.21,0.21,0.21,0.23,0.27,0.24,0.33,,0.21,0.21,0.15,0.19,0.2,0.22,0.12,0.21,0.21,0.19,0.26,0.19,0.24,0.18,0.21,0.19,0.22,0.18,0.25,0.18,0.09,0.17,0.25,0.2,0.19,0.21,0.16,0.34,,,0.32,0.19,0.23,,0.14,0.18,0.19,0.24,0.23,0.17,0.32,0.29,0.08,0.24,0.29,0.23,0.25,0.21,0.22,0.35,0.07,0.21,0.21,0.25,,0.19,0.19,,0.19,0.28,0.18,0.24,0.21,,0.2,0.12,0.34,0.21,0.21,0.29,0.12,0.24,0.27,0.25,0.12,,0.2,0.22,0.2,0.31,0.16,0.22,0.28,0.22,0.11,0.24,0.15,0.15,0.22,0.25,0.34,0.21,0.35,0.18,0.22,0.28,0.22,0.24,0.15,0.1
"New Caledonia","Q1 2020",0.11,0.2,0.29,0.22,0.17,0.18,0.22,0.2,0.32,0.23,0.12,0.2,0.2,0.27,0.2,0.22,0.15,0.17,0.23,0.19,0.19,0.12,0.1,0.2,0.21,0.25,0.15,0.22,0.35,0.26,0.34,0.15,,0.25,0.19,0.21,0.17,0.22,0.22,0.2,0.19,0.2,0.2,,0.18,0.21,0.22,0.19,0.24,0.23,0.24,0.19,0.2,0.1,0.2,,0.17,0.3,0.2,0.33,0.19,0.3,0.21,0.11,0.11,0.26,0.22,0.16,0.24,0.08,0.19,0.21,0.2,0.23,,0.2,0.1,0.2,0.2,0.2,0.18,0.24,0.29,0.2,0.2,0.2,0.23,0.26,0.31,0.33,,0.21,0.21,0.26,0.19,0.2,0.22,0.12,0.21,0.2,0.2,0.26,0.18,0.23,0.27,0.21,0.18,0.22,0.19,0.25,0.18,0.11,0.17,0.25,0.21,0.2,0.21,0.15,0.34,,,0.32,0.19,0.23,,0.14,0.19,0.19,0.24,0.23,0.17,0.32,0.29,0.09,0.23,0.21,0.22,0.24,0.2,0.22,0.35,0.07,0.21,0.21,0.25,,0.19,0.19,,0.19,0.29,0.1,0.24,0.21,,0.19,0.11,0.34,0.22,0.2,0.29,0.12,0.23,0.27,0.25,0.11,,0.2,0.22,0.2,0.3,0.16,0.22,0.27,0.22,0.18,0.24,0.15,0.15,0.22,0.25,0.34,0.21,0.35,0.18,0.22,0.29,0.21,0.23,0.15,0.11
"New Caledonia","Q1 2021",0.1,0.2,0.29,0.22,0.17,0.18,0.22,0.2,0.32,0.23,0.2,0.2,0.2,0.27,0.19,0.22,0.15,0.17,0.23,0.18,0.18,0.12,0.09,0.2,0.22,0.25,0.15,0.23,0.35,0.26,0.34,0.15,,0.26,0.11,0.21,0.17,0.22,0.22,0.2,0.19,0.2,0.21,,0.18,0.21,0.22,0.19,0.24,0.23,0.24,0.19,0.2,0.1,0.2,,0.18,0.3,0.2,0.33,0.19,0.3,0.2,0.11,0.11,0.26,0.23,0.16,0.24,0.1,0.19,0.22,0.2,0.23,,0.18,0.09,0.2,0.2,0.2,0.19,0.24,0.22,0.19,0.21,0.21,0.23,0.26,0.31,0.33,,0.21,0.21,0.26,0.12,0.19,0.22,0.11,0.21,0.2,0.11,0.26,0.18,0.24,0.27,0.21,0.19,0.2,0.11,0.25,0.19,0.11,0.17,0.25,0.21,0.2,0.21,,0.34,,,0.32,0.21,0.23,0.16,0.14,0.18,0.19,0.24,0.24,0.16,0.32,0.29,0.09,0.23,0.21,0.23,0.24,0.21,0.22,0.35,0.07,0.21,0.21,0.24,,0.18,0.19,,0.19,0.29,0.1,0.25,0.21,,0.19,0.11,0.34,0.22,0.21,0.29,0.13,0.23,0.27,0.25,0.11,,0.21,0.21,0.2,0.31,0.16,0.22,0.29,0.22,0.1,0.24,0.15,0.15,0.22,0.25,0.34,0.21,0.35,0.19,0.22,0.28,0.2,0.23,,0.11
"New Zealand","Q1 2016",0.11,0.23,0.29,0.27,0.18,0.19,0.28,0.21,0.4,0.26,0.25,0.22,0.21,0.42,0.21,0.27,0.15,0.2,0.3,0.17,0.2,0.12,0.11,0.22,0.25,0.38,0.16,0.29,0.43,0.4,0.41,,,0.39,0.19,0.26,0.24,0.26,0.27,0.25,0.21,0.22,0.24,,0.2,0.26,0.28,0.2,0.3,0.29,0.32,0.2,0.19,0.09,0.2,,0.17,0.32,0.26,0.41,0.19,0.33,0.22,0.2,0.11,0.34,0.28,0.16,0.29,0.09,0.21,0.23,0.23,0.28,,0.22,0.11,0.23,0.22,0.24,0.19,0.32,0.35,0.29,0.14,0.22,0.29,0.34,0.37,0.41,,0.26,0.24,0.27,0.21,0.2,0.29,0.19,0.23,0.23,0.21,0.41,0.2,0.3,0.28,0.21,0.18,0.27,0.21,0.32,0.17,0.1,0.17,0.32,0.22,0.23,0.26,0.16,0.41,,0.35,,0.2,0.29,,0.15,0.18,0.23,0.31,0.3,,0.39,0.3,0.08,0.3,0.35,0.27,0.31,0.22,0.22,0.43,0.08,0.25,0.25,0.33,,0.19,0.21,,0.21,0.29,0.19,0.31,0.25,,0.21,0.2,0.41,0.22,0.27,0.31,0.12,0.31,0.35,0.31,0.23,,0.23,0.27,0.22,0.38,0.16,0.27,0.28,0.28,0.2,0.3,,0.24,0.26,0.32,0.42,0.24,0.43,0.19,0.28,0.3,0.24,0.31,0.24,0.22
"New Zealand","Q1 2017",0.11,0.23,0.28,0.32,0.19,0.18,0.34,0.2,0.43,0.3,0.22,0.21,0.22,0.47,0.21,0.27,0.15,0.17,0.34,0.19,0.2,0.13,0.1,0.22,0.26,0.43,0.16,0.41,0.48,0.45,0.46,0.16,,0.45,0.18,0.3,0.23,0.26,0.28,0.3,0.22,0.2,0.26,,0.19,0.31,0.33,0.19,0.36,0.33,0.37,0.22,0.22,0.09,0.21,,0.17,0.32,0.23,0.46,0.19,0.33,0.23,0.19,0.11,0.4,0.28,0.16,0.34,0.08,0.2,0.23,0.22,0.3,,0.22,0.1,0.22,0.22,0.25,0.18,0.37,0.35,0.31,0.26,0.22,0.34,0.4,0.41,0.46,,0.31,0.24,0.2,0.13,0.19,0.34,0.12,0.2,0.22,0.21,0.45,0.19,0.35,0.21,0.22,0.2,0.31,0.19,0.43,0.17,0.1,0.18,0.38,0.22,0.22,0.25,0.15,0.46,,0.34,,0.21,0.29,,0.21,0.21,0.21,0.36,0.33,0.18,0.44,0.3,0.08,0.42,0.35,0.33,0.36,0.23,0.27,0.47,0.08,0.29,0.29,0.35,,0.2,0.2,,0.21,0.28,0.19,0.36,0.25,,0.2,0.2,0.46,0.23,0.31,0.3,0.13,0.34,0.4,0.36,0.25,,0.22,0.33,0.23,0.41,0.16,0.31,0.29,0.24,0.12,0.36,,0.16,0.31,0.36,0.47,0.24,0.48,0.19,0.33,0.29,0.23,0.35,0.16,0.12
"New Zealand","Q1 2018",0.1,0.22,0.28,0.3,0.19,0.19,0.33,0.21,0.42,0.3,0.26,0.23,0.22,0.46,0.21,0.27,0.15,0.17,0.33,0.19,0.19,0.12,0.19,0.21,0.25,0.42,0.16,0.4,0.47,0.44,0.45,0.16,,0.43,0.18,0.29,0.23,0.27,0.26,0.29,0.22,0.21,0.25,,0.1,0.29,0.31,0.19,0.35,0.33,0.35,0.22,0.22,0.09,0.2,,0.17,0.32,0.23,0.45,0.19,0.32,0.23,0.19,0.12,0.38,0.27,0.16,0.34,0.08,0.19,0.23,0.21,0.31,,0.21,0.11,0.22,0.21,0.25,0.19,0.35,0.4,0.32,0.29,0.22,0.32,0.38,0.33,0.45,,0.3,0.24,0.2,0.14,0.2,0.31,0.11,0.23,0.24,0.2,0.44,0.19,0.34,0.21,0.23,0.23,0.29,0.19,0.42,0.16,0.1,0.18,0.37,0.22,0.23,0.24,0.15,0.45,,0.33,,0.21,0.28,,0.22,0.19,0.19,0.33,0.34,0.18,0.43,0.3,0.08,0.4,0.36,0.3,0.35,0.23,0.29,0.46,0.08,0.29,0.29,0.36,,0.2,0.21,,0.2,0.28,0.18,0.35,0.27,,0.2,0.2,0.45,0.23,0.29,0.3,0.12,0.32,0.38,0.35,0.22,,0.22,0.3,0.21,0.41,0.16,0.3,0.29,0.25,0.12,0.35,,0.16,0.3,0.35,0.45,0.24,0.47,0.19,0.32,0.28,0.23,0.34,0.16,0.1
"New Zealand","Q1 2019",0.1,0.21,0.28,0.28,0.18,0.18,0.31,0.22,0.41,0.3,0.27,0.23,0.21,0.37,0.21,0.26,0.15,0.17,0.32,0.19,0.2,0.12,0.18,0.22,0.28,0.34,0.16,0.39,0.45,0.42,0.44,0.16,,0.42,0.19,0.27,0.23,0.26,0.26,0.28,0.21,0.22,0.25,,0.19,0.28,0.3,0.19,0.34,0.32,0.33,0.21,0.22,0.1,0.21,,0.17,0.31,0.23,0.43,0.19,0.31,0.23,0.12,0.11,0.36,0.26,0.16,0.33,0.08,0.19,0.23,0.2,0.3,,0.21,0.1,0.22,0.21,0.24,0.18,0.34,0.38,0.25,0.29,0.23,0.31,0.37,0.33,0.43,,0.3,0.27,0.15,0.22,0.21,0.3,0.12,0.22,0.27,0.2,0.42,0.2,0.33,0.19,0.22,0.2,0.29,0.19,0.4,0.18,0.1,0.18,0.35,0.21,0.21,0.24,0.16,0.44,,0.32,,0.2,0.27,,0.21,0.19,0.2,0.33,0.32,0.17,0.41,0.3,0.08,0.39,0.35,0.31,0.34,0.22,0.3,0.45,0.08,0.25,0.28,0.34,,0.2,0.19,,0.2,0.29,0.18,0.34,0.24,,0.21,0.12,0.44,0.22,0.28,0.3,0.12,0.32,0.37,0.34,0.13,,0.22,0.3,0.21,0.4,0.16,0.29,0.29,0.24,0.11,0.33,0.15,0.15,0.3,0.34,0.44,0.28,0.45,0.18,0.3,0.28,0.23,0.33,0.15,0.11
"New Zealand","Q1 2020",0.12,0.22,0.29,0.3,0.18,0.19,0.3,0.21,0.41,0.3,0.13,0.22,0.21,0.37,0.2,0.26,0.15,0.17,0.32,0.19,0.2,0.12,0.1,0.21,0.23,0.41,0.15,0.38,0.45,0.42,0.43,0.16,,0.41,0.19,0.28,0.24,0.28,0.26,0.27,0.2,0.21,0.25,,0.18,0.29,0.3,0.2,0.34,0.32,0.33,0.2,0.22,0.1,0.21,,0.17,0.31,0.22,0.43,0.19,0.32,0.23,0.11,0.11,0.36,0.3,0.16,0.33,0.08,0.2,0.26,0.21,0.3,,0.21,0.1,0.22,0.22,0.23,0.19,0.33,0.38,0.24,0.29,0.21,0.31,0.36,0.4,0.43,,0.29,0.24,0.2,0.22,0.21,0.3,0.12,0.22,0.23,0.2,0.42,0.2,0.32,0.21,0.25,0.19,0.29,0.19,0.34,0.19,0.11,0.18,0.34,0.22,0.22,0.24,0.15,0.43,,0.32,,0.2,0.27,,0.21,0.19,0.2,0.33,0.32,0.17,0.41,0.3,0.09,0.38,0.26,0.3,0.33,0.22,0.3,0.45,0.07,0.28,0.28,0.31,,0.19,0.19,,0.2,0.29,0.1,0.33,0.25,,0.21,0.12,0.43,0.23,0.28,0.29,0.13,0.32,0.36,0.34,0.13,,0.22,0.29,0.21,0.39,0.16,0.29,0.27,0.25,0.18,0.33,0.15,0.15,0.3,0.34,0.44,0.24,0.45,0.19,0.3,0.29,0.22,0.32,0.15,0.12
"New Zealand","Q1 2021",0.11,0.23,0.29,0.28,0.18,0.19,0.31,0.21,0.42,0.31,0.26,0.23,0.21,0.37,0.2,0.27,0.15,0.17,0.32,0.19,0.19,0.12,0.1,0.22,0.26,0.41,0.15,0.38,0.45,0.43,0.44,0.16,,0.42,0.11,0.27,0.23,0.29,0.26,0.27,0.2,0.21,0.25,,0.18,0.29,0.29,0.2,0.34,0.32,0.33,0.21,0.22,0.11,0.2,,0.18,0.31,0.23,0.43,0.19,0.33,0.22,0.11,0.11,0.36,0.31,0.16,0.33,0.1,0.2,0.27,0.21,0.32,,0.19,0.1,0.21,0.21,0.23,0.19,0.34,0.35,0.26,0.29,0.22,0.32,0.35,0.4,0.43,,0.3,0.24,0.2,0.14,0.2,0.3,0.11,0.22,0.23,0.12,0.42,0.19,0.31,0.21,0.26,0.19,0.27,0.12,0.34,0.19,0.11,0.18,0.34,0.24,0.22,0.24,,0.44,,0.32,,0.22,0.27,0.23,0.21,0.19,0.2,0.32,0.33,0.17,0.41,0.31,0.09,0.38,0.26,0.31,0.33,0.22,0.31,0.45,0.08,0.27,0.28,0.32,,0.19,0.19,,0.2,0.29,0.1,0.34,0.25,,0.2,0.12,0.44,0.23,0.28,0.3,0.14,0.32,0.37,0.34,0.12,,0.22,0.29,0.21,0.4,0.17,0.3,0.29,0.24,0.11,0.33,0.15,0.15,0.3,0.34,0.44,0.24,0.45,0.19,0.3,0.29,0.21,0.33,,0.11
"Nicaragua","Q1 2016",0.09,0.19,0.17,0.2,0.16,0.16,0.2,0.19,0.21,0.21,0.19,0.11,0.18,0.23,0.19,0.2,0.15,0.18,0.21,0.16,0.1,0.1,0.1,0.11,0.2,0.21,0.15,0.2,0.23,0.22,0.22,,,0.28,0.1,0.13,0.09,0.28,0.13,0.2,0.19,0.19,0.12,,0.1,0.12,0.2,0.17,0.22,0.27,0.21,0.26,0.17,0.08,0.11,,0.09,0.19,0.12,0.23,0.1,0.19,0.19,0.11,0.1,0.23,0.2,0.15,0.2,0.08,0.18,0.19,0.19,0.28,,0.12,0.1,0.19,0.2,0.2,0.17,0.21,0.19,0.13,0.11,0.19,0.2,0.23,0.22,0.22,,0.12,0.13,0.1,0.18,0.11,0.21,0.18,0.12,0.12,0.12,0.22,0.11,0.21,0.1,0.18,0.1,0.2,0.12,0.29,0.08,0.09,0.15,0.22,0.12,0.1,0.19,0.08,0.23,,0.2,0.2,,0.2,,0.07,0.09,0.18,0.21,0.2,,0.29,0.11,0.07,0.27,0.12,0.12,0.21,0.2,0.19,0.23,0,0.13,0.12,0.22,,0.17,0.18,,0.18,0.17,0.1,0.21,0.19,,0.12,0.11,0.22,0.19,0.19,0.11,0.11,0.21,0.23,0.2,0.12,,0.19,0.19,0.12,0.2,0.08,0.13,0.1,0.21,0.11,0.21,,0.08,0.2,0.21,0.23,0.13,0.3,0.17,0.2,0.11,0.2,0.2,0.08,0.11
"Nicaragua","Q1 2017",0.1,0.19,0.17,0.2,0.17,0.16,0.21,0.18,0.2,0.21,0.12,0.11,0.19,0.23,0.19,0.2,0.15,0.16,0.21,0.17,0.1,0.11,0.09,0.11,0.2,0.21,0.15,0.27,0.23,0.22,0.22,0.08,,0.29,0.1,0.13,0.08,0.21,0.13,0.19,0.19,0.18,0.12,,0.1,0.12,0.2,0.17,0.22,0.28,0.21,0.27,0.19,0.08,0.11,,0.09,0.19,0.11,0.23,0.1,0.2,0.19,0.1,0.1,0.23,0.2,0.15,0.2,0.01,0.17,0.2,0.18,0.28,,0.12,0.09,0.18,0.2,0.2,0.16,0.21,0.19,0.12,0.12,0.19,0.2,0.23,0.22,0.22,,0.12,0.12,0.1,0.11,0.11,0.21,0.11,0.11,0.12,0.11,0.21,0.11,0.21,0.1,0.2,0.11,0.12,0.11,0.28,0.09,0.09,0.16,0.22,0.12,0.11,0.19,0.08,0.23,,0.2,0.21,,0.2,,0.07,0.11,0.17,0.2,0.2,0.09,0.29,0.12,0.07,0.28,0.12,0.2,0.21,0.2,0.12,0.23,0,0.12,0.12,0.21,,0.17,0.18,,0.18,0.17,0.1,0.2,0.19,,0.11,0.11,0.22,0.2,0.19,0.11,0.11,0.2,0.23,0.2,0.11,,0.18,0.19,0.12,0.2,0.08,0.19,0.18,0.2,0.1,0.21,,0.08,0.19,0.21,0.23,0.12,0.3,0.17,0.2,0.11,0.2,0.2,0.08,0.1
"Nicaragua","Q1 2018",0.09,0.12,0.18,0.2,0.17,0.17,0.21,0.19,0.21,0.2,0.12,0.12,0.18,0.24,0.19,0.2,0.15,0.16,0.21,0.17,0.1,0.11,0.1,0.11,0.2,0.22,0.15,0.28,0.24,0.23,0.23,0.08,,0.29,0.1,0.13,0.08,0.28,0.13,0.2,0.19,0.19,0.12,,0.09,0.13,0.2,0.17,0.23,0.28,0.21,0.27,0.19,0.08,0.11,,0.09,0.2,0.12,0.24,0.11,0.2,0.2,0.1,0.1,0.23,0.2,0.15,0.21,0.01,0.17,0.2,0.18,0.28,,0.12,0.1,0.19,0.2,0.21,0.17,0.21,0.2,0.13,0.12,0.19,0.2,0.24,0.22,0.22,,0.13,0.12,0.1,0.12,0.12,0.13,0.1,0.13,0.12,0.11,0.22,0.11,0.22,0.11,0.2,0.12,0.12,0.11,0.29,0.08,0.09,0.16,0.23,0.19,0.11,0.19,0.08,0.24,,0.2,0.21,,0.2,,0.08,0.1,0.11,0.21,0.2,0.09,0.29,0.12,0.07,0.28,0.13,0.2,0.22,0.2,0.13,0.23,0,0.13,0.13,0.22,,0.18,0.18,,0.18,0.18,0.1,0.21,0.2,,0.11,0.12,0.23,0.2,0.19,0.12,0.1,0.21,0.24,0.21,0.11,,0.19,0.13,0.12,0.2,0.08,0.2,0.18,0.21,0.1,0.22,,0.08,0.2,0.21,0.24,0.13,0.31,0.17,0.2,0.11,0.2,0.2,0.08,0.1
"Nicaragua","Q1 2019",0.09,0.11,0.17,0.19,0.16,0.16,0.19,0.19,0.2,0.2,0.18,0.11,0.18,0.22,0.19,0.19,0.15,0.16,0.2,0.17,0.11,0.1,0.1,0.1,0.19,0.2,0.15,0.19,0.22,0.21,0.21,0.07,,0.28,0.1,0.12,0.08,0.26,0.12,0.18,0.19,0.19,0.11,,0.1,0.12,0.19,0.17,0.21,0.2,0.2,0.26,0.19,0.09,0.11,,0.09,0.11,0.11,0.22,0.1,0.19,0.19,0.1,0.1,0.21,0.19,0.08,0.19,0.01,0.17,0.2,0.17,0.27,,0.11,0.09,0.18,0.19,0.2,0.16,0.2,0.19,0.12,0.11,0.19,0.19,0.22,0.2,0.2,,0.12,0.12,0.01,0.11,0.11,0.12,0.11,0.12,0.12,0.11,0.2,0.11,0.2,0.16,0.19,0.1,0.12,0.1,0.27,0.09,0.09,0.16,0.21,0.18,0.1,0.19,0.08,0.22,,0.19,0.2,,0.19,,0.07,0.1,0.1,0.19,0.19,0.08,0.27,0.11,0.08,0.2,0.12,0.19,0.21,0.19,0.19,0.21,0,0.12,0.12,0.2,,0.17,0.17,,0.17,0.17,0.1,0.2,0.18,,0.11,0.1,0.21,0.19,0.18,0.11,0.11,0.19,0.22,0.2,0.11,,0.18,0.12,0.11,0.19,0.08,0.19,0.17,0.2,0.1,0.2,0.14,0.01,0.19,0.2,0.22,0.12,0.29,0.16,0.19,0.11,0.19,0.19,0.01,0.1
"Nicaragua","Q1 2020",0.1,0.11,0.18,0.19,0.16,0.16,0.19,0.18,0.2,0.2,0.11,0.11,0.18,0.22,0.19,0.19,0.15,0.16,0.2,0.17,0.11,0.11,0.09,0.11,0.19,0.21,0.15,0.19,0.22,0.21,0.21,0.07,,0.28,0.1,0.12,0.09,0.27,0.12,0.12,0.18,0.18,0.12,,0.1,0.12,0.19,0.17,0.21,0.2,0.2,0.26,0.19,0.09,0.11,,0.09,0.12,0.12,0.22,0.1,0.19,0.19,0.1,0.1,0.21,0.19,0.08,0.2,0.01,0.17,0.2,0.18,0.27,,0.11,0.09,0.18,0.19,0.19,0.17,0.2,0.19,0.11,0.12,0.18,0.19,0.22,0.21,0.21,,0.12,0.12,0.1,0.11,0.11,0.12,0.1,0.12,0.11,0.11,0.21,0.11,0.2,0.17,0.19,0.1,0.12,0.11,0.28,0.09,0.1,0.16,0.21,0.19,0.11,0.18,0.01,0.22,,0.19,0.2,,0.2,,0.07,0.1,0.1,0.2,0.2,0.08,0.28,0.12,0.08,0.2,0.12,0.2,0.2,0.2,0.19,0.22,0,0.12,0.12,0.2,,0.17,0.17,,0.17,0.18,0.09,0.2,0.19,,0.11,0.1,0.21,0.19,0.12,0.11,0.11,0.2,0.22,0.2,0.11,,0.18,0.12,0.11,0.19,0.08,0.19,0.17,0.2,0.1,0.2,0.14,0.01,0.19,0.2,0.22,0.12,0.29,0.16,0.19,0.11,0.19,0.19,0.01,0.11
"Nicaragua","Q1 2021",0.1,0.2,0.18,0.21,0.17,0.18,0.22,0.2,0.22,0.22,0.12,0.13,0.2,0.25,0.19,0.21,0.15,0.16,0.22,0.17,0.11,0.11,0.09,0.12,0.21,0.23,0.15,0.22,0.25,0.24,0.24,0.08,,0.32,0.1,0.2,0.09,0.3,0.21,0.13,0.19,0.2,0.21,,0.17,0.21,0.21,0.19,0.24,0.23,0.23,0.27,0.2,0.1,0.19,,0.17,0.12,0.21,0.32,0.18,0.21,0.2,0.1,0.1,0.24,0.22,0.16,0.23,0.1,0.19,0.29,0.18,0.3,,0.18,0.09,0.2,0.2,0.28,0.18,0.23,0.2,0.12,0.2,0.21,0.22,0.25,0.24,0.23,,0.2,0.13,0.1,0.12,0.19,0.21,0.1,0.2,0.2,0.11,0.24,0.11,0.23,0.18,0.28,0.18,0.12,0.11,0.31,0.1,0.1,0.17,0.24,0.2,0.12,0.19,,0.32,,0.21,0.22,,0.22,0.08,0.07,0.1,0.19,0.22,0.22,0.09,0.31,0.13,0.08,0.22,0.13,0.3,0.23,0.21,0.21,0.25,0.01,0.2,0.13,0.23,,0.17,0.18,,0.19,0.19,0.1,0.23,0.21,,0.11,0.11,0.25,0.21,0.13,0.12,0.12,0.22,0.26,0.23,0.11,,0.2,0.21,0.2,0.22,0.09,0.21,0.18,0.22,0.1,0.23,0.14,0.01,0.21,0.23,0.32,0.13,0.33,0.18,0.22,0.12,0.2,0.22,,0.11
"Nigeria","Q1 2016",0.19,0.25,0.2,0.4,0.19,0.19,0.3,0.22,0.32,0.28,0.27,0.23,0.22,0.47,0.21,0.4,0.15,0.2,0.31,0.18,0.2,0.2,0.19,0.22,0.36,0.33,0.16,0.3,0.45,0.43,0.34,,,0.33,0.2,0.38,0.1,0.27,0.4,0.27,0.21,0.22,0.27,,0.29,0.28,0.31,0.2,0.32,0.3,0.35,0.2,0.28,0.09,0.21,,0.18,0.23,0.26,0.46,0.2,0.24,0.33,0.3,0.18,0.45,0.44,0.17,0.32,0.09,0.22,0.24,0.22,0.29,,0.32,0.19,0.23,0.22,0.25,0.19,0.42,0.28,0.38,0.22,0.23,0.31,0.44,0.32,0.41,,0.29,0.33,0.19,0.22,0.21,0.32,0.28,0.25,0.25,0.23,0.44,0.2,0.4,0.2,0.22,0.19,0.37,0.22,0.41,0.17,0.18,0.18,0.43,0.25,0.23,0.36,0.09,0.44,,0.25,0.29,0.2,,,0.08,0.18,0.24,0.34,0.33,,0.34,0.22,0.08,0.3,0.28,0.36,0.42,0.23,0.24,0.43,0.08,0.36,0.27,0.42,,0.2,0.22,,0.22,0.2,0.27,0.34,0.36,,0.23,0.29,0.44,0.23,0.28,0.22,0.19,0.42,0.47,0.41,0.25,,0.23,0.29,0.23,0.31,0.16,0.4,0.2,0.29,0.21,0.32,,0.1,0.29,0.43,0.47,0.26,0.45,0.19,0.29,0.21,0.24,0.32,0.1,0.23
"Nigeria","Q1 2017",0.18,0.24,0.2,0.38,0.19,0.18,0.29,0.2,0.31,0.28,0.23,0.22,0.22,0.44,0.21,0.37,0.15,0.17,0.3,0.19,0.2,0.2,0.18,0.22,0.37,0.32,0.16,0.29,0.43,0.4,0.32,0.15,,0.32,0.18,0.37,0.09,0.26,0.38,0.26,0.22,0.2,0.25,,0.28,0.27,0.29,0.19,0.31,0.29,0.33,0.21,0.32,0.09,0.22,,0.18,0.23,0.23,0.44,0.2,0.24,0.33,0.2,0.18,0.43,0.4,0.16,0.3,0.08,0.2,0.24,0.21,0.29,,0.23,0.17,0.22,0.22,0.25,0.19,0.4,0.27,0.28,0.24,0.23,0.3,0.43,0.3,0.39,,0.27,0.25,0.19,0.21,0.2,0.3,0.2,0.21,0.23,0.22,0.42,0.2,0.31,0.2,0.23,0.21,0.34,0.2,0.38,0.17,0.17,0.18,0.41,0.23,0.23,0.35,0.08,0.42,,0.25,0.29,0.2,,,0.08,0.2,0.22,0.32,0.31,0.17,0.31,0.22,0.08,0.29,0.27,0.36,0.4,0.23,0.25,0.41,0.08,0.34,0.25,0.39,,0.2,0.21,,0.21,0.2,0.27,0.32,0.35,,0.21,0.21,0.43,0.23,0.27,0.21,0.2,0.39,0.44,0.4,0.22,,0.22,0.29,0.23,0.29,0.16,0.36,0.2,0.24,0.19,0.31,,0.09,0.26,0.4,0.44,0.25,0.44,0.19,0.29,0.2,0.24,0.3,0.09,0.12
"Nigeria","Q1 2018",0.17,0.22,0.2,0.37,0.19,0.19,0.29,0.2,0.29,0.27,0.23,0.22,0.21,0.42,0.21,0.37,0.15,0.17,0.3,0.19,0.18,0.2,0.2,0.21,0.34,0.3,0.16,0.28,0.42,0.39,0.32,0.15,,0.31,0.18,0.36,0.09,0.25,0.36,0.26,0.22,0.2,0.25,,0.18,0.26,0.29,0.19,0.3,0.28,0.32,0.21,0.31,0.09,0.21,,0.18,0.23,0.22,0.41,0.2,0.24,0.31,0.2,0.19,0.41,0.39,0.16,0.3,0.08,0.19,0.23,0.2,0.28,,0.22,0.18,0.22,0.2,0.24,0.19,0.38,0.28,0.27,0.26,0.23,0.29,0.41,0.3,0.37,,0.28,0.25,0.19,0.21,0.21,0.28,0.19,0.24,0.24,0.2,0.41,0.2,0.3,0.2,0.23,0.24,0.26,0.19,0.38,0.16,0.16,0.18,0.4,0.23,0.22,0.32,0.08,0.41,,0.24,0.28,0.2,,,0.08,0.19,0.2,0.31,0.3,0.17,0.3,0.21,0.08,0.28,0.26,0.35,0.32,0.22,0.26,0.4,0.08,0.28,0.26,0.38,,0.2,0.2,,0.2,0.2,0.18,0.31,0.36,,0.2,0.21,0.41,0.23,0.25,0.22,0.18,0.37,0.42,0.38,0.22,,0.22,0.28,0.22,0.29,0.16,0.37,0.2,0.24,0.2,0.31,,0.09,0.27,0.38,0.42,0.25,0.42,0.19,0.28,0.2,0.22,0.29,0.09,0.1
"Nigeria","Q1 2019",0.17,0.22,0.2,0.35,0.18,0.18,0.28,0.21,0.29,0.28,0.24,0.21,0.21,0.42,0.21,0.36,0.15,0.17,0.29,0.19,0.2,0.19,0.2,0.21,0.36,0.3,0.16,0.28,0.41,0.31,0.32,0.15,,0.31,0.19,0.35,0.09,0.25,0.36,0.25,0.21,0.21,0.25,,0.2,0.26,0.28,0.19,0.3,0.28,0.31,0.21,0.32,0.1,0.22,,0.18,0.22,0.23,0.41,0.19,0.22,0.31,0.19,0.18,0.4,0.38,0.16,0.3,0.08,0.19,0.23,0.2,0.28,,0.23,0.17,0.22,0.21,0.23,0.19,0.37,0.27,0.26,0.25,0.24,0.29,0.41,0.29,0.36,,0.26,0.26,0.09,0.22,0.21,0.27,0.2,0.23,0.26,0.2,0.4,0.2,0.3,0.18,0.22,0.21,0.27,0.19,0.38,0.18,0.16,0.18,0.4,0.22,0.2,0.33,0.09,0.41,,0.23,0.27,0.19,,,0.07,0.18,0.22,0.29,0.29,0.17,0.3,0.22,0.08,0.28,0.26,0.36,0.39,0.22,0.27,0.4,0.08,0.25,0.26,0.38,,0.2,0.19,,0.19,0.2,0.2,0.31,0.33,,0.21,0.19,0.41,0.23,0.25,0.21,0.19,0.37,0.42,0.38,0.2,,0.22,0.27,0.22,0.29,0.16,0.36,0.2,0.24,0.19,0.31,0.15,0.09,0.27,0.38,0.42,0.26,0.42,0.18,0.28,0.2,0.23,0.29,0.09,0.11
"Nigeria","Q1 2020",0.19,0.23,0.2,0.36,0.18,0.18,0.27,0.21,0.29,0.27,0.2,0.22,0.2,0.42,0.2,0.36,0.15,0.17,0.29,0.19,0.2,0.2,0.17,0.21,0.33,0.3,0.16,0.27,0.41,0.32,0.32,0.15,,0.31,0.2,0.35,0.1,0.27,0.37,0.24,0.2,0.21,0.25,,0.2,0.26,0.28,0.2,0.29,0.28,0.31,0.2,0.31,0.1,0.22,,0.17,0.22,0.23,0.42,0.19,0.24,0.32,0.18,0.18,0.4,0.39,0.17,0.3,0.08,0.2,0.25,0.21,0.27,,0.3,0.17,0.21,0.21,0.22,0.19,0.38,0.27,0.24,0.25,0.22,0.29,0.4,0.29,0.37,,0.26,0.25,0.19,0.22,0.22,0.27,0.2,0.24,0.23,0.21,0.4,0.2,0.29,0.2,0.25,0.2,0.27,0.2,0.38,0.18,0.18,0.18,0.4,0.24,0.21,0.32,0.08,0.35,,0.23,0.27,0.2,,,0.07,0.19,0.22,0.3,0.29,0.17,0.3,0.22,0.09,0.27,0.25,0.35,0.32,0.22,0.28,0.4,0.08,0.33,0.26,0.39,,0.19,0.19,,0.2,0.2,0.24,0.31,0.34,,0.22,0.19,0.41,0.22,0.25,0.21,0.2,0.37,0.42,0.38,0.2,,0.21,0.27,0.22,0.28,0.16,0.36,0.19,0.24,0.19,0.31,0.15,0.09,0.27,0.39,0.42,0.25,0.42,0.18,0.28,0.2,0.22,0.28,0.09,0.19
"Nigeria","Q1 2021",0.18,0.23,0.2,0.34,0.18,0.18,0.28,0.21,0.28,0.28,0.23,0.22,0.21,0.41,0.2,0.37,0.15,0.17,0.29,0.18,0.19,0.2,0.17,0.21,0.36,0.3,0.15,0.26,0.41,0.31,0.39,0.15,,0.3,0.18,0.34,0.09,0.27,0.36,0.24,0.2,0.21,0.25,,0.19,0.26,0.28,0.19,0.29,0.28,0.3,0.2,0.31,0.11,0.21,,0.18,0.21,0.23,0.41,0.19,0.23,0.3,0.18,0.18,0.39,0.39,0.17,0.3,0.1,0.2,0.26,0.2,0.27,,0.2,0.17,0.21,0.2,0.22,0.19,0.38,0.25,0.23,0.26,0.22,0.29,0.39,0.29,0.3,,0.26,0.25,0.19,0.21,0.21,0.28,0.19,0.23,0.23,0.12,0.4,0.19,0.29,0.2,0.25,0.2,0.25,0.19,0.37,0.18,0.18,0.18,0.39,0.26,0.21,0.32,,0.34,,0.23,0.27,0.22,,0.09,0.07,0.18,0.22,0.3,0.3,0.17,0.3,0.22,0.09,0.27,0.24,0.35,0.31,0.22,0.27,0.39,0.08,0.25,0.26,0.37,,0.18,0.19,,0.19,0.2,0.24,0.31,0.33,,0.2,0.19,0.41,0.22,0.25,0.21,0.21,0.37,0.42,0.38,0.12,,0.21,0.27,0.22,0.29,0.16,0.37,0.2,0.24,0.18,0.3,0.15,0.08,0.27,0.38,0.41,0.25,0.42,0.19,0.28,0.2,0.21,0.28,,0.18
"Niue","Q1 2016",,,,,,,,,,,,,,,,,,,,,,,,,,,,,,,,,,,,,,,,,,,,,,,,,,,,,,,,,,,,,,,,,,,,,,,,,,,,,,,,,,,,,,,,,,,,,,,,,,,,,,,,,,,,,,,,,,,,,,,,,,,,,,,,,,,,,,,,,,,,,,,,,,,,,,,,,,,,,,,,,,,,,,,,,,,,,,,,,,,,,,,,,,,,,,,
"Niue","Q1 2017",,,,,,,,,,,,,,,,,,,,,,,,,,,,,,,,,,,,,,,,,,,,,,,,,,,,,,,,,,,,,,,,,,,,,,,,,,,,,,,,,,,,,,,,,,,,,,,,,,,,,,,,,,,,,,,,,,,,,,,,,,,,,,,,,,,,,,,,,,,,,,,,,,,,,,,,,,,,,,,,,,,,,,,,,,,,,,,,,,,,,,,,,,,,,,,
"Niue","Q1 2018",,,,,,,,,,,,,,,,,,,,,,,,,,,,,,,,,,,,,,,,,,,,,,,,,,,,,,,,,,,,,,,,,,,,,,,,,,,,,,,,,,,,,,,,,,,,,,,,,,,,,,,,,,,,,,,,,,,,,,,,,,,,,,,,,,,,,,,,,,,,,,,,,,,,,,,,,,,,,,,,,,,,,,,,,,,,,,,,,,,,,,,,,,,,,,,
"Niue","Q1 2019",,,,,,,,,,,,,,,,,,,,,,,,,,,,,,,,,,,,,,,,,,,,,,,,,,,,,,,,,,,,,,,,,,,,,,,,,,,,,,,,,,,,,,,,,,,,,,,,,,,,,,,,,,,,,,,,,,,,,,,,,,,,,,,,,,,,,,,,,,,,,,,,,,,,,,,,,,,,,,,,,,,,,,,,,,,,,,,,,,,,,,,,,,,,,,,
"Niue","Q1 2020",,,,,,,,,,,,,,,,,,,,,,,,,,,,,,,,,,,,,,,,,,,,,,,,,,,,,,,,,,,,,,,,,,,,,,,,,,,,,,,,,,,,,,,,,,,,,,,,,,,,,,,,,,,,,,,,,,,,,,,,,,,,,,,,,,,,,,,,,,,,,,,,,,,,,,,,,,,,,,,,,,,,,,,,,,,,,,,,,,,,,,,,,,,,,,,
"Niue","Q1 2021",0.01,0.09,0.16,0.09,0.08,0.08,0.09,0.08,0.17,0.09,0.08,0.08,0.09,0.1,0.08,0.09,0.07,0.08,0.09,0.08,0.08,0.01,0.01,0.08,0.09,0.16,0.07,0.15,0.18,0.17,0.17,0.07,,0.17,0.01,0.09,0.15,0.09,0.09,0.08,0.08,0.08,0.08,,0.08,0.09,0.09,0.09,0.09,0.09,0.09,0.08,0.09,0.01,0.08,,0.08,0.23,0.08,0.17,0.08,0.16,0.08,0.01,0.01,0.1,0.09,0.08,0.09,0.01,0.09,0.09,0.08,0.09,,0.08,0.01,0.08,0.08,0.08,0.08,0.1,0.15,0.08,0.08,0.08,0.09,0.1,0.16,0.17,,0.09,0.09,0.15,0.01,0.08,0.09,0.01,0.09,0.08,0.01,0.17,0.08,0.09,0.16,0.09,0.08,0.09,0.01,0.09,0.15,0.01,0.08,0.1,0.09,0.08,0.08,,0.17,,0.16,0.23,0.08,0.09,,0.14,0.08,0.08,0.09,0.09,0.08,0.16,0.15,0.01,0.16,0.08,0.09,0.09,0.08,0.09,0.17,0,0.09,0.08,0.09,,0.08,0.08,,0.09,0.22,0.01,0.09,0.09,,0.08,0.01,0.17,0.09,0.08,0.16,0.02,0.09,0.1,0.09,0.01,,0.09,0.09,0.08,0.16,0.08,0.09,0.22,0.09,0.01,0.09,0.07,0.14,0.09,0.1,0.17,0.09,0.18,0.08,0.09,0.16,0.09,0.09,,0.01
"Norfolk Island","Q1 2016",0.07,0.08,0.14,0.08,0.07,0.08,0.08,0.08,0.21,0.08,0.08,0.07,0.08,0.15,0.07,0.08,0.07,0.07,0.08,0.07,0.07,0.07,0.07,0.07,0.08,0.15,0.07,0.08,0.15,0.15,0.15,,,0.15,0.07,0.08,0.07,0.08,0.08,0.08,0.07,0.08,0.08,,0.07,0.08,0.15,0.08,0.08,0.08,0.15,0.07,0.07,0.07,0.07,,0.07,0.15,0.08,0.15,0.07,0.14,0.08,0.07,0.07,0.15,0.08,0.07,0.08,0,0.08,0.08,0.07,0.08,,0.08,0.07,0.08,0.08,0.08,0.07,0.15,0.14,0.08,0.07,0.07,0.08,0.15,0.15,0.15,,0.08,0.08,0.07,0.07,0.07,0.08,0.07,0.08,0.07,0.07,0.15,0.07,0.15,0.07,0.07,0.07,0.15,0.07,0.08,0.07,0.07,0.07,0.08,0.08,0.07,0.08,0.14,0.15,,0.15,0.15,0.07,0.08,,,0.07,0.08,0.15,0.08,,0.15,0.14,0,0.08,0.14,0.08,0.08,0.08,0.07,0.15,0,0.15,0.08,0.08,,0.08,0.08,,0.08,0.14,0.07,0.15,0.08,,0.07,0.07,0.15,0.08,0.08,0.14,0.07,0.08,0.15,0.15,0.07,,0.08,0.08,0.07,0.15,0.14,0.08,0.14,0.08,0.07,0.08,,0.07,0.08,0.08,0.15,0.08,0.15,0.08,0.08,0.14,0.08,0.15,0.07,0.07
"Norfolk Island","Q1 2017",0.01,0.08,0.14,0.08,0.07,0.07,0.08,0.07,0.15,0.08,0.07,0.07,0.08,0.15,0.08,0.08,0.07,0.07,0.08,0.08,0.07,0.01,0,0.07,0.08,0.15,0.07,0.15,0.15,0.15,0.15,0.07,,0.15,0.07,0.08,0.14,0.08,0.08,0.08,0.08,0.07,0.08,,0.07,0.08,0.08,0.07,0.08,0.08,0.08,0.07,0.08,0,0.07,,0.07,0.15,0.07,0.15,0.07,0.14,0.08,0.07,0.01,0.08,0.08,0.07,0.08,0,0.08,0.08,0.07,0.08,,0.08,0,0.08,0.08,0.08,0.07,0.08,0.14,0.08,0.07,0.07,0.08,0.08,0.15,0.15,,0.08,0.08,0.07,0.01,0.07,0.08,0.01,0.07,0.07,0.07,0.15,0.07,0.08,0.07,0.08,0.07,0.08,0.07,0.15,0.07,0,0.07,0.08,0.08,0.07,0.08,0.07,0.15,,0.15,0.21,0.07,0.08,,,0.07,0.07,0.08,0.08,0.07,0.15,0.14,0,0.15,0.15,0.08,0.08,0.08,0.07,0.15,0,0.08,0.07,0.08,,0.08,0.08,,0.08,0.14,0.07,0.08,0.08,,0.07,0.07,0.15,0.08,0.08,0.14,0.01,0.08,0.08,0.08,0.07,,0.08,0.08,0.07,0.15,0.07,0.08,0.14,0.08,0.01,0.08,,0.07,0.08,0.08,0.15,0.08,0.15,0.08,0.08,0.14,0.08,0.08,0.07,0
"Norfolk Island","Q1 2018",0.07,0.08,0.15,0.08,0.08,0.08,0.08,0.08,0.22,0.08,0.08,0.08,0.08,0.16,0.08,0.08,0.07,0.07,0.08,0.08,0.07,0.08,0.08,0.08,0.08,0.16,0.07,0.15,0.16,0.16,0.16,0.14,,0.16,0.07,0.08,0.14,0.08,0.08,0.08,0.08,0.08,0.08,,0.01,0.08,0.08,0.08,0.09,0.08,0.15,0.08,0.08,0,0.08,,0.07,0.15,0.08,0.16,0.08,0.15,0.08,0.08,0.07,0.16,0.08,0.07,0.15,0,0.08,0.08,0.08,0.08,,0.08,0.07,0.08,0.08,0.08,0.08,0.15,0.15,0.08,0.08,0.08,0.08,0.16,0.08,0.16,,0.08,0.08,0.08,0.07,0.08,0.08,0.07,0.08,0.08,0.08,0.16,0.07,0.08,0.08,0.08,0.08,0.15,0.08,0.15,0.07,0.07,0.07,0.09,0.08,0.08,0.08,0.07,0.16,,0.15,0.22,0.08,0.08,,,0.08,0.08,0.09,0.08,0.07,0.16,0.15,0,0.15,0.15,0.08,0.09,0.08,0.08,0.16,0,0.15,0.08,0.09,,0.08,0.08,,0.08,0.15,0.07,0.09,0.08,,0.08,0.08,0.16,0.08,0.08,0.15,0.01,0.08,0.16,0.15,0.07,,0.08,0.08,0.08,0.15,0.14,0.08,0.15,0.08,0.08,0.09,,0.07,0.08,0.09,0.16,0.08,0.16,0.08,0.08,0.15,0.08,0.15,0.07,0
"Norfolk Island","Q1 2019",0,0.07,0.14,0.07,0.07,0.07,0.07,0.07,0.14,0.08,0.07,0.07,0.07,0.08,0.07,0.07,0.07,0.07,0.08,0.07,0.07,0,0.07,0.07,0.07,0.08,0.07,0.14,0.15,0.15,0.15,0.07,,0.15,0.07,0.07,0.14,0.07,0.07,0.07,0.07,0.07,0.07,,0.07,0.07,0.07,0.07,0.08,0.07,0.08,0.07,0.07,0,0.07,,0.07,0.14,0.07,0.15,0.07,0.14,0.07,0,0,0.08,0.07,0.07,0.08,0,0.07,0.07,0.07,0.07,,0.07,0,0.07,0.07,0.07,0.07,0.08,0.14,0.07,0.07,0.07,0.07,0.08,0.08,0.15,,0.07,0.07,0.07,0.07,0.07,0.07,0,0.07,0.07,0.07,0.15,0.07,0.08,0.07,0.07,0.07,0.07,0.07,0.15,0.07,0,0.07,0.08,0.07,0.07,0.07,0.07,0.15,,0.14,0.21,0.07,0.07,,,0.07,0.07,0.08,0.08,0.07,0.15,0.14,0,0.14,0.14,0.07,0.08,0.07,0.07,0.15,0,0.07,0.07,0.08,,0.07,0.07,,0.07,0.14,0.07,0.08,0.07,,0.07,0,0.15,0.07,0.07,0.14,0,0.08,0.08,0.08,0,,0.07,0.07,0.07,0.14,0.07,0.07,0.14,0.07,0,0.08,0.07,0.07,0.07,0.08,0.15,0.07,0.15,0.07,0.07,0.14,0.07,0.08,0.07,0
"Norfolk Island","Q1 2020",0,0.07,0.14,0.07,0.07,0.07,0.07,0.07,0.14,0.08,0,0.07,0.07,0.08,0.07,0.07,0.07,0.07,0.08,0.07,0.07,0,0,0.07,0.07,0.15,0.07,0.14,0.15,0.15,0.15,0.07,,0.15,0.07,0.07,0.14,0.07,0.07,0.07,0.07,0.07,0.07,,0.07,0.07,0.07,0.07,0.08,0.07,0.08,0.07,0.07,0,0.07,,0.07,0.14,0.07,0.15,0.07,0.14,0.07,0,0,0.08,0.07,0.07,0.08,0,0.07,0.07,0.07,0.07,,0.07,0,0.07,0.07,0.07,0.07,0.08,0.14,0.07,0.07,0.07,0.07,0.08,0.15,0.15,,0.07,0.07,0.07,0.07,0.07,0.07,0,0.07,0.07,0.07,0.15,0.07,0.08,0.07,0.07,0.07,0.07,0.07,0.08,0.07,0,0.07,0.08,0.07,0.07,0.07,0.07,0.15,,0.14,0.21,0.07,0.07,,,0.07,0.07,0.08,0.08,0.07,0.15,0.14,0,0.14,0.07,0.07,0.08,0.07,0.07,0.15,0,0.07,0.07,0.08,,0.07,0.07,,0.07,0.14,0,0.08,0.07,,0.07,0,0.15,0.07,0.07,0.14,0,0.08,0.08,0.08,0,,0.07,0.07,0.07,0.14,0.07,0.07,0.14,0.07,0.07,0.08,0.07,0.07,0.07,0.08,0.15,0.07,0.15,0.07,0.07,0.14,0.07,0.07,0.07,0
"Norfolk Island","Q1 2021",0,0.07,0.14,0.07,0.07,0.07,0.07,0.07,0.14,0.08,0.07,0.07,0.07,0.08,0.07,0.07,0.07,0.07,0.08,0.07,0.07,0,0,0.07,0.07,0.14,0.07,0.14,0.15,0.15,0.15,0.07,,0.15,0,0.07,0.14,0.07,0.07,0.07,0.07,0.07,0.07,,0.07,0.07,0.07,0.07,0.08,0.07,0.08,0.07,0.07,0,0.07,,0.07,0.14,0.07,0.15,0.07,0.14,0.07,0,0,0.08,0.08,0.07,0.08,0,0.07,0.08,0.07,0.07,,0.07,0,0.07,0.07,0.07,0.07,0.08,0.14,0.07,0.07,0.07,0.07,0.08,0.15,0.15,,0.07,0.07,0.07,0,0.07,0.07,0,0.07,0.07,0,0.15,0.07,0.08,0.07,0.07,0.07,0.07,0,0.08,0.07,0,0.07,0.08,0.07,0.07,0.07,,0.15,,0.14,0.21,0.07,0.07,0.14,,0.07,0.07,0.08,0.08,0.07,0.15,0.14,0,0.14,0.07,0.07,0.08,0.07,0.07,0.15,0,0.07,0.07,0.08,,0.07,0.07,,0.07,0.14,0,0.08,0.07,,0.07,0,0.15,0.07,0.07,0.14,0.01,0.08,0.08,0.08,0,,0.07,0.07,0.07,0.14,0.07,0.07,0.14,0.07,0,0.08,0.07,0.07,0.07,0.08,0.15,0.07,0.15,0.07,0.07,0.14,0.07,0.07,,0
"Northern Mariana Islands","Q1 2016",0.09,0.1,0.17,0.18,0.09,0.09,0.17,0.1,0.18,0.18,0.17,0.16,0.1,0.2,0.1,0.18,0.08,0.09,0.18,0.09,0.09,0.09,0.09,0.17,0.1,0.18,0.08,0.18,0.2,0.19,0.25,,,0.18,0.09,0.1,0.08,0.11,0.1,0.17,0.1,0.1,0.1,,0.1,0.17,0.18,0.1,0.18,0.18,0.19,0.09,0.1,0.08,0.1,,0.09,0.18,0.17,0.19,0.09,0.17,0.1,0.1,0.09,0.19,0.11,0.08,0.18,0.08,0.1,0.1,0.24,0.18,,0.1,0.09,0.1,0.1,0.1,0.09,0.19,0.17,0.18,0.09,0.1,0.18,0.19,0.18,0.26,,0.17,0.1,0.16,0.09,0.1,0.18,0.09,0.1,0.1,0.1,0.19,0.09,0.18,0.24,0.1,0.09,0.18,0.1,0.19,0.22,0.09,0.08,0.18,0.1,0.17,0.17,0.08,0.19,,0.18,0.18,0.09,0.18,,0.07,,0.17,0.18,0.18,,0.19,0.17,0.07,0.18,0.18,0.17,0.18,0.1,0.17,0.26,0.07,0.1,0.17,0.19,,0.09,0.1,,0.1,0.17,0.09,0.18,0.1,,0.1,0.1,0.19,0.1,0.17,0.18,0.09,0.19,0.2,0.18,0.1,,0.1,0.17,0.1,0.18,0.08,0.18,0.17,0.18,0.1,0.18,,0.15,0.17,0.19,0.2,0.1,0.2,0.09,0.17,0.17,0.1,0.18,0.15,0.1
"Northern Mariana Islands","Q1 2017",0.1,0.12,0.19,0.2,0.1,0.1,0.2,0.11,0.22,0.2,0.11,0.18,0.12,0.23,0.11,0.2,0.08,0.1,0.2,0.1,0.18,0.11,0.1,0.19,0.2,0.21,0.08,0.2,0.31,0.29,0.3,0.08,,0.22,0.1,0.2,0.09,0.13,0.2,0.19,0.12,0.11,0.12,,0.1,0.19,0.2,0.1,0.21,0.2,0.22,0.11,0.12,0.08,0.11,,0.09,0.21,0.11,0.23,0.11,0.2,0.12,0.11,0.1,0.23,0.2,0.08,0.2,0.08,0.11,0.13,0.28,0.2,,0.12,0.09,0.11,0.12,0.12,0.1,0.22,0.2,0.2,0.18,0.12,0.21,0.22,0.21,0.3,,0.19,0.19,0.18,0.11,0.11,0.2,0.11,0.11,0.11,0.18,0.23,0.11,0.2,0.26,0.12,0.11,0.2,0.11,0.21,0.23,0.09,0.1,0.22,0.19,0.18,0.19,0.15,0.23,,0.28,0.21,0.11,0.2,,0.07,,0.11,0.21,0.2,0.24,0.22,0.27,0.08,0.2,0.27,0.2,0.21,0.12,0.19,0.3,0.07,0.19,0.19,0.22,,0.11,0.11,,0.11,0.19,0.1,0.21,0.12,,0.11,0.11,0.23,0.13,0.19,0.27,0.11,0.21,0.23,0.21,0.11,,0.11,0.19,0.11,0.21,0.09,0.19,0.19,0.13,0.1,0.21,,0.15,0.19,0.21,0.23,0.19,0.24,0.1,0.19,0.26,0.13,0.21,0.15,0.1
"Northern Mariana Islands","Q1 2018",0.09,0.11,0.18,0.19,0.1,0.1,0.19,0.11,0.2,0.19,0.17,0.17,0.11,0.21,0.11,0.19,0.08,0.09,0.19,0.1,0.17,0.1,0.1,0.18,0.18,0.2,0.08,0.19,0.28,0.28,0.28,0.08,,0.2,0.1,0.18,0.08,0.11,0.18,0.18,0.11,0.11,0.11,,0.09,0.18,0.18,0.1,0.2,0.19,0.2,0.1,0.11,0.08,0.1,,0.09,0.19,0.1,0.21,0.1,0.18,0.11,0.1,0.1,0.21,0.18,0.08,0.19,0.08,0.1,0.12,0.25,0.19,,0.11,0.1,0.11,0.1,0.11,0.1,0.2,0.19,0.19,0.18,0.11,0.19,0.21,0.2,0.27,,0.18,0.18,0.18,0.1,0.1,0.18,0.1,0.11,0.1,0.1,0.21,0.1,0.19,0.25,0.11,0.17,0.18,0.1,0.2,0.22,0.09,0.09,0.2,0.11,0.18,0.18,0.08,0.21,,0.19,0.19,0.1,0.19,,0.08,,0.1,0.2,0.19,0.23,0.2,0.19,0.07,0.19,0.26,0.18,0.2,0.11,0.18,0.28,0.07,0.18,0.18,0.2,,0.1,0.11,,0.11,0.18,0.1,0.2,0.18,,0.1,0.1,0.21,0.12,0.18,0.19,0.1,0.2,0.21,0.2,0.1,,0.11,0.18,0.1,0.2,0.08,0.18,0.18,0.11,0.1,0.2,,0.15,0.19,0.2,0.21,0.18,0.22,0.1,0.18,0.18,0.11,0.19,0.15,0.09
"Northern Mariana Islands","Q1 2019",0.09,0.1,0.18,0.18,0.09,0.1,0.18,0.1,0.19,0.18,0.17,0.17,0.11,0.21,0.1,0.18,0.08,0.09,0.19,0.1,0.17,0.1,0.1,0.17,0.18,0.19,0.08,0.19,0.28,0.27,0.27,0.08,,0.2,0.1,0.18,0.08,0.11,0.18,0.17,0.1,0.1,0.1,,0.1,0.17,0.18,0.1,0.2,0.19,0.19,0.1,0.1,0.09,0.1,,0.09,0.19,0.1,0.21,0.1,0.18,0.1,0.09,0.1,0.2,0.18,0.08,0.19,0.08,0.1,0.11,0.25,0.19,,0.1,0.09,0.11,0.1,0.1,0.1,0.2,0.18,0.18,0.18,0.1,0.18,0.21,0.19,0.27,,0.18,0.18,0.08,0.17,0.1,0.18,0.1,0.11,0.1,0.1,0.21,0.1,0.19,0.24,0.11,0.1,0.18,0.1,0.2,0.24,0.09,0.09,0.2,0.1,0.17,0.18,0.08,0.21,,0.18,0.19,0.1,0.18,,0.07,,0.1,0.19,0.19,0.23,0.2,0.19,0.08,0.19,0.25,0.18,0.19,0.1,0.18,0.28,0.07,0.11,0.18,0.2,,0.1,0.1,,0.1,0.18,0.1,0.2,0.1,,0.1,0.1,0.21,0.11,0.17,0.19,0.1,0.19,0.21,0.2,0.09,,0.11,0.18,0.1,0.19,0.08,0.18,0.18,0.11,0.09,0.19,0.07,0.08,0.18,0.2,0.21,0.18,0.22,0.1,0.18,0.18,0.11,0.19,0.08,0.09
"Northern Mariana Islands","Q1 2020",0.1,0.11,0.18,0.19,0.09,0.1,0.18,0.1,0.19,0.19,0.1,0.17,0.11,0.21,0.1,0.18,0.08,0.09,0.19,0.1,0.17,0.1,0.09,0.18,0.11,0.2,0.08,0.19,0.29,0.28,0.28,0.08,,0.2,0.1,0.18,0.09,0.11,0.18,0.17,0.1,0.1,0.11,,0.1,0.18,0.18,0.1,0.2,0.19,0.2,0.1,0.11,0.09,0.1,,0.09,0.19,0.1,0.21,0.1,0.18,0.11,0.09,0.1,0.21,0.19,0.08,0.19,0.08,0.1,0.11,0.25,0.19,,0.11,0.09,0.11,0.1,0.1,0.1,0.2,0.19,0.17,0.18,0.1,0.19,0.21,0.2,0.27,,0.18,0.18,0.18,0.17,0.1,0.18,0.1,0.11,0.1,0.1,0.21,0.1,0.19,0.25,0.11,0.1,0.19,0.1,0.2,0.24,0.1,0.09,0.2,0.11,0.18,0.18,0.08,0.21,,0.19,0.19,0.1,0.19,,0.07,,0.1,0.2,0.19,0.23,0.2,0.19,0.08,0.19,0.25,0.19,0.19,0.11,0.18,0.28,0.07,0.11,0.18,0.2,,0.1,0.1,,0.1,0.18,0.09,0.2,0.11,,0.1,0.1,0.21,0.11,0.18,0.19,0.1,0.19,0.21,0.2,0.1,,0.11,0.18,0.1,0.19,0.08,0.19,0.17,0.11,0.09,0.19,0.07,0.08,0.18,0.2,0.21,0.18,0.22,0.1,0.18,0.18,0.11,0.19,0.08,0.09
"Northern Mariana Islands","Q1 2021",0.09,0.11,0.18,0.18,0.09,0.1,0.18,0.1,0.19,0.19,0.17,0.17,0.11,0.21,0.1,0.18,0.08,0.09,0.19,0.1,0.17,0.1,0.09,0.18,0.18,0.19,0.08,0.18,0.28,0.27,0.27,0.08,,0.2,0.1,0.18,0.08,0.11,0.18,0.17,0.1,0.1,0.1,,0.09,0.18,0.18,0.1,0.19,0.19,0.19,0.1,0.11,0.09,0.1,,0.1,0.19,0.1,0.21,0.1,0.18,0.1,0.09,0.1,0.2,0.19,0.08,0.19,0.09,0.1,0.11,0.25,0.19,,0.1,0.09,0.11,0.1,0.1,0.1,0.2,0.18,0.17,0.18,0.1,0.19,0.2,0.19,0.27,,0.18,0.18,0.17,0.1,0.1,0.18,0.09,0.11,0.1,0.1,0.2,0.1,0.19,0.25,0.11,0.1,0.18,0.1,0.2,0.24,0.1,0.09,0.2,0.11,0.17,0.18,,0.21,,0.18,0.19,0.1,0.18,0.08,0.07,,0.1,0.19,0.19,0.23,0.2,0.18,0.08,0.19,0.18,0.18,0.19,0.1,0.18,0.28,0.07,0.11,0.18,0.19,,0.1,0.1,,0.1,0.18,0.09,0.2,0.11,,0.1,0.1,0.21,0.11,0.17,0.19,0.1,0.19,0.21,0.2,0.09,,0.11,0.18,0.1,0.19,0.09,0.18,0.18,0.11,0.09,0.19,0.07,0.08,0.18,0.2,0.21,0.18,0.22,0.1,0.18,0.18,0.11,0.19,,0.09
"Norway","Q1 2016",0.17,0.21,0.19,0.23,0.18,0.18,0.23,0.2,0.24,0.22,0.21,0.2,0.2,0.35,0.19,0.23,0.15,0.18,0.23,0.17,0.18,0.18,0.17,0.2,0.22,0.32,0.15,0.23,0.35,0.33,0.25,,,0.25,0.18,0.22,0.09,0.22,0.23,0.21,0.19,0.2,0.21,,0.19,0.29,0.24,0.19,0.25,0.23,0.26,0.18,0.19,0.08,0.27,,0.17,0.2,0.3,0.28,0.18,0.2,0.2,0.19,0.17,0.35,0.24,0.16,0.24,0.15,0.2,0.2,0.19,0.22,,0.21,0.17,0.21,0.2,0.2,0.25,0.26,0.22,0.22,0.11,0.2,0.25,0.34,0.24,0.32,,0.22,0.21,0.18,0.19,0.2,0.24,0.18,0.21,0.21,0.19,0.34,0.18,0.25,0.19,0.19,0.18,0.22,0.19,0.25,0.16,0.17,0.17,0.32,0.2,0.2,0.22,0.09,0.34,,0.22,0.23,0.18,0.24,,0.08,0.17,,0.25,0.24,,0.26,0.2,0.08,0.23,0.21,0.3,0.25,0.19,0.2,0.34,0.07,0.21,0.22,0.33,,0.18,0.2,,0.2,0.19,0.17,0.25,0.22,,0.19,0.19,0.34,0.2,0.22,0.2,0.1,0.25,0.35,0.25,0.19,,0.21,0.3,0.19,0.24,0.16,0.23,0.19,0.23,0.2,0.24,,0.09,0.3,0.26,0.35,0.21,0.35,0.18,0.22,0.19,0.21,0.31,0.09,0.18
"Norway","Q1 2017",0.1,0.21,0.18,0.21,0.17,0.17,0.21,0.18,0.22,0.2,0.19,0.12,0.2,0.32,0.18,0.21,0.15,0.16,0.21,0.17,0.11,0.18,0.16,0.12,0.21,0.29,0.15,0.21,0.25,0.23,0.23,0.08,,0.23,0.16,0.2,0.09,0.21,0.21,0.2,0.19,0.18,0.2,,0.18,0.27,0.22,0.17,0.23,0.21,0.23,0.18,0.19,0.08,0.27,,0.17,0.19,0.27,0.25,0.17,0.19,0.2,0.18,0.1,0.31,0.22,0.15,0.22,0.15,0.18,0.2,0.18,0.21,,0.19,0.16,0.2,0.19,0.2,0.24,0.23,0.2,0.2,0.12,0.2,0.22,0.24,0.22,0.23,,0.2,0.19,0.1,0.1,0.19,0.22,0.17,0.2,0.19,0.18,0.24,0.1,0.22,0.11,0.19,0.18,0.19,0.17,0.23,0.09,0.09,0.17,0.3,0.18,0.12,0.2,0.08,0.31,,0.2,0.21,0.17,0.22,,0.07,0.11,,0.23,0.22,0.09,0.23,0.12,0.08,0.21,0.13,0.28,0.23,0.19,0.2,0.24,0.07,0.19,0.19,0.24,,0.18,0.18,,0.19,0.18,0.17,0.23,0.21,,0.1,0.18,0.24,0.2,0.2,0.11,0.1,0.22,0.31,0.22,0.1,,0.2,0.29,0.19,0.21,0.09,0.2,0.18,0.21,0.17,0.22,,0.08,0.19,0.23,0.32,0.19,0.31,0.17,0.21,0.11,0.2,0.21,0.08,0.09
"Norway","Q1 2018",0.09,0.19,0.11,0.2,0.1,0.1,0.2,0.18,0.2,0.19,0.11,0.11,0.18,0.3,0.17,0.2,0.08,0.09,0.2,0.1,0.1,0.17,0.17,0.11,0.2,0.21,0.08,0.2,0.23,0.21,0.21,0.08,,0.21,0.16,0.2,0.08,0.2,0.2,0.19,0.18,0.18,0.19,,0.09,0.27,0.2,0.1,0.21,0.2,0.22,0.11,0.18,0.08,0.26,,0.17,0.12,0.26,0.22,0.17,0.18,0.19,0.17,0.1,0.3,0.2,0.15,0.21,0.15,0.1,0.19,0.1,0.2,,0.18,0.16,0.19,0.11,0.19,0.24,0.21,0.19,0.2,0.19,0.19,0.21,0.22,0.21,0.21,,0.2,0.18,0.1,0.11,0.19,0.2,0.17,0.19,0.19,0.17,0.22,0.1,0.21,0.1,0.19,0.18,0.18,0.17,0.21,0.08,0.09,0.1,0.29,0.18,0.11,0.19,0.01,0.3,,0.19,0.19,0.11,0.2,,0.08,0.1,,0.21,0.2,0.09,0.21,0.11,0.07,0.2,0.12,0.27,0.21,0.18,0.12,0.22,0.07,0.19,0.19,0.22,,0.11,0.18,,0.18,0.1,0.16,0.21,0.2,,0.1,0.18,0.23,0.19,0.12,0.11,0.1,0.2,0.29,0.21,0.1,,0.19,0.27,0.19,0.2,0.08,0.2,0.11,0.2,0.18,0.21,,0.01,0.19,0.21,0.23,0.18,0.23,0.1,0.2,0.1,0.19,0.2,0.01,0.09
"Norway","Q1 2019",0.17,0.2,0.11,0.27,0.1,0.1,0.21,0.19,0.22,0.2,0.11,0.11,0.19,0.33,0.18,0.22,0.08,0.09,0.22,0.11,0.11,0.18,0.18,0.11,0.22,0.22,0.08,0.21,0.25,0.23,0.23,0.08,,0.23,0.17,0.27,0.09,0.21,0.21,0.12,0.18,0.19,0.2,,0.26,0.28,0.21,0.18,0.22,0.21,0.23,0.12,0.27,0.09,0.27,,0.17,0.12,0.27,0.26,0.18,0.19,0.27,0.17,0.17,0.31,0.22,0.16,0.22,0.15,0.18,0.2,0.1,0.21,,0.19,0.16,0.2,0.12,0.2,0.25,0.23,0.2,0.2,0.12,0.2,0.22,0.24,0.22,0.22,,0.19,0.2,0.02,0.11,0.2,0.21,0.17,0.2,0.28,0.18,0.25,0.1,0.22,0.1,0.19,0.19,0.2,0.17,0.23,0.1,0.09,0.1,0.3,0.19,0.11,0.2,0.08,0.32,,0.19,0.2,0.1,0.22,,0.07,0.1,,0.22,0.22,0.09,0.23,0.12,0.08,0.21,0.2,0.29,0.24,0.19,0.2,0.25,0.07,0.19,0.2,0.3,,0.12,0.18,,0.18,0.11,0.18,0.22,0.2,,0.11,0.17,0.25,0.2,0.12,0.12,0.11,0.22,0.32,0.23,0.1,,0.2,0.29,0.2,0.21,0.09,0.21,0.11,0.21,0.18,0.23,0.08,0.02,0.2,0.23,0.33,0.2,0.26,0.11,0.21,0.11,0.2,0.21,0.02,0.09
"Norway","Q1 2020",0.17,0.2,0.11,0.28,0.1,0.11,0.2,0.18,0.21,0.2,0.1,0.11,0.19,0.32,0.18,0.21,0.08,0.09,0.21,0.11,0.11,0.17,0.16,0.11,0.21,0.22,0.08,0.2,0.25,0.23,0.22,0.08,,0.23,0.17,0.27,0.09,0.21,0.21,0.12,0.17,0.18,0.2,,0.26,0.28,0.21,0.18,0.22,0.21,0.23,0.11,0.26,0.09,0.26,,0.17,0.12,0.27,0.25,0.17,0.19,0.27,0.16,0.1,0.31,0.21,0.16,0.22,0.15,0.18,0.19,0.1,0.2,,0.19,0.16,0.2,0.11,0.12,0.24,0.22,0.2,0.18,0.12,0.19,0.21,0.23,0.21,0.22,,0.19,0.19,0.1,0.11,0.19,0.21,0.17,0.2,0.27,0.18,0.24,0.1,0.21,0.11,0.19,0.18,0.2,0.17,0.23,0.1,0.1,0.1,0.3,0.19,0.12,0.19,0.01,0.32,,0.19,0.2,0.1,0.22,,0.07,0.1,,0.22,0.21,0.09,0.22,0.12,0.08,0.2,0.12,0.28,0.23,0.19,0.2,0.24,0.07,0.2,0.19,0.24,,0.11,0.18,,0.18,0.11,0.16,0.22,0.2,,0.11,0.17,0.24,0.2,0.12,0.11,0.11,0.22,0.32,0.22,0.1,,0.2,0.28,0.19,0.21,0.09,0.21,0.11,0.2,0.18,0.22,0.08,0.02,0.2,0.23,0.33,0.19,0.25,0.1,0.2,0.11,0.19,0.2,0.02,0.1
"Norway","Q1 2021",0.17,0.2,0.11,0.27,0.1,0.11,0.2,0.18,0.21,0.2,0.11,0.11,0.2,0.32,0.17,0.21,0.08,0.09,0.21,0.11,0.1,0.17,0.16,0.11,0.21,0.22,0.08,0.2,0.25,0.22,0.23,0.08,,0.23,0.1,0.27,0.09,0.21,0.21,0.12,0.17,0.18,0.2,,0.25,0.28,0.2,0.18,0.22,0.21,0.22,0.11,0.26,0.09,0.26,,0.18,0.12,0.27,0.24,0.17,0.19,0.26,0.17,0.1,0.31,0.22,0.16,0.22,0.16,0.18,0.2,0.1,0.21,,0.17,0.16,0.2,0.11,0.12,0.24,0.22,0.12,0.11,0.12,0.19,0.21,0.23,0.21,0.22,,0.19,0.19,0.1,0.11,0.19,0.21,0.17,0.2,0.26,0.1,0.24,0.1,0.21,0.11,0.19,0.18,0.11,0.1,0.23,0.1,0.1,0.1,0.3,0.2,0.11,0.19,,0.31,,0.19,0.2,0.19,0.22,0.08,0.07,0.1,,0.22,0.22,0.09,0.22,0.12,0.08,0.2,0.12,0.29,0.23,0.19,0.2,0.24,0.07,0.19,0.19,0.23,,0.11,0.18,,0.18,0.12,0.16,0.22,0.2,,0.1,0.17,0.24,0.2,0.12,0.11,0.11,0.22,0.32,0.22,0.1,,0.2,0.28,0.19,0.21,0.09,0.21,0.12,0.2,0.17,0.22,0.08,0.01,0.2,0.23,0.33,0.19,0.25,0.11,0.2,0.11,0.11,0.21,,0.09
"Oman","Q1 2016",0.19,0.26,0.21,0.35,0.19,0.2,0.35,0.22,0.44,0.33,0.37,0.24,0.22,0.58,0.22,0.31,0.15,0.2,0.37,0.18,0.2,0.2,0.19,0.23,0.28,0.48,0.16,0.36,0.57,0.53,0.52,,,0.43,0.22,0.33,0.1,0.28,0.3,0.4,0.22,0.23,0.29,,0.21,0.35,0.46,0.21,0.35,0.35,0.54,0.21,0.21,0.16,0.21,,0.18,0.24,0.29,0.56,0.2,0.25,0.24,0.22,0.18,0.56,0.32,0.17,0.41,0.09,0.22,0.24,0.22,0.31,,0.24,0.19,0.23,0.23,0.25,0.2,0.51,0.31,0.48,0.29,0.24,0.46,0.56,0.33,0.52,,0.41,0.35,0.2,0.29,0.21,0.48,0.2,0.27,0.25,0.31,0.57,0.21,0.49,0.2,0.22,0.19,0.43,0.3,0.51,0.17,0.19,0.18,0.52,0.27,0.24,0.32,0.16,0.55,,0.27,0.31,0.21,0.34,,0.15,0.18,0.25,,0.49,,0.44,0.23,0.08,0.36,0.3,0.37,0.5,0.23,0.32,0.55,0.08,0.36,0.31,0.51,,0.2,0.22,,0.22,0.21,0.2,0.55,0.28,,0.31,0.22,0.57,0.24,0.42,0.23,0.27,0.48,0.57,0.52,0.36,,0.24,0.38,0.24,0.47,0.17,0.36,0.21,0.29,0.22,0.5,,0.1,0.33,0.56,0.56,0.35,0.57,0.2,0.35,0.22,0.26,0.5,0.1,0.33
"Oman","Q1 2017",0.2,0.26,0.21,0.34,0.2,0.19,0.35,0.2,0.43,0.4,0.31,0.23,0.23,0.59,0.22,0.3,0.15,0.18,0.35,0.2,0.2,0.21,0.18,0.23,0.29,0.48,0.16,0.37,0.59,0.54,0.5,0.16,,0.41,0.19,0.33,0.1,0.28,0.3,0.41,0.23,0.2,0.29,,0.2,0.39,0.46,0.2,0.38,0.34,0.52,0.22,0.24,0.16,0.22,,0.18,0.24,0.25,0.58,0.2,0.25,0.25,0.21,0.19,0.57,0.31,0.17,0.43,0.08,0.2,0.25,0.22,0.31,,0.23,0.18,0.23,0.23,0.26,0.19,0.51,0.29,0.34,0.35,0.24,0.47,0.54,0.36,0.52,,0.42,0.34,0.2,0.29,0.21,0.46,0.2,0.23,0.23,0.3,0.57,0.21,0.5,0.2,0.24,0.21,0.42,0.21,0.4,0.17,0.18,0.19,0.54,0.25,0.24,0.27,0.09,0.57,,0.26,0.36,0.2,0.32,,0.08,0.21,0.23,,0.45,0.18,0.41,0.23,0.08,0.37,0.29,0.49,0.44,0.24,0.37,0.56,0.08,0.39,0.31,0.45,,0.21,0.21,,0.22,0.21,0.2,0.54,0.27,,0.29,0.21,0.58,0.25,0.42,0.23,0.28,0.47,0.58,0.54,0.33,,0.22,0.42,0.25,0.44,0.17,0.35,0.21,0.25,0.2,0.51,,0.09,0.33,0.57,0.58,0.34,0.56,0.2,0.34,0.21,0.25,0.48,0.09,0.26
"Oman","Q1 2018",0.19,0.25,0.21,0.32,0.2,0.2,0.35,0.21,0.34,0.4,0.39,0.24,0.22,0.59,0.22,0.37,0.15,0.18,0.36,0.2,0.19,0.21,0.2,0.22,0.27,0.41,0.16,0.36,0.6,0.55,0.5,0.16,,0.4,0.19,0.32,0.1,0.27,0.29,0.41,0.23,0.21,0.27,,0.17,0.4,0.45,0.2,0.38,0.34,0.53,0.22,0.24,0.16,0.21,,0.18,0.24,0.24,0.58,0.2,0.25,0.24,0.21,0.2,0.57,0.3,0.17,0.53,0.08,0.2,0.24,0.21,0.31,,0.23,0.18,0.23,0.22,0.25,0.19,0.5,0.33,0.37,0.38,0.25,0.46,0.56,0.36,0.41,,0.43,0.34,0.2,0.29,0.21,0.46,0.19,0.27,0.25,0.29,0.59,0.21,0.5,0.21,0.24,0.32,0.41,0.21,0.39,0.16,0.17,0.19,0.56,0.26,0.23,0.26,0.09,0.58,,0.25,0.33,0.21,0.31,,0.09,0.2,0.21,,0.45,0.18,0.39,0.23,0.08,0.36,0.29,0.42,0.41,0.23,0.42,0.57,0.15,0.39,0.39,0.38,,0.21,0.22,,0.21,0.2,0.19,0.53,0.36,,0.28,0.23,0.6,0.24,0.42,0.23,0.27,0.46,0.59,0.55,0.3,,0.23,0.42,0.24,0.43,0.16,0.36,0.21,0.26,0.21,0.51,,0.09,0.42,0.57,0.58,0.34,0.53,0.2,0.35,0.21,0.23,0.47,0.09,0.18
"Oman","Q1 2019",0.18,0.24,0.21,0.29,0.18,0.18,0.34,0.22,0.36,0.39,0.37,0.24,0.22,0.58,0.22,0.29,0.15,0.17,0.35,0.19,0.2,0.2,0.2,0.22,0.3,0.49,0.16,0.36,0.59,0.55,0.55,0.16,,0.4,0.21,0.3,0.1,0.27,0.28,0.33,0.22,0.22,0.27,,0.2,0.39,0.43,0.2,0.37,0.35,0.55,0.21,0.23,0.17,0.22,,0.18,0.23,0.24,0.58,0.2,0.23,0.24,0.19,0.19,0.57,0.29,0.16,0.53,0.08,0.2,0.24,0.2,0.31,,0.23,0.17,0.22,0.22,0.25,0.19,0.51,0.35,0.29,0.38,0.24,0.39,0.55,0.35,0.44,,0.37,0.37,0.09,0.31,0.22,0.47,0.2,0.25,0.29,0.28,0.59,0.21,0.5,0.19,0.23,0.21,0.42,0.21,0.41,0.18,0.17,0.18,0.56,0.24,0.21,0.26,0.09,0.58,,0.24,0.33,0.19,0.29,,0.08,0.19,0.22,,0.46,0.17,0.41,0.23,0.09,0.37,0.31,0.41,0.48,0.23,0.44,0.58,0.15,0.35,0.39,0.38,,0.2,0.2,,0.2,0.21,0.19,0.54,0.26,,0.3,0.2,0.6,0.23,0.33,0.23,0.28,0.47,0.59,0.57,0.28,,0.22,0.41,0.23,0.47,0.16,0.35,0.21,0.25,0.2,0.5,0.15,0.09,0.41,0.58,0.58,0.38,0.57,0.19,0.33,0.2,0.23,0.44,0.09,0.18
"Oman","Q1 2020",0.2,0.26,0.21,0.34,0.19,0.19,0.34,0.22,0.35,0.41,0.28,0.24,0.21,0.57,0.21,0.29,0.15,0.17,0.35,0.2,0.21,0.21,0.17,0.22,0.25,0.48,0.16,0.36,0.58,0.53,0.54,0.16,,0.41,0.21,0.33,0.1,0.3,0.29,0.4,0.21,0.22,0.28,,0.19,0.38,0.44,0.21,0.37,0.37,0.55,0.21,0.23,0.17,0.22,,0.18,0.23,0.24,0.56,0.2,0.25,0.25,0.18,0.19,0.55,0.38,0.17,0.46,0.08,0.21,0.27,0.22,0.31,,0.23,0.17,0.22,0.22,0.23,0.2,0.5,0.37,0.26,0.41,0.23,0.47,0.57,0.35,0.51,,0.36,0.35,0.2,0.3,0.22,0.47,0.2,0.26,0.24,0.29,0.57,0.21,0.44,0.21,0.26,0.2,0.43,0.21,0.41,0.19,0.19,0.19,0.54,0.27,0.23,0.26,0.09,0.56,,0.24,0.33,0.2,0.3,,0.08,0.2,0.22,,0.48,0.17,0.41,0.23,0.09,0.36,0.28,0.4,0.41,0.23,0.44,0.57,0.15,0.37,0.39,0.42,,0.2,0.2,,0.21,0.21,0.11,0.55,0.27,,0.3,0.19,0.58,0.24,0.42,0.22,0.29,0.47,0.57,0.54,0.27,,0.22,0.39,0.23,0.46,0.16,0.36,0.2,0.26,0.19,0.51,0.15,0.09,0.41,0.56,0.56,0.34,0.56,0.19,0.34,0.21,0.23,0.4,0.09,0.2
"Oman","Q1 2021",0.18,0.25,0.21,0.3,0.18,0.19,0.34,0.21,0.35,0.35,0.37,0.23,0.22,0.58,0.2,0.3,0.15,0.17,0.35,0.19,0.2,0.2,0.17,0.23,0.28,0.41,0.16,0.35,0.6,0.56,0.57,0.16,,0.4,0.2,0.3,0.1,0.29,0.28,0.4,0.21,0.21,0.27,,0.19,0.39,0.43,0.2,0.37,0.36,0.56,0.21,0.23,0.18,0.21,,0.19,0.23,0.24,0.58,0.2,0.24,0.23,0.19,0.19,0.57,0.38,0.17,0.47,0.11,0.2,0.28,0.21,0.33,,0.2,0.17,0.22,0.21,0.23,0.2,0.5,0.28,0.31,0.42,0.24,0.46,0.58,0.35,0.53,,0.36,0.34,0.19,0.29,0.21,0.41,0.19,0.25,0.24,0.26,0.59,0.2,0.47,0.21,0.27,0.21,0.4,0.2,0.4,0.19,0.19,0.18,0.56,0.29,0.23,0.25,,0.58,,0.24,0.32,0.22,0.3,0.09,0.08,0.19,0.22,,0.48,0.17,0.4,0.24,0.09,0.35,0.26,0.42,0.5,0.22,0.45,0.58,0.08,0.37,0.32,0.41,,0.19,0.2,,0.2,0.21,0.18,0.58,0.27,,0.29,0.19,0.6,0.23,0.41,0.22,0.29,0.47,0.59,0.57,0.19,,0.22,0.4,0.23,0.49,0.17,0.37,0.21,0.25,0.19,0.52,0.15,0.09,0.41,0.58,0.59,0.34,0.59,0.2,0.34,0.21,0.21,0.52,,0.19
"Pakistan","Q1 2016",0.19,0.25,0.2,0.34,0.19,0.2,0.34,0.21,0.37,0.38,0.37,0.3,0.22,0.51,0.21,0.31,0.15,0.2,0.35,0.18,0.2,0.2,0.18,0.22,0.26,0.4,0.16,0.34,0.52,0.48,0.48,,,0.39,0.28,0.32,0.1,0.27,0.29,0.31,0.21,0.22,0.28,,0.2,0.31,0.43,0.2,0.34,0.34,0.48,0.2,0.2,0.16,0.21,,0.18,0.23,0.28,0.5,0.2,0.24,0.23,0.21,0.18,0.49,0.31,0.17,0.35,0.09,0.22,0.23,0.22,0.3,,0.24,0.18,0.23,0.22,0.25,0.19,0.5,0.31,0.43,0.23,0.24,0.42,0.5,0.31,0.41,,0.34,0.34,0.19,0.29,0.21,0.42,0.2,0.26,0.25,0.31,0.51,0.21,0.43,0.2,0.21,0.19,0.4,0.3,0.4,0.17,0.18,0.18,0.46,0.33,0.23,0.31,0.09,0.48,,0.26,0.3,0.2,0.33,,0.08,0.18,0.24,0.49,,,0.4,0.22,0.08,0.35,0.29,0.32,0.38,0.22,0.31,0.5,0.08,0.36,0.3,0.4,,0.2,0.22,,0.22,0.2,0.19,0.49,0.27,,0.31,0.21,0.52,0.23,0.33,0.22,0.2,0.45,0.51,0.48,0.35,,0.23,0.33,0.24,0.46,0.16,0.34,0.2,0.28,0.22,0.38,,0.1,0.32,0.51,0.5,0.35,0.51,0.2,0.33,0.21,0.25,0.39,0.1,0.32
"Pakistan","Q1 2017",0.19,0.24,0.2,0.32,0.19,0.18,0.33,0.2,0.37,0.38,0.3,0.22,0.22,0.5,0.21,0.29,0.15,0.17,0.33,0.19,0.2,0.2,0.18,0.22,0.28,0.39,0.16,0.33,0.49,0.46,0.4,0.16,,0.37,0.25,0.31,0.09,0.26,0.29,0.31,0.22,0.2,0.27,,0.2,0.3,0.41,0.19,0.35,0.33,0.46,0.21,0.23,0.16,0.21,,0.18,0.23,0.24,0.49,0.2,0.24,0.24,0.2,0.18,0.48,0.3,0.16,0.35,0.08,0.2,0.24,0.21,0.3,,0.22,0.17,0.22,0.22,0.25,0.19,0.48,0.3,0.41,0.35,0.23,0.42,0.49,0.34,0.46,,0.32,0.33,0.19,0.28,0.2,0.34,0.19,0.22,0.22,0.29,0.48,0.2,0.41,0.2,0.23,0.2,0.38,0.21,0.36,0.17,0.17,0.18,0.46,0.24,0.23,0.26,0.08,0.48,,0.25,0.33,0.2,0.31,,0.08,0.2,0.22,0.45,,0.17,0.38,0.22,0.08,0.34,0.29,0.33,0.37,0.23,0.29,0.47,0.08,0.31,0.29,0.38,,0.2,0.21,,0.21,0.2,0.19,0.47,0.26,,0.22,0.2,0.49,0.23,0.31,0.22,0.27,0.42,0.49,0.46,0.26,,0.22,0.33,0.24,0.43,0.16,0.31,0.2,0.24,0.19,0.38,,0.09,0.31,0.48,0.49,0.33,0.49,0.19,0.32,0.2,0.24,0.43,0.09,0.19
"Pakistan","Q1 2018",0.18,0.24,0.2,0.31,0.19,0.19,0.34,0.21,0.35,0.38,0.35,0.23,0.22,0.51,0.21,0.3,0.15,0.17,0.34,0.2,0.19,0.2,0.2,0.21,0.26,0.39,0.16,0.34,0.51,0.48,0.42,0.16,,0.38,0.25,0.31,0.09,0.27,0.28,0.31,0.22,0.21,0.26,,0.17,0.3,0.42,0.19,0.37,0.34,0.47,0.22,0.23,0.16,0.21,,0.18,0.24,0.24,0.5,0.2,0.24,0.24,0.2,0.19,0.49,0.29,0.17,0.45,0.08,0.2,0.24,0.21,0.31,,0.22,0.18,0.22,0.21,0.25,0.19,0.49,0.35,0.42,0.38,0.24,0.42,0.5,0.34,0.46,,0.41,0.33,0.19,0.29,0.21,0.34,0.19,0.26,0.25,0.21,0.5,0.2,0.44,0.2,0.23,0.24,0.37,0.2,0.39,0.16,0.17,0.18,0.48,0.25,0.24,0.25,0.09,0.5,,0.24,0.34,0.2,0.3,,0.08,0.19,0.2,0.45,,0.17,0.38,0.22,0.08,0.34,0.31,0.32,0.38,0.22,0.39,0.49,0.08,0.31,0.31,0.38,,0.2,0.21,,0.21,0.2,0.18,0.48,0.28,,0.21,0.22,0.51,0.24,0.32,0.22,0.19,0.43,0.5,0.48,0.23,,0.22,0.33,0.23,0.45,0.16,0.32,0.21,0.25,0.21,0.47,,0.09,0.33,0.5,0.5,0.33,0.5,0.19,0.33,0.2,0.23,0.45,0.09,0.18
"Pakistan","Q1 2019",0.18,0.23,0.2,0.29,0.18,0.18,0.33,0.21,0.35,0.39,0.35,0.23,0.21,0.48,0.22,0.28,0.15,0.17,0.33,0.19,0.2,0.19,0.19,0.21,0.29,0.38,0.16,0.33,0.49,0.45,0.4,0.16,,0.36,0.27,0.29,0.09,0.26,0.27,0.3,0.21,0.21,0.27,,0.19,0.3,0.41,0.19,0.35,0.33,0.45,0.21,0.23,0.17,0.22,,0.18,0.22,0.24,0.48,0.2,0.22,0.24,0.19,0.19,0.47,0.28,0.16,0.37,0.08,0.2,0.24,0.2,0.3,,0.22,0.17,0.22,0.21,0.24,0.19,0.47,0.33,0.35,0.38,0.24,0.41,0.48,0.34,0.37,,0.4,0.37,0.09,0.3,0.21,0.34,0.2,0.25,0.29,0.21,0.48,0.21,0.42,0.18,0.23,0.2,0.38,0.2,0.37,0.18,0.17,0.18,0.45,0.23,0.21,0.25,0.09,0.48,,0.23,0.32,0.19,0.29,,0.08,0.19,0.22,0.46,,0.17,0.36,0.22,0.08,0.34,0.3,0.32,0.38,0.22,0.41,0.48,0.08,0.28,0.31,0.36,,0.2,0.2,,0.2,0.2,0.19,0.46,0.25,,0.29,0.19,0.49,0.23,0.3,0.22,0.28,0.42,0.49,0.47,0.21,,0.22,0.32,0.22,0.43,0.16,0.31,0.2,0.25,0.19,0.38,0.15,0.09,0.33,0.48,0.48,0.38,0.49,0.19,0.32,0.2,0.23,0.36,0.09,0.18
"Pakistan","Q1 2020",0.19,0.24,0.21,0.33,0.18,0.19,0.33,0.21,0.35,0.4,0.28,0.23,0.21,0.51,0.21,0.28,0.15,0.17,0.35,0.19,0.2,0.2,0.17,0.21,0.24,0.4,0.16,0.34,0.51,0.48,0.42,0.16,,0.39,0.27,0.32,0.1,0.3,0.28,0.32,0.2,0.21,0.27,,0.19,0.33,0.42,0.2,0.36,0.35,0.48,0.2,0.23,0.17,0.22,,0.18,0.22,0.24,0.5,0.2,0.24,0.24,0.18,0.19,0.49,0.36,0.17,0.39,0.08,0.2,0.27,0.21,0.3,,0.22,0.17,0.22,0.22,0.22,0.19,0.5,0.36,0.32,0.41,0.23,0.44,0.5,0.34,0.4,,0.41,0.34,0.19,0.3,0.22,0.36,0.2,0.25,0.23,0.29,0.5,0.21,0.44,0.2,0.26,0.2,0.41,0.21,0.4,0.18,0.18,0.18,0.48,0.26,0.22,0.25,0.08,0.5,,0.23,0.32,0.2,0.29,,0.08,0.19,0.21,0.48,,0.17,0.39,0.22,0.09,0.35,0.28,0.34,0.39,0.22,0.43,0.5,0.08,0.31,0.31,0.34,,0.19,0.19,,0.2,0.21,0.11,0.49,0.26,,0.3,0.19,0.51,0.23,0.33,0.21,0.28,0.45,0.51,0.49,0.21,,0.22,0.34,0.22,0.45,0.16,0.34,0.19,0.25,0.19,0.41,0.15,0.09,0.33,0.51,0.5,0.34,0.51,0.19,0.34,0.2,0.22,0.38,0.09,0.2
"Pakistan","Q1 2021",0.18,0.25,0.21,0.3,0.18,0.19,0.34,0.21,0.37,0.41,0.37,0.25,0.22,0.52,0.2,0.37,0.15,0.17,0.35,0.19,0.2,0.2,0.17,0.22,0.28,0.41,0.16,0.35,0.54,0.5,0.51,0.16,,0.41,0.26,0.3,0.1,0.3,0.29,0.33,0.21,0.21,0.27,,0.19,0.34,0.43,0.2,0.37,0.36,0.49,0.21,0.23,0.18,0.21,,0.19,0.22,0.24,0.52,0.2,0.24,0.23,0.19,0.19,0.51,0.44,0.17,0.47,0.11,0.2,0.28,0.21,0.33,,0.2,0.17,0.22,0.21,0.23,0.2,0.52,0.29,0.31,0.42,0.23,0.45,0.51,0.35,0.4,,0.43,0.34,0.19,0.29,0.21,0.44,0.19,0.25,0.24,0.2,0.53,0.2,0.45,0.2,0.27,0.21,0.4,0.2,0.41,0.19,0.19,0.18,0.5,0.29,0.23,0.26,,0.52,,0.24,0.33,0.22,0.3,0.09,0.08,0.19,0.22,0.48,,0.17,0.41,0.23,0.09,0.35,0.27,0.36,0.41,0.22,0.45,0.52,0.08,0.3,0.32,0.35,,0.19,0.2,,0.2,0.21,0.11,0.51,0.27,,0.28,0.19,0.54,0.23,0.33,0.22,0.3,0.47,0.53,0.51,0.19,,0.22,0.34,0.23,0.46,0.17,0.43,0.21,0.25,0.19,0.42,0.15,0.09,0.35,0.52,0.52,0.34,0.53,0.2,0.34,0.21,0.21,0.46,,0.19
"Palau","Q1 2016",,,,,,,,,,,,,,,,,,,,,,,,,,,,,,,,,,,,,,,,,,,,,,,,,,,,,,,,,,,,,,,,,,,,,,,,,,,,,,,,,,,,,,,,,,,,,,,,,,,,,,,,,,,,,,,,,,,,,,,,,,,,,,,,,,,,,,,,,,,,,,,,,,,,,,,,,,,,,,,,,,,,,,,,,,,,,,,,,,,,,,,,,,,,,,,
"Palau","Q1 2017",0.09,0.1,0.16,0.17,0.09,0.09,0.17,0.09,0.18,0.17,0.09,0.16,0.1,0.19,0.09,0.17,0.07,0.08,0.17,0.09,0.16,0.09,0.08,0.16,0.17,0.18,0.08,0.17,0.26,0.25,0.25,0.07,,0.18,0.09,0.17,0.08,0.1,0.17,0.17,0.09,0.09,0.09,,0.09,0.16,0.17,0.09,0.18,0.17,0.18,0.09,0.09,0.08,0.09,,0.08,0.17,0.09,0.19,0.09,0.16,0.09,0.09,0.09,0.19,0.17,0.08,0.17,0.08,0.09,0.1,0.24,0.17,,0.09,0.08,0.1,0.1,0.1,0.09,0.18,0.17,0.17,0.16,0.09,0.18,0.19,0.18,0.25,,0.17,0.17,0.16,0.09,0.09,0.17,0.09,0.09,0.09,0.16,0.19,0.09,0.17,0.17,0.1,0.09,0.17,0.09,0.18,0.15,0.08,0.09,0.18,0.16,0.16,0.17,0.08,0.19,,0.18,0.18,0.09,0.17,,0.07,0.24,0.09,0.18,0.17,,0.18,0.17,0.07,0.17,0.24,0.17,0.18,0.09,0.16,0.19,0.07,0.17,0.16,0.18,,0.09,0.09,,0.1,0.16,0.09,0.18,0.1,,0.09,0.09,0.19,0.1,0.17,0.17,0.09,0.18,0.19,0.18,0.09,,0.09,0.17,0.09,0.18,0.08,0.17,0.16,0.1,0.09,0.17,,0.08,0.16,0.18,0.19,0.17,0.2,0.09,0.17,0.17,0.1,0.18,0.08,0.08
"Palau","Q1 2018",0.08,0.09,0.16,0.17,0.09,0.09,0.17,0.09,0.18,0.17,0.16,0.16,0.1,0.19,0.09,0.17,0.07,0.08,0.17,0.09,0.16,0.09,0.09,0.16,0.17,0.18,0.08,0.17,0.26,0.25,0.26,0.07,,0.18,0.09,0.17,0.08,0.1,0.17,0.16,0.09,0.09,0.09,,0.08,0.16,0.17,0.09,0.18,0.17,0.18,0.09,0.09,0.08,0.09,,0.08,0.17,0.09,0.19,0.09,0.16,0.09,0.09,0.09,0.19,0.17,0.08,0.18,0.08,0.09,0.1,0.23,0.17,,0.09,0.08,0.1,0.09,0.1,0.09,0.18,0.17,0.17,0.16,0.09,0.17,0.19,0.18,0.25,,0.17,0.16,0.16,0.09,0.09,0.17,0.09,0.09,0.09,0.09,0.19,0.09,0.17,0.17,0.1,0.16,0.17,0.09,0.18,0.15,0.08,0.09,0.18,0.09,0.16,0.16,0.08,0.19,,0.17,0.18,0.09,0.17,,0.07,0.23,0.09,0.18,0.17,,0.18,0.17,0.07,0.17,0.24,0.17,0.18,0.09,0.17,0.19,0.07,0.17,0.17,0.18,,0.09,0.09,,0.09,0.16,0.09,0.18,0.17,,0.09,0.09,0.19,0.1,0.16,0.17,0.09,0.18,0.19,0.18,0.09,,0.09,0.17,0.09,0.18,0.08,0.17,0.16,0.1,0.09,0.18,,0.08,0.17,0.18,0.19,0.17,0.2,0.09,0.17,0.16,0.1,0.18,0.08,0.08
"Palau","Q1 2019",0.08,0.09,0.16,0.16,0.09,0.09,0.17,0.09,0.18,0.17,0.16,0.16,0.09,0.19,0.09,0.17,0.07,0.08,0.17,0.09,0.16,0.09,0.09,0.16,0.16,0.17,0.08,0.17,0.26,0.25,0.25,0.07,,0.18,0.09,0.16,0.08,0.1,0.16,0.16,0.09,0.09,0.09,,0.09,0.16,0.17,0.09,0.18,0.17,0.18,0.09,0.09,0.08,0.09,,0.08,0.17,0.09,0.19,0.09,0.16,0.09,0.08,0.08,0.18,0.17,0.08,0.17,0.08,0.09,0.1,0.23,0.17,,0.09,0.08,0.09,0.09,0.09,0.09,0.18,0.17,0.16,0.16,0.09,0.17,0.18,0.17,0.18,,0.16,0.16,0.08,0.09,0.09,0.16,0.09,0.09,0.09,0.09,0.18,0.08,0.17,0.16,0.09,0.09,0.17,0.09,0.18,0.16,0.08,0.09,0.18,0.09,0.16,0.16,0.08,0.19,,0.17,0.17,0.08,0.17,,0.07,0.23,0.09,0.17,0.17,,0.18,0.17,0.07,0.17,0.24,0.17,0.17,0.09,0.17,0.19,0.07,0.09,0.16,0.18,,0.09,0.09,,0.09,0.16,0.09,0.18,0.09,,0.09,0.09,0.19,0.1,0.16,0.17,0.09,0.17,0.19,0.18,0.08,,0.09,0.16,0.09,0.17,0.08,0.17,0.16,0.1,0.09,0.17,0.07,0.08,0.16,0.18,0.19,0.17,0.19,0.09,0.16,0.16,0.1,0.17,0.08,0.08
"Palau","Q1 2020",0.09,0.09,0.16,0.17,0.09,0.09,0.17,0.09,0.17,0.17,0.08,0.16,0.09,0.19,0.09,0.17,0.07,0.08,0.17,0.09,0.16,0.09,0.08,0.16,0.09,0.18,0.08,0.17,0.26,0.25,0.25,0.07,,0.18,0.09,0.16,0.08,0.1,0.17,0.16,0.09,0.09,0.09,,0.09,0.16,0.17,0.09,0.18,0.17,0.18,0.09,0.09,0.08,0.09,,0.08,0.17,0.09,0.18,0.09,0.09,0.09,0.08,0.08,0.18,0.17,0.08,0.17,0.08,0.09,0.1,0.23,0.17,,0.09,0.08,0.09,0.09,0.09,0.09,0.18,0.17,0.16,0.16,0.09,0.17,0.18,0.18,0.18,,0.16,0.16,0.16,0.09,0.09,0.16,0.09,0.09,0.09,0.09,0.18,0.08,0.17,0.17,0.1,0.09,0.17,0.09,0.18,0.16,0.08,0.09,0.18,0.09,0.16,0.16,0.08,0.19,,0.17,0.17,0.08,0.17,,0.07,0.23,0.09,0.17,0.17,,0.18,0.16,0.07,0.17,0.23,0.17,0.17,0.09,0.17,0.19,0.07,0.09,0.16,0.18,,0.09,0.09,,0.09,0.16,0.08,0.18,0.09,,0.09,0.09,0.19,0.1,0.16,0.16,0.09,0.17,0.19,0.18,0.08,,0.09,0.16,0.09,0.17,0.08,0.17,0.09,0.1,0.09,0.17,0.07,0.08,0.16,0.18,0.19,0.16,0.19,0.09,0.16,0.16,0.09,0.17,0.08,0.08
"Palau","Q1 2021",0.08,0.09,0.16,0.16,0.09,0.09,0.16,0.09,0.17,0.17,0.15,0.16,0.09,0.18,0.09,0.16,0.07,0.08,0.17,0.09,0.15,0.08,0.08,0.16,0.16,0.17,0.08,0.16,0.25,0.25,0.25,0.07,,0.18,0.08,0.16,0.08,0.09,0.16,0.16,0.09,0.09,0.09,,0.08,0.16,0.16,0.09,0.17,0.17,0.17,0.08,0.09,0.08,0.09,,0.08,0.17,0.09,0.18,0.08,0.09,0.09,0.08,0.08,0.18,0.17,0.08,0.17,0.08,0.09,0.1,0.23,0.17,,0.08,0.08,0.09,0.08,0.09,0.08,0.17,0.16,0.15,0.16,0.09,0.17,0.18,0.17,0.18,,0.16,0.16,0.16,0.08,0.08,0.16,0.08,0.09,0.09,0.08,0.18,0.08,0.17,0.17,0.09,0.08,0.16,0.08,0.17,0.23,0.08,0.09,0.17,0.09,0.16,0.16,,0.18,,0.16,0.17,0.09,0.17,0.08,0.07,0.23,0.09,0.17,0.17,,0.17,0.16,0.07,0.16,0.16,0.16,0.17,0.09,0.17,0.19,0.07,0.09,0.16,0.17,,0.09,0.09,,0.09,0.16,0.08,0.17,0.09,,0.09,0.08,0.18,0.09,0.16,0.16,0.09,0.17,0.18,0.17,0.08,,0.09,0.16,0.09,0.17,0.08,0.16,0.16,0.09,0.08,0.17,0.07,0.08,0.16,0.18,0.18,0.16,0.19,0.09,0.16,0.16,0.09,0.17,,0.08
"Panama","Q1 2016",0.19,0.34,0.22,0.35,0.21,0.22,0.37,0.32,0.45,0.41,0.29,0.23,0.25,0.59,0.3,0.31,0.15,0.29,0.45,0.19,0.2,0.21,0.19,0.23,0.28,0.5,0.17,0.44,0.58,0.54,0.54,,,0.57,0.21,0.32,0.17,0.39,0.31,0.4,0.31,0.33,0.3,,0.21,0.35,0.37,0.23,0.47,0.45,0.53,0.29,0.21,0.09,0.22,,0.18,0.25,0.29,0.58,0.22,0.33,0.25,0.22,0.19,0.56,0.32,0.24,0.4,0.09,0.32,0.34,0.23,0.42,,0.25,0.19,0.33,0.33,0.34,0.2,0.43,0.32,0.39,0.15,0.32,0.39,0.57,0.45,0.53,,0.33,0.26,0.2,0.22,0.22,0.47,0.21,0.26,0.26,0.23,0.55,0.2,0.48,0.21,0.3,0.2,0.42,0.23,0.55,0.17,0.19,0.19,0.52,0.25,0.24,0.32,0.16,0.58,,0.34,0.39,0.29,0.34,,0.15,0.19,0.26,0.44,0.4,,,0.24,0.09,0.45,0.3,0.36,0.51,0.33,0.24,0.57,0.08,0.29,0.32,0.52,,0.23,0.32,,0.32,0.22,0.2,0.45,0.28,,0.23,0.22,0.49,0.27,0.35,0.24,0.13,0.47,0.59,0.44,0.27,,0.34,0.37,0.25,0.39,0.17,0.36,0.22,0.41,0.23,0.51,,0.18,0.4,0.46,0.59,0.26,0.62,0.22,0.36,0.23,0.36,0.43,0.18,0.25
"Panama","Q1 2017",0.2,0.34,0.22,0.34,0.21,0.2,0.43,0.29,0.45,0.41,0.23,0.22,0.25,0.58,0.31,0.29,0.15,0.19,0.44,0.21,0.2,0.21,0.18,0.22,0.28,0.5,0.17,0.47,0.56,0.52,0.52,0.16,,0.56,0.19,0.33,0.17,0.38,0.3,0.41,0.32,0.29,0.29,,0.21,0.34,0.37,0.21,0.5,0.44,0.52,0.31,0.24,0.09,0.22,,0.18,0.25,0.25,0.57,0.21,0.33,0.25,0.21,0.2,0.55,0.31,0.24,0.4,0.08,0.22,0.34,0.23,0.43,,0.24,0.18,0.25,0.32,0.36,0.19,0.44,0.31,0.34,0.27,0.31,0.4,0.56,0.47,0.52,,0.35,0.26,0.2,0.14,0.21,0.46,0.2,0.23,0.23,0.22,0.46,0.2,0.47,0.21,0.32,0.21,0.34,0.2,0.52,0.17,0.18,0.2,0.53,0.24,0.23,0.27,0.09,0.57,,0.34,0.44,0.29,0.31,,0.15,0.22,0.23,0.41,0.38,0.18,,0.24,0.15,0.48,0.3,0.36,0.49,0.33,0.29,0.55,0.08,0.31,0.31,0.46,,0.22,0.23,,0.24,0.21,0.2,0.43,0.28,,0.21,0.22,0.54,0.27,0.35,0.23,0.14,0.39,0.57,0.43,0.25,,0.24,0.37,0.26,0.38,0.17,0.35,0.22,0.35,0.2,0.5,,0.09,0.4,0.43,0.58,0.25,0.59,0.21,0.42,0.22,0.34,0.41,0.09,0.12
"Panama","Q1 2018",0.18,0.25,0.22,0.32,0.21,0.21,0.44,0.31,0.43,0.4,0.3,0.23,0.25,0.57,0.31,0.3,0.15,0.19,0.45,0.22,0.19,0.21,0.21,0.21,0.27,0.51,0.17,0.47,0.55,0.52,0.52,0.16,,0.55,0.19,0.31,0.17,0.39,0.29,0.4,0.32,0.31,0.27,,0.11,0.34,0.36,0.21,0.51,0.45,0.43,0.31,0.24,0.09,0.22,,0.18,0.26,0.24,0.56,0.22,0.32,0.25,0.21,0.2,0.54,0.29,0.24,0.41,0.08,0.22,0.34,0.21,0.43,,0.23,0.19,0.32,0.31,0.35,0.2,0.42,0.36,0.37,0.3,0.32,0.39,0.55,0.48,0.5,,0.34,0.25,0.2,0.15,0.22,0.37,0.19,0.25,0.26,0.21,0.45,0.2,0.48,0.22,0.34,0.25,0.33,0.2,0.52,0.17,0.17,0.2,0.53,0.24,0.24,0.26,0.09,0.57,,0.33,0.43,0.29,0.3,,0.16,0.2,0.21,0.39,0.38,0.18,,0.23,0.15,0.48,0.31,0.35,0.5,0.32,0.34,0.54,0.08,0.3,0.32,0.47,,0.23,0.24,,0.23,0.22,0.19,0.42,0.3,,0.2,0.23,0.54,0.28,0.34,0.24,0.12,0.39,0.57,0.42,0.23,,0.32,0.36,0.24,0.38,0.17,0.36,0.22,0.35,0.21,0.5,,0.09,0.41,0.43,0.57,0.26,0.58,0.21,0.43,0.22,0.32,0.41,0.09,0.11
"Panama","Q1 2019",0.18,0.24,0.22,0.3,0.2,0.2,0.36,0.31,0.43,0.4,0.29,0.23,0.24,0.55,0.31,0.29,0.15,0.18,0.44,0.21,0.2,0.21,0.2,0.22,0.31,0.5,0.17,0.46,0.54,0.5,0.51,0.16,,0.53,0.2,0.29,0.17,0.38,0.28,0.32,0.31,0.31,0.27,,0.2,0.33,0.35,0.21,0.49,0.44,0.41,0.3,0.24,0.1,0.22,,0.18,0.24,0.25,0.54,0.22,0.31,0.25,0.19,0.2,0.53,0.29,0.16,0.4,0.08,0.21,0.34,0.21,0.42,,0.23,0.18,0.31,0.31,0.34,0.2,0.42,0.36,0.27,0.3,0.32,0.39,0.54,0.47,0.49,,0.35,0.29,0.09,0.23,0.22,0.37,0.2,0.25,0.3,0.21,0.44,0.2,0.47,0.19,0.33,0.21,0.34,0.2,0.52,0.19,0.17,0.2,0.51,0.23,0.21,0.26,0.16,0.56,,0.32,0.41,0.27,0.3,,0.15,0.2,0.23,0.41,0.36,0.18,,0.24,0.09,0.48,0.31,0.36,0.5,0.32,0.36,0.53,0.08,0.27,0.31,0.46,,0.22,0.22,,0.21,0.22,0.2,0.42,0.26,,0.22,0.2,0.53,0.26,0.33,0.24,0.13,0.38,0.55,0.42,0.14,,0.31,0.35,0.23,0.4,0.17,0.35,0.22,0.35,0.2,0.48,0.15,0.09,0.4,0.42,0.56,0.29,0.58,0.2,0.34,0.22,0.33,0.4,0.09,0.11
"Panama","Q1 2020",0.2,0.25,0.22,0.34,0.2,0.21,0.35,0.3,0.43,0.42,0.14,0.23,0.23,0.56,0.3,0.28,0.15,0.18,0.44,0.22,0.21,0.21,0.17,0.22,0.26,0.52,0.17,0.45,0.55,0.52,0.52,0.16,,0.54,0.2,0.32,0.17,0.41,0.29,0.32,0.23,0.3,0.28,,0.2,0.34,0.35,0.22,0.49,0.47,0.43,0.29,0.24,0.1,0.23,,0.18,0.24,0.24,0.55,0.21,0.33,0.25,0.19,0.2,0.53,0.37,0.18,0.48,0.08,0.22,0.37,0.22,0.4,,0.23,0.17,0.31,0.31,0.32,0.2,0.43,0.39,0.25,0.33,0.3,0.39,0.53,0.47,0.51,,0.35,0.26,0.2,0.23,0.23,0.38,0.2,0.25,0.24,0.21,0.46,0.2,0.46,0.21,0.35,0.2,0.35,0.2,0.53,0.19,0.19,0.2,0.51,0.24,0.23,0.26,0.09,0.56,,0.32,0.41,0.28,0.3,,0.15,0.2,0.22,0.41,0.39,0.18,,0.23,0.09,0.46,0.29,0.37,0.48,0.32,0.36,0.55,0.08,0.3,0.31,0.41,,0.22,0.21,,0.22,0.22,0.18,0.42,0.27,,0.22,0.19,0.54,0.26,0.34,0.23,0.14,0.39,0.55,0.43,0.13,,0.31,0.35,0.23,0.41,0.17,0.36,0.21,0.35,0.2,0.49,0.15,0.09,0.4,0.44,0.57,0.26,0.59,0.2,0.35,0.22,0.32,0.47,0.09,0.13
"Panama","Q1 2021",0.19,0.26,0.23,0.3,0.2,0.21,0.36,0.3,0.45,0.43,0.3,0.25,0.24,0.55,0.29,0.29,0.15,0.18,0.44,0.2,0.2,0.21,0.17,0.23,0.28,0.51,0.16,0.44,0.55,0.52,0.52,0.16,,0.55,0.12,0.29,0.17,0.41,0.29,0.33,0.29,0.3,0.27,,0.19,0.35,0.35,0.22,0.49,0.46,0.42,0.29,0.24,0.11,0.22,,0.19,0.24,0.24,0.54,0.21,0.33,0.24,0.19,0.2,0.52,0.37,0.18,0.48,0.11,0.22,0.38,0.22,0.43,,0.2,0.17,0.31,0.29,0.32,0.2,0.43,0.31,0.3,0.34,0.31,0.4,0.52,0.48,0.49,,0.35,0.26,0.2,0.15,0.22,0.38,0.19,0.25,0.24,0.13,0.45,0.19,0.46,0.21,0.37,0.21,0.32,0.13,0.53,0.2,0.19,0.2,0.51,0.27,0.22,0.26,,0.56,,0.32,0.41,0.31,0.3,0.16,0.15,0.2,0.22,0.4,0.41,0.17,,0.24,0.09,0.45,0.27,0.38,0.49,0.31,0.38,0.54,0.08,0.29,0.32,0.41,,0.2,0.21,,0.22,0.23,0.18,0.43,0.28,,0.21,0.19,0.54,0.27,0.33,0.23,0.15,0.39,0.55,0.43,0.13,,0.31,0.35,0.23,0.41,0.17,0.36,0.23,0.34,0.19,0.48,0.16,0.09,0.41,0.44,0.56,0.26,0.59,0.22,0.35,0.22,0.3,0.47,,0.12
"Papua New Guinea","Q1 2016",0.1,0.13,0.2,0.22,0.1,0.1,0.21,0.12,0.31,0.21,0.2,0.2,0.12,0.26,0.12,0.22,0.08,0.11,0.22,0.1,0.18,0.11,0.1,0.21,0.2,0.23,0.08,0.21,0.33,0.32,0.32,,,0.23,0.11,0.21,0.16,0.14,0.21,0.21,0.12,0.13,0.13,,0.11,0.2,0.23,0.11,0.22,0.21,0.24,0.12,0.11,0.08,0.12,,0.1,0.28,0.21,0.25,0.11,0.21,0.13,0.12,0.1,0.25,0.21,0.09,0.22,0.08,0.12,0.13,0.27,0.21,,0.13,0.1,0.13,0.13,0.13,0.1,0.24,0.29,0.22,0.11,0.12,0.22,0.25,0.23,0.32,,0.2,0.21,0.19,0.12,0.12,0.22,0.11,0.13,0.12,0.19,0.32,0.18,0.23,0.19,0.12,0.11,0.22,0.12,0.23,0.16,0.1,0.09,0.23,0.2,0.2,0.21,0.16,0.25,,0.3,0.3,0.11,0.22,,0.14,0.17,0.2,0.23,0.22,,0.24,,0.08,0.21,0.29,0.21,0.22,0.13,0.19,0.33,0.07,0.21,0.2,0.24,,0.11,0.12,,0.12,0.2,0.11,0.23,0.13,,0.19,0.12,0.32,0.13,0.21,0.29,0.11,0.23,0.25,0.23,0.2,,0.13,0.21,0.12,0.3,0.16,0.21,0.2,0.22,0.12,0.22,,0.16,0.21,0.24,0.26,0.21,0.26,0.11,0.21,0.27,0.13,0.3,0.16,0.19
"Papua New Guinea","Q1 2017",0.11,0.13,0.2,0.22,0.11,0.1,0.21,0.11,0.31,0.21,0.12,0.19,0.13,0.26,0.12,0.21,0.08,0.1,0.22,0.11,0.19,0.11,0.1,0.2,0.21,0.23,0.08,0.21,0.33,0.31,0.32,0.15,,0.24,0.1,0.21,0.16,0.14,0.21,0.21,0.12,0.11,0.13,,0.11,0.2,0.22,0.11,0.23,0.21,0.24,0.12,0.13,0.08,0.12,,0.1,0.29,0.12,0.25,0.11,0.21,0.13,0.11,0.1,0.25,0.21,0.09,0.22,0.08,0.11,0.13,0.27,0.22,,0.12,0.1,0.12,0.13,0.13,0.1,0.24,0.29,0.21,0.19,0.13,0.22,0.25,0.23,0.32,,0.21,0.2,0.19,0.11,0.11,0.22,0.11,0.12,0.12,0.19,0.32,0.18,0.22,0.2,0.13,0.12,0.21,0.11,0.23,0.16,0.1,0.1,0.23,0.2,0.2,0.21,0.15,0.25,,0.3,0.3,0.12,0.22,,0.14,0.27,0.12,0.23,0.22,0.17,0.24,,0.08,0.22,0.29,0.21,0.23,0.13,0.2,0.33,0.07,0.21,0.2,0.24,,0.11,0.12,,0.12,0.19,0.11,0.23,0.13,,0.19,0.12,0.32,0.14,0.21,0.28,0.11,0.23,0.25,0.23,0.19,,0.12,0.21,0.12,0.3,0.16,0.21,0.2,0.14,0.11,0.22,,0.15,0.2,0.23,0.26,0.21,0.26,0.11,0.21,0.27,0.14,0.23,0.15,0.1
"Papua New Guinea","Q1 2018",0.1,0.12,0.2,0.21,0.11,0.11,0.21,0.12,0.3,0.21,0.19,0.2,0.12,0.26,0.12,0.21,0.08,0.1,0.22,0.11,0.18,0.11,0.11,0.2,0.2,0.24,0.08,0.21,0.33,0.32,0.32,0.15,,0.24,0.1,0.21,0.16,0.14,0.2,0.2,0.12,0.12,0.12,,0.1,0.2,0.21,0.11,0.23,0.21,0.23,0.12,0.13,0.08,0.12,,0.1,0.29,0.12,0.25,0.11,0.21,0.13,0.11,0.11,0.25,0.21,0.09,0.22,0.08,0.11,0.13,0.19,0.21,,0.12,0.1,0.13,0.12,0.13,0.1,0.23,0.29,0.21,0.2,0.13,0.22,0.25,0.22,0.31,,0.21,0.2,0.19,0.11,0.12,0.21,0.1,0.13,0.12,0.19,0.32,0.18,0.22,0.26,0.13,0.2,0.21,0.11,0.23,0.16,0.09,0.1,0.24,0.2,0.2,0.2,0.15,0.26,,0.29,0.3,0.12,0.21,,0.15,0.19,0.11,0.23,0.22,0.17,0.23,,0.08,0.22,0.29,0.21,0.22,0.13,0.21,0.33,0.07,0.21,0.21,0.24,,0.12,0.12,,0.11,0.2,0.1,0.23,0.21,,0.18,0.12,0.32,0.14,0.2,0.29,0.11,0.22,0.25,0.24,0.18,,0.12,0.21,0.12,0.3,0.16,0.21,0.2,0.14,0.11,0.23,,0.15,0.21,0.23,0.26,0.21,0.26,0.11,0.21,0.27,0.13,0.29,0.15,0.1
"Papua New Guinea","Q1 2019",0.1,0.12,0.2,0.21,0.1,0.1,0.22,0.13,0.31,0.22,0.2,0.2,0.12,0.26,0.12,0.22,0.08,0.1,0.22,0.11,0.19,0.11,0.11,0.2,0.21,0.23,0.08,0.22,0.34,0.32,0.32,0.15,,0.24,0.11,0.21,0.16,0.14,0.21,0.2,0.13,0.13,0.13,,0.11,0.21,0.22,0.11,0.23,0.22,0.23,0.13,0.13,0.09,0.12,,0.1,0.29,0.13,0.25,0.11,0.21,0.13,0.11,0.11,0.25,0.22,0.08,0.23,0.08,0.11,0.13,0.2,0.22,,0.12,0.1,0.12,0.13,0.13,0.1,0.24,0.29,0.21,0.21,0.13,0.22,0.25,0.23,0.32,,0.21,0.21,0.15,0.19,0.12,0.21,0.11,0.13,0.2,0.19,0.32,0.19,0.23,0.24,0.13,0.12,0.21,0.11,0.23,0.24,0.09,0.1,0.24,0.2,0.19,0.21,0.15,0.26,,0.29,0.3,0.11,0.22,,0.14,0.19,0.12,0.23,0.22,0.17,0.24,,0.08,0.22,0.29,0.22,0.23,0.13,0.21,0.33,0.07,0.2,0.21,0.24,,0.12,0.11,,0.11,0.2,0.11,0.24,0.13,,0.19,0.11,0.33,0.14,0.2,0.29,0.12,0.23,0.25,0.24,0.11,,0.12,0.21,0.13,0.3,0.16,0.22,0.2,0.14,0.11,0.23,0.08,0.15,0.21,0.24,0.26,0.21,0.27,0.11,0.21,0.27,0.14,0.23,0.15,0.1
"Papua New Guinea","Q1 2020",0.11,0.12,0.21,0.21,0.1,0.11,0.21,0.12,0.3,0.21,0.12,0.2,0.12,0.25,0.12,0.21,0.08,0.1,0.22,0.11,0.19,0.11,0.09,0.2,0.13,0.24,0.08,0.21,0.33,0.31,0.32,0.15,,0.24,0.11,0.21,0.16,0.14,0.21,0.2,0.11,0.12,0.13,,0.11,0.2,0.21,0.11,0.23,0.21,0.23,0.12,0.13,0.09,0.12,,0.1,0.29,0.13,0.25,0.11,0.21,0.13,0.1,0.11,0.24,0.22,0.09,0.23,0.08,0.11,0.13,0.19,0.21,,0.12,0.09,0.12,0.12,0.12,0.11,0.23,0.29,0.2,0.21,0.13,0.21,0.25,0.23,0.31,,0.21,0.21,0.19,0.19,0.12,0.21,0.11,0.13,0.12,0.19,0.31,0.18,0.22,0.26,0.12,0.11,0.21,0.11,0.23,0.24,0.1,0.1,0.23,0.2,0.2,0.2,0.15,0.25,,0.29,0.3,0.12,0.22,,0.14,0.19,0.12,0.23,0.22,0.16,0.23,,0.08,0.22,0.21,0.21,0.22,0.13,0.21,0.33,0.07,0.2,0.21,0.23,,0.11,0.11,,0.11,0.21,0.1,0.23,0.13,,0.19,0.11,0.32,0.13,0.2,0.28,0.12,0.22,0.25,0.24,0.11,,0.12,0.21,0.12,0.3,0.16,0.21,0.19,0.14,0.1,0.23,0.08,0.15,0.21,0.24,0.26,0.2,0.26,0.11,0.21,0.27,0.13,0.22,0.15,0.11
"Papua New Guinea","Q1 2021",0.1,0.13,0.21,0.21,0.1,0.11,0.22,0.12,0.31,0.22,0.19,0.21,0.12,0.26,0.11,0.22,0.08,0.1,0.23,0.11,0.18,0.12,0.09,0.21,0.21,0.24,0.08,0.22,0.34,0.32,0.33,0.15,,0.24,0.11,0.21,0.16,0.15,0.22,0.21,0.12,0.12,0.14,,0.1,0.21,0.22,0.11,0.23,0.22,0.23,0.13,0.13,0.1,0.12,,0.11,0.29,0.13,0.26,0.11,0.22,0.12,0.11,0.11,0.25,0.23,0.09,0.23,0.1,0.11,0.14,0.2,0.22,,0.11,0.09,0.13,0.13,0.13,0.11,0.24,0.29,0.19,0.21,0.13,0.22,0.25,0.24,0.32,,0.22,0.21,0.19,0.12,0.12,0.22,0.11,0.13,0.13,0.11,0.32,0.18,0.23,0.26,0.13,0.12,0.2,0.11,0.24,0.25,0.1,0.1,0.24,0.21,0.21,0.2,,0.26,,0.29,0.31,0.13,0.22,0.15,0.14,0.18,0.12,0.24,0.23,0.16,0.24,,0.08,0.22,0.29,0.22,0.23,0.13,0.22,0.34,0.07,0.2,0.21,0.24,,0.11,0.11,,0.11,0.21,0.1,0.24,0.14,,0.19,0.11,0.33,0.13,0.21,0.28,0.12,0.23,0.26,0.24,0.11,,0.13,0.21,0.13,0.31,0.16,0.22,0.21,0.14,0.1,0.23,0.08,0.15,0.22,0.24,0.26,0.21,0.27,0.11,0.22,0.27,0.13,0.23,,0.11
"Paraguay","Q1 2016",0.07,0.08,0.08,0.08,0.08,0.08,0.21,0.08,0.08,0.15,0.08,0.07,0.08,0.16,0.08,0.08,0.07,0.08,0.15,0.07,0.07,0.07,0.07,0.07,0.08,0.08,0.07,0.15,0.16,0.16,0.09,,,0.15,0.07,0.08,0,0.08,0.08,0.08,0.08,0.08,0.08,,0.07,0.08,0.08,0.08,0.15,0.15,0.09,0.07,0.08,0,0.07,,0.07,0.08,0.08,0.16,0.07,0.08,0.08,0.08,0.01,0.16,0.08,0.07,0.08,0,0.08,0.08,0.08,0.08,,0.08,0.07,0.08,0.08,0.08,0.07,0.08,0.08,0.08,0.01,0.08,0.08,0.16,0.08,0.15,,0.08,0.08,0.08,0.07,0.07,0.08,0.07,0.08,0.07,0.08,0.16,0.07,0.08,0.08,0.08,0.07,0.08,0.08,0.16,0.07,0.07,0.07,0.16,0.08,0.07,0.08,0,0.16,,0.08,0.08,0.07,0.08,,0,0.07,0.08,0.08,0.08,,0.09,0.08,,0.15,0.08,0.08,0.08,0.08,0.08,0.16,0,0.08,0.08,0.09,,0.08,0.08,,0.08,0.08,0.07,0.08,0.08,,0.08,0.08,0.16,0.08,0.08,0.08,0.01,0.15,0.16,0.08,0.08,,0.08,0.08,0.07,0.08,0.07,0.08,0.08,0.08,0.07,0.08,,0.01,0.08,0.09,0.16,0.08,0.16,0.08,0.21,0.08,0.08,0.08,0.01,0.07
"Paraguay","Q1 2017",0.07,0.08,0.08,0.08,0.08,0.07,0.21,0.07,0.08,0.08,0.08,0.07,0.08,0.16,0.08,0.08,0.07,0.07,0.15,0.08,0.07,0.07,0.07,0.07,0.08,0.08,0.07,0.15,0.16,0.16,0.09,0.07,,0.16,0.07,0.08,0,0.08,0.08,0.08,0.08,0.07,0.08,,0.07,0.08,0.08,0.08,0.15,0.15,0.09,0.08,0.08,0,0.07,,0.07,0.08,0.08,0.16,0.07,0.08,0.08,0.15,0.07,0.16,0.08,0.07,0.08,0,0.08,0.08,0.08,0.08,,0.15,0.07,0.08,0.08,0.08,0.07,0.08,0.08,0.08,0.07,0.08,0.08,0.16,0.08,0.15,,0.08,0.08,0.07,0.01,0.07,0.08,0.07,0.08,0.07,0.08,0.16,0.07,0.08,0.08,0.08,0.07,0.08,0.07,0.15,0.07,0.07,0.08,0.16,0.08,0.07,0.08,0,0.16,,0.08,0.08,0.07,0.08,,0,0.08,0.08,0.08,0.08,0.07,0.15,0.08,,0.15,0.08,0.08,0.08,0.08,0.08,0.16,0,0.08,0.08,0.08,,0.08,0.08,,0.08,0.08,0.07,0.08,0.15,,0.08,0.15,0.16,0.08,0.08,0.08,0.01,0.15,0.16,0.08,0.07,,0.08,0.08,0.07,0.08,0.07,0.08,0.08,0.08,0.07,0.08,,0,0.08,0.08,0.16,0.08,0.16,0.08,0.21,0.08,0.08,0.08,0,0
"Paraguay","Q1 2018",0.07,0.08,0.08,0.08,0.08,0.08,0.22,0.08,0.08,0.08,0.07,0.07,0.08,0.16,0.08,0.08,0.07,0.07,0.15,0.08,0.07,0.07,0.07,0.07,0.08,0.08,0.07,0.15,0.16,0.16,0.09,0.07,,0.16,0.07,0.08,0,0.08,0.08,0.08,0.08,0.08,0.08,,0.07,0.08,0.08,0.08,0.16,0.15,0.08,0.08,0.08,0,0.07,,0.07,0.08,0.08,0.16,0.07,0.08,0.08,0.14,0.07,0.16,0.08,0.07,0.08,0,0.08,0.08,0.07,0.08,,0.15,0.07,0.08,0.08,0.08,0.07,0.08,0.08,0.08,0.08,0.08,0.08,0.16,0.08,0.15,,0.08,0.08,0.07,0.01,0.07,0.08,0.07,0.08,0.07,0.07,0.16,0.07,0.15,0.08,0.08,0.08,0.08,0.07,0.15,0.07,0.07,0.08,0.16,0.08,0.07,0.08,0,0.16,,0.08,0.08,0.07,0.08,,0,0.07,0.07,0.08,0.08,0.07,0.15,0.08,,0.15,0.08,0.08,0.15,0.08,0.08,0.16,0,0.08,0.08,0.08,,0.08,0.08,,0.08,0.08,0.07,0.08,0.15,,0.07,0.15,0.16,0.08,0.08,0.08,0.01,0.15,0.16,0.08,0.07,,0.08,0.08,0.08,0.08,0.07,0.08,0.08,0.08,0.07,0.08,,0,0.08,0.08,0.16,0.08,0.16,0.08,0.21,0.08,0.08,0.08,0,0
"Paraguay","Q1 2019",0.08,0.08,0.08,0.08,0.08,0.08,0.22,0.08,0.09,0.15,0.08,0.08,0.08,0.16,0.08,0.08,0.07,0.07,0.15,0.08,0.07,0.08,0.08,0.08,0.08,0.09,0.07,0.15,0.16,0.16,0.09,0.07,,0.16,0.08,0.08,0.01,0.08,0.08,0.08,0.08,0.08,0.08,,0.08,0.08,0.08,0.08,0.16,0.15,0.09,0.08,0.08,0.01,0.08,,0.07,0.08,0.08,0.16,0.08,0.08,0.08,0.07,0.08,0.16,0.08,0.07,0.09,0,0.08,0.08,0.08,0.08,,0.08,0.07,0.08,0.08,0.08,0.08,0.09,0.08,0.08,0.08,0.08,0.08,0.16,0.09,0.15,,0.08,0.08,0,0.08,0.08,0.08,0.08,0.08,0.08,0.08,0.16,0.08,0.16,0.07,0.08,0.08,0.08,0.08,0.16,0.07,0.07,0.08,0.16,0.08,0.08,0.08,0,0.16,,0.08,0.08,0.08,0.08,,0,0.08,0.08,0.09,0.08,0.07,0.09,0.08,,0.15,0.08,0.08,0.16,0.08,0.08,0.16,0,0.08,0.08,0.09,,0.08,0.08,,0.08,0.08,0.08,0.09,0.08,,0.08,0.08,0.16,0.08,0.08,0.08,0.01,0.16,0.16,0.09,0.01,,0.08,0.08,0.08,0.08,0.07,0.08,0.08,0.08,0.08,0.09,0.07,0,0.08,0.09,0.16,0.08,0.16,0.08,0.22,0.08,0.08,0.08,0,0.01
"Paraguay","Q1 2020",0.08,0.08,0.08,0.09,0.08,0.08,0.22,0.08,0.09,0.16,0.01,0.08,0.08,0.17,0.08,0.09,0.08,0.08,0.16,0.08,0.08,0.08,0.07,0.08,0.09,0.09,0.07,0.15,0.17,0.16,0.09,0.07,,0.16,0.08,0.09,0.01,0.09,0.09,0.08,0.08,0.08,0.08,,0.08,0.08,0.09,0.08,0.16,0.15,0.09,0.08,0.08,0.01,0.08,,0.08,0.09,0.08,0.17,0.08,0.08,0.08,0.08,0.08,0.16,0.09,0.07,0.09,0,0.08,0.09,0.08,0.09,,0.08,0.07,0.08,0.08,0.08,0.08,0.09,0.09,0.08,0.08,0.08,0.09,0.16,0.09,0.09,,0.08,0.08,0.08,0.08,0.08,0.09,0.08,0.08,0.08,0.08,0.16,0.08,0.16,0.08,0.08,0.08,0.09,0.08,0.16,0.08,0.08,0.08,0.16,0.08,0.08,0.08,0,0.17,,0.09,0.09,0.08,0.09,,0,0.08,0.08,0.09,0.09,0.07,0.09,0.08,,0.15,0.08,0.09,0.16,0.08,0.09,0.17,0,0.09,0.08,0.09,,0.08,0.08,,0.08,0.08,0.08,0.09,0.08,,0.08,0.08,0.17,0.09,0.08,0.08,0.02,0.16,0.17,0.09,0.01,,0.08,0.09,0.08,0.09,0.08,0.09,0.08,0.09,0.08,0.09,0.07,0.01,0.09,0.09,0.17,0.08,0.17,0.08,0.22,0.08,0.09,0.09,0.01,0.01
"Paraguay","Q1 2021",0.08,0.08,0.08,0.09,0.08,0.08,0.22,0.08,0.09,0.16,0.08,0.08,0.09,0.17,0.08,0.09,0.08,0.08,0.16,0.08,0.08,0.08,0.07,0.08,0.09,0.09,0.07,0.15,0.17,0.16,0.09,0.07,,0.16,0.01,0.09,0.01,0.09,0.09,0.08,0.08,0.08,0.08,,0.08,0.08,0.09,0.08,0.16,0.15,0.09,0.08,0.08,0.01,0.08,,0.08,0.08,0.08,0.17,0.08,0.08,0.08,0.08,0.08,0.16,0.09,0.07,0.09,0.01,0.08,0.09,0.08,0.09,,0.08,0.07,0.08,0.08,0.08,0.08,0.09,0.08,0.08,0.08,0.08,0.09,0.16,0.09,0.09,,0.08,0.08,0.08,0.01,0.08,0.09,0.08,0.08,0.08,0.01,0.16,0.08,0.09,0.08,0.09,0.08,0.08,0.01,0.16,0.08,0.08,0.08,0.16,0.09,0.08,0.08,,0.17,,0.09,0.09,0.08,0.09,0.01,0,0.08,0.08,0.09,0.09,0.07,0.09,0.08,,0.15,0.08,0.09,0.16,0.08,0.09,0.17,0,0.08,0.08,0.09,,0.08,0.08,,0.08,0.08,0.08,0.09,0.15,,0.08,0.08,0.17,0.09,0.08,0.08,0.02,0.16,0.17,0.09,0.01,,0.08,0.08,0.08,0.09,0.08,0.09,0.08,0.09,0.08,0.09,0.07,0,0.09,0.09,0.17,0.08,0.17,0.08,0.22,0.08,0.08,0.09,,0.01
"Peru","Q1 2016",0.18,0.24,0.2,0.32,0.18,0.19,0.41,0.21,0.33,0.31,0.28,0.22,0.21,0.47,0.21,0.28,0.15,0.2,0.42,0.17,0.19,0.19,0.18,0.21,0.26,0.37,0.16,0.43,0.47,0.45,0.45,,,0.45,0.19,0.3,0.1,0.27,0.28,0.3,0.21,0.22,0.26,,0.2,0.3,0.33,0.2,0.4,0.42,0.37,0.2,0.19,0.09,0.2,,0.17,0.22,0.27,0.47,0.19,0.24,0.22,0.2,0.11,0.46,0.29,0.16,0.33,0.08,0.21,0.23,0.21,0.37,,0.22,0.17,0.22,0.29,0.25,0.19,0.36,0.28,0.33,0.14,0.23,0.34,0.46,0.38,0.44,,0.31,0.24,0.18,0.21,0.2,0.34,0.19,0.23,0.24,0.22,0.45,0.19,0.35,0.19,0.21,0.18,0.38,0.21,0.45,0.16,0.17,0.17,0.37,0.23,0.22,0.3,0.09,0.46,,0.25,0.3,0.27,0.3,,0.08,0.18,0.23,0.36,0.35,,0.45,0.21,0.15,,0.28,0.32,0.36,0.23,0.23,0.46,0.08,0.26,0.29,0.44,,0.19,0.21,,0.21,0.2,0.19,0.36,0.26,,0.21,0.2,0.45,0.23,0.31,0.21,0.12,0.43,0.47,0.36,0.26,,0.23,0.32,0.22,0.34,0.16,0.32,0.19,0.29,0.2,0.36,,0.1,0.31,0.37,0.47,0.24,0.47,0.19,0.33,0.2,0.24,0.35,0.1,0.23
"Peru","Q1 2017",0.18,0.25,0.21,0.32,0.19,0.18,0.41,0.2,0.34,0.38,0.22,0.21,0.23,0.5,0.22,0.27,0.15,0.17,0.42,0.19,0.19,0.2,0.18,0.21,0.26,0.39,0.16,0.45,0.49,0.47,0.47,0.08,,0.48,0.18,0.31,0.16,0.28,0.28,0.32,0.23,0.2,0.27,,0.2,0.32,0.34,0.19,0.44,0.43,0.39,0.29,0.23,0.09,0.21,,0.18,0.23,0.23,0.49,0.19,0.32,0.24,0.2,0.18,0.48,0.29,0.16,0.36,0.08,0.2,0.24,0.21,0.38,,0.23,0.17,0.22,0.3,0.26,0.18,0.38,0.27,0.31,0.26,0.23,0.36,0.48,0.42,0.46,,0.33,0.24,0.19,0.13,0.2,0.36,0.19,0.21,0.22,0.2,0.4,0.12,0.43,0.2,0.23,0.2,0.32,0.19,0.47,0.17,0.17,0.18,0.47,0.22,0.22,0.25,0.08,0.49,,0.32,0.42,0.28,0.29,,0.15,0.2,0.21,0.37,0.34,0.17,0.48,0.22,0.15,,0.27,0.34,0.45,0.24,0.27,0.48,0.08,0.29,0.29,0.36,,0.2,0.21,,0.21,0.2,0.19,0.38,0.27,,0.13,0.21,0.41,0.24,0.33,0.21,0.13,0.36,0.49,0.38,0.17,,0.22,0.35,0.24,0.33,0.09,0.33,0.21,0.25,0.19,0.38,,0.09,0.31,0.38,0.49,0.23,0.5,0.19,0.33,0.21,0.24,0.36,0.09,0.12
"Peru","Q1 2018",0.17,0.23,0.21,0.3,0.19,0.19,0.42,0.22,0.39,0.32,0.29,0.22,0.22,0.5,0.22,0.28,0.15,0.17,0.42,0.19,0.18,0.2,0.2,0.2,0.25,0.39,0.16,0.45,0.49,0.47,0.47,0.15,,0.48,0.18,0.29,0.16,0.35,0.27,0.32,0.23,0.22,0.25,,0.1,0.32,0.33,0.19,0.45,0.44,0.39,0.3,0.23,0.09,0.2,,0.18,0.23,0.23,0.49,0.2,0.24,0.23,0.2,0.18,0.49,0.27,0.17,0.38,0.08,0.2,0.24,0.2,0.39,,0.22,0.18,0.23,0.29,0.26,0.19,0.38,0.33,0.35,0.29,0.23,0.35,0.49,0.42,0.46,,0.33,0.23,0.19,0.14,0.2,0.35,0.18,0.24,0.24,0.2,0.4,0.12,0.44,0.2,0.24,0.23,0.31,0.19,0.47,0.16,0.17,0.18,0.48,0.22,0.22,0.24,0.08,0.49,,0.24,0.4,0.28,0.28,,0.15,0.19,0.2,0.36,0.34,0.17,0.48,0.22,0.15,,0.28,0.33,0.46,0.23,0.32,0.48,0.08,0.29,0.3,0.37,,0.2,0.21,,0.21,0.2,0.18,0.38,0.27,,0.12,0.21,0.42,0.24,0.32,0.22,0.12,0.36,0.49,0.38,0.15,,0.23,0.33,0.22,0.34,0.16,0.33,0.21,0.26,0.2,0.39,,0.09,0.32,0.38,0.49,0.24,0.5,0.19,0.34,0.2,0.23,0.37,0.09,0.1
"Peru","Q1 2019",0.18,0.23,0.21,0.29,0.19,0.18,0.41,0.3,0.4,0.38,0.28,0.22,0.22,0.49,0.23,0.27,0.15,0.18,0.42,0.2,0.2,0.19,0.19,0.21,0.29,0.39,0.16,0.45,0.49,0.47,0.46,0.15,,0.48,0.19,0.28,0.16,0.35,0.27,0.31,0.23,0.3,0.26,,0.19,0.32,0.33,0.2,0.46,0.44,0.38,0.29,0.23,0.1,0.21,,0.18,0.22,0.24,0.49,0.2,0.23,0.24,0.19,0.18,0.48,0.27,0.16,0.37,0.08,0.2,0.25,0.2,0.39,,0.22,0.17,0.23,0.3,0.26,0.19,0.38,0.33,0.26,0.29,0.24,0.36,0.49,0.43,0.45,,0.33,0.28,0.09,0.22,0.21,0.35,0.19,0.23,0.28,0.2,0.4,0.13,0.44,0.18,0.24,0.2,0.32,0.19,0.47,0.18,0.17,0.19,0.47,0.21,0.2,0.24,0.16,0.5,,0.24,0.39,0.2,0.28,,0.14,0.19,0.21,0.37,0.34,0.17,0.48,0.22,0.15,,0.28,0.34,0.46,0.24,0.34,0.49,0.08,0.26,0.29,0.37,,0.2,0.2,,0.2,0.21,0.19,0.38,0.25,,0.14,0.19,0.42,0.24,0.31,0.22,0.13,0.36,0.5,0.38,0.13,,0.23,0.33,0.22,0.36,0.16,0.33,0.21,0.26,0.19,0.38,0.15,0.09,0.32,0.38,0.5,0.28,0.51,0.19,0.33,0.21,0.31,0.36,0.09,0.11
"Peru","Q1 2020",0.12,0.23,0.21,0.31,0.18,0.18,0.39,0.21,0.39,0.39,0.13,0.22,0.21,0.48,0.21,0.26,0.15,0.17,0.41,0.19,0.19,0.12,0.1,0.21,0.23,0.38,0.16,0.43,0.48,0.46,0.46,0.15,,0.47,0.19,0.3,0.16,0.36,0.26,0.3,0.2,0.21,0.25,,0.18,0.32,0.32,0.2,0.43,0.45,0.37,0.21,0.22,0.1,0.21,,0.17,0.22,0.23,0.48,0.19,0.24,0.23,0.11,0.11,0.46,0.34,0.16,0.37,0.08,0.2,0.26,0.21,0.37,,0.21,0.1,0.22,0.29,0.23,0.19,0.36,0.34,0.24,0.31,0.21,0.35,0.4,0.41,0.45,,0.32,0.23,0.19,0.21,0.21,0.34,0.12,0.23,0.23,0.2,0.39,0.12,0.36,0.2,0.26,0.19,0.32,0.19,0.46,0.18,0.11,0.18,0.39,0.22,0.21,0.23,0.08,0.48,,0.23,0.38,0.2,0.27,,0.14,0.19,0.2,0.36,0.35,0.17,0.46,0.22,0.15,,0.26,0.34,0.37,0.23,0.32,0.47,0.07,0.27,0.28,0.31,,0.19,0.19,,0.2,0.21,0.1,0.37,0.24,,0.14,0.11,0.4,0.23,0.32,0.21,0.13,0.36,0.41,0.37,0.13,,0.29,0.33,0.21,0.36,0.16,0.33,0.19,0.25,0.18,0.37,0.15,0.08,0.3,0.37,0.48,0.23,0.49,0.18,0.32,0.2,0.22,0.36,0.08,0.12
"Peru","Q1 2021",0.1,0.23,0.2,0.28,0.18,0.18,0.39,0.21,0.33,0.39,0.28,0.22,0.21,0.47,0.2,0.27,0.15,0.17,0.41,0.18,0.18,0.12,0.09,0.21,0.25,0.37,0.15,0.43,0.47,0.45,0.45,0.08,,0.46,0.11,0.27,0.16,0.36,0.26,0.3,0.2,0.21,0.25,,0.18,0.32,0.31,0.19,0.43,0.45,0.36,0.21,0.21,0.11,0.2,,0.18,0.21,0.23,0.47,0.19,0.24,0.22,0.11,0.11,0.46,0.34,0.16,0.36,0.1,0.2,0.27,0.2,0.39,,0.19,0.09,0.22,0.21,0.23,0.19,0.36,0.27,0.29,0.32,0.22,0.35,0.39,0.41,0.44,,0.33,0.23,0.18,0.13,0.2,0.34,0.11,0.22,0.23,0.11,0.38,0.12,0.35,0.19,0.27,0.19,0.3,0.11,0.45,0.18,0.11,0.18,0.38,0.24,0.21,0.23,,0.47,,0.23,0.38,0.22,0.27,0.16,0.14,0.19,0.2,0.35,0.35,0.16,0.45,0.22,0.15,,0.24,0.34,0.37,0.23,0.33,0.46,0.07,0.27,0.28,0.3,,0.18,0.19,,0.2,0.2,0.1,0.37,0.25,,0.12,0.11,0.4,0.23,0.31,0.21,0.13,0.35,0.4,0.36,0.12,,0.29,0.32,0.21,0.35,0.09,0.33,0.2,0.25,0.1,0.36,0.15,0.08,0.31,0.37,0.47,0.23,0.48,0.19,0.32,0.2,0.21,0.35,,0.11
"Philippines","Q1 2016",0.1,0.15,0.2,0.26,0.11,0.11,0.27,0.13,0.37,0.24,0.25,0.22,0.13,0.33,0.12,0.26,0.08,0.11,0.28,0.1,0.26,0.18,0.11,0.28,0.23,0.3,0.08,0.28,0.4,0.39,0.38,,,0.3,0.11,0.25,0.16,0.17,0.26,0.25,0.12,0.13,0.17,,0.12,0.25,0.27,0.11,0.28,0.27,0.31,0.12,0.18,0.08,0.19,,0.1,0.29,0.24,0.32,0.11,0.23,0.13,0.12,0.1,0.32,0.27,0.09,0.28,0.08,0.13,0.14,0.28,0.27,,0.14,0.1,0.14,0.14,0.15,0.11,0.37,0.34,0.28,0.14,0.14,0.28,0.32,0.28,0.38,,0.26,0.3,0.19,0.13,0.19,0.27,0.12,0.15,0.23,0.2,0.39,0.2,0.28,0.19,0.12,0.11,0.26,0.2,0.29,0.16,0.1,0.1,0.29,0.22,0.23,0.25,0.16,0.32,,0.31,0.35,0.12,0.28,,0.14,0.18,0.21,0.3,0.29,,0.3,0.29,0.08,0.28,,0.26,0.29,0.14,0.21,0.39,0.07,0.24,0.24,0.37,,0.11,0.13,,0.13,0.2,0.11,0.3,0.24,,0.21,0.12,0.4,0.13,0.27,0.22,0.18,0.29,0.32,0.36,0.24,,0.14,0.26,0.14,0.37,0.16,0.27,0.2,0.25,0.12,0.28,,0.16,0.26,0.31,0.33,0.23,0.33,0.11,0.26,0.21,0.15,0.36,0.16,0.22
"Philippines","Q1 2017",0.11,0.15,0.2,0.26,0.11,0.11,0.26,0.12,0.37,0.24,0.21,0.21,0.14,0.34,0.13,0.25,0.08,0.1,0.26,0.11,0.26,0.19,0.1,0.28,0.25,0.3,0.08,0.27,0.41,0.39,0.39,0.15,,0.3,0.1,0.25,0.16,0.17,0.26,0.24,0.13,0.12,0.16,,0.12,0.25,0.26,0.11,0.28,0.27,0.31,0.13,0.21,0.09,0.2,,0.1,0.29,0.22,0.33,0.11,0.23,0.15,0.12,0.18,0.32,0.26,0.09,0.27,0.08,0.12,0.14,0.28,0.27,,0.14,0.1,0.13,0.14,0.16,0.1,0.37,0.35,0.28,0.23,0.14,0.28,0.32,0.27,0.39,,0.25,0.3,0.19,0.2,0.19,0.27,0.11,0.13,0.21,0.2,0.39,0.2,0.27,0.2,0.14,0.12,0.25,0.19,0.29,0.17,0.1,0.11,0.3,0.21,0.23,0.24,0.15,0.32,,0.31,0.35,0.12,0.27,,0.15,0.27,0.13,0.29,0.29,0.24,0.3,0.29,0.08,0.27,,0.26,0.29,0.15,0.23,0.4,0.07,0.24,0.24,0.37,,0.12,0.12,,0.13,0.2,0.11,0.31,0.24,,0.2,0.12,0.4,0.14,0.26,0.22,0.19,0.27,0.32,0.37,0.21,,0.13,0.26,0.15,0.37,0.16,0.25,0.2,0.15,0.18,0.29,,0.15,0.25,0.31,0.33,0.3,0.34,0.11,0.26,0.21,0.14,0.36,0.15,0.12
"Philippines","Q1 2018",0.1,0.14,0.2,0.26,0.11,0.11,0.27,0.12,0.38,0.25,0.23,0.23,0.13,0.35,0.13,0.26,0.08,0.1,0.27,0.12,0.25,0.19,0.11,0.21,0.24,0.32,0.08,0.28,0.42,0.41,0.4,0.15,,0.31,0.1,0.25,0.16,0.17,0.25,0.25,0.13,0.12,0.16,,0.1,0.25,0.27,0.11,0.29,0.28,0.31,0.14,0.21,0.09,0.19,,0.1,0.3,0.22,0.34,0.12,0.23,0.15,0.11,0.18,0.34,0.26,0.09,0.3,0.08,0.12,0.14,0.27,0.27,,0.13,0.1,0.14,0.13,0.16,0.11,0.38,0.37,0.29,0.25,0.14,0.28,0.34,0.27,0.4,,0.26,0.3,0.19,0.2,0.19,0.27,0.11,0.15,0.23,0.19,0.41,0.19,0.28,0.2,0.14,0.22,0.24,0.19,0.31,0.16,0.09,0.11,0.32,0.21,0.23,0.23,0.15,0.34,,0.3,0.36,0.13,0.26,,0.15,0.26,0.12,0.29,0.31,0.24,0.31,0.29,0.08,0.28,,0.26,0.3,0.14,0.26,0.41,0.07,0.25,0.25,0.37,,0.12,0.12,,0.12,0.2,0.1,0.32,0.25,,0.2,0.13,0.42,0.14,0.26,0.22,0.18,0.28,0.34,0.39,0.22,,0.13,0.26,0.21,0.39,0.16,0.26,0.2,0.16,0.19,0.31,,0.15,0.26,0.32,0.34,0.3,0.35,0.11,0.26,0.2,0.14,0.38,0.15,0.1
"Philippines","Q1 2019",0.1,0.13,0.2,0.25,0.1,0.1,0.26,0.13,0.38,0.26,0.23,0.23,0.13,0.33,0.13,0.25,0.08,0.1,0.27,0.11,0.2,0.18,0.11,0.21,0.25,0.31,0.08,0.27,0.42,0.4,0.41,0.15,,0.3,0.18,0.25,0.16,0.17,0.25,0.25,0.13,0.13,0.17,,0.11,0.25,0.27,0.11,0.28,0.27,0.31,0.13,0.21,0.1,0.2,,0.1,0.29,0.22,0.33,0.11,0.22,0.15,0.11,0.18,0.33,0.26,0.08,0.29,0.08,0.11,0.14,0.26,0.27,,0.2,0.1,0.13,0.13,0.16,0.11,0.39,0.37,0.25,0.27,0.15,0.28,0.33,0.27,0.39,,0.27,0.32,0.15,0.22,0.2,0.27,0.12,0.14,0.25,0.19,0.41,0.2,0.29,0.18,0.14,0.12,0.25,0.18,0.31,0.18,0.09,0.1,0.31,0.21,0.21,0.23,0.15,0.34,,0.29,0.35,0.12,0.26,,0.14,0.25,0.2,0.31,0.3,0.24,0.31,0.29,0.08,0.28,,0.27,0.31,0.14,0.27,0.41,0.07,0.24,0.25,0.37,,0.12,0.11,,0.12,0.2,0.11,0.31,0.16,,0.21,0.12,0.42,0.14,0.25,0.22,0.19,0.28,0.33,0.39,0.13,,0.13,0.26,0.13,0.39,0.16,0.26,0.2,0.16,0.18,0.3,0.08,0.15,0.27,0.32,0.34,0.32,0.35,0.11,0.26,0.2,0.14,0.38,0.15,0.1
"Philippines","Q1 2020",0.11,0.14,0.19,0.24,0.1,0.11,0.25,0.12,0.28,0.24,0.19,0.22,0.12,0.31,0.12,0.24,0.08,0.1,0.25,0.11,0.26,0.12,0.09,0.27,0.15,0.29,0.08,0.25,0.39,0.38,0.38,0.15,,0.28,0.11,0.24,0.09,0.18,0.24,0.23,0.12,0.12,0.16,,0.11,0.24,0.24,0.11,0.27,0.26,0.28,0.12,0.13,0.09,0.13,,0.1,0.21,0.14,0.31,0.11,0.22,0.14,0.1,0.11,0.3,0.25,0.09,0.28,0.08,0.11,0.16,0.27,0.26,,0.13,0.09,0.13,0.13,0.14,0.11,0.36,0.34,0.22,0.25,0.13,0.26,0.31,0.26,0.36,,0.25,0.23,0.18,0.21,0.13,0.25,0.11,0.14,0.15,0.19,0.38,0.19,0.26,0.19,0.15,0.11,0.24,0.11,0.29,0.18,0.1,0.1,0.29,0.21,0.28,0.22,0.08,0.31,,0.21,0.26,0.12,0.25,,0.07,0.25,0.12,0.28,0.28,0.23,0.29,0.21,0.08,0.26,,0.25,0.27,0.14,0.25,0.38,0.07,0.23,0.24,0.28,,0.11,0.11,,0.11,0.19,0.1,0.29,0.16,,0.2,0.11,0.38,0.13,0.24,0.2,0.19,0.26,0.31,0.3,0.12,,0.13,0.24,0.13,0.35,0.16,0.24,0.18,0.15,0.1,0.28,0.08,0.08,0.25,0.3,0.31,0.23,0.32,0.11,0.25,0.19,0.13,0.35,0.08,0.11
"Philippines","Q1 2021",0.1,0.14,0.19,0.22,0.1,0.1,0.24,0.12,0.34,0.23,0.21,0.23,0.12,0.29,0.11,0.23,0.08,0.09,0.24,0.1,0.19,0.11,0.09,0.28,0.22,0.27,0.08,0.24,0.36,0.35,0.35,0.15,,0.27,0.1,0.22,0.09,0.17,0.23,0.22,0.11,0.12,0.15,,0.1,0.23,0.23,0.11,0.26,0.24,0.27,0.12,0.13,0.1,0.12,,0.1,0.21,0.14,0.28,0.11,0.22,0.13,0.1,0.1,0.28,0.24,0.09,0.26,0.1,0.11,0.15,0.2,0.25,,0.11,0.09,0.12,0.12,0.14,0.11,0.27,0.33,0.21,0.24,0.13,0.25,0.28,0.24,0.34,,0.24,0.22,0.18,0.13,0.12,0.24,0.1,0.13,0.14,0.11,0.36,0.18,0.24,0.19,0.14,0.11,0.21,0.11,0.27,0.18,0.1,0.1,0.27,0.22,0.28,0.21,,0.29,,0.21,0.26,0.13,0.24,0.08,0.07,0.18,0.12,0.26,0.27,0.16,0.27,0.29,0.08,0.24,,0.24,0.27,0.13,0.25,0.36,0.07,0.21,0.23,0.26,,0.1,0.1,,0.11,0.19,0.1,0.27,0.15,,0.18,0.11,0.36,0.13,0.22,0.2,0.12,0.25,0.29,0.28,0.12,,0.12,0.23,0.12,0.34,0.16,0.24,0.19,0.14,0.1,0.26,0.08,0.08,0.24,0.28,0.29,0.22,0.3,0.11,0.23,0.19,0.12,0.34,,0.11
"Poland","Q1 2016",0.17,0.23,0.19,0.31,0.11,0.18,0.32,0.2,0.3,0.28,0.27,0.21,0.2,0.52,0.2,0.27,0.08,0.12,0.33,0.1,0.19,0.19,0.18,0.21,0.32,0.34,0.08,0.32,0.5,0.49,0.37,,,0.36,0.18,0.3,0.09,0.25,0.35,0.3,0.19,0.21,0.26,,0.2,0.45,0.32,0.19,0.3,0.31,0.45,0.13,0.26,0.09,0.28,,0.18,0.21,0.33,0.5,0.19,0.23,0.22,0.21,0.1,0.51,0.35,0.16,0.36,0.15,0.2,0.21,0.2,0.28,,0.23,0.17,0.21,0.14,0.23,0.19,0.34,0.26,0.35,0.14,0.22,0.34,0.4,0.29,0.39,,0.3,0.24,0.18,0.13,0.28,0.36,0.19,0.23,0.31,0.21,0.5,0.19,0.39,0.19,0.2,0.18,0.31,0.2,0.37,0.16,0.17,0.1,0.42,0.22,0.22,0.29,0.09,0.5,,0.23,0.27,0.12,0.36,,0.08,0.17,0.3,0.37,0.32,,0.36,0.21,0.08,0.32,0.26,,0.37,0.21,0.22,0.49,0.07,0.26,0.28,0.45,,0.11,0.2,,0.2,0.19,0.19,0.38,0.26,,0.2,0.2,0.5,0.21,0.32,0.21,0.12,0.35,0.51,0.38,0.26,,0.21,0.46,0.22,0.32,0.16,0.33,0.19,0.26,0.2,0.36,,0.09,0.3,0.41,0.51,0.23,0.44,0.11,0.31,0.19,0.23,0.37,0.09,0.23
"Poland","Q1 2017",0.11,0.23,0.2,0.33,0.18,0.18,0.32,0.19,0.32,0.3,0.3,0.21,0.21,0.54,0.21,0.28,0.15,0.17,0.33,0.19,0.2,0.19,0.17,0.21,0.34,0.37,0.16,0.34,0.52,0.5,0.38,0.15,,0.37,0.18,0.32,0.09,0.25,0.35,0.32,0.21,0.19,0.26,,0.2,0.45,0.42,0.18,0.34,0.31,0.39,0.21,0.3,0.16,0.29,,0.18,0.22,0.3,0.52,0.19,0.23,0.24,0.19,0.18,0.53,0.36,0.16,0.38,0.15,0.19,0.23,0.21,0.28,,0.22,0.17,0.21,0.21,0.24,0.19,0.38,0.26,0.3,0.27,0.22,0.36,0.41,0.33,0.41,,0.33,0.25,0.18,0.21,0.27,0.36,0.19,0.21,0.3,0.21,0.51,0.19,0.4,0.19,0.22,0.2,0.33,0.2,0.43,0.16,0.1,0.18,0.44,0.22,0.22,0.26,0.08,0.52,,0.24,0.33,0.2,0.36,,0.08,0.2,0.28,0.49,0.33,0.17,0.36,0.21,0.08,0.34,0.26,,0.4,0.23,0.35,0.5,0.08,0.3,0.29,0.42,,0.19,0.2,,0.21,0.19,0.19,0.47,0.26,,0.2,0.2,0.51,0.23,0.33,0.21,0.2,0.36,0.53,0.43,0.25,,0.21,0.47,0.24,0.33,0.16,0.34,0.2,0.24,0.18,0.4,,0.09,0.3,0.5,0.54,0.24,0.51,0.19,0.32,0.2,0.23,0.37,0.09,0.19
"Poland","Q1 2018",0.1,0.22,0.19,0.3,0.18,0.18,0.32,0.2,0.3,0.3,0.3,0.22,0.2,0.53,0.2,0.28,0.15,0.17,0.32,0.19,0.18,0.19,0.19,0.2,0.32,0.36,0.16,0.33,0.52,0.43,0.37,0.15,,0.36,0.18,0.3,0.09,0.25,0.34,0.32,0.21,0.2,0.25,,0.1,0.46,0.33,0.18,0.34,0.31,0.46,0.21,0.3,0.09,0.28,,0.18,0.22,0.3,0.45,0.19,0.23,0.23,0.19,0.18,0.53,0.34,0.16,0.41,0.15,0.19,0.22,0.2,0.28,,0.21,0.17,0.22,0.2,0.23,0.19,0.36,0.3,0.33,0.28,0.22,0.36,0.42,0.33,0.37,,0.32,0.24,0.18,0.2,0.28,0.36,0.18,0.23,0.32,0.2,0.51,0.19,0.38,0.19,0.22,0.23,0.3,0.19,0.42,0.16,0.09,0.18,0.45,0.22,0.22,0.24,0.08,0.53,,0.23,0.3,0.2,0.35,,0.08,0.18,0.27,0.42,0.32,0.17,0.35,0.21,0.08,0.33,0.26,,0.37,0.22,0.32,0.51,0.07,0.28,0.3,0.41,,0.19,0.2,,0.19,0.19,0.17,0.45,0.27,,0.19,0.21,0.52,0.22,0.32,0.21,0.18,0.35,0.52,0.42,0.22,,0.21,0.47,0.22,0.32,0.16,0.34,0.2,0.24,0.19,0.38,,0.09,0.31,0.49,0.53,0.24,0.47,0.18,0.32,0.19,0.22,0.35,0.09,0.17
"Poland","Q1 2019",0.17,0.22,0.2,0.3,0.18,0.18,0.32,0.21,0.38,0.3,0.28,0.21,0.21,0.54,0.21,0.28,0.15,0.17,0.33,0.19,0.2,0.19,0.19,0.21,0.36,0.37,0.16,0.34,0.53,0.43,0.43,0.15,,0.37,0.19,0.29,0.09,0.25,0.34,0.31,0.21,0.21,0.26,,0.2,0.46,0.33,0.19,0.34,0.32,0.43,0.21,0.3,0.1,0.29,,0.18,0.21,0.31,0.53,0.19,0.22,0.24,0.18,0.18,0.53,0.35,0.16,0.42,0.15,0.19,0.23,0.19,0.29,,0.22,0.17,0.22,0.2,0.23,0.19,0.37,0.31,0.26,0.28,0.23,0.35,0.49,0.33,0.4,,0.33,0.28,0.09,0.22,0.29,0.36,0.19,0.23,0.37,0.2,0.52,0.2,0.39,0.18,0.22,0.2,0.4,0.19,0.43,0.17,0.16,0.18,0.44,0.22,0.2,0.25,0.15,0.54,,0.23,0.31,0.19,0.36,,0.07,0.18,0.29,0.41,0.32,0.17,0.36,0.22,0.08,0.34,0.27,,0.51,0.22,0.33,0.52,0.08,0.26,0.29,0.43,,0.19,0.19,,0.19,0.2,0.19,0.39,0.26,,0.21,0.19,0.53,0.22,0.31,0.21,0.12,0.37,0.53,0.5,0.13,,0.22,0.47,0.22,0.35,0.16,0.35,0.2,0.24,0.19,0.38,0.15,0.09,0.31,0.43,0.55,0.28,0.5,0.18,0.32,0.2,0.22,0.38,0.09,0.11
"Poland","Q1 2020",0.19,0.22,0.2,0.33,0.18,0.18,0.32,0.21,0.31,0.32,0.13,0.21,0.2,0.56,0.21,0.27,0.15,0.17,0.33,0.19,0.2,0.19,0.17,0.21,0.31,0.37,0.16,0.34,0.54,0.52,0.43,0.15,,0.44,0.19,0.31,0.1,0.35,0.34,0.32,0.2,0.21,0.26,,0.19,0.46,0.33,0.2,0.35,0.35,0.41,0.21,0.3,0.1,0.29,,0.18,0.21,0.31,0.53,0.19,0.23,0.25,0.18,0.18,0.54,0.42,0.17,0.49,0.15,0.2,0.26,0.2,0.35,,0.22,0.17,0.21,0.21,0.22,0.19,0.36,0.33,0.24,0.31,0.22,0.36,0.43,0.34,0.4,,0.32,0.24,0.18,0.22,0.29,0.37,0.2,0.23,0.31,0.2,0.53,0.2,0.41,0.19,0.25,0.19,0.33,0.19,0.44,0.18,0.18,0.18,0.47,0.23,0.21,0.25,0.08,0.55,,0.22,0.3,0.2,0.35,,0.07,0.19,0.28,0.4,0.34,0.17,0.37,0.21,0.09,0.34,0.25,,0.38,0.22,0.33,0.54,0.07,0.28,0.29,0.39,,0.19,0.19,,0.2,0.2,0.17,0.42,0.26,,0.21,0.19,0.54,0.23,0.33,0.2,0.13,0.36,0.55,0.42,0.13,,0.22,0.47,0.21,0.35,0.16,0.34,0.19,0.24,0.18,0.39,0.15,0.09,0.31,0.43,0.56,0.24,0.5,0.18,0.32,0.2,0.22,0.36,0.09,0.12
"Poland","Q1 2021",0.18,0.3,0.2,0.29,0.18,0.19,0.33,0.21,0.33,0.32,0.29,0.21,0.22,0.55,0.2,0.29,0.15,0.17,0.34,0.19,0.19,0.19,0.17,0.21,0.34,0.37,0.15,0.34,0.53,0.44,0.45,0.15,,0.45,0.11,0.29,0.09,0.36,0.34,0.32,0.2,0.21,0.26,,0.19,0.46,0.33,0.2,0.36,0.35,0.43,0.21,0.3,0.11,0.29,,0.19,0.21,0.31,0.54,0.2,0.24,0.23,0.18,0.18,0.53,0.43,0.17,0.49,0.17,0.2,0.34,0.2,0.38,,0.2,0.17,0.22,0.21,0.23,0.2,0.38,0.26,0.3,0.33,0.23,0.36,0.46,0.34,0.43,,0.33,0.24,0.18,0.14,0.28,0.38,0.19,0.23,0.31,0.12,0.52,0.19,0.42,0.19,0.34,0.2,0.31,0.12,0.45,0.18,0.18,0.18,0.46,0.25,0.21,0.25,,0.55,,0.23,0.31,0.3,0.35,0.09,0.07,0.18,0.29,0.42,0.36,0.16,0.38,0.22,0.09,0.34,0.24,,0.42,0.23,0.35,0.52,0.08,0.28,0.3,0.39,,0.19,0.19,,0.2,0.2,0.17,0.43,0.26,,0.2,0.19,0.53,0.23,0.33,0.21,0.14,0.37,0.54,0.43,0.12,,0.22,0.46,0.22,0.39,0.16,0.35,0.2,0.25,0.18,0.41,0.15,0.08,0.31,0.44,0.55,0.24,0.54,0.19,0.33,0.2,0.21,0.41,,0.11
"Portugal","Q1 2016",0.19,0.33,0.21,0.43,0.19,0.2,0.36,0.23,0.36,0.4,0.29,0.23,0.22,0.59,0.23,0.32,0.15,0.2,0.44,0.19,0.2,0.2,0.26,0.22,0.36,0.48,0.16,0.36,0.56,0.53,0.44,,,0.5,0.2,0.41,0.1,0.36,0.38,0.34,0.29,0.24,0.36,,0.29,0.42,0.36,0.21,0.42,0.36,0.52,0.21,0.22,0.09,0.21,,0.19,0.24,0.29,0.58,0.21,0.25,0.32,0.3,0.18,0.57,0.34,0.17,0.47,0.16,0.23,0.32,0.22,0.32,,0.33,0.26,0.24,0.24,0.26,0.2,0.42,0.3,0.4,0.22,0.32,0.45,0.56,0.33,0.51,,0.33,0.27,0.19,0.22,0.21,0.47,0.22,0.26,0.25,0.23,0.55,0.2,0.42,0.2,0.29,0.2,0.35,0.22,0.52,0.17,0.18,0.18,0.55,0.24,0.23,0.4,0.09,0.56,,0.26,0.31,0.21,0.42,,0.08,0.18,0.25,0.5,0.38,,0.51,0.22,0.08,0.36,0.29,0.37,,0.24,0.24,0.48,0.08,0.29,0.31,0.45,,0.21,0.23,,0.23,0.21,0.28,0.44,0.36,,0.23,0.3,0.54,0.24,0.35,0.23,0.2,0.48,0.59,0.44,0.27,,0.24,0.44,0.24,0.37,0.17,0.44,0.2,0.3,0.22,0.5,,0.1,0.33,0.52,0.59,0.26,0.57,0.21,0.35,0.21,0.27,0.42,0.1,0.25
"Portugal","Q1 2017",0.19,0.33,0.21,0.43,0.2,0.19,0.36,0.21,0.37,0.4,0.23,0.22,0.23,0.59,0.23,0.31,0.15,0.18,0.43,0.2,0.2,0.21,0.25,0.22,0.37,0.49,0.16,0.38,0.57,0.54,0.44,0.16,,0.5,0.18,0.42,0.1,0.29,0.38,0.35,0.3,0.21,0.36,,0.28,0.43,0.37,0.2,0.46,0.35,0.52,0.23,0.25,0.09,0.22,,0.19,0.24,0.25,0.58,0.2,0.25,0.34,0.21,0.19,0.58,0.39,0.17,0.49,0.15,0.21,0.25,0.22,0.33,,0.31,0.24,0.23,0.23,0.27,0.2,0.49,0.29,0.33,0.28,0.31,0.46,0.56,0.36,0.52,,0.35,0.27,0.19,0.21,0.21,0.46,0.2,0.23,0.23,0.22,0.55,0.2,0.43,0.2,0.24,0.21,0.35,0.2,0.49,0.17,0.18,0.19,0.56,0.24,0.23,0.36,0.09,0.57,,0.26,0.36,0.21,0.4,,0.08,0.21,0.23,0.44,0.37,0.18,0.49,0.23,0.08,0.45,0.29,0.4,,0.25,0.29,0.49,0.08,0.32,0.31,0.4,,0.21,0.22,,0.22,0.2,0.27,0.51,0.36,,0.21,0.22,0.56,0.25,0.35,0.22,0.2,0.47,0.59,0.52,0.26,,0.23,0.47,0.26,0.36,0.17,0.43,0.21,0.26,0.2,0.52,,0.09,0.33,0.46,0.59,0.26,0.58,0.2,0.35,0.21,0.26,0.41,0.09,0.19
"Portugal","Q1 2018",0.18,0.31,0.21,0.41,0.2,0.2,0.44,0.23,0.36,0.41,0.31,0.23,0.23,0.58,0.23,0.39,0.15,0.18,0.45,0.21,0.19,0.21,0.28,0.21,0.35,0.5,0.16,0.45,0.57,0.52,0.46,0.16,,0.5,0.19,0.4,0.1,0.3,0.37,0.34,0.31,0.23,0.34,,0.18,0.41,0.36,0.2,0.47,0.37,0.51,0.24,0.25,0.09,0.22,,0.19,0.24,0.25,0.57,0.21,0.25,0.33,0.21,0.2,0.57,0.32,0.17,0.49,0.15,0.21,0.26,0.21,0.4,,0.24,0.25,0.24,0.23,0.27,0.2,0.49,0.35,0.38,0.31,0.32,0.47,0.56,0.38,0.5,,0.35,0.26,0.2,0.21,0.22,0.45,0.2,0.26,0.26,0.21,0.54,0.2,0.42,0.21,0.25,0.32,0.34,0.2,0.5,0.17,0.17,0.19,0.56,0.24,0.24,0.34,0.09,0.57,,0.25,0.35,0.22,0.32,,0.09,0.2,0.21,0.41,0.38,0.18,0.5,0.22,0.15,0.46,0.3,0.37,,0.24,0.34,0.49,0.08,0.32,0.32,0.48,,0.22,0.22,,0.22,0.2,0.26,0.49,0.38,,0.21,0.23,0.56,0.26,0.35,0.23,0.19,0.46,0.58,0.5,0.23,,0.24,0.43,0.24,0.37,0.17,0.44,0.21,0.27,0.21,0.51,,0.09,0.35,0.44,0.58,0.27,0.57,0.21,0.43,0.21,0.24,0.41,0.09,0.18
"Portugal","Q1 2019",0.19,0.31,0.21,0.4,0.2,0.19,0.42,0.24,0.44,0.41,0.3,0.24,0.23,0.65,0.24,0.38,0.15,0.18,0.44,0.21,0.21,0.21,0.28,0.22,0.4,0.5,0.17,0.45,0.63,0.51,0.51,0.16,,0.5,0.2,0.39,0.1,0.29,0.31,0.33,0.3,0.24,0.35,,0.28,0.47,0.36,0.21,0.47,0.37,0.56,0.23,0.27,0.17,0.23,,0.19,0.23,0.26,0.64,0.21,0.24,0.34,0.2,0.2,0.61,0.39,0.17,0.54,0.15,0.21,0.26,0.21,0.33,,0.31,0.25,0.24,0.24,0.27,0.2,0.5,0.35,0.28,0.31,0.33,0.47,0.59,0.38,0.46,,0.36,0.31,0.09,0.24,0.23,0.48,0.21,0.26,0.38,0.21,0.6,0.21,0.46,0.19,0.25,0.29,0.43,0.2,0.51,0.19,0.17,0.2,0.6,0.24,0.21,0.34,0.16,0.63,,0.25,0.34,0.21,0.39,,0.08,0.19,0.24,0.48,0.38,0.17,0.5,0.23,0.16,0.46,0.31,0.51,,0.25,0.37,0.61,0.08,0.29,0.33,0.48,,0.22,0.21,,0.21,0.22,0.28,0.53,0.34,,0.23,0.21,0.62,0.25,0.34,0.23,0.21,0.48,0.65,0.57,0.21,,0.24,0.49,0.31,0.4,0.17,0.45,0.22,0.27,0.21,0.52,0.16,0.09,0.35,0.5,0.64,0.31,0.61,0.2,0.42,0.21,0.26,0.44,0.09,0.18
"Portugal","Q1 2020",0.2,0.32,0.21,0.42,0.19,0.19,0.41,0.22,0.35,0.41,0.14,0.23,0.22,0.56,0.22,0.29,0.15,0.17,0.43,0.2,0.2,0.21,0.24,0.22,0.34,0.48,0.16,0.37,0.54,0.44,0.44,0.16,,0.42,0.2,0.4,0.1,0.31,0.37,0.34,0.28,0.22,0.35,,0.2,0.42,0.35,0.21,0.45,0.38,0.5,0.21,0.25,0.1,0.23,,0.18,0.23,0.25,0.55,0.2,0.25,0.33,0.19,0.2,0.53,0.38,0.17,0.49,0.15,0.21,0.28,0.21,0.31,,0.31,0.24,0.23,0.23,0.24,0.2,0.41,0.37,0.25,0.33,0.31,0.47,0.53,0.36,0.42,,0.35,0.26,0.19,0.22,0.29,0.45,0.21,0.26,0.25,0.21,0.52,0.2,0.4,0.2,0.27,0.27,0.35,0.2,0.49,0.18,0.19,0.19,0.53,0.25,0.22,0.33,0.09,0.55,,0.24,0.33,0.2,0.32,,0.08,0.19,0.23,0.41,0.39,0.17,0.48,0.22,0.16,0.37,0.27,0.38,,0.24,0.35,0.53,0.08,0.3,0.32,0.43,,0.2,0.2,,0.21,0.21,0.25,0.43,0.35,,0.22,0.2,0.54,0.24,0.36,0.21,0.14,0.46,0.57,0.43,0.13,,0.23,0.43,0.3,0.38,0.16,0.44,0.2,0.27,0.2,0.5,0.15,0.09,0.33,0.44,0.56,0.26,0.55,0.2,0.41,0.21,0.23,0.46,0.09,0.12
"Portugal","Q1 2021",0.19,0.32,0.21,0.38,0.19,0.19,0.42,0.23,0.36,0.43,0.3,0.24,0.23,0.6,0.21,0.31,0.15,0.17,0.43,0.2,0.19,0.21,0.24,0.22,0.36,0.49,0.16,0.36,0.58,0.48,0.48,0.16,,0.43,0.19,0.37,0.1,0.31,0.29,0.34,0.28,0.23,0.35,,0.2,0.45,0.36,0.21,0.45,0.38,0.54,0.21,0.24,0.18,0.22,,0.2,0.23,0.25,0.58,0.2,0.25,0.31,0.19,0.19,0.58,0.39,0.18,0.52,0.18,0.21,0.29,0.21,0.34,,0.2,0.24,0.23,0.22,0.24,0.21,0.5,0.29,0.31,0.35,0.31,0.48,0.57,0.36,0.45,,0.36,0.27,0.19,0.22,0.22,0.48,0.19,0.32,0.24,0.2,0.57,0.2,0.43,0.2,0.28,0.28,0.33,0.2,0.49,0.19,0.19,0.19,0.56,0.34,0.22,0.33,,0.59,,0.24,0.33,0.23,0.31,0.09,0.08,0.19,0.23,0.5,0.41,0.17,0.49,0.23,0.16,0.37,0.27,0.42,,0.24,0.38,0.57,0.08,0.3,0.32,0.35,,0.2,0.2,,0.21,0.21,0.25,0.54,0.35,,0.21,0.2,0.58,0.25,0.35,0.22,0.22,0.48,0.61,0.53,0.19,,0.23,0.46,0.3,0.5,0.17,0.38,0.21,0.26,0.19,0.54,0.15,0.09,0.35,0.48,0.59,0.27,0.59,0.21,0.42,0.21,0.22,0.44,,0.19
"Puerto Rico","Q1 2016",0.1,0.21,0.18,0.22,0.19,0.19,0.22,0.21,0.23,0.23,0.21,0.12,0.28,0.34,0.21,0.22,0.15,0.2,0.23,0.17,0.11,0.11,0.1,0.12,0.21,0.24,0.16,0.22,0.26,0.25,0.25,,,0.32,0.18,0.21,0.09,0.3,0.21,0.21,0.21,0.28,0.21,,0.18,0.21,0.22,0.27,0.33,0.23,0.24,0.2,0.18,0.08,0.19,,0.1,0.2,0.2,0.28,0.18,0.21,0.21,0.19,0.1,0.26,0.22,0.16,0.22,0.08,0.28,0.3,0.2,0.3,,0.2,0.1,0.22,0.23,0.29,0.17,0.23,0.21,0.22,0.12,0.2,0.22,0.26,0.33,0.24,,0.21,0.21,0.11,0.19,0.19,0.23,0.18,0.21,0.2,0.2,0.25,0.12,0.24,0.11,0.2,0.18,0.22,0.2,0.31,0.09,0.1,0.18,0.25,0.14,0.12,0.21,0.09,0.27,,0.22,0.22,0.2,0.23,,0.08,0.1,0.19,0.23,0.22,,0.33,0.13,0.08,0.23,0.14,0.21,0.24,,0.2,0.26,0.07,0.15,0.21,0.25,,0.2,0.28,,0.28,0.18,0.18,0.23,0.21,,0.13,0.19,0.24,0.29,0.21,0.13,0.11,0.24,0.27,0.23,0.13,,0.22,0.21,0.2,0.22,0.09,0.22,0.11,0.32,0.19,0.24,,0.09,0.22,0.24,0.28,0.21,0.35,0.26,0.22,0.12,0.23,0.22,0.09,0.13
"Puerto Rico","Q1 2017",0.11,0.22,0.18,0.23,0.19,0.18,0.23,0.19,0.24,0.24,0.2,0.12,0.29,0.35,0.21,0.22,0.15,0.17,0.24,0.19,0.11,0.12,0.1,0.12,0.23,0.25,0.16,0.24,0.27,0.26,0.25,0.08,,0.34,0.17,0.22,0.09,0.31,0.22,0.22,0.21,0.19,0.21,,0.19,0.21,0.23,0.19,0.34,0.24,0.25,0.21,0.21,0.08,0.19,,0.17,0.2,0.2,0.35,0.19,0.22,0.22,0.18,0.1,0.27,0.23,0.16,0.23,0.08,0.2,0.31,0.19,0.32,,0.21,0.1,0.22,0.22,0.3,0.17,0.24,0.21,0.22,0.13,0.21,0.23,0.27,0.33,0.25,,0.22,0.21,0.11,0.12,0.19,0.24,0.11,0.19,0.2,0.19,0.25,0.12,0.25,0.11,0.3,0.19,0.22,0.19,0.32,0.09,0.1,0.18,0.26,0.2,0.12,0.21,0.08,0.28,,0.23,0.23,0.2,0.23,,0.08,0.12,0.19,0.24,0.23,0.09,0.33,0.13,0.08,0.24,0.15,0.23,0.25,,0.21,0.26,0.01,0.21,0.14,0.25,,0.2,0.28,,0.28,0.18,0.18,0.24,0.22,,0.12,0.19,0.26,0.3,0.21,0.12,0.12,0.24,0.28,0.24,0.12,,0.22,0.22,0.2,0.23,0.09,0.22,0.19,0.31,0.11,0.25,,0.08,0.22,0.24,0.35,0.21,0.36,0.26,0.23,0.12,0.23,0.23,0.08,0.11
"Puerto Rico","Q1 2018",0.1,0.19,0.19,0.22,0.19,0.26,0.22,0.21,0.23,0.23,0.13,0.12,0.28,0.34,0.21,0.22,0.15,0.17,0.23,0.26,0.11,0.12,0.18,0.12,0.21,0.32,0.16,0.23,0.26,0.25,0.25,0.08,,0.33,0.17,0.21,0.09,0.3,0.21,0.21,0.21,0.21,0.2,,0.1,0.14,0.22,0.19,0.33,0.23,0.23,0.21,0.21,0.08,0.19,,0.1,0.21,0.19,0.27,0.19,0.21,0.21,0.18,0.11,0.26,0.22,0.16,0.23,0.01,0.2,0.3,0.19,0.31,,0.2,0.1,0.22,0.21,0.29,0.18,0.23,0.21,0.21,0.2,0.2,0.22,0.26,0.32,0.24,,0.21,0.21,0.11,0.12,0.19,0.21,0.11,0.2,0.2,0.19,0.24,0.12,0.23,0.12,0.3,0.2,0.21,0.18,0.31,0.09,0.09,0.19,0.26,0.2,0.12,0.21,0.08,0.28,,0.21,0.23,0.2,0.22,,0.08,0.11,0.18,0.23,0.22,0.09,0.32,0.13,0.08,0.23,0.14,0.22,0.24,,0.14,0.26,0.01,0.21,0.14,0.24,,0.27,0.28,,0.21,0.18,0.17,0.23,0.22,,0.12,0.19,0.26,0.3,0.21,0.13,0.11,0.22,0.27,0.23,0.12,,0.22,0.21,0.2,0.22,0.09,0.22,0.19,0.31,0.11,0.24,,0.08,0.22,0.24,0.28,0.21,0.35,0.2,0.22,0.12,0.23,0.22,0.08,0.1
"Puerto Rico","Q1 2019",0.1,0.19,0.19,0.22,0.19,0.18,0.22,0.21,0.23,0.22,0.2,0.12,0.28,0.34,0.21,0.22,0.15,0.17,0.24,0.26,0.12,0.11,0.18,0.12,0.22,0.32,0.15,0.23,0.26,0.25,0.25,0.08,,0.33,0.18,0.21,0.09,0.3,0.21,0.21,0.21,0.21,0.21,,0.18,0.21,0.22,0.19,0.33,0.23,0.24,0.21,0.21,0.09,0.13,,0.1,0.13,0.2,0.27,0.19,0.2,0.21,0.11,0.11,0.26,0.22,0.08,0.23,0.08,0.2,0.3,0.18,0.31,,0.2,0.1,0.22,0.21,0.29,0.17,0.23,0.22,0.21,0.14,0.21,0.22,0.27,0.32,0.24,,0.14,0.14,0.02,0.13,0.19,0.22,0.12,0.21,0.21,0.19,0.24,0.12,0.24,0.17,0.29,0.19,0.21,0.18,0.32,0.1,0.09,0.19,0.25,0.2,0.11,0.21,0.08,0.28,,0.21,0.22,0.19,0.22,,0.07,0.1,0.19,0.23,0.22,0.09,0.32,0.13,0.08,0.24,0.14,0.22,0.25,,0.22,0.26,0.01,0.14,0.14,0.24,,0.27,0.19,,0.2,0.19,0.18,0.24,0.21,,0.13,0.11,0.26,0.29,0.21,0.13,0.12,0.23,0.27,0.24,0.12,,0.22,0.21,0.2,0.23,0.09,0.22,0.19,0.31,0.11,0.24,0.15,0.02,0.22,0.24,0.28,0.15,0.35,0.26,0.22,0.12,0.23,0.23,0.02,0.1
"Puerto Rico","Q1 2020",0.11,0.19,0.19,0.22,0.18,0.25,0.22,0.2,0.23,0.22,0.12,0.12,0.21,0.33,0.2,0.21,0.15,0.17,0.23,0.2,0.12,0.12,0.09,0.12,0.21,0.31,0.15,0.22,0.26,0.25,0.25,0.08,,0.32,0.18,0.21,0.09,0.3,0.21,0.13,0.2,0.2,0.2,,0.18,0.21,0.22,0.26,0.32,0.23,0.23,0.2,0.21,0.09,0.2,,0.1,0.13,0.2,0.27,0.18,0.21,0.21,0.1,0.11,0.25,0.22,0.09,0.23,0.08,0.2,0.3,0.19,0.3,,0.2,0.09,0.21,0.21,0.28,0.18,0.23,0.21,0.2,0.14,0.2,0.22,0.26,0.32,0.24,,0.14,0.14,0.11,0.13,0.2,0.21,0.11,0.2,0.2,0.19,0.24,0.12,0.24,0.18,0.29,0.18,0.21,0.18,0.32,0.1,0.1,0.18,0.24,0.21,0.12,0.2,0.01,0.27,,0.2,0.22,0.2,0.22,,0.07,0.11,0.19,0.23,0.22,0.09,0.32,0.13,0.08,0.23,0.14,0.22,0.24,,0.21,0.26,0.01,0.21,0.14,0.23,,0.2,0.19,,0.2,0.19,0.1,0.23,0.21,,0.13,0.11,0.25,0.29,0.14,0.12,0.12,0.22,0.27,0.23,0.12,,0.21,0.21,0.19,0.22,0.09,0.22,0.18,0.31,0.11,0.23,0.15,0.02,0.22,0.24,0.27,0.14,0.35,0.25,0.22,0.12,0.22,0.22,0.02,0.12
"Puerto Rico","Q1 2021",0.1,0.2,0.19,0.21,0.18,0.25,0.22,0.2,0.23,0.23,0.13,0.12,0.21,0.33,0.2,0.21,0.15,0.16,0.23,0.19,0.11,0.12,0.09,0.12,0.22,0.31,0.15,0.22,0.26,0.25,0.25,0.08,,0.32,0.11,0.21,0.09,0.3,0.21,0.13,0.2,0.2,0.2,,0.17,0.21,0.22,0.26,0.32,0.23,0.23,0.2,0.21,0.1,0.19,,0.11,0.13,0.2,0.26,0.18,0.21,0.2,0.11,0.11,0.25,0.22,0.09,0.23,0.1,0.2,0.3,0.19,0.3,,0.18,0.09,0.21,0.21,0.28,0.18,0.23,0.2,0.13,0.2,0.2,0.22,0.26,0.32,0.24,,0.14,0.14,0.1,0.13,0.19,0.21,0.11,0.2,0.2,0.11,0.24,0.11,0.24,0.18,0.3,0.19,0.13,0.11,0.31,0.1,0.1,0.18,0.24,0.21,0.12,0.2,,0.27,,0.21,0.22,0.21,0.22,0.08,0.07,0.1,0.19,0.22,0.22,0.09,0.31,0.13,0.08,0.23,0.13,0.23,0.24,,0.14,0.25,0.01,0.2,0.14,0.23,,0.19,0.19,,0.2,0.19,0.1,0.23,0.21,,0.12,0.11,0.25,0.28,0.14,0.12,0.12,0.22,0.27,0.23,0.12,,0.21,0.21,0.19,0.22,0.09,0.22,0.19,0.24,0.1,0.23,0.15,0.01,0.22,0.24,0.27,0.14,0.34,0.26,0.22,0.12,0.21,0.22,,0.11
"Qatar","Q1 2016",0.17,0.21,0.18,0.23,0.17,0.17,0.22,0.19,0.24,0.22,0.29,0.2,0.19,0.34,0.19,0.23,0.15,0.18,0.23,0.16,0.11,0.11,0.17,0.19,0.21,0.24,0.15,0.23,0.27,0.26,0.25,,,0.24,0.18,0.22,0.09,0.23,0.22,0.22,0.19,0.2,0.21,,0.18,0.22,0.31,0.18,0.24,0.23,0.25,0.19,0.18,0.15,0.19,,0.17,0.2,0.21,0.27,0.18,0.21,0.2,0.19,0.1,0.33,0.23,0.15,0.23,0.08,0.19,0.2,0.19,0.22,,0.21,0.17,0.2,0.2,0.21,0.18,0.32,0.21,0.23,0.27,0.21,0.24,0.26,0.24,0.32,,0.23,0.22,0.17,0.28,0.19,0.24,0.18,0.22,0.2,0.2,0.26,0.18,0.25,0.18,0.19,0.18,0.23,0.2,0.31,0.16,0.16,0.16,0.25,0.21,0.19,0.21,0.08,0.26,,0.22,0.22,0.19,0.24,,0.07,0.17,0.2,0.32,0.31,,0.24,0.19,0.08,0.23,0.21,0.22,0.24,0.2,,0.26,0.07,0.21,0.21,0.25,,0.17,0.19,,0.19,0.18,0.18,0.32,0.22,,0.2,0.19,0.26,0.2,0.22,0.19,0.19,0.25,0.34,0.25,0.21,,0.21,0.22,0.2,0.24,0.09,0.23,0.18,0.22,0.19,0.24,,0.09,0.22,0.32,0.34,0.22,0.34,0.17,0.22,0.19,0.22,0.24,0.09,0.2
"Qatar","Q1 2017",0.11,0.21,0.18,0.28,0.1,0.1,0.27,0.18,0.29,0.27,0.29,0.2,0.2,0.38,0.19,0.24,0.08,0.1,0.27,0.11,0.18,0.12,0.17,0.19,0.24,0.29,0.08,0.27,0.38,0.3,0.3,0.08,,0.29,0.17,0.27,0.09,0.22,0.25,0.27,0.19,0.18,0.25,,0.18,0.26,0.35,0.1,0.28,0.27,0.3,0.13,0.21,0.15,0.2,,0.17,0.2,0.2,0.31,0.18,0.22,0.21,0.18,0.1,0.38,0.25,0.15,0.28,0.08,0.11,0.21,0.19,0.24,,0.2,0.16,0.2,0.13,0.21,0.17,0.37,0.23,0.27,0.33,0.21,0.28,0.31,0.28,0.36,,0.27,0.23,0.17,0.27,0.19,0.28,0.18,0.19,0.21,0.19,0.31,0.18,0.29,0.18,0.2,0.19,0.27,0.19,0.28,0.16,0.1,0.1,0.3,0.2,0.19,0.23,0.08,0.31,,0.22,0.27,0.12,0.25,,0.07,0.19,0.2,0.37,0.29,0.16,0.29,0.2,0.08,0.27,0.23,0.35,0.29,0.21,,0.31,0.07,0.26,0.25,0.29,,0.11,0.19,,0.19,0.18,0.18,0.37,0.23,,0.19,0.19,0.31,0.21,0.26,0.19,0.19,0.29,0.38,0.36,0.24,,0.2,0.27,0.23,0.28,0.09,0.27,0.18,0.21,0.17,0.29,,0.08,0.26,0.37,0.38,0.22,0.32,0.11,0.27,0.19,0.21,0.28,0.08,0.19
"Qatar","Q1 2018",0.17,0.21,0.19,0.27,0.11,0.11,0.3,0.12,0.29,0.29,0.3,0.22,0.13,0.38,0.12,0.26,0.08,0.1,0.31,0.11,0.18,0.19,0.11,0.2,0.23,0.34,0.08,0.32,0.44,0.42,0.42,0.15,,0.34,0.17,0.28,0.09,0.23,0.25,0.32,0.13,0.12,0.24,,0.1,0.31,0.39,0.11,0.32,0.3,0.42,0.14,0.14,0.15,0.12,,0.1,0.22,0.21,0.37,0.11,0.22,0.14,0.11,0.18,0.37,0.25,0.16,0.42,0.08,0.11,0.14,0.19,0.26,,0.2,0.1,0.13,0.13,0.15,0.11,0.42,0.29,0.4,0.35,0.21,0.34,0.37,0.31,0.34,,0.39,0.24,0.18,0.28,0.12,0.33,0.11,0.23,0.16,0.19,0.44,0.19,0.41,0.19,0.14,0.23,0.3,0.18,0.34,0.15,0.16,0.1,0.36,0.22,0.21,0.23,0.08,0.37,,0.22,0.29,0.13,0.26,,0.08,0.18,0.12,0.42,0.39,0.17,0.34,0.21,0.08,0.32,0.26,0.32,0.34,0.14,,0.43,0.07,0.28,0.3,0.32,,0.12,0.12,,0.12,0.19,0.1,0.42,0.25,,0.19,0.2,0.44,0.14,0.32,0.21,0.19,0.34,0.38,0.42,0.22,,0.13,0.32,0.21,0.31,0.16,0.31,0.19,0.15,0.19,0.42,,0.08,0.31,0.43,0.37,0.24,0.37,0.11,0.3,0.19,0.14,0.34,0.08,0.17
"Qatar","Q1 2019",0.18,0.22,0.2,0.27,0.17,0.18,0.31,0.2,0.32,0.3,0.36,0.23,0.2,0.4,0.2,0.26,0.15,0.17,0.32,0.18,0.2,0.19,0.18,0.21,0.28,0.43,0.15,0.34,0.47,0.38,0.45,0.15,,0.37,0.19,0.27,0.09,0.25,0.26,0.32,0.21,0.2,0.25,,0.18,0.31,0.34,0.18,0.34,0.32,0.44,0.2,0.22,0.17,0.14,,0.1,0.21,0.23,0.46,0.19,0.21,0.22,0.18,0.19,0.39,0.27,0.15,0.44,0.08,0.18,0.22,0.19,0.29,,0.21,0.17,0.2,0.2,0.23,0.18,0.45,0.32,0.27,0.37,0.23,0.36,0.46,0.32,0.36,,0.41,0.29,0.08,0.3,0.2,0.35,0.19,0.23,0.27,0.19,0.46,0.2,0.43,0.17,0.22,0.19,0.31,0.19,0.36,0.17,0.16,0.17,0.38,0.22,0.2,0.23,0.08,0.4,,0.22,0.3,0.19,0.27,,0.07,0.18,0.2,0.44,0.41,0.17,0.36,0.21,0.08,0.34,0.27,0.33,0.37,0.22,,0.47,0.14,0.26,0.37,0.35,,0.19,0.18,,0.19,0.2,0.18,0.45,0.24,,0.21,0.19,0.47,0.22,0.32,0.21,0.2,0.36,0.47,0.44,0.2,,0.2,0.32,0.21,0.35,0.16,0.32,0.2,0.23,0.19,0.44,0.15,0.08,0.39,0.45,0.4,0.29,0.47,0.18,0.31,0.19,0.21,0.36,0.08,0.17
"Qatar","Q1 2020",0.19,0.23,0.2,0.31,0.18,0.18,0.31,0.2,0.31,0.32,0.21,0.22,0.2,0.39,0.19,0.26,0.15,0.17,0.32,0.19,0.2,0.2,0.17,0.21,0.23,0.43,0.15,0.32,0.47,0.37,0.44,0.15,,0.36,0.19,0.3,0.1,0.27,0.27,0.31,0.2,0.2,0.25,,0.18,0.31,0.35,0.19,0.34,0.33,0.45,0.2,0.22,0.17,0.21,,0.1,0.21,0.22,0.46,0.19,0.23,0.23,0.18,0.19,0.38,0.34,0.16,0.43,0.08,0.19,0.26,0.2,0.28,,0.21,0.17,0.2,0.21,0.22,0.18,0.45,0.33,0.25,0.39,0.21,0.36,0.46,0.33,0.36,,0.4,0.33,0.18,0.29,0.21,0.34,0.19,0.24,0.22,0.21,0.46,0.2,0.42,0.19,0.25,0.19,0.32,0.2,0.36,0.18,0.18,0.18,0.38,0.24,0.21,0.24,0.08,0.39,,0.22,0.3,0.19,0.28,,0.07,0.18,0.2,0.44,0.43,0.17,0.36,0.21,0.09,0.32,0.25,0.33,0.35,0.21,,0.46,0.14,0.28,0.37,0.38,,0.19,0.18,,0.19,0.2,0.1,0.45,0.25,,0.22,0.18,0.46,0.22,0.33,0.2,0.28,0.36,0.47,0.44,0.2,,0.2,0.32,0.21,0.35,0.16,0.33,0.19,0.24,0.19,0.44,0.15,0.09,0.39,0.45,0.39,0.26,0.46,0.18,0.31,0.2,0.21,0.34,0.09,0.19
"Qatar","Q1 2021",0.18,0.23,0.2,0.27,0.11,0.11,0.31,0.2,0.33,0.32,0.36,0.23,0.2,0.41,0.12,0.28,0.08,0.1,0.32,0.11,0.19,0.2,0.16,0.21,0.26,0.38,0.08,0.33,0.49,0.46,0.47,0.15,,0.38,0.18,0.28,0.09,0.28,0.26,0.32,0.19,0.2,0.25,,0.18,0.33,0.34,0.12,0.34,0.34,0.46,0.13,0.21,0.18,0.2,,0.11,0.21,0.23,0.48,0.19,0.23,0.21,0.18,0.19,0.41,0.35,0.16,0.46,0.1,0.12,0.26,0.2,0.31,,0.19,0.16,0.2,0.13,0.15,0.12,0.47,0.27,0.3,0.42,0.22,0.37,0.48,0.33,0.37,,0.42,0.33,0.18,0.28,0.2,0.43,0.18,0.23,0.22,0.19,0.48,0.19,0.43,0.19,0.25,0.19,0.32,0.19,0.37,0.18,0.18,0.11,0.4,0.26,0.21,0.23,,0.41,,0.22,0.31,0.21,0.27,0.09,0.07,0.18,0.2,0.45,0.45,0.17,0.38,0.22,0.09,0.33,0.25,0.35,0.38,0.14,,0.48,0.07,0.28,0.31,0.38,,0.11,0.11,,0.12,0.2,0.1,0.47,0.25,,0.2,0.18,0.49,0.21,0.33,0.21,0.28,0.37,0.49,0.46,0.19,,0.2,0.33,0.21,0.37,0.16,0.35,0.2,0.23,0.18,0.46,0.08,0.08,0.39,0.48,0.42,0.26,0.42,0.12,0.31,0.2,0.13,0.37,,0.18
"Republic of Korea","Q1 2016",0.2,0.29,0.31,0.38,0.21,0.22,0.45,0.24,0.49,0.43,0.38,0.25,0.24,0.68,0.24,0.4,0.16,0.22,0.47,0.2,0.21,0.22,0.2,0.31,0.3,0.54,0.17,0.46,0.81,0.75,0.65,,,0.56,0.22,0.35,0.19,0.31,0.33,0.42,0.24,0.25,0.31,,0.22,0.47,0.47,0.23,0.46,0.46,0.58,0.22,0.22,0.16,0.23,,0.19,0.35,0.38,0.66,0.22,0.35,0.26,0.24,0.2,0.66,0.35,0.18,0.5,0.16,0.25,0.27,0.32,0.41,,0.26,0.19,0.26,0.26,0.28,0.21,0.57,0.42,0.5,0.23,0.26,0.48,0.63,0.44,0.68,,0.36,0.3,0.29,0.24,0.23,0.51,0.22,0.28,0.27,0.25,0.72,0.22,0.56,0.3,0.24,0.2,0.45,0.24,0.56,0.25,0.19,0.19,0.61,0.27,0.32,0.41,0.17,0.66,,0.38,0.43,0.23,0.43,,0.15,0.26,0.34,0.55,0.5,,0.57,0.33,0.16,0.46,0.39,0.49,0.48,0.26,0.26,,0.15,0.32,0.4,0.58,,0.22,0.25,,0.25,0.31,0.21,0.57,0.3,,0.25,0.23,0.72,0.26,0.44,0.34,0.21,0.51,0.68,0.59,0.3,,0.26,0.5,0.26,0.52,0.17,0.45,0.3,0.39,0.23,0.53,,0.19,0.43,0.61,0.67,0.29,0.69,0.22,0.44,0.32,0.28,0.59,0.19,0.27
"Republic of Korea","Q1 2017",0.21,0.28,0.31,0.43,0.21,0.2,0.44,0.22,0.5,0.43,0.25,0.24,0.25,0.67,0.24,0.38,0.16,0.19,0.45,0.22,0.21,0.22,0.18,0.3,0.31,0.53,0.17,0.47,0.79,0.72,0.64,0.17,,0.54,0.2,0.42,0.18,0.31,0.33,0.43,0.25,0.22,0.3,,0.22,0.47,0.4,0.21,0.49,0.45,0.57,0.24,0.26,0.09,0.24,,0.19,0.34,0.27,0.66,0.21,0.35,0.27,0.22,0.21,0.65,0.34,0.18,0.51,0.15,0.22,0.27,0.31,0.42,,0.25,0.18,0.25,0.25,0.29,0.2,0.57,0.41,0.43,0.29,0.25,0.49,0.62,0.46,0.67,,0.37,0.29,0.28,0.23,0.22,0.48,0.2,0.24,0.24,0.24,0.68,0.21,0.54,0.3,0.26,0.22,0.38,0.22,0.52,0.25,0.18,0.2,0.55,0.25,0.31,0.3,0.16,0.65,,0.37,0.47,0.23,0.41,,0.15,0.3,0.24,0.56,0.47,0.19,0.55,0.33,0.16,0.48,0.4,0.5,0.49,0.26,0.31,,0.15,0.41,0.39,0.51,,0.22,0.23,,0.24,0.3,0.21,0.57,0.3,,0.23,0.23,0.7,0.27,0.44,0.33,0.22,0.5,0.65,0.61,0.27,,0.24,0.5,0.27,0.51,0.17,0.43,0.31,0.28,0.21,0.56,,0.17,0.42,0.6,0.66,0.29,0.66,0.21,0.43,0.32,0.28,0.57,0.17,0.2
"Republic of Korea","Q1 2018",0.19,0.26,0.31,0.42,0.21,0.21,0.46,0.24,0.48,0.43,0.33,0.32,0.25,0.69,0.24,0.4,0.16,0.19,0.47,0.22,0.2,0.22,0.22,0.29,0.3,0.55,0.17,0.48,0.82,0.73,0.66,0.17,,0.54,0.2,0.41,0.18,0.32,0.31,0.43,0.25,0.24,0.29,,0.18,0.48,0.4,0.21,0.5,0.46,0.57,0.25,0.26,0.1,0.23,,0.19,0.35,0.26,0.67,0.22,0.35,0.27,0.22,0.21,0.67,0.33,0.18,0.58,0.15,0.22,0.27,0.3,0.42,,0.25,0.19,0.26,0.24,0.28,0.21,0.58,0.48,0.47,0.33,0.26,0.49,0.64,0.47,0.65,,0.38,0.28,0.28,0.23,0.23,0.49,0.2,0.28,0.27,0.23,0.71,0.21,0.55,0.31,0.27,0.26,0.36,0.21,0.54,0.24,0.18,0.2,0.65,0.26,0.32,0.28,0.16,0.68,,0.36,0.46,0.23,0.4,,0.16,0.28,0.22,0.57,0.49,0.19,0.54,0.33,0.16,0.48,0.41,0.51,0.49,0.26,0.43,,0.15,0.4,0.41,0.52,,0.23,0.24,,0.23,0.3,0.2,0.57,0.32,,0.22,0.24,0.74,0.27,0.43,0.33,0.2,0.49,0.67,0.63,0.24,,0.25,0.51,0.26,0.51,0.17,0.45,0.31,0.29,0.22,0.56,,0.17,0.44,0.62,0.68,0.29,0.65,0.22,0.44,0.31,0.26,0.59,0.17,0.18
"Republic of Korea","Q1 2019",0.2,0.26,0.31,0.4,0.2,0.2,0.44,0.25,0.48,0.44,0.39,0.31,0.24,0.67,0.25,0.39,0.16,0.18,0.46,0.22,0.22,0.22,0.21,0.3,0.4,0.54,0.17,0.47,0.82,0.71,0.7,0.17,,0.53,0.21,0.39,0.18,0.31,0.31,0.41,0.25,0.25,0.3,,0.22,0.48,0.39,0.22,0.49,0.46,0.59,0.24,0.27,0.18,0.24,,0.19,0.34,0.27,0.67,0.22,0.33,0.27,0.2,0.21,0.65,0.33,0.17,0.57,0.16,0.22,0.28,0.29,0.42,,0.26,0.18,0.25,0.25,0.28,0.21,0.57,0.47,0.3,0.4,0.27,0.49,0.63,0.47,0.65,,0.45,0.33,0.17,0.32,0.24,0.49,0.22,0.27,0.32,0.22,0.71,0.22,0.56,0.28,0.26,0.23,0.38,0.21,0.54,0.27,0.18,0.2,0.63,0.25,0.23,0.29,0.17,0.67,,0.35,0.45,0.21,0.4,,0.15,0.28,0.25,0.58,0.48,0.19,0.53,0.33,0.16,0.49,0.41,0.52,0.61,0.26,0.47,,0.15,0.3,0.41,0.51,,0.23,0.22,,0.22,0.31,0.21,0.58,0.28,,0.24,0.21,0.74,0.26,0.42,0.34,0.22,0.5,0.67,0.63,0.22,,0.25,0.5,0.25,0.54,0.17,0.45,0.31,0.29,0.21,0.55,0.16,0.17,0.44,0.62,0.68,0.33,0.68,0.21,0.43,0.31,0.27,0.6,0.17,0.18
"Republic of Korea","Q1 2020",0.21,0.28,0.32,0.43,0.2,0.21,0.44,0.24,0.48,0.46,0.23,0.25,0.24,0.69,0.24,0.31,0.16,0.18,0.47,0.22,0.22,0.22,0.18,0.3,0.29,0.55,0.17,0.46,0.84,0.73,0.7,0.17,,0.54,0.22,0.42,0.19,0.34,0.33,0.42,0.23,0.24,0.3,,0.21,0.48,0.39,0.23,0.49,0.48,0.59,0.23,0.26,0.18,0.24,,0.19,0.34,0.26,0.67,0.21,0.35,0.28,0.19,0.21,0.67,0.47,0.18,0.58,0.16,0.23,0.31,0.3,0.41,,0.26,0.18,0.25,0.25,0.25,0.21,0.57,0.5,0.27,0.42,0.25,0.5,0.64,0.47,0.67,,0.44,0.29,0.28,0.31,0.24,0.5,0.22,0.28,0.26,0.24,0.73,0.21,0.56,0.31,0.29,0.21,0.45,0.22,0.55,0.28,0.2,0.2,0.65,0.27,0.31,0.29,0.16,0.69,,0.35,0.45,0.22,0.4,,0.15,0.28,0.24,0.57,0.5,0.19,0.55,0.33,0.17,0.47,0.38,0.54,0.53,0.26,0.46,,0.15,0.33,0.41,0.47,,0.22,0.22,,0.23,0.32,0.19,0.6,0.29,,0.24,0.21,0.76,0.27,0.44,0.32,0.23,0.5,0.69,0.62,0.21,,0.25,0.5,0.25,0.54,0.17,0.45,0.29,0.29,0.21,0.55,0.16,0.17,0.43,0.63,0.7,0.29,0.67,0.21,0.44,0.31,0.25,0.57,0.17,0.2
"Republic of Korea","Q1 2021",0.2,0.28,0.31,0.32,0.2,0.21,0.44,0.24,0.49,0.46,0.32,0.26,0.25,0.67,0.22,0.33,0.16,0.18,0.46,0.21,0.21,0.22,0.18,0.3,0.31,0.54,0.17,0.46,0.83,0.73,0.72,0.17,,0.55,0.2,0.32,0.18,0.34,0.31,0.42,0.23,0.24,0.29,,0.2,0.48,0.38,0.22,0.49,0.48,0.61,0.23,0.26,0.19,0.23,,0.2,0.33,0.26,0.67,0.21,0.35,0.25,0.19,0.21,0.66,0.48,0.18,0.58,0.19,0.23,0.31,0.3,0.43,,0.21,0.18,0.25,0.23,0.26,0.22,0.57,0.41,0.32,0.38,0.25,0.5,0.65,0.47,0.7,,0.45,0.29,0.29,0.23,0.23,0.5,0.2,0.27,0.26,0.2,0.71,0.21,0.57,0.31,0.3,0.22,0.42,0.21,0.54,0.28,0.2,0.2,0.64,0.3,0.24,0.28,,0.68,,0.35,0.45,0.25,0.39,0.17,0.15,0.28,0.24,0.58,0.52,0.19,0.54,0.34,0.17,0.46,0.36,0.52,0.57,0.25,0.48,,0.15,0.32,0.4,0.46,,0.21,0.22,,0.23,0.32,0.19,0.62,0.3,,0.23,0.21,0.74,0.27,0.43,0.33,0.24,0.5,0.68,0.64,0.2,,0.25,0.49,0.25,0.59,0.18,0.46,0.31,0.28,0.2,0.57,0.16,0.16,0.44,0.63,0.68,0.28,0.7,0.22,0.43,0.31,0.24,0.63,,0.19
"Republic of Moldova","Q1 2016",0.07,0.14,0.07,0.08,0.01,0.01,0.07,0.07,0.08,0.08,0.07,0.07,0.01,0.15,0.07,0.08,0,0.01,0.08,0,0.07,0.14,0.07,0.07,0.08,0.08,0,0.07,0.15,0.08,0.08,,,0.08,0.07,0.08,0,0.08,0.08,0.07,0.07,0.07,0.07,,0.07,0.07,0.08,0.01,0.08,0.08,0.15,0,0.07,0,0.07,,0.07,0.07,0.07,0.08,0.07,0.07,0.07,0.07,0.14,0.15,0.08,0.07,0.14,0,0.01,0.08,0.07,0.08,,0.07,0.07,0.07,0.01,0.07,0.07,0.08,0.07,0.08,0,0.07,0.08,0.15,0.08,0.08,,0.07,0.07,0.07,0,0.07,0.15,0.07,0.07,0.07,0.07,0.15,0.07,0.15,0.07,0.07,0.07,0.08,0.07,0.08,0.07,0.07,0,0.15,0.07,0.07,0.07,0,0.15,,0.08,0.08,0,0.08,,0,0.07,0.07,0.08,0.08,,0.08,0.07,0,0.08,0.07,0.07,0.08,0.07,0.07,0.15,,0.08,0.21,0.15,,0.01,0.01,,0.01,0.07,0.07,0.08,0.07,,0.07,0.07,0.08,0.07,0.14,0.07,0,0.08,0.15,0.08,0.07,,0.07,0.07,0.07,0.08,0,0.08,0.07,0.08,0.07,0.15,,0,0.14,0.08,0.08,0.07,0.08,0.01,0.07,0.07,0.07,0.08,0,0.07
"Republic of Moldova","Q1 2017",0.07,0.14,0.07,0.08,0.01,0.01,0.08,0.01,0.08,0.08,0.01,0.07,0.01,0.08,0.01,0.08,0,0,0.08,0.01,0.07,0.14,0.07,0.07,0.08,0.08,0,0.07,0.15,0.08,0.08,0,,0.08,0,0.08,0,0.08,0.08,0.07,0.07,0.01,0.07,,0,0.07,0.08,0.01,0.08,0.08,0.15,0.01,0.07,0,0.07,,0,0.07,0.07,0.08,0,0.07,0.07,0.07,0.14,0.08,0.08,0.07,0.14,0,0.01,0.08,0.07,0.08,,0.07,0.07,0.01,0.01,0.01,0,0.08,0.07,0.07,0.07,0.07,0.14,0.15,0.08,0.08,,0.07,0.07,0.07,0,0.07,0.08,0.07,0.07,0.07,0.07,0.15,0.07,0.15,0.07,0.07,0.07,0.08,0,0.08,0.07,0.07,0.01,0.15,0.07,0.07,0.07,0,0.08,,0.08,0.08,0,0.08,,0,0.07,0.07,0.08,0.08,0.07,0.08,0.07,0,0.08,0.07,0.08,0.08,0.01,0.07,0.15,,0.07,0.21,0.15,,0.01,0.01,,0.01,0.07,0,0.08,0.07,,0.07,0.07,0.08,0.01,0.14,0.07,0,0.08,0.08,0.08,0.07,,0.01,0.07,0.07,0.08,0,0.07,0.07,0.01,0.07,0.15,,0,0.14,0.08,0.08,0.07,0.08,0.01,0.07,0.07,0.08,0.08,0,0
"Republic of Moldova","Q1 2018",0.07,0.14,0.07,0.08,0.01,0.01,0.08,0.07,0.08,0.08,0.07,0.07,0.01,0.08,0.01,0.08,0,0,0.08,0.01,0.07,0.14,0.07,0.07,0.07,0.08,0,0.08,0.15,0.08,0.15,0.07,,0.08,0.07,0.08,0,0.08,0.07,0.07,0.07,0.07,0.07,,0,0.07,0.08,0.01,0.08,0.08,0.15,0.01,0.07,0,0.07,,0,0.07,0.07,0.08,0.07,0.07,0.07,0.07,0.14,0.08,0.08,0.07,0.15,0,0.01,0.08,0.07,0.08,,0.07,0.07,0.07,0.01,0.01,0,0.15,0.07,0.07,0.07,0.07,0.08,0.15,0.08,0.08,,0.07,0.07,0.07,0.07,0.07,0.14,0.07,0.07,0.07,0.07,0.15,0.07,0.15,0.07,0.07,0.07,0.07,0.07,0.08,0.07,0.07,0.01,0.15,0.07,0.07,0.07,0,0.08,,0.07,0.08,0,0.08,,0,0.07,0.07,0.15,0.08,0.07,0.08,0.07,0,0.08,0.07,0.07,0.08,0.01,0.07,0.15,,0.07,0.21,0.15,,0.01,0.01,,0.01,0.07,0,0.15,0.08,,0.07,0.07,0.15,0.08,0.07,0.07,0.07,0.08,0.15,0.08,0.07,,0.07,0.07,0.07,0.08,0.07,0.08,0.07,0.08,0.07,0.15,,0,0.14,0.15,0.08,0.07,0.08,0.01,0.07,0.07,0.07,0.08,0,0.07
"Republic of Moldova","Q1 2019",0.07,0.14,0.07,0.07,0.01,0,0.07,0.01,0.08,0.08,0.07,0.07,0.01,0.08,0.01,0.08,0,0,0.08,0.01,0.07,0.14,0.07,0.07,0.07,0.08,0,0.08,0.15,0.08,0.08,0.07,,0.08,0.07,0.07,0,0.07,0.07,0.07,0.07,0.01,0.07,,0.01,0.07,0.08,0.01,0.08,0.08,0.15,0,0.07,0.07,0.07,,0,0.07,0.07,0.08,0,0.07,0.07,0.07,0.07,0.08,0.08,0,0.15,0,0.01,0.08,0.07,0.08,,0.07,0,0.01,0.01,0.01,0,0.15,0.07,0.07,0.07,0.07,0.08,0.15,0.08,0.08,,0.07,0.07,0,0.07,0.07,0.14,0.07,0.07,0.07,0.07,0.15,0.07,0.15,0.07,0.07,0.07,0.07,0.07,0.08,0.07,0.07,0.01,0.15,0.07,0.07,0.07,0,0.08,,0.07,0.08,0,0.08,,0,0.07,0.07,0.15,0.08,0.07,0.08,0.07,0,0.08,0.07,0.08,0.08,0.01,0.14,0.15,,0.07,0.21,0.15,,0.01,0.01,,0.01,0.07,0,0.15,0.07,,0.07,0.07,0.15,0.01,0.07,0.07,0.07,0.08,0.08,0.08,0.07,,0.01,0.07,0.07,0.08,0.07,0.08,0.07,0.01,0.07,0.15,0,0,0.14,0.15,0.08,0.07,0.08,0.01,0.07,0.07,0.01,0.08,0,0.07
"Republic of Moldova","Q1 2020",0.07,0.14,0.07,0.07,0.01,0.01,0.07,0.07,0.08,0.08,0.07,0.07,0.01,0.08,0.01,0.07,0,0,0.08,0.01,0.07,0.14,0.07,0.07,0.07,0.08,0,0.07,0.15,0.08,0.08,0.07,,0.08,0.07,0.07,0,0.07,0.07,0.07,0.07,0.07,0.07,,0.07,0.07,0.07,0.01,0.08,0.07,0.15,0,0.07,0.07,0.07,,0,0.07,0.07,0.08,0.07,0.07,0.07,0.07,0.07,0.08,0.08,0.07,0.15,0,0.01,0.08,0.07,0.07,,0.07,0.07,0.01,0.01,0.01,0,0.15,0.07,0.07,0.07,0.07,0.08,0.15,0.08,0.08,,0.07,0.07,0.07,0.07,0.07,0.14,0.07,0.07,0.07,0.07,0.15,0.07,0.14,0.07,0.07,0.07,0.07,0.07,0.08,0.07,0.07,0.01,0.15,0.07,0.07,0.07,0,0.08,,0.07,0.07,0,0.08,,0,0.07,0.07,0.15,0.08,0.07,0.08,0.07,0,0.07,0.07,0.07,0.08,0.01,0.14,0.15,,0.07,0.21,0.15,,0.01,0.01,,0.01,0.07,0,0.15,0.07,,0.07,0.07,0.15,0.07,0.07,0.07,0.07,0.08,0.15,0.08,0.07,,0.01,0.07,0.07,0.08,0.07,0.07,0.07,0.08,0.07,0.15,0,0,0.14,0.15,0.08,0.07,0.08,0.01,0.07,0.07,0.01,0.07,0,0.07
"Republic of Moldova","Q1 2021",0.07,0.07,0.07,0.07,0.01,0.01,0.07,0.07,0.08,0.08,0.07,0.07,0.07,0.08,0,0.07,0,0,0.08,0.01,0.07,0.14,0.07,0.07,0.07,0.08,0,0.07,0.15,0.08,0.08,0.07,,0.08,0,0.07,0,0.07,0.07,0.07,0.07,0.07,0.07,,0.07,0.07,0.07,0.01,0.08,0.07,0.15,0,0.07,0.07,0.07,,0,0.07,0.07,0.08,0.07,0.07,0.07,0.07,0.14,0.08,0.08,0.07,0.15,0,0.01,0.08,0.07,0.07,,0.07,0.07,0.07,0,0.01,0,0.08,0.07,0.07,0.07,0.07,0.14,0.15,0.08,0.08,,0.07,0.07,0.07,0.07,0.07,0.14,0.07,0.07,0.07,0,0.15,0.07,0.15,0.07,0.07,0.07,0.07,0,0.08,0.07,0.07,0.01,0.15,0.07,0.07,0.07,,0.08,,0.07,0.08,0.01,0.08,0,0,0.07,0.07,0.08,0.08,0.07,0.08,0.07,0,0.07,0.07,0.08,0.08,0.01,0.07,0.15,,0.07,0.21,0.15,,0.01,0.01,,0.01,0.07,0,0.15,0.07,,0.07,0.07,0.15,0.07,0.07,0.07,0.07,0.08,0.15,0.08,0.07,,0.07,0.07,0.07,0.08,0.07,0.07,0.07,0.07,0.07,0.15,0,0,0.14,0.08,0.08,0.07,0.08,0.01,0.07,0.07,0.01,0.08,,0.07
"Reunion","Q1 2016",0.18,0.22,0.19,0.35,0.11,0.18,0.26,0.2,0.35,0.26,0.25,0.21,0.2,0.34,0.2,0.35,0.08,0.12,0.26,0.1,0.18,0.19,0.11,0.2,0.26,0.29,0.09,0.26,0.33,0.32,0.3,,,0.28,0.27,0.34,0.1,0.23,0.27,0.25,0.2,0.21,0.25,,0.2,0.25,0.29,0.19,0.28,0.25,0.36,0.13,0.19,0.09,0.2,,0.17,0.22,0.22,0.4,0.19,0.23,0.23,0.21,0.17,0.39,0.35,0.16,0.27,0.08,0.2,0.22,0.13,0.25,,0.23,0.11,0.21,0.14,0.21,0.18,0.38,0.24,0.34,0.21,0.21,0.27,0.39,0.27,0.3,,0.26,0.26,0.11,0.2,0.2,0.28,0.2,0.23,0.23,0.3,0.39,0.2,0.36,0.12,0.2,0.18,0.36,0.29,0.29,0.09,0.17,0.1,0.3,0.31,0.2,0.33,0.16,0.38,,0.23,0.25,0.13,0.36,,0.15,0.1,0.21,0.36,0.36,,0.29,0.21,0.08,0.26,0.24,0.26,0.29,0.15,0.21,0.32,0.08,,0.25,0.3,,0.12,0.2,,0.2,0.19,0.19,0.3,0.25,,0.29,0.21,0.4,0.21,0.25,0.21,0.19,0.38,0.34,0.37,0.24,,0.21,0.25,0.22,0.28,0.16,0.35,0.19,0.25,0.2,0.28,,0.1,0.26,0.39,0.4,0.26,0.33,0.12,0.25,0.2,0.22,0.28,0.1,0.23
"Reunion","Q1 2017",0.18,0.21,0.19,0.38,0.11,0.11,0.29,0.19,0.37,0.29,0.22,0.2,0.2,0.36,0.2,0.33,0.08,0.1,0.3,0.11,0.18,0.18,0.1,0.19,0.26,0.32,0.09,0.29,0.42,0.34,0.33,0.15,,0.32,0.18,0.37,0.09,0.22,0.26,0.29,0.2,0.19,0.25,,0.19,0.28,0.31,0.11,0.31,0.28,0.39,0.13,0.22,0.09,0.19,,0.17,0.21,0.2,0.43,0.19,0.22,0.23,0.19,0.18,0.42,0.33,0.16,0.31,0.08,0.12,0.22,0.2,0.25,,0.21,0.1,0.2,0.14,0.21,0.18,0.41,0.23,0.28,0.25,0.21,0.31,0.42,0.3,0.33,,0.29,0.25,0.18,0.2,0.19,0.31,0.18,0.19,0.21,0.28,0.42,0.19,0.38,0.19,0.21,0.19,0.38,0.27,0.31,0.16,0.17,0.11,0.34,0.29,0.19,0.25,0.08,0.41,,0.22,0.29,0.12,0.34,,0.08,0.19,0.19,0.39,0.31,0.17,0.31,0.21,0.08,0.29,0.24,0.3,0.32,0.21,0.26,0.41,0.07,,0.27,0.31,,0.12,0.19,,0.2,0.19,0.19,0.33,0.24,,0.27,0.19,0.42,0.22,0.28,0.21,0.2,0.4,0.36,0.4,0.25,,0.2,0.29,0.23,0.3,0.16,0.3,0.19,0.22,0.18,0.32,,0.09,0.28,0.41,0.42,0.24,0.36,0.11,0.29,0.2,0.22,0.31,0.09,0.19
"Reunion","Q1 2018",0.17,0.22,0.19,0.36,0.11,0.11,0.29,0.2,0.36,0.28,0.26,0.21,0.2,0.42,0.2,0.28,0.08,0.1,0.3,0.12,0.18,0.19,0.19,0.2,0.25,0.31,0.09,0.28,0.41,0.33,0.33,0.15,,0.31,0.18,0.36,0.09,0.23,0.26,0.28,0.21,0.2,0.25,,0.17,0.27,0.3,0.11,0.3,0.28,0.39,0.14,0.22,0.09,0.2,,0.17,0.22,0.21,0.41,0.19,0.23,0.23,0.19,0.18,0.4,0.27,0.16,0.38,0.08,0.12,0.22,0.19,0.27,,0.21,0.17,0.21,0.13,0.22,0.18,0.39,0.28,0.29,0.27,0.22,0.3,0.4,0.3,0.32,,0.29,0.25,0.18,0.21,0.2,0.29,0.18,0.23,0.24,0.28,0.41,0.19,0.31,0.19,0.22,0.23,0.35,0.27,0.31,0.16,0.16,0.11,0.33,0.3,0.2,0.24,0.08,0.41,,0.23,0.29,0.13,0.28,,0.15,0.18,0.19,0.39,0.31,0.17,0.3,0.21,0.08,0.29,0.25,0.28,0.32,0.21,0.28,0.4,0.07,,0.28,0.31,,0.12,0.2,,0.19,0.19,0.18,0.32,0.27,,0.27,0.21,0.41,0.22,0.27,0.21,0.18,0.38,0.41,0.39,0.22,,0.21,0.29,0.22,0.3,0.16,0.3,0.2,0.23,0.19,0.32,,0.09,0.29,0.39,0.41,0.25,0.35,0.11,0.29,0.19,0.21,0.3,0.09,0.1
"Reunion","Q1 2019",0.17,0.2,0.19,0.25,0.1,0.1,0.26,0.2,0.34,0.26,0.24,0.19,0.19,0.31,0.2,0.25,0.08,0.1,0.26,0.11,0.18,0.19,0.18,0.19,0.25,0.27,0.08,0.25,0.31,0.29,0.29,0.15,,0.27,0.26,0.25,0.09,0.22,0.24,0.24,0.2,0.2,0.24,,0.18,0.24,0.27,0.18,0.27,0.25,0.35,0.12,0.21,0.1,0.2,,0.17,0.2,0.21,0.37,0.19,0.2,0.21,0.11,0.18,0.36,0.25,0.15,0.34,0.08,0.18,0.22,0.12,0.25,,0.21,0.1,0.19,0.13,0.21,0.18,0.35,0.25,0.25,0.24,0.22,0.26,0.37,0.26,0.27,,0.25,0.26,0.08,0.2,0.2,0.26,0.19,0.22,0.25,0.27,0.37,0.2,0.35,0.1,0.21,0.18,0.34,0.26,0.27,0.1,0.16,0.1,0.29,0.28,0.18,0.23,0.15,0.37,,0.21,0.25,0.12,0.25,,0.07,0.11,0.19,0.35,0.28,0.09,0.27,0.2,0.08,0.26,0.24,0.26,0.29,0.14,0.26,0.3,0.07,,0.25,0.27,,0.12,0.18,,0.18,0.19,0.18,0.28,0.23,,0.28,0.18,0.37,0.21,0.24,0.2,0.19,0.34,0.31,0.35,0.2,,0.19,0.25,0.2,0.27,0.16,0.26,0.19,0.22,0.18,0.29,0.08,0.08,0.26,0.36,0.37,0.26,0.31,0.11,0.25,0.19,0.21,0.27,0.08,0.1
"Reunion","Q1 2020",0.19,0.21,0.19,0.28,0.11,0.11,0.28,0.2,0.36,0.29,0.2,0.2,0.2,0.41,0.19,0.26,0.08,0.1,0.29,0.12,0.19,0.19,0.16,0.19,0.23,0.3,0.08,0.27,0.33,0.31,0.32,0.15,,0.3,0.27,0.28,0.09,0.26,0.26,0.26,0.19,0.2,0.24,,0.18,0.27,0.29,0.19,0.29,0.27,0.38,0.13,0.22,0.1,0.21,,0.17,0.2,0.22,0.4,0.19,0.23,0.23,0.18,0.18,0.39,0.36,0.16,0.3,0.08,0.19,0.25,0.13,0.25,,0.22,0.16,0.2,0.14,0.13,0.18,0.38,0.27,0.24,0.26,0.21,0.29,0.39,0.29,0.31,,0.27,0.25,0.11,0.21,0.21,0.28,0.19,0.22,0.22,0.28,0.4,0.2,0.29,0.12,0.24,0.19,0.37,0.27,0.3,0.1,0.18,0.11,0.32,0.31,0.19,0.24,0.08,0.39,,0.21,0.28,0.12,0.33,,0.07,0.11,0.2,0.37,0.31,0.09,0.3,0.2,0.09,0.27,0.23,0.28,0.3,0.21,0.28,0.33,0.07,,0.27,0.29,,0.12,0.18,,0.19,0.19,0.17,0.31,0.24,,0.29,0.18,0.4,0.21,0.26,0.2,0.21,0.37,0.4,0.38,0.19,,0.2,0.28,0.21,0.29,0.16,0.29,0.18,0.23,0.18,0.31,0.08,0.08,0.28,0.39,0.4,0.25,0.34,0.11,0.28,0.19,0.21,0.29,0.08,0.19
"Reunion","Q1 2021",0.17,0.2,0.19,0.26,0.1,0.11,0.27,0.2,0.35,0.29,0.25,0.19,0.19,0.39,0.19,0.26,0.08,0.1,0.28,0.11,0.18,0.19,0.16,0.18,0.25,0.29,0.08,0.26,0.33,0.31,0.31,0.15,,0.3,0.25,0.27,0.09,0.25,0.24,0.26,0.19,0.2,0.23,,0.17,0.26,0.28,0.19,0.29,0.27,0.3,0.12,0.21,0.11,0.19,,0.18,0.2,0.21,0.38,0.19,0.22,0.21,0.18,0.18,0.38,0.29,0.16,0.29,0.1,0.19,0.25,0.12,0.27,,0.19,0.16,0.19,0.12,0.12,0.19,0.37,0.23,0.25,0.26,0.21,0.28,0.38,0.29,0.29,,0.27,0.24,0.11,0.19,0.2,0.28,0.18,0.21,0.22,0.26,0.39,0.19,0.36,0.11,0.25,0.19,0.34,0.26,0.29,0.1,0.18,0.1,0.31,0.32,0.19,0.23,,0.39,,0.21,0.27,0.2,0.25,0.09,0.07,0.11,0.19,0.37,0.3,0.09,0.29,0.2,0.08,0.27,0.21,0.28,0.3,0.2,0.28,0.32,0.07,,0.26,0.27,,0.11,0.18,,0.19,0.19,0.1,0.3,0.23,,0.27,0.18,0.39,0.21,0.26,0.2,0.21,0.36,0.39,0.38,0.11,,0.19,0.27,0.2,0.29,0.16,0.28,0.19,0.22,0.17,0.3,0.08,0.08,0.27,0.38,0.39,0.24,0.33,0.11,0.27,0.19,0.13,0.28,,0.18
"Romania","Q1 2016",0.18,0.29,0.19,0.29,0.1,0.11,0.29,0.2,0.28,0.28,0.27,0.2,0.13,0.41,0.19,0.26,0.08,0.11,0.29,0.1,0.18,0.26,0.18,0.2,0.24,0.31,0.08,0.29,0.4,0.32,0.31,,,0.32,0.18,0.28,0.09,0.23,0.26,0.29,0.19,0.2,0.26,,0.18,0.28,0.3,0.11,0.29,0.3,0.39,0.12,0.18,0.08,0.2,,0.17,0.21,0.23,0.33,0.18,0.22,0.21,0.2,0.24,0.4,0.26,0.16,0.38,0.08,0.13,0.21,0.2,0.27,,0.22,0.17,0.21,0.13,0.21,0.18,0.32,0.24,0.29,0.14,0.22,0.3,0.4,0.27,0.31,,0.29,0.23,0.18,0.13,0.2,0.38,0.19,0.24,0.23,0.2,0.4,0.19,0.39,0.18,0.2,0.18,0.28,0.2,0.32,0.16,0.17,0.1,0.39,0.21,0.2,0.28,0.09,0.4,,0.22,0.25,0.12,0.27,,0.08,0.17,0.22,0.31,0.3,,0.32,0.2,0.08,0.29,0.24,0.28,0.31,0.21,0.21,0.4,0.21,0.25,,0.39,,0.11,0.13,,0.13,0.19,0.18,0.32,0.24,,0.2,0.2,0.33,0.2,0.35,0.2,0.11,0.31,0.41,0.31,0.25,,0.21,0.29,0.23,0.29,0.09,0.29,0.18,0.25,0.21,0.38,,0.09,0.37,0.32,0.34,0.23,0.34,0.11,0.28,0.19,0.23,0.31,0.09,0.23
"Romania","Q1 2017",0.18,0.28,0.18,0.29,0.11,0.1,0.29,0.11,0.29,0.27,0.14,0.2,0.13,0.34,0.12,0.24,0.08,0.1,0.29,0.11,0.19,0.27,0.17,0.2,0.24,0.31,0.08,0.29,0.4,0.32,0.31,0.08,,0.32,0.1,0.28,0.09,0.22,0.25,0.29,0.19,0.11,0.25,,0.11,0.28,0.3,0.11,0.31,0.29,0.39,0.13,0.21,0.08,0.19,,0.1,0.2,0.21,0.33,0.11,0.21,0.21,0.18,0.25,0.33,0.25,0.16,0.38,0.08,0.11,0.21,0.19,0.25,,0.2,0.16,0.13,0.13,0.15,0.1,0.32,0.24,0.27,0.25,0.21,0.37,0.4,0.3,0.32,,0.28,0.23,0.18,0.13,0.18,0.31,0.18,0.2,0.2,0.19,0.39,0.18,0.38,0.18,0.2,0.19,0.27,0.11,0.31,0.16,0.17,0.1,0.39,0.21,0.2,0.23,0.08,0.33,,0.21,0.29,0.12,0.25,,0.07,0.19,0.19,0.31,0.29,0.16,0.31,0.2,0.08,0.29,0.24,0.29,0.31,0.14,0.25,0.39,0.21,0.27,,0.38,,0.11,0.12,,0.12,0.18,0.11,0.32,0.23,,0.18,0.18,0.33,0.14,0.36,0.19,0.12,0.3,0.34,0.31,0.24,,0.12,0.29,0.23,0.29,0.09,0.28,0.19,0.14,0.19,0.39,,0.08,0.37,0.32,0.34,0.22,0.34,0.11,0.29,0.19,0.21,0.3,0.08,0.11
"Romania","Q1 2018",0.17,0.28,0.19,0.28,0.11,0.11,0.3,0.19,0.28,0.29,0.27,0.21,0.13,0.36,0.13,0.26,0.08,0.1,0.3,0.11,0.18,0.27,0.18,0.2,0.24,0.32,0.08,0.3,0.42,0.33,0.4,0.15,,0.32,0.17,0.28,0.09,0.23,0.25,0.3,0.2,0.19,0.24,,0.1,0.29,0.31,0.11,0.32,0.3,0.4,0.14,0.21,0.09,0.19,,0.1,0.22,0.21,0.35,0.18,0.22,0.22,0.18,0.26,0.35,0.26,0.16,0.4,0.08,0.12,0.21,0.19,0.26,,0.2,0.17,0.2,0.13,0.14,0.11,0.39,0.29,0.3,0.28,0.22,0.32,0.42,0.31,0.32,,0.31,0.24,0.18,0.21,0.19,0.38,0.18,0.23,0.23,0.2,0.41,0.19,0.4,0.19,0.21,0.23,0.28,0.19,0.32,0.16,0.16,0.1,0.41,0.22,0.21,0.23,0.08,0.35,,0.22,0.29,0.13,0.26,,0.08,0.18,0.19,0.39,0.31,0.17,0.32,0.21,0.08,0.3,0.25,0.3,0.32,0.14,0.3,0.41,0.21,0.28,,0.39,,0.12,0.12,,0.12,0.19,0.1,0.39,0.26,,0.19,0.2,0.42,0.21,0.3,0.21,0.18,0.32,0.42,0.33,0.22,,0.2,0.3,0.22,0.31,0.16,0.3,0.19,0.22,0.2,0.41,,0.09,0.39,0.4,0.35,0.24,0.35,0.11,0.3,0.19,0.21,0.32,0.09,0.17
"Romania","Q1 2019",0.17,0.28,0.19,0.26,0.1,0.1,0.29,0.13,0.29,0.28,0.28,0.2,0.13,0.35,0.13,0.25,0.08,0.1,0.3,0.11,0.19,0.26,0.18,0.2,0.27,0.32,0.08,0.29,0.41,0.32,0.33,0.15,,0.32,0.18,0.27,0.09,0.23,0.25,0.29,0.2,0.13,0.24,,0.11,0.28,0.31,0.11,0.31,0.3,0.4,0.13,0.21,0.16,0.2,,0.1,0.2,0.21,0.35,0.11,0.2,0.21,0.18,0.19,0.34,0.25,0.08,0.39,0.08,0.11,0.21,0.19,0.26,,0.21,0.1,0.13,0.13,0.14,0.11,0.39,0.29,0.25,0.27,0.22,0.31,0.41,0.3,0.31,,0.29,0.28,0.08,0.22,0.2,0.37,0.19,0.23,0.26,0.19,0.4,0.19,0.4,0.17,0.2,0.19,0.28,0.18,0.31,0.17,0.16,0.1,0.4,0.21,0.19,0.22,0.08,0.34,,0.21,0.28,0.12,0.26,,0.07,0.18,0.2,0.39,0.31,0.16,0.31,0.21,0.08,0.29,0.25,0.29,0.33,0.14,0.37,0.41,0.21,0.25,,0.38,,0.12,0.11,,0.11,0.19,0.11,0.39,0.23,,0.2,0.19,0.41,0.14,0.29,0.2,0.19,0.31,0.35,0.32,0.2,,0.13,0.29,0.21,0.3,0.16,0.29,0.19,0.15,0.19,0.4,0.08,0.08,0.38,0.39,0.35,0.28,0.35,0.11,0.29,0.19,0.14,0.31,0.08,0.17
"Romania","Q1 2020",0.19,0.28,0.19,0.29,0.1,0.11,0.29,0.19,0.29,0.29,0.2,0.2,0.12,0.35,0.12,0.25,0.08,0.1,0.3,0.11,0.19,0.26,0.16,0.2,0.23,0.32,0.08,0.28,0.41,0.32,0.33,0.15,,0.32,0.18,0.29,0.09,0.25,0.26,0.29,0.19,0.19,0.24,,0.18,0.28,0.3,0.12,0.31,0.29,0.4,0.13,0.21,0.16,0.2,,0.1,0.2,0.21,0.35,0.18,0.22,0.22,0.18,0.19,0.34,0.3,0.16,0.39,0.08,0.12,0.24,0.2,0.26,,0.21,0.16,0.13,0.13,0.13,0.11,0.39,0.29,0.24,0.28,0.21,0.31,0.41,0.3,0.31,,0.29,0.25,0.18,0.22,0.2,0.37,0.19,0.23,0.21,0.2,0.4,0.19,0.38,0.18,0.24,0.19,0.29,0.19,0.31,0.17,0.18,0.1,0.4,0.23,0.2,0.23,0.08,0.34,,0.21,0.28,0.12,0.26,,0.07,0.18,0.19,0.39,0.31,0.16,0.31,0.21,0.08,0.28,0.24,0.29,0.32,0.14,0.37,0.41,0.21,0.27,,0.36,,0.11,0.11,,0.12,0.19,0.1,0.39,0.24,,0.21,0.18,0.41,0.21,0.29,0.2,0.2,0.31,0.42,0.32,0.2,,0.13,0.29,0.21,0.3,0.16,0.29,0.18,0.22,0.19,0.4,0.08,0.08,0.38,0.4,0.35,0.25,0.35,0.11,0.29,0.19,0.13,0.3,0.08,0.19
"Romania","Q1 2021",0.17,0.22,0.19,0.27,0.1,0.11,0.29,0.19,0.3,0.29,0.26,0.2,0.19,0.34,0.11,0.26,0.08,0.1,0.3,0.11,0.18,0.26,0.16,0.2,0.24,0.31,0.08,0.28,0.41,0.32,0.33,0.15,,0.32,0.11,0.26,0.09,0.26,0.25,0.28,0.19,0.19,0.25,,0.17,0.29,0.3,0.11,0.31,0.3,0.39,0.13,0.21,0.17,0.19,,0.11,0.2,0.22,0.34,0.18,0.22,0.21,0.18,0.25,0.33,0.3,0.16,0.39,0.1,0.12,0.25,0.19,0.29,,0.18,0.16,0.19,0.13,0.14,0.11,0.33,0.25,0.26,0.28,0.21,0.38,0.4,0.3,0.31,,0.3,0.24,0.18,0.2,0.19,0.37,0.18,0.22,0.22,0.11,0.4,0.18,0.38,0.18,0.24,0.19,0.27,0.11,0.31,0.17,0.18,0.1,0.4,0.24,0.2,0.22,,0.34,,0.21,0.28,0.13,0.26,0.08,0.07,0.18,0.19,0.32,0.32,0.16,0.32,0.21,0.08,0.28,0.23,0.3,0.32,0.14,0.31,0.4,0.21,0.26,,0.36,,0.11,0.11,,0.11,0.19,0.1,0.39,0.24,,0.19,0.18,0.41,0.2,0.29,0.2,0.2,0.31,0.41,0.32,0.19,,0.2,0.3,0.21,0.3,0.16,0.3,0.19,0.22,0.18,0.39,0.08,0.08,0.38,0.33,0.34,0.24,0.35,0.11,0.29,0.19,0.13,0.3,,0.18
"Russian Federation","Q1 2016",0.2,0.27,0.21,0.36,0.2,0.21,0.37,0.23,0.38,0.34,0.31,0.24,0.23,0.6,0.23,0.32,0.15,0.21,0.39,0.19,0.2,0.28,0.19,0.3,0.35,0.49,0.17,0.44,0.59,0.56,0.53,,,0.52,0.21,0.34,0.1,0.3,0.38,0.35,0.23,0.24,0.29,,0.22,0.43,0.38,0.22,0.44,0.44,0.54,0.21,0.28,0.09,0.29,,0.19,0.25,0.37,0.57,0.21,0.26,0.26,0.23,0.19,0.58,0.4,0.17,0.47,0.16,0.23,0.26,0.23,0.33,,0.25,0.19,0.24,0.25,0.27,0.21,0.5,0.38,0.4,0.23,0.25,0.46,0.58,0.41,0.53,,0.34,0.28,0.2,0.23,0.29,0.48,0.21,0.27,0.33,0.24,0.57,0.21,0.49,0.21,0.23,0.2,0.43,0.23,0.53,0.17,0.19,0.18,0.54,0.25,0.31,0.33,0.1,0.57,,0.28,0.33,0.22,0.42,,0.08,0.19,0.33,0.51,0.4,,0.52,0.24,0.09,0.44,0.37,0.45,0.45,0.25,0.25,0.58,0.15,0.3,0.39,,,0.21,0.23,,0.23,0.21,0.2,0.51,0.35,,0.24,0.23,0.57,0.25,0.43,0.24,0.2,0.48,0.59,0.45,0.28,,0.25,0.45,0.25,0.46,0.17,0.37,0.21,0.37,0.23,0.51,,0.11,0.42,0.53,0.59,0.27,0.58,0.21,0.36,0.22,0.27,0.51,0.11,0.26
"Russian Federation","Q1 2017",0.2,0.27,0.21,0.34,0.2,0.19,0.35,0.21,0.39,0.34,0.24,0.23,0.24,0.54,0.23,0.3,0.15,0.18,0.35,0.21,0.2,0.28,0.18,0.3,0.36,0.46,0.16,0.35,0.53,0.5,0.48,0.16,,0.47,0.19,0.33,0.1,0.29,0.38,0.32,0.24,0.21,0.29,,0.21,0.38,0.35,0.2,0.45,0.42,0.48,0.23,0.32,0.09,0.3,,0.19,0.25,0.33,0.52,0.2,0.26,0.26,0.21,0.27,0.52,0.39,0.17,0.44,0.15,0.21,0.26,0.23,0.33,,0.24,0.18,0.23,0.24,0.27,0.2,0.48,0.37,0.35,0.28,0.24,0.44,0.52,0.43,0.48,,0.32,0.27,0.2,0.22,0.28,0.36,0.2,0.23,0.31,0.22,0.51,0.2,0.45,0.21,0.25,0.21,0.32,0.21,0.4,0.17,0.18,0.19,0.5,0.24,0.3,0.28,0.09,0.52,,0.27,0.35,0.21,0.39,,0.08,0.22,0.24,0.45,0.38,0.18,0.46,0.24,0.08,0.36,0.37,0.42,0.4,0.25,0.29,0.51,0.15,0.31,0.38,,,0.21,0.22,,0.23,0.21,0.2,0.47,0.35,,0.22,0.22,0.52,0.25,0.4,0.23,0.21,0.37,0.52,0.41,0.26,,0.23,0.42,0.26,0.44,0.17,0.33,0.21,0.26,0.27,0.47,,0.09,0.4,0.47,0.53,0.27,0.53,0.2,0.34,0.22,0.26,0.45,0.09,0.19
"Russian Federation","Q1 2018",0.18,0.26,0.21,0.4,0.2,0.2,0.36,0.23,0.37,0.33,0.28,0.24,0.23,0.54,0.23,0.38,0.15,0.18,0.37,0.21,0.19,0.28,0.21,0.22,0.35,0.47,0.16,0.36,0.53,0.49,0.49,0.16,,0.47,0.19,0.33,0.1,0.29,0.37,0.32,0.24,0.23,0.28,,0.11,0.39,0.35,0.2,0.46,0.43,0.48,0.23,0.32,0.09,0.29,,0.19,0.25,0.32,0.52,0.21,0.25,0.26,0.2,0.27,0.53,0.37,0.17,0.47,0.15,0.21,0.26,0.22,0.33,,0.23,0.18,0.24,0.23,0.27,0.2,0.41,0.42,0.35,0.3,0.25,0.43,0.53,0.43,0.47,,0.34,0.26,0.2,0.15,0.29,0.42,0.2,0.26,0.33,0.21,0.51,0.2,0.46,0.21,0.25,0.25,0.31,0.2,0.4,0.17,0.17,0.19,0.52,0.24,0.31,0.27,0.09,0.53,,0.26,0.36,0.22,0.38,,0.09,0.2,0.22,0.38,0.38,0.18,0.47,0.24,0.08,0.37,0.37,0.41,0.48,0.24,0.32,0.52,0.15,0.31,0.39,,,0.22,0.23,,0.22,0.21,0.19,0.4,0.31,,0.21,0.23,0.53,0.25,0.33,0.23,0.12,0.36,0.53,0.42,0.23,,0.24,0.41,0.31,0.44,0.17,0.41,0.22,0.27,0.28,0.49,,0.09,0.42,0.41,0.54,0.26,0.53,0.21,0.35,0.21,0.24,0.45,0.09,0.11
"Russian Federation","Q1 2019",0.19,0.24,0.21,0.31,0.19,0.19,0.35,0.23,0.37,0.33,0.29,0.24,0.23,0.53,0.23,0.37,0.15,0.18,0.36,0.2,0.21,0.28,0.2,0.23,0.39,0.46,0.16,0.36,0.52,0.47,0.48,0.16,,0.47,0.2,0.31,0.1,0.28,0.36,0.31,0.23,0.23,0.28,,0.21,0.39,0.35,0.2,0.38,0.43,0.47,0.22,0.32,0.1,0.3,,0.19,0.24,0.33,0.51,0.21,0.24,0.26,0.19,0.27,0.51,0.37,0.16,0.46,0.15,0.21,0.25,0.21,0.33,,0.31,0.18,0.23,0.23,0.26,0.2,0.4,0.41,0.27,0.3,0.25,0.44,0.52,0.43,0.45,,0.33,0.3,0.09,0.23,0.3,0.36,0.21,0.25,0.37,0.21,0.5,0.21,0.45,0.19,0.24,0.21,0.33,0.2,0.4,0.19,0.17,0.19,0.5,0.23,0.22,0.27,0.09,0.52,,0.25,0.34,0.2,0.38,,0.08,0.2,0.3,0.38,0.36,0.18,0.46,0.24,0.09,0.37,0.37,0.43,0.48,0.24,0.35,0.51,0.15,0.27,0.38,,,0.21,0.21,,0.21,0.21,0.2,0.4,0.28,,0.22,0.2,0.52,0.24,0.32,0.23,0.13,0.37,0.52,0.41,0.14,,0.23,0.42,0.24,0.43,0.17,0.41,0.21,0.26,0.27,0.47,0.15,0.09,0.42,0.41,0.53,0.3,0.52,0.2,0.34,0.21,0.24,0.45,0.09,0.11
"Russian Federation","Q1 2020",0.2,0.25,0.22,0.38,0.19,0.19,0.31,0.22,0.33,0.31,0.21,0.23,0.22,0.49,0.22,0.3,0.15,0.18,0.32,0.2,0.21,0.21,0.17,0.22,0.34,0.36,0.16,0.3,0.48,0.43,0.44,0.16,,0.42,0.2,0.3,0.1,0.31,0.38,0.27,0.21,0.22,0.28,,0.2,0.36,0.31,0.21,0.34,0.38,0.43,0.21,0.32,0.17,0.3,,0.19,0.24,0.32,0.48,0.2,0.25,0.33,0.19,0.26,0.46,0.39,0.18,0.43,0.15,0.21,0.28,0.22,0.31,,0.32,0.17,0.23,0.23,0.23,0.2,0.43,0.37,0.26,0.29,0.24,0.4,0.46,0.33,0.42,,0.3,0.27,0.2,0.23,0.3,0.32,0.21,0.26,0.32,0.22,0.46,0.2,0.34,0.21,0.27,0.21,0.3,0.2,0.36,0.19,0.19,0.19,0.46,0.25,0.23,0.27,0.09,0.48,,0.25,0.31,0.2,0.39,,0.08,0.2,0.24,0.42,0.34,0.18,0.41,0.23,0.09,0.31,0.28,0.39,0.43,0.23,0.38,0.47,0.15,0.29,0.36,,,0.2,0.2,,0.21,0.22,0.18,0.42,0.35,,0.22,0.2,0.47,0.24,0.29,0.22,0.22,0.34,0.48,0.37,0.21,,0.23,0.38,0.23,0.39,0.17,0.38,0.2,0.26,0.2,0.43,0.15,0.09,0.39,0.44,0.49,0.27,0.49,0.19,0.3,0.21,0.23,0.39,0.09,0.2
"Russian Federation","Q1 2021",0.19,0.25,0.21,0.29,0.19,0.19,0.3,0.22,0.33,0.31,0.25,0.24,0.23,0.48,0.21,0.31,0.15,0.17,0.32,0.19,0.2,0.21,0.17,0.23,0.35,0.35,0.16,0.3,0.48,0.43,0.44,0.16,,0.42,0.19,0.28,0.1,0.31,0.36,0.27,0.21,0.22,0.27,,0.19,0.36,0.3,0.21,0.33,0.38,0.42,0.21,0.31,0.18,0.29,,0.19,0.23,0.32,0.46,0.2,0.25,0.24,0.19,0.26,0.46,0.39,0.17,0.43,0.18,0.21,0.28,0.21,0.32,,0.2,0.17,0.22,0.21,0.24,0.2,0.43,0.35,0.25,0.29,0.24,0.4,0.45,0.32,0.41,,0.3,0.27,0.2,0.22,0.29,0.32,0.19,0.25,0.32,0.19,0.46,0.2,0.33,0.21,0.28,0.21,0.26,0.19,0.36,0.19,0.19,0.19,0.45,0.27,0.23,0.26,,0.47,,0.24,0.32,0.23,0.37,0.09,0.08,0.19,0.23,0.41,0.35,0.17,0.41,0.24,0.09,0.3,0.26,0.39,0.35,0.23,0.38,0.46,0.15,0.27,0.36,,,0.19,0.2,,0.21,0.22,0.18,0.43,0.34,,0.21,0.2,0.47,0.24,0.28,0.22,0.22,0.34,0.47,0.36,0.19,,0.23,0.37,0.23,0.4,0.17,0.31,0.21,0.26,0.19,0.42,0.15,0.09,0.39,0.44,0.48,0.26,0.48,0.2,0.3,0.21,0.22,0.4,,0.19
"Saint Helena","Q1 2016",,,,,,,,,,,,,,,,,,,,,,,,,,,,,,,,,,,,,,,,,,,,,,,,,,,,,,,,,,,,,,,,,,,,,,,,,,,,,,,,,,,,,,,,,,,,,,,,,,,,,,,,,,,,,,,,,,,,,,,,,,,,,,,,,,,,,,,,,,,,,,,,,,,,,,,,,,,,,,,,,,,,,,,,,,,,,,,,,,,,,,,,,,,,,,,
"Saint Helena","Q1 2017",,,,,,,,,,,,,,,,,,,,,,,,,,,,,,,,,,,,,,,,,,,,,,,,,,,,,,,,,,,,,,,,,,,,,,,,,,,,,,,,,,,,,,,,,,,,,,,,,,,,,,,,,,,,,,,,,,,,,,,,,,,,,,,,,,,,,,,,,,,,,,,,,,,,,,,,,,,,,,,,,,,,,,,,,,,,,,,,,,,,,,,,,,,,,,,
"Saint Helena","Q1 2018",,,,,,,,,,,,,,,,,,,,,,,,,,,,,,,,,,,,,,,,,,,,,,,,,,,,,,,,,,,,,,,,,,,,,,,,,,,,,,,,,,,,,,,,,,,,,,,,,,,,,,,,,,,,,,,,,,,,,,,,,,,,,,,,,,,,,,,,,,,,,,,,,,,,,,,,,,,,,,,,,,,,,,,,,,,,,,,,,,,,,,,,,,,,,,,
"Saint Helena","Q1 2019",,,,,,,,,,,,,,,,,,,,,,,,,,,,,,,,,,,,,,,,,,,,,,,,,,,,,,,,,,,,,,,,,,,,,,,,,,,,,,,,,,,,,,,,,,,,,,,,,,,,,,,,,,,,,,,,,,,,,,,,,,,,,,,,,,,,,,,,,,,,,,,,,,,,,,,,,,,,,,,,,,,,,,,,,,,,,,,,,,,,,,,,,,,,,,,
"Saint Helena","Q1 2020",,,,,,,,,,,,,,,,,,,,,,,,,,,,,,,,,,,,,,,,,,,,,,,,,,,,,,,,,,,,,,,,,,,,,,,,,,,,,,,,,,,,,,,,,,,,,,,,,,,,,,,,,,,,,,,,,,,,,,,,,,,,,,,,,,,,,,,,,,,,,,,,,,,,,,,,,,,,,,,,,,,,,,,,,,,,,,,,,,,,,,,,,,,,,,,
"Saint Helena","Q1 2021",,,,,,,,,,,,,,,,,,,,,,,,,,,,,,,,,,,,,,,,,,,,,,,,,,,,,,,,,,,,,,,,,,,,,,,,,,,,,,,,,,,,,,,,,,,,,,,,,,,,,,,,,,,,,,,,,,,,,,,,,,,,,,,,,,,,,,,,,,,,,,,,,,,,,,,,,,,,,,,,,,,,,,,,,,,,,,,,,,,,,,,,,,,,,,,
"Saint Kitts and Nevis","Q1 2016",0.1,0.18,0.18,0.19,0.26,0.27,0.19,0.19,0.2,0.27,0.18,0.1,0.28,0.24,0.18,0.19,0.15,0.19,0.2,0.24,0.09,0.1,0.1,0.1,0.19,0.21,0.15,0.19,0.23,0.21,0.21,,,0.21,0.1,0.12,0.09,0.2,0.12,0.18,0.18,0.2,0.11,,0.1,0.11,0.19,0.27,0.3,0.2,0.21,0.17,0.17,0.08,0.1,,0.09,0.18,0.11,0.24,0.17,0.18,0.18,0.11,0.09,0.22,0.19,0.09,0.19,0.08,0.28,0.28,0.17,0.2,,0.11,0.09,0.27,0.27,0.19,0.17,0.2,0.18,0.12,0.1,0.11,0.19,0.22,0.29,0.2,,0.11,0.12,0.1,0.17,0.1,0.19,0.17,0.11,0.1,0.11,0.21,0.1,0.2,0.11,0.18,0.09,0.12,0.1,0.21,0.09,0.09,0.25,0.21,0.11,0.1,0.18,0.09,0.23,,0.19,0.19,0.17,0.2,,0.08,0.09,0.18,0.2,0.2,,0.23,0.11,0.08,0.19,0.11,0.11,0.21,0.2,0.17,0.22,0.01,0.12,0.11,0.21,,,0.28,,0.28,0.18,0.1,0.2,0.18,,0.11,0.11,0.22,0.29,0.18,0.11,0.09,0.2,0.23,0.2,0.1,,0.27,0.18,0.1,0.19,0.09,0.12,0.11,0.29,0.1,0.2,,0.09,0.19,0.21,0.25,0.12,0.32,0.27,0.18,0.11,0.2,0.19,0.09,0.1
"Saint Kitts and Nevis","Q1 2017",0.1,0.19,0.18,0.19,0.27,0.26,0.19,0.18,0.2,0.28,0.11,0.1,0.29,0.24,0.19,0.19,0.15,0.17,0.2,0.27,0.1,0.1,0.09,0.11,0.19,0.22,0.15,0.2,0.23,0.22,0.22,0.08,,0.31,0.1,0.12,0.09,0.21,0.12,0.19,0.19,0.18,0.11,,0.11,0.11,0.19,0.27,0.3,0.2,0.21,0.18,0.18,0.08,0.11,,0.1,0.19,0.11,0.24,0.18,0.19,0.18,0.11,0.1,0.23,0.19,0.09,0.2,0.01,0.28,0.29,0.18,0.21,,0.11,0.09,0.28,0.21,0.2,0.17,0.21,0.18,0.12,0.11,0.11,0.2,0.23,0.29,0.21,,0.12,0.12,0.1,0.1,0.1,0.2,0.1,0.11,0.11,0.11,0.22,0.1,0.21,0.11,0.2,0.1,0.12,0.1,0.21,0.09,0.09,0.26,0.22,0.11,0.11,0.19,0.08,0.24,,0.19,0.2,0.17,0.2,,0.08,0.11,0.18,0.21,0.2,0.09,0.22,0.11,0.08,0.2,0.12,0.19,0.21,0.2,0.11,0.22,0.01,0.12,0.11,0.21,,,0.27,,0.28,0.18,0.1,0.21,0.19,,0.11,0.11,0.23,0.3,0.19,0.12,0.11,0.2,0.24,0.2,0.1,,0.27,0.19,0.11,0.2,0.09,0.19,0.18,0.3,0.1,0.21,,0.08,0.19,0.21,0.25,0.12,0.33,0.27,0.19,0.11,0.29,0.2,0.08,0.09
"Saint Kitts and Nevis","Q1 2018",0.1,0.12,0.18,0.2,0.27,0.27,0.2,0.19,0.2,0.27,0.11,0.11,0.29,0.25,0.19,0.2,0.15,0.17,0.21,0.28,0.1,0.11,0.11,0.11,0.19,0.23,0.15,0.2,0.24,0.22,0.22,0.08,,0.31,0.1,0.13,0.09,0.21,0.12,0.19,0.19,0.19,0.11,,0.09,0.12,0.2,0.27,0.31,0.2,0.21,0.18,0.18,0.08,0.11,,0.1,0.19,0.11,0.25,0.19,0.19,0.19,0.11,0.1,0.23,0.2,0.09,0.2,0.01,0.28,0.3,0.17,0.21,,0.11,0.1,0.29,0.19,0.2,0.17,0.21,0.19,0.12,0.11,0.12,0.2,0.23,0.3,0.21,,0.12,0.12,0.1,0.1,0.11,0.13,0.1,0.12,0.11,0.11,0.22,0.1,0.21,0.11,0.22,0.11,0.12,0.1,0.23,0.09,0.09,0.26,0.23,0.19,0.11,0.19,0.08,0.25,,0.19,0.2,0.18,0.2,,0.08,0.1,0.11,0.21,0.2,0.09,0.23,0.12,0.08,0.2,0.12,0.19,0.22,0.27,0.12,0.23,0.01,0.12,0.12,0.22,,,0.28,,0.28,0.18,0.1,0.21,0.2,,0.11,0.11,0.23,0.3,0.19,0.12,0.1,0.2,0.25,0.21,0.1,,0.28,0.12,0.11,0.2,0.09,0.2,0.18,0.3,0.11,0.22,,0.08,0.2,0.21,0.25,0.12,0.34,0.27,0.2,0.11,0.29,0.2,0.08,0.09
"Saint Kitts and Nevis","Q1 2019",0.1,0.12,0.18,0.19,0.26,0.26,0.2,0.19,0.2,0.2,0.18,0.11,0.29,0.24,0.18,0.19,0.15,0.16,0.21,0.28,0.1,0.11,0.11,0.11,0.19,0.22,0.15,0.2,0.23,0.22,0.22,0.08,,0.31,0.11,0.12,0.09,0.2,0.12,0.18,0.19,0.19,0.11,,0.11,0.12,0.2,0.27,0.31,0.2,0.21,0.18,0.19,0.09,0.11,,0.1,0.12,0.11,0.24,0.18,0.19,0.19,0.1,0.1,0.22,0.2,0.08,0.2,0.01,0.27,0.29,0.17,0.2,,0.11,0.09,0.27,0.19,0.19,0.17,0.21,0.19,0.12,0.11,0.11,0.2,0.23,0.29,0.21,,0.12,0.12,0.02,0.11,0.11,0.12,0.1,0.12,0.12,0.11,0.22,0.1,0.21,0.17,0.2,0.11,0.12,0.1,0.22,0.1,0.09,0.26,0.22,0.18,0.11,0.19,0.08,0.25,,0.19,0.2,0.17,0.2,,0.07,0.1,0.12,0.2,0.2,0.09,0.22,0.12,0.08,0.2,0.12,0.19,0.22,0.27,0.19,0.23,0.01,0.12,0.12,0.21,,,0.27,,0.27,0.18,0.1,0.21,0.18,,0.11,0.1,0.23,0.29,0.18,0.12,0.11,0.2,0.24,0.21,0.1,,0.27,0.12,0.11,0.2,0.09,0.19,0.18,0.3,0.11,0.21,0.15,0.02,0.19,0.21,0.25,0.12,0.33,0.26,0.19,0.11,0.29,0.2,0.02,0.09
"Saint Kitts and Nevis","Q1 2020",0.1,0.11,0.18,0.19,0.26,0.26,0.19,0.18,0.2,0.2,0.1,0.1,0.28,0.23,0.18,0.18,0.15,0.16,0.2,0.28,0.1,0.1,0.09,0.1,0.18,0.21,0.15,0.19,0.22,0.21,0.21,0.08,,0.3,0.1,0.12,0.09,0.2,0.12,0.11,0.18,0.18,0.11,,0.1,0.11,0.19,0.27,0.3,0.19,0.2,0.18,0.18,0.09,0.11,,0.09,0.12,0.11,0.23,0.18,0.18,0.18,0.09,0.1,0.21,0.19,0.09,0.2,0.01,0.27,0.29,0.17,0.19,,0.11,0.09,0.27,0.18,0.18,0.17,0.2,0.18,0.11,0.11,0.11,0.19,0.22,0.29,0.2,,0.11,0.11,0.1,0.1,0.1,0.12,0.1,0.11,0.11,0.11,0.21,0.1,0.2,0.18,0.21,0.1,0.12,0.1,0.22,0.1,0.1,0.26,0.21,0.18,0.11,0.18,0.01,0.24,,0.19,0.19,0.17,0.19,,0.07,0.1,0.11,0.2,0.19,0.09,0.22,0.11,0.08,0.19,0.11,0.19,0.2,0.2,0.19,0.22,0.01,0.12,0.11,0.2,,,0.19,,0.27,0.18,0.09,0.2,0.18,,0.11,0.1,0.22,0.29,0.11,0.11,0.11,0.2,0.23,0.2,0.1,,0.27,0.12,0.11,0.19,0.09,0.19,0.17,0.29,0.1,0.2,0.15,0.02,0.19,0.21,0.25,0.11,0.32,0.26,0.19,0.11,0.28,0.19,0.02,0.09
"Saint Kitts and Nevis","Q1 2021",0.1,0.11,0.17,0.18,0.26,0.25,0.18,0.18,0.19,0.2,0.1,0.1,0.27,0.22,0.17,0.18,0.15,0.16,0.19,0.27,0.09,0.1,0.09,0.1,0.18,0.2,0.15,0.18,0.21,0.2,0.21,0.08,,0.29,0.1,0.11,0.09,0.19,0.11,0.1,0.17,0.18,0.1,,0.1,0.11,0.18,0.27,0.29,0.19,0.19,0.17,0.18,0.09,0.1,,0.09,0.11,0.1,0.22,0.17,0.17,0.17,0.09,0.09,0.21,0.19,0.09,0.19,0.09,0.27,0.28,0.17,0.19,,0.1,0.09,0.19,0.18,0.17,0.17,0.2,0.17,0.1,0.17,0.17,0.18,0.21,0.21,0.19,,0.11,0.11,0.1,0.1,0.1,0.11,0.09,0.11,0.1,0.1,0.2,0.09,0.2,0.17,0.2,0.1,0.11,0.1,0.2,0.1,0.09,0.26,0.2,0.18,0.1,0.17,,0.23,,0.18,0.19,0.17,0.18,0.08,0.07,0.1,0.11,0.19,0.19,0.09,0.2,0.11,0.08,0.18,0.1,0.19,0.2,0.19,0.11,0.21,0.01,0.11,0.11,0.19,,,0.19,,0.27,0.17,0.09,0.19,0.18,,0.1,0.1,0.21,0.28,0.1,0.11,0.1,0.19,0.22,0.19,0.09,,0.19,0.11,0.1,0.19,0.09,0.18,0.17,0.28,0.09,0.19,0.15,0.01,0.18,0.2,0.23,0.11,0.31,0.26,0.18,0.1,0.26,0.18,,0.09
"Saint Lucia","Q1 2016",0.11,0.21,0.19,0.21,0.27,0.27,0.2,0.28,0.22,0.22,0.19,0.12,0.3,0.26,0.2,0.21,0.15,0.27,0.22,0.18,0.11,0.11,0.1,0.12,0.21,0.23,0.15,0.21,0.25,0.24,0.23,,,0.25,0.18,0.2,0.09,0.23,0.2,0.2,0.2,0.29,0.2,,0.19,0.2,0.21,0.28,0.32,0.22,0.23,0.18,0.18,0.09,0.18,,0.17,0.2,0.2,0.33,0.19,0.2,0.2,0.19,0.1,0.25,0.21,0.16,0.21,0.08,0.31,0.3,0.19,0.22,,0.2,0.1,0.3,0.29,0.21,0.18,0.23,0.19,0.14,0.11,0.19,0.21,0.25,0.32,0.23,,0.2,0.2,0.11,0.18,0.18,0.22,0.18,0.2,0.19,0.19,0.24,0.11,0.23,0.12,0.19,0.18,0.21,0.19,0.24,0.09,0.1,0.25,0.24,0.2,0.12,0.2,0.09,0.26,,0.21,0.21,0.18,0.22,,0.08,0.1,0.2,0.22,0.22,,0.32,0.12,0.08,0.21,0.13,0.2,0.23,0.28,0.19,0.25,0.01,0.2,0.13,0.23,,0.28,,,0.31,0.19,0.18,0.22,0.2,,0.12,0.18,0.24,0.3,0.2,0.13,0.11,0.23,0.26,0.22,0.12,,0.3,0.2,0.18,0.21,0.09,0.21,0.12,0.32,0.18,0.22,,0.09,0.2,0.23,0.34,0.2,0.36,0.27,0.2,0.12,0.29,0.21,0.09,0.11
"Saint Lucia","Q1 2017",0.1,0.2,0.18,0.2,0.26,0.25,0.2,0.18,0.21,0.21,0.18,0.11,0.3,0.25,0.19,0.2,0.15,0.16,0.21,0.2,0.1,0.11,0.1,0.11,0.2,0.22,0.15,0.21,0.24,0.22,0.22,0.08,,0.25,0.17,0.2,0.09,0.22,0.2,0.19,0.19,0.18,0.19,,0.18,0.19,0.2,0.2,0.31,0.21,0.22,0.19,0.19,0.08,0.18,,0.17,0.19,0.19,0.31,0.19,0.2,0.19,0.18,0.1,0.23,0.2,0.09,0.21,0.08,0.27,0.29,0.18,0.22,,0.19,0.09,0.29,0.27,0.21,0.17,0.22,0.19,0.19,0.11,0.19,0.21,0.24,0.3,0.22,,0.19,0.19,0.1,0.11,0.18,0.21,0.1,0.18,0.18,0.18,0.22,0.1,0.22,0.11,0.28,0.18,0.2,0.17,0.22,0.09,0.09,0.19,0.23,0.19,0.11,0.19,0.08,0.24,,0.2,0.2,0.18,0.21,,0.08,0.11,0.18,0.21,0.21,0.09,0.23,0.12,0.08,0.21,0.12,0.2,0.22,0.28,0.19,0.23,0.01,0.19,0.12,0.22,,0.27,,,0.29,0.18,0.17,0.21,0.2,,0.11,0.18,0.23,0.3,0.19,0.12,0.11,0.21,0.25,0.21,0.11,,0.28,0.2,0.18,0.2,0.09,0.2,0.18,0.3,0.11,0.21,,0.08,0.19,0.22,0.32,0.19,0.33,0.27,0.2,0.11,0.22,0.2,0.08,0.09
"Saint Lucia","Q1 2018",0.1,0.19,0.18,0.2,0.27,0.26,0.21,0.2,0.21,0.21,0.11,0.11,0.3,0.26,0.19,0.2,0.15,0.17,0.22,0.21,0.1,0.11,0.18,0.11,0.2,0.3,0.15,0.21,0.24,0.23,0.23,0.08,,0.32,0.17,0.2,0.09,0.22,0.2,0.19,0.2,0.2,0.19,,0.09,0.19,0.21,0.2,0.32,0.21,0.22,0.19,0.19,0.08,0.18,,0.17,0.2,0.19,0.32,0.19,0.19,0.19,0.18,0.1,0.24,0.2,0.09,0.21,0.08,0.27,0.3,0.18,0.22,,0.19,0.1,0.29,0.19,0.21,0.18,0.22,0.2,0.19,0.12,0.19,0.21,0.24,0.31,0.22,,0.2,0.12,0.11,0.11,0.18,0.2,0.1,0.19,0.18,0.18,0.23,0.1,0.22,0.12,0.29,0.18,0.19,0.17,0.23,0.09,0.09,0.19,0.24,0.19,0.11,0.19,0.08,0.32,,0.2,0.21,0.18,0.2,,0.08,0.11,0.18,0.22,0.21,0.09,0.24,0.12,0.08,0.21,0.12,0.2,0.22,0.28,0.12,0.24,0.01,0.2,0.12,0.23,,0.28,,,0.28,0.18,0.17,0.22,0.2,,0.11,0.18,0.24,0.3,0.19,0.12,0.1,0.21,0.26,0.22,0.11,,0.28,0.2,0.18,0.21,0.09,0.2,0.19,0.3,0.11,0.22,,0.08,0.2,0.22,0.32,0.12,0.34,0.27,0.2,0.11,0.22,0.21,0.08,0.09
"Saint Lucia","Q1 2019",0.1,0.18,0.18,0.19,0.19,0.25,0.19,0.19,0.2,0.19,0.18,0.1,0.28,0.23,0.18,0.19,0.15,0.16,0.21,0.2,0.1,0.1,0.1,0.1,0.19,0.21,0.15,0.2,0.23,0.21,0.22,0.08,,0.3,0.1,0.18,0.09,0.2,0.19,0.18,0.19,0.19,0.18,,0.17,0.18,0.19,0.27,0.29,0.2,0.2,0.18,0.18,0.09,0.17,,0.17,0.12,0.18,0.23,0.18,0.19,0.18,0.1,0.1,0.22,0.19,0.15,0.2,0.08,0.27,0.22,0.17,0.2,,0.18,0.09,0.27,0.18,0.19,0.17,0.2,0.18,0.11,0.11,0.18,0.19,0.22,0.28,0.2,,0.11,0.12,0.01,0.1,0.17,0.19,0.1,0.18,0.18,0.1,0.21,0.1,0.21,0.17,0.2,0.11,0.19,0.1,0.22,0.1,0.09,0.19,0.22,0.18,0.1,0.19,0.08,0.31,,0.19,0.19,0.17,0.19,,0.07,0.1,0.18,0.2,0.2,0.09,0.22,0.11,0.08,0.2,0.11,0.19,0.21,0.19,0.18,0.22,0.01,0.18,0.11,0.21,,0.27,,,0.27,0.18,0.1,0.2,0.18,,0.11,0.1,0.22,0.28,0.18,0.11,0.1,0.2,0.24,0.21,0.1,,0.27,0.19,0.18,0.2,0.09,0.19,0.18,0.28,0.1,0.21,0.15,0.01,0.19,0.21,0.31,0.12,0.32,0.26,0.19,0.11,0.21,0.2,0.01,0.09
"Saint Lucia","Q1 2020",0.1,0.18,0.18,0.19,0.18,0.18,0.19,0.18,0.2,0.19,0.1,0.1,0.27,0.22,0.18,0.18,0.15,0.16,0.2,0.19,0.1,0.1,0.09,0.1,0.18,0.21,0.15,0.19,0.22,0.21,0.21,0.08,,0.29,0.1,0.18,0.09,0.2,0.19,0.11,0.18,0.18,0.18,,0.17,0.18,0.19,0.26,0.29,0.19,0.2,0.17,0.18,0.09,0.17,,0.16,0.11,0.18,0.22,0.18,0.18,0.18,0.09,0.1,0.21,0.19,0.16,0.2,0.08,0.27,0.21,0.17,0.19,,0.18,0.09,0.2,0.18,0.18,0.17,0.2,0.18,0.1,0.11,0.18,0.19,0.22,0.28,0.2,,0.11,0.11,0.1,0.1,0.17,0.18,0.1,0.18,0.17,0.1,0.21,0.1,0.2,0.17,0.26,0.1,0.19,0.1,0.21,0.1,0.1,0.18,0.21,0.18,0.1,0.18,0.01,0.3,,0.19,0.19,0.17,0.19,,0.07,0.1,0.18,0.2,0.19,0.09,0.21,0.11,0.08,0.19,0.11,0.19,0.2,0.19,0.18,0.22,0.01,0.18,0.11,0.2,,0.19,,,0.27,0.18,0.09,0.2,0.18,,0.11,0.1,0.22,0.27,0.11,0.11,0.1,0.19,0.23,0.2,0.09,,0.2,0.18,0.17,0.19,0.09,0.19,0.17,0.27,0.1,0.2,0.14,0.01,0.18,0.2,0.3,0.11,0.3,0.25,0.19,0.11,0.2,0.19,0.01,0.09
"Saint Lucia","Q1 2021",0.1,0.18,0.18,0.18,0.18,0.18,0.19,0.18,0.2,0.2,0.1,0.1,0.27,0.22,0.17,0.18,0.15,0.16,0.2,0.19,0.1,0.1,0.09,0.1,0.19,0.2,0.15,0.19,0.22,0.21,0.21,0.08,,0.29,0.1,0.18,0.09,0.2,0.18,0.11,0.18,0.18,0.18,,0.17,0.18,0.19,0.26,0.28,0.19,0.2,0.17,0.18,0.09,0.17,,0.17,0.11,0.18,0.22,0.18,0.18,0.18,0.09,0.1,0.21,0.19,0.16,0.2,0.09,0.27,0.21,0.17,0.2,,0.1,0.09,0.19,0.18,0.18,0.17,0.2,0.18,0.1,0.18,0.18,0.19,0.21,0.28,0.2,,0.11,0.11,0.1,0.1,0.17,0.19,0.09,0.18,0.17,0.1,0.21,0.1,0.2,0.17,0.27,0.1,0.11,0.1,0.21,0.1,0.1,0.18,0.21,0.18,0.1,0.18,,0.3,,0.19,0.19,0.18,0.19,0.08,0.07,0.1,0.18,0.2,0.2,0.09,0.21,0.11,0.08,0.19,0.1,0.19,0.2,0.19,0.11,0.22,0.01,0.18,0.11,0.2,,0.19,,,0.27,0.18,0.09,0.2,0.18,,0.1,0.1,0.22,0.27,0.11,0.11,0.11,0.19,0.23,0.2,0.09,,0.2,0.18,0.17,0.19,0.09,0.18,0.18,0.27,0.1,0.2,0.14,0.01,0.18,0.2,0.3,0.11,0.3,0.26,0.19,0.11,0.19,0.19,,0.09
"Saint Pierre and Miquelon","Q1 2016",,,,,,,,,,,,,,,,,,,,,,,,,,,,,,,,,,,,,,,,,,,,,,,,,,,,,,,,,,,,,,,,,,,,,,,,,,,,,,,,,,,,,,,,,,,,,,,,,,,,,,,,,,,,,,,,,,,,,,,,,,,,,,,,,,,,,,,,,,,,,,,,,,,,,,,,,,,,,,,,,,,,,,,,,,,,,,,,,,,,,,,,,,,,,,,
"Saint Pierre and Miquelon","Q1 2017",,,,,,,,,,,,,,,,,,,,,,,,,,,,,,,,,,,,,,,,,,,,,,,,,,,,,,,,,,,,,,,,,,,,,,,,,,,,,,,,,,,,,,,,,,,,,,,,,,,,,,,,,,,,,,,,,,,,,,,,,,,,,,,,,,,,,,,,,,,,,,,,,,,,,,,,,,,,,,,,,,,,,,,,,,,,,,,,,,,,,,,,,,,,,,,
"Saint Pierre and Miquelon","Q1 2018",,,,,,,,,,,,,,,,,,,,,,,,,,,,,,,,,,,,,,,,,,,,,,,,,,,,,,,,,,,,,,,,,,,,,,,,,,,,,,,,,,,,,,,,,,,,,,,,,,,,,,,,,,,,,,,,,,,,,,,,,,,,,,,,,,,,,,,,,,,,,,,,,,,,,,,,,,,,,,,,,,,,,,,,,,,,,,,,,,,,,,,,,,,,,,,
"Saint Pierre and Miquelon","Q1 2019",,,,,,,,,,,,,,,,,,,,,,,,,,,,,,,,,,,,,,,,,,,,,,,,,,,,,,,,,,,,,,,,,,,,,,,,,,,,,,,,,,,,,,,,,,,,,,,,,,,,,,,,,,,,,,,,,,,,,,,,,,,,,,,,,,,,,,,,,,,,,,,,,,,,,,,,,,,,,,,,,,,,,,,,,,,,,,,,,,,,,,,,,,,,,,,
"Saint Pierre and Miquelon","Q1 2020",,,,,,,,,,,,,,,,,,,,,,,,,,,,,,,,,,,,,,,,,,,,,,,,,,,,,,,,,,,,,,,,,,,,,,,,,,,,,,,,,,,,,,,,,,,,,,,,,,,,,,,,,,,,,,,,,,,,,,,,,,,,,,,,,,,,,,,,,,,,,,,,,,,,,,,,,,,,,,,,,,,,,,,,,,,,,,,,,,,,,,,,,,,,,,,
"Saint Pierre and Miquelon","Q1 2021",,,,,,,,,,,,,,,,,,,,,,,,,,,,,,,,,,,,,,,,,,,,,,,,,,,,,,,,,,,,,,,,,,,,,,,,,,,,,,,,,,,,,,,,,,,,,,,,,,,,,,,,,,,,,,,,,,,,,,,,,,,,,,,,,,,,,,,,,,,,,,,,,,,,,,,,,,,,,,,,,,,,,,,,,,,,,,,,,,,,,,,,,,,,,,,
"Saint Vincent and the Grenadines","Q1 2016",0.11,0.21,0.19,0.21,0.27,0.27,0.2,0.28,0.22,0.22,0.19,0.12,0.3,0.26,0.2,0.21,0.15,0.27,0.22,0.18,0.11,0.11,0.1,0.12,0.21,0.23,0.15,0.21,0.25,0.24,0.23,,,0.25,0.18,0.2,0.09,0.23,0.2,0.2,0.2,0.29,0.2,,0.19,0.2,0.21,0.28,0.32,0.22,0.23,0.18,0.18,0.09,0.18,,0.17,0.2,0.2,0.33,0.19,0.2,0.2,0.19,0.1,0.25,0.21,0.16,0.21,0.08,0.31,0.3,0.19,0.22,,0.2,0.1,0.3,0.29,0.21,0.18,0.23,0.19,0.14,0.11,0.19,0.21,0.25,0.32,0.23,,0.2,0.2,0.11,0.18,0.18,0.22,0.18,0.2,0.19,0.19,0.24,0.11,0.23,0.12,0.19,0.18,0.21,0.19,0.24,0.09,0.1,0.25,0.24,0.2,0.12,0.2,0.09,0.26,,0.21,0.21,0.18,0.22,,0.08,0.1,0.2,0.22,0.22,,0.32,0.12,0.08,0.21,0.13,0.2,0.23,0.28,0.19,0.25,0.01,0.2,0.13,0.23,,0.28,0.31,,,0.19,0.18,0.22,0.2,,0.12,0.18,0.24,0.3,0.2,0.13,0.11,0.23,0.26,0.22,0.12,,0.3,0.2,0.18,0.21,0.09,0.21,0.12,0.32,0.18,0.22,,0.09,0.2,0.23,0.34,0.2,0.36,0.27,0.2,0.12,0.29,0.21,0.09,0.11
"Saint Vincent and the Grenadines","Q1 2017",0.11,0.21,0.19,0.21,0.27,0.2,0.21,0.19,0.22,0.22,0.19,0.11,0.31,0.26,0.2,0.2,0.15,0.17,0.22,0.27,0.1,0.11,0.1,0.11,0.21,0.23,0.15,0.21,0.24,0.23,0.23,0.08,,0.33,0.17,0.2,0.09,0.22,0.2,0.2,0.19,0.19,0.19,,0.18,0.19,0.21,0.27,0.32,0.21,0.23,0.19,0.19,0.09,0.18,,0.17,0.2,0.19,0.32,0.19,0.2,0.2,0.18,0.1,0.24,0.21,0.09,0.21,0.08,0.29,0.31,0.18,0.23,,0.19,0.09,0.29,0.28,0.22,0.17,0.22,0.19,0.2,0.11,0.19,0.21,0.25,0.31,0.23,,0.2,0.19,0.11,0.11,0.18,0.21,0.1,0.19,0.18,0.18,0.23,0.11,0.22,0.11,0.28,0.18,0.2,0.18,0.23,0.09,0.09,0.26,0.24,0.19,0.12,0.2,0.08,0.25,,0.21,0.21,0.18,0.21,,0.08,0.11,0.19,0.22,0.21,0.1,0.24,0.12,0.08,0.21,0.13,0.21,0.22,0.28,0.19,0.24,0.01,0.2,0.12,0.23,,0.28,0.29,,,0.18,0.17,0.22,0.2,,0.11,0.18,0.24,0.31,0.19,0.12,0.11,0.22,0.26,0.22,0.11,,0.29,0.2,0.18,0.21,0.09,0.2,0.19,0.31,0.11,0.22,,0.09,0.19,0.22,0.33,0.2,0.35,0.27,0.2,0.12,0.3,0.21,0.09,0.1
"Saint Vincent and the Grenadines","Q1 2018",0.1,0.19,0.18,0.2,0.27,0.2,0.2,0.2,0.21,0.21,0.11,0.11,0.3,0.25,0.19,0.2,0.15,0.17,0.22,0.27,0.1,0.1,0.18,0.1,0.19,0.23,0.15,0.2,0.24,0.23,0.23,0.08,,0.32,0.17,0.19,0.09,0.21,0.19,0.19,0.19,0.2,0.19,,0.09,0.19,0.2,0.27,0.32,0.2,0.22,0.18,0.19,0.08,0.18,,0.17,0.19,0.18,0.31,0.19,0.19,0.19,0.18,0.1,0.23,0.2,0.09,0.21,0.08,0.28,0.3,0.18,0.21,,0.18,0.1,0.29,0.19,0.21,0.18,0.21,0.19,0.19,0.11,0.19,0.2,0.24,0.3,0.22,,0.19,0.12,0.11,0.1,0.18,0.2,0.1,0.19,0.18,0.18,0.23,0.1,0.22,0.11,0.28,0.18,0.19,0.17,0.22,0.09,0.09,0.26,0.23,0.18,0.11,0.19,0.08,0.32,,0.2,0.2,0.18,0.2,,0.08,0.11,0.18,0.21,0.21,0.09,0.23,0.11,0.08,0.21,0.12,0.19,0.22,0.21,0.12,0.23,0.01,0.19,0.12,0.22,,0.28,0.28,,,0.18,0.17,0.21,0.2,,0.11,0.18,0.24,0.3,0.18,0.12,0.1,0.21,0.25,0.21,0.1,,0.21,0.19,0.18,0.2,0.09,0.2,0.18,0.3,0.1,0.22,,0.08,0.2,0.22,0.32,0.12,0.33,0.27,0.2,0.11,0.29,0.2,0.08,0.09
"Saint Vincent and the Grenadines","Q1 2019",0.1,0.18,0.18,0.19,0.26,0.19,0.2,0.19,0.2,0.2,0.18,0.1,0.28,0.23,0.18,0.19,0.15,0.16,0.21,0.27,0.1,0.1,0.1,0.1,0.19,0.21,0.15,0.2,0.23,0.21,0.22,0.08,,0.3,0.11,0.19,0.09,0.2,0.19,0.18,0.18,0.19,0.18,,0.17,0.18,0.19,0.27,0.3,0.2,0.21,0.18,0.18,0.09,0.17,,0.17,0.12,0.18,0.23,0.18,0.19,0.18,0.1,0.1,0.22,0.19,0.15,0.2,0.08,0.28,0.29,0.17,0.2,,0.18,0.09,0.2,0.19,0.19,0.17,0.21,0.18,0.11,0.11,0.18,0.19,0.23,0.22,0.21,,0.11,0.12,0.02,0.1,0.17,0.19,0.1,0.18,0.18,0.1,0.22,0.1,0.21,0.17,0.2,0.11,0.19,0.1,0.21,0.1,0.09,0.26,0.22,0.18,0.1,0.19,0.08,0.31,,0.19,0.2,0.17,0.19,,0.07,0.1,0.18,0.2,0.2,0.09,0.21,0.11,0.08,0.2,0.12,0.19,0.21,0.2,0.19,0.22,0.01,0.18,0.11,0.21,,0.27,0.27,,,0.18,0.1,0.21,0.18,,0.11,0.1,0.22,0.28,0.18,0.11,0.11,0.2,0.24,0.21,0.1,,0.2,0.19,0.18,0.2,0.09,0.19,0.18,0.29,0.1,0.21,0.15,0.02,0.19,0.21,0.31,0.12,0.32,0.26,0.19,0.11,0.28,0.2,0.02,0.09
"Saint Vincent and the Grenadines","Q1 2020",0.1,0.19,0.18,0.19,0.26,0.2,0.19,0.19,0.2,0.2,0.1,0.1,0.29,0.24,0.18,0.19,0.15,0.16,0.21,0.27,0.1,0.1,0.09,0.1,0.19,0.22,0.15,0.2,0.23,0.22,0.22,0.08,,0.31,0.11,0.19,0.09,0.2,0.19,0.11,0.18,0.19,0.18,,0.17,0.19,0.19,0.28,0.31,0.2,0.21,0.18,0.19,0.09,0.18,,0.17,0.12,0.18,0.24,0.18,0.19,0.19,0.09,0.1,0.22,0.19,0.16,0.21,0.08,0.28,0.29,0.17,0.2,,0.18,0.09,0.21,0.19,0.18,0.18,0.21,0.19,0.11,0.11,0.18,0.2,0.23,0.3,0.21,,0.11,0.12,0.1,0.1,0.18,0.19,0.1,0.18,0.18,0.11,0.22,0.1,0.21,0.18,0.27,0.1,0.19,0.11,0.22,0.1,0.1,0.26,0.22,0.19,0.11,0.19,0.01,0.31,,0.19,0.2,0.17,0.2,,0.07,0.1,0.18,0.21,0.2,0.09,0.22,0.11,0.08,0.2,0.11,0.2,0.21,0.2,0.19,0.23,0.01,0.19,0.12,0.21,,0.27,0.27,,,0.18,0.09,0.21,0.19,,0.11,0.1,0.23,0.29,0.11,0.11,0.11,0.2,0.24,0.21,0.1,,0.21,0.19,0.18,0.2,0.09,0.19,0.17,0.29,0.1,0.21,0.15,0.02,0.19,0.21,0.32,0.12,0.33,0.26,0.19,0.11,0.28,0.2,0.02,0.1
"Saint Vincent and the Grenadines","Q1 2021",0.1,0.18,0.18,0.19,0.26,0.2,0.2,0.19,0.2,0.21,0.1,0.1,0.29,0.24,0.18,0.19,0.15,0.16,0.21,0.27,0.1,0.1,0.09,0.1,0.19,0.21,0.15,0.19,0.23,0.22,0.22,0.08,,0.31,0.1,0.19,0.09,0.2,0.19,0.11,0.18,0.19,0.18,,0.17,0.19,0.19,0.28,0.3,0.2,0.21,0.18,0.19,0.09,0.18,,0.17,0.12,0.18,0.23,0.18,0.19,0.18,0.1,0.1,0.22,0.2,0.16,0.21,0.09,0.28,0.29,0.17,0.2,,0.1,0.09,0.2,0.18,0.18,0.18,0.21,0.18,0.1,0.18,0.18,0.2,0.23,0.29,0.21,,0.12,0.12,0.1,0.1,0.18,0.19,0.1,0.18,0.18,0.1,0.22,0.1,0.21,0.18,0.28,0.11,0.11,0.1,0.22,0.1,0.1,0.26,0.22,0.19,0.11,0.18,,0.31,,0.19,0.2,0.19,0.19,0.09,0.07,0.1,0.18,0.2,0.2,0.09,0.22,0.11,0.08,0.2,0.11,0.2,0.21,0.2,0.12,0.23,0.01,0.19,0.11,0.21,,0.27,0.27,,,0.18,0.09,0.21,0.19,,0.11,0.1,0.23,0.29,0.11,0.11,0.11,0.2,0.24,0.21,0.09,,0.2,0.19,0.18,0.2,0.09,0.19,0.18,0.29,0.1,0.21,0.15,0.01,0.19,0.21,0.31,0.12,0.33,0.27,0.19,0.11,0.27,0.2,,0.1
"Samoa","Q1 2016",0.1,0.19,0.28,0.2,0.17,0.17,0.19,0.18,0.29,0.2,0.19,0.18,0.18,0.24,0.18,0.2,0.15,0.18,0.2,0.16,0.17,0.1,0.1,0.18,0.19,0.21,0.15,0.2,0.31,0.22,0.3,,,0.22,0.1,0.19,0.23,0.19,0.19,0.19,0.18,0.18,0.11,,0.11,0.19,0.2,0.18,0.21,0.2,0.22,0.17,0.17,0.08,0.11,,0.1,0.28,0.19,0.24,0.1,0.27,0.19,0.11,0.1,0.23,0.2,0.09,0.2,0.08,0.19,0.19,0.19,0.2,,0.12,0.1,0.19,0.19,0.18,0.17,0.22,0.2,0.2,0.1,0.11,0.2,0.23,0.22,0.3,,0.19,0.19,0.26,0.17,0.11,0.2,0.17,0.12,0.11,0.11,0.23,0.1,0.21,0.26,0.11,0.1,0.2,0.11,0.21,0.16,0.1,0.16,0.21,0.18,0.18,0.19,0.16,0.23,,0.28,0.29,0.17,0.2,,0.14,0.17,0.19,0.21,0.2,,0.22,0.2,0.08,0.2,0.2,0.19,0.21,0.18,0.18,0.31,0.07,0.19,0.19,0.21,,0.18,0.19,,0.19,,0.1,0.21,0.19,,0.11,0.11,0.23,0.19,0.19,0.28,0.1,0.21,0.23,0.21,0.18,,0.19,0.19,0.11,0.21,0.16,0.2,0.28,0.2,0.11,0.2,,0.17,0.19,0.21,0.24,0.19,0.31,0.18,0.19,0.27,0.19,0.21,0.17,0.18
"Samoa","Q1 2017",0.1,0.18,0.27,0.19,0.17,0.17,0.19,0.17,0.28,0.2,0.11,0.17,0.19,0.23,0.18,0.19,0.15,0.16,0.19,0.17,0.1,0.1,0.09,0.18,0.19,0.21,0.15,0.19,0.23,0.21,0.29,0.15,,0.22,0.1,0.19,0.22,0.19,0.12,0.19,0.18,0.17,0.11,,0.1,0.18,0.19,0.17,0.2,0.19,0.21,0.18,0.18,0.08,0.11,,0.09,0.27,0.11,0.23,0.1,0.27,0.18,0.1,0.1,0.22,0.19,0.08,0.2,0.08,0.18,0.19,0.19,0.2,,0.11,0.09,0.18,0.18,0.18,0.17,0.21,0.19,0.19,0.1,0.11,0.2,0.22,0.21,0.29,,0.18,0.11,0.18,0.1,0.1,0.19,0.1,0.11,0.1,0.11,0.22,0.1,0.2,0.19,0.18,0.1,0.19,0.1,0.2,0.16,0.09,0.17,0.21,0.11,0.18,0.18,0.15,0.22,,0.27,0.28,0.17,0.2,,0.14,0.19,0.18,0.21,0.2,0.16,0.21,0.19,0.08,0.2,0.2,0.19,0.2,0.18,0.18,0.3,0.07,0.19,0.18,0.21,,0.18,0.18,,0.18,,0.1,0.21,0.18,,0.1,0.1,0.23,0.19,0.19,0.27,0.1,0.2,0.22,0.21,0.1,,0.18,0.19,0.11,0.21,0.15,0.19,0.27,0.19,0.1,0.2,,0.15,0.18,0.21,0.23,0.12,0.3,0.17,0.19,0.26,0.19,0.2,0.15,0.09
"Samoa","Q1 2018",0.1,0.11,0.27,0.2,0.17,0.17,0.2,0.18,0.28,0.19,0.11,0.18,0.19,0.23,0.18,0.19,0.15,0.16,0.2,0.18,0.1,0.11,0.11,0.18,0.19,0.21,0.15,0.2,0.24,0.22,0.29,0.15,,0.22,0.1,0.19,0.22,0.19,0.12,0.19,0.18,0.18,0.11,,0.09,0.18,0.19,0.17,0.21,0.2,0.21,0.18,0.18,0.08,0.11,,0.09,0.28,0.11,0.23,0.1,0.27,0.18,0.11,0.1,0.22,0.19,0.08,0.2,0.08,0.18,0.19,0.18,0.2,,0.11,0.1,0.19,0.18,0.19,0.17,0.21,0.2,0.19,0.18,0.11,0.2,0.22,0.2,0.29,,0.19,0.12,0.18,0.1,0.11,0.19,0.1,0.12,0.11,0.11,0.22,0.1,0.2,0.19,0.19,0.11,0.19,0.1,0.21,0.15,0.09,0.17,0.21,0.18,0.18,0.18,0.15,0.23,,0.28,0.28,0.18,0.2,,0.15,0.18,0.1,0.2,0.2,0.16,0.22,0.2,0.08,0.2,0.2,0.19,0.2,0.18,0.19,0.3,0.07,0.19,0.19,0.21,,0.18,0.18,,0.18,,0.1,0.21,0.19,,0.1,0.11,0.23,0.19,0.19,0.27,0.1,0.2,0.22,0.21,0.1,,0.18,0.19,0.11,0.21,0.15,0.19,0.28,0.19,0.1,0.21,,0.15,0.19,0.21,0.23,0.12,0.3,0.17,0.19,0.26,0.19,0.2,0.15,0.09
"Samoa","Q1 2019",0.09,0.12,0.28,0.2,0.17,0.17,0.2,0.19,0.29,0.2,0.19,0.18,0.19,0.23,0.18,0.2,0.15,0.16,0.2,0.17,0.18,0.11,0.11,0.18,0.2,0.21,0.15,0.2,0.31,0.22,0.3,0.15,,0.23,0.11,0.19,0.22,0.19,0.19,0.19,0.18,0.19,0.12,,0.11,0.19,0.2,0.17,0.21,0.2,0.21,0.18,0.19,0.09,0.11,,0.1,0.28,0.12,0.24,0.1,0.28,0.19,0.1,0.1,0.23,0.2,0.08,0.21,0.08,0.18,0.19,0.18,0.2,,0.11,0.09,0.19,0.19,0.19,0.17,0.21,0.2,0.19,0.19,0.12,0.2,0.23,0.21,0.29,,0.19,0.19,0.15,0.18,0.11,0.19,0.11,0.12,0.19,0.11,0.23,0.1,0.21,0.17,0.18,0.11,0.19,0.11,0.22,0.17,0.09,0.17,0.22,0.19,0.18,0.19,0.15,0.24,,0.28,0.29,0.17,0.2,,0.14,0.18,0.11,0.21,0.2,0.16,0.22,0.2,0.08,0.21,0.2,0.2,0.22,0.19,0.2,0.31,0.07,0.19,0.19,0.21,,0.18,0.18,,0.18,,0.1,0.21,0.19,,0.11,0.1,0.24,0.19,0.19,0.28,0.11,0.21,0.23,0.21,0.1,,0.19,0.19,0.11,0.22,0.15,0.2,0.28,0.2,0.11,0.21,0.14,0.15,0.2,0.22,0.24,0.19,0.31,0.17,0.19,0.27,0.19,0.21,0.15,0.1
"Samoa","Q1 2020",0.1,0.12,0.29,0.2,0.17,0.17,0.2,0.18,0.29,0.2,0.11,0.18,0.19,0.24,0.18,0.2,0.15,0.16,0.2,0.18,0.18,0.11,0.09,0.19,0.19,0.22,0.15,0.2,0.31,0.23,0.3,0.15,,0.22,0.11,0.2,0.23,0.2,0.2,0.19,0.18,0.18,0.12,,0.11,0.19,0.2,0.18,0.22,0.2,0.22,0.18,0.19,0.09,0.12,,0.1,0.29,0.12,0.24,0.1,0.27,0.19,0.1,0.1,0.23,0.2,0.09,0.21,0.08,0.18,0.19,0.19,0.2,,0.11,0.09,0.19,0.19,0.18,0.17,0.22,0.21,0.19,0.19,0.12,0.2,0.23,0.22,0.3,,0.19,0.19,0.26,0.18,0.11,0.2,0.1,0.12,0.12,0.11,0.23,0.1,0.21,0.26,0.19,0.11,0.2,0.11,0.22,0.18,0.1,0.17,0.22,0.19,0.19,0.19,0.15,0.24,,0.29,0.29,0.18,0.2,,0.14,0.18,0.11,0.21,0.21,0.16,0.22,0.21,0.08,0.21,0.19,0.2,0.21,0.19,0.2,0.32,0.07,0.19,0.19,0.22,,0.18,0.18,,0.18,,0.1,0.22,0.19,,0.11,0.1,0.24,0.2,0.19,0.28,0.11,0.21,0.23,0.22,0.11,,0.19,0.19,0.12,0.21,0.16,0.2,0.27,0.2,0.1,0.21,0.15,0.15,0.2,0.22,0.24,0.19,0.32,0.17,0.2,0.27,0.19,0.2,0.15,0.1
"Samoa","Q1 2021",0.1,0.12,0.29,0.2,0.17,0.17,0.2,0.18,0.29,0.2,0.18,0.18,0.19,0.24,0.18,0.2,0.15,0.16,0.2,0.17,0.18,0.11,0.09,0.19,0.2,0.22,0.15,0.2,0.32,0.23,0.31,0.15,,0.23,0.1,0.19,0.23,0.2,0.2,0.19,0.18,0.18,0.12,,0.1,0.19,0.2,0.18,0.22,0.21,0.21,0.18,0.19,0.09,0.11,,0.1,0.29,0.12,0.24,0.11,0.27,0.18,0.1,0.1,0.23,0.21,0.09,0.21,0.1,0.18,0.2,0.19,0.21,,0.1,0.09,0.19,0.18,0.19,0.18,0.22,0.2,0.18,0.19,0.19,0.21,0.23,0.22,0.3,,0.2,0.19,0.26,0.11,0.11,0.2,0.1,0.12,0.11,0.1,0.23,0.1,0.21,0.27,0.19,0.11,0.19,0.1,0.22,0.18,0.1,0.17,0.22,0.2,0.19,0.19,,0.24,,0.29,0.29,0.19,0.2,0.22,0.14,0.18,0.12,0.21,0.21,0.16,0.23,0.21,0.08,0.2,0.19,0.2,0.21,0.19,0.2,0.32,0.07,0.19,0.19,0.22,,0.17,0.18,,0.18,,0.1,0.22,0.19,,0.11,0.1,0.24,0.2,0.19,0.28,0.12,0.21,0.24,0.22,0.1,,0.19,0.19,0.12,0.22,0.16,0.2,0.29,0.2,0.1,0.21,0.15,0.15,0.2,0.22,0.24,0.19,0.32,0.18,0.2,0.28,0.19,0.21,,0.1
"Sao Tome and Principe","Q1 2016",0.09,0.18,0.1,0.27,0.1,0.17,0.18,0.17,0.19,0.19,0.18,0.1,0.17,0.29,0.18,0.2,0.08,0.1,0.19,0.09,0.09,0.1,0.16,0.1,0.27,0.2,0.08,0.19,0.22,0.21,0.2,,,0.2,0.17,0.27,0.08,0.19,0.2,0.11,0.17,0.18,0.18,,0.25,0.18,0.19,0.17,0.2,0.19,0.2,0.1,0.18,0.08,0.17,,0.16,0.11,0.18,0.29,0.17,0.18,0.26,0.18,0.09,0.22,0.2,0.08,0.19,0.08,0.18,0.19,0.11,0.19,,0.19,0.16,0.18,0.11,0.18,0.16,0.2,0.18,0.19,0.1,0.18,0.19,0.21,0.2,0.21,,0.18,0.19,0.1,0.1,0.17,0.19,0.17,0.18,0.18,0.18,0.22,0.1,0.2,0.1,0.18,0.16,0.19,0.18,0.21,0.08,0.09,0.09,0.21,0.18,0.1,0.19,0.08,0.21,,0.19,0.19,0.1,0.27,,0.07,0.09,0.17,0.2,0.19,,0.2,0.11,0.07,0.19,0.11,0.19,0.28,0.18,0.18,0.21,0.07,0.19,0.18,0.2,,0.1,0.18,,0.18,0.1,,0.2,0.19,,0.11,0.18,0.22,0.18,0.11,0.11,0.1,0.21,0.22,0.2,0.11,,0.18,0.18,0.17,0.19,0.08,0.2,0.1,0.19,0.17,0.2,,0.09,0.18,0.21,0.29,0.18,0.22,0.1,0.18,0.11,0.18,0.19,0.09,0.1
"Sao Tome and Principe","Q1 2017",0.1,0.18,0.1,0.27,0.1,0.1,0.19,0.1,0.19,0.19,0.18,0.1,0.18,0.29,0.18,0.19,0.08,0.09,0.2,0.1,0.1,0.1,0.16,0.1,0.27,0.2,0.08,0.19,0.22,0.2,0.2,0.08,,0.2,0.17,0.27,0.08,0.19,0.2,0.11,0.18,0.1,0.18,,0.25,0.18,0.19,0.1,0.2,0.19,0.2,0.11,0.19,0.08,0.17,,0.16,0.11,0.18,0.29,0.17,0.18,0.26,0.17,0.1,0.22,0.2,0.08,0.19,0.08,0.1,0.19,0.11,0.19,,0.18,0.16,0.17,0.11,0.18,0.16,0.21,0.18,0.18,0.1,0.18,0.19,0.21,0.2,0.21,,0.18,0.18,0.1,0.1,0.17,0.19,0.1,0.17,0.18,0.18,0.21,0.1,0.19,0.1,0.18,0.17,0.2,0.17,0.21,0.09,0.09,0.09,0.21,0.18,0.1,0.19,0.01,0.21,,0.19,0.19,0.1,0.27,,0.07,0.1,0.17,0.2,0.19,0.09,0.2,0.11,0.07,0.19,0.11,0.19,0.27,0.18,0.18,0.21,0,0.19,0.11,0.2,,0.1,0.17,,0.17,0.1,,0.2,0.19,,0.11,0.17,0.22,0.19,0.11,0.11,0.1,0.21,0.22,0.21,0.1,,0.17,0.19,0.17,0.19,0.08,0.2,0.1,0.19,0.09,0.2,,0.01,0.11,0.21,0.29,0.18,0.22,0.1,0.18,0.11,0.19,0.19,0.01,0.09
"Sao Tome and Principe","Q1 2018",0.09,0.17,0.1,0.25,0.1,0.09,0.18,0.17,0.18,0.18,0.1,0.1,0.17,0.27,0.1,0.19,0.07,0.09,0.19,0.1,0.09,0.1,0.24,0.1,0.18,0.19,0.08,0.18,0.2,0.19,0.19,0.07,,0.19,0.16,0.25,0.08,0.18,0.18,0.1,0.17,0.17,0.17,,0.15,0.17,0.18,0.1,0.19,0.18,0.19,0.1,0.18,0.08,0.17,,0.09,0.11,0.17,0.27,0.17,0.17,0.25,0.17,0.1,0.2,0.18,0.08,0.19,0.08,0.1,0.18,0.1,0.18,,0.17,0.16,0.17,0.1,0.17,0.09,0.19,0.17,0.18,0.17,0.17,0.18,0.2,0.18,0.19,,0.18,0.17,0.1,0.1,0.17,0.18,0.09,0.17,0.17,0.17,0.2,0.09,0.18,0.1,0.18,0.17,0.17,0.17,0.19,0.08,0.08,0.09,0.2,0.1,0.1,0.17,0.01,0.2,,0.18,0.18,0.1,0.18,,0.07,0.1,0.16,0.19,0.18,0.09,0.19,0.1,0.07,0.18,0.1,0.17,0.26,0.17,0.1,0.2,0,0.18,0.1,0.19,,0.1,0.17,,0.17,0.1,,0.19,0.18,,0.1,0.17,0.2,0.18,0.1,0.1,0.09,0.19,0.21,0.19,0.1,,0.17,0.18,0.17,0.18,0.08,0.19,0.1,0.18,0.09,0.19,,0.01,0.11,0.19,0.2,0.17,0.2,0.1,0.18,0.1,0.17,0.18,0.01,0.09
"Sao Tome and Principe","Q1 2019",0.09,0.18,0.1,0.26,0.1,0.1,0.18,0.11,0.19,0.19,0.1,0.1,0.11,0.29,0.17,0.19,0.08,0.09,0.19,0.1,0.1,0.1,0.25,0.1,0.26,0.19,0.08,0.19,0.22,0.2,0.2,0.08,,0.2,0.17,0.26,0.08,0.18,0.19,0.1,0.17,0.11,0.18,,0.25,0.18,0.19,0.1,0.2,0.18,0.2,0.1,0.25,0.09,0.1,,0.09,0.11,0.17,0.29,0.17,0.18,0.26,0.16,0.1,0.2,0.2,0.08,0.19,0.08,0.1,0.18,0.1,0.18,,0.18,0.16,0.18,0.11,0.18,0.1,0.2,0.18,0.18,0.11,0.18,0.19,0.21,0.19,0.19,,0.18,0.11,0.01,0.1,0.17,0.18,0.1,0.18,0.18,0.17,0.21,0.1,0.19,0.09,0.18,0.25,0.19,0.17,0.2,0.09,0.09,0.1,0.21,0.11,0.1,0.18,0.08,0.21,,0.18,0.18,0.1,0.2,,0.07,0.1,0.18,0.19,0.19,0.09,0.2,0.11,0.08,0.19,0.11,0.19,0.28,0.18,0.18,0.21,0,0.18,0.11,0.2,,0.1,0.1,,0.1,0.1,,0.2,0.18,,0.11,0.1,0.21,0.18,0.11,0.11,0.1,0.2,0.23,0.2,0.1,,0.18,0.18,0.18,0.19,0.08,0.19,0.1,0.18,0.09,0.2,0.07,0.01,0.11,0.2,0.22,0.11,0.22,0.1,0.18,0.1,0.18,0.19,0.01,0.09
"Sao Tome and Principe","Q1 2020",0.09,0.17,0.1,0.24,0.09,0.09,0.17,0.1,0.11,0.17,0.09,0.09,0.1,0.2,0.1,0.17,0.07,0.09,0.18,0.09,0.09,0.09,0.15,0.09,0.18,0.18,0.07,0.1,0.19,0.11,0.11,0.07,,0.11,0.1,0.24,0.01,0.1,0.18,0.1,0.16,0.1,0.17,,0.16,0.17,0.1,0.09,0.18,0.1,0.18,0.1,0.24,0.02,0.1,,0.09,0.1,0.1,0.19,0.1,0.1,0.18,0.09,0.09,0.19,0.17,0.08,0.18,0.07,0.09,0.1,0.1,0.1,,0.17,0.15,0.1,0.1,0.1,0.09,0.18,0.1,0.1,0.1,0.17,0.17,0.19,0.11,0.18,,0.1,0.1,0.09,0.09,0.16,0.17,0.1,0.1,0.1,0.1,0.19,0.09,0.11,0.1,0.1,0.16,0.1,0.1,0.18,0.09,0.09,0.09,0.19,0.1,0.1,0.17,0.01,0.19,,0.1,0.1,0.09,0.24,,0,0.09,0.16,0.11,0.11,0.08,0.18,0.1,0.08,0.1,0.1,0.17,0.25,0.1,0.1,0.19,0,0.17,0.1,0.18,,0.09,0.09,,0.09,0.1,,0.11,0.17,,0.1,0.09,0.19,0.1,0.1,0.1,0.1,0.18,0.2,0.18,0.09,,0.1,0.17,0.17,0.1,0.08,0.18,0.09,0.1,0.09,0.18,0.07,0.01,0.1,0.18,0.2,0.1,0.2,0.09,0.17,0.1,0.1,0.17,0.01,0.09
"Sao Tome and Principe","Q1 2021",0.09,0.17,0.1,0.24,0.09,0.09,0.17,0.1,0.11,0.17,0.09,0.09,0.1,0.19,0.1,0.17,0.07,0.09,0.18,0.09,0.09,0.09,0.15,0.09,0.18,0.18,0.08,0.1,0.19,0.11,0.18,0.07,,0.11,0.09,0.24,0.01,0.1,0.17,0.1,0.17,0.1,0.17,,0.16,0.17,0.1,0.09,0.18,0.1,0.18,0.09,0.24,0.09,0.1,,0.09,0.1,0.1,0.19,0.1,0.1,0.17,0.09,0.09,0.19,0.18,0.08,0.18,0.09,0.09,0.1,0.09,0.1,,0.09,0.15,0.1,0.1,0.1,0.09,0.18,0.1,0.09,0.1,0.17,0.17,0.19,0.11,0.11,,0.1,0.1,0.09,0.09,0.09,0.17,0.09,0.17,0.1,0.09,0.19,0.09,0.11,0.1,0.1,0.16,0.1,0.09,0.18,0.09,0.09,0.09,0.19,0.17,0.1,0.17,,0.19,,0.1,0.1,0.1,0.24,0.01,0,0.09,0.16,0.18,0.11,0.08,0.18,0.1,0.08,0.1,0.1,0.17,0.25,0.1,0.1,0.19,0,0.1,0.1,0.18,,0.09,0.09,,0.09,0.1,,0.18,0.17,,0.1,0.09,0.19,0.1,0.1,0.1,0.1,0.18,0.2,0.18,0.09,,0.1,0.17,0.17,0.17,0.08,0.18,0.1,0.1,0.09,0.18,0.07,0.01,0.1,0.18,0.2,0.1,0.2,0.09,0.17,0.1,0.1,0.1,,0.09
"Saudi Arabia","Q1 2016",0.19,0.26,0.21,0.35,0.19,0.2,0.36,0.22,0.44,0.39,0.37,0.24,0.22,0.58,0.22,0.31,0.15,0.2,0.36,0.18,0.2,0.2,0.19,0.23,0.27,0.49,0.16,0.36,0.59,0.54,0.53,,,0.44,0.21,0.32,0.1,0.28,0.3,0.4,0.22,0.23,0.29,,0.21,0.36,0.47,0.21,0.35,0.36,0.55,0.21,0.2,0.16,0.21,,0.18,0.24,0.29,0.57,0.2,0.25,0.24,0.22,0.19,0.57,0.32,0.17,0.48,0.09,0.22,0.24,0.22,0.31,,0.24,0.18,0.23,0.23,0.25,0.2,0.51,0.31,0.48,0.29,0.24,0.46,0.57,0.33,0.53,,0.41,0.35,0.2,0.29,0.21,0.48,0.2,0.33,0.25,0.24,0.58,0.21,0.5,0.2,0.22,0.19,0.42,0.23,0.51,0.17,0.19,0.18,0.53,0.32,0.24,0.32,0.16,0.55,,0.27,0.31,0.21,0.34,,0.15,0.18,0.25,0.55,0.49,,0.45,0.23,0.08,0.36,0.3,0.38,0.44,0.23,0.32,0.57,0.08,0.3,0.32,0.51,,0.2,0.22,,0.22,0.21,0.2,,0.27,,0.24,0.22,0.58,0.24,0.43,0.23,0.27,0.47,0.58,0.53,0.36,,0.24,0.38,0.25,0.47,0.17,0.36,0.21,0.29,0.22,0.5,,0.1,0.33,0.57,0.57,0.35,0.58,0.2,0.35,0.22,0.25,0.52,0.1,0.33
"Saudi Arabia","Q1 2017",0.2,0.26,0.21,0.34,0.2,0.19,0.35,0.2,0.45,0.4,0.31,0.23,0.23,0.59,0.22,0.3,0.15,0.18,0.35,0.2,0.2,0.21,0.18,0.23,0.29,0.5,0.16,0.37,0.59,0.55,0.52,0.16,,0.43,0.19,0.33,0.1,0.28,0.31,0.42,0.23,0.2,0.29,,0.21,0.37,0.46,0.2,0.38,0.35,0.55,0.22,0.24,0.16,0.22,,0.18,0.24,0.25,0.58,0.2,0.25,0.25,0.21,0.19,0.58,0.31,0.17,0.5,0.08,0.2,0.25,0.22,0.32,,0.23,0.18,0.23,0.23,0.26,0.19,0.53,0.31,0.42,0.35,0.24,0.47,0.57,0.36,0.55,,0.43,0.35,0.2,0.29,0.21,0.47,0.2,0.23,0.23,0.23,0.58,0.21,0.5,0.21,0.24,0.21,0.42,0.21,0.42,0.17,0.18,0.19,0.55,0.31,0.24,0.28,0.09,0.57,,0.26,0.36,0.2,0.32,,0.08,0.21,0.23,0.54,0.47,0.18,0.43,0.23,0.08,0.38,0.31,0.47,0.51,0.24,0.37,0.57,0.08,0.33,0.32,0.47,,0.21,0.21,,0.22,0.21,0.2,,0.28,,0.22,0.21,0.59,0.25,0.43,0.23,0.28,0.47,0.59,0.55,0.33,,0.23,0.4,0.26,0.46,0.17,0.35,0.21,0.25,0.2,0.53,,0.09,0.33,0.57,0.59,0.34,0.59,0.2,0.34,0.22,0.25,0.5,0.09,0.26
"Saudi Arabia","Q1 2018",0.19,0.25,0.21,0.32,0.2,0.2,0.36,0.21,0.36,0.41,0.39,0.24,0.22,0.59,0.22,0.31,0.15,0.18,0.36,0.2,0.19,0.21,0.2,0.22,0.27,0.44,0.16,0.38,0.59,0.55,0.53,0.16,,0.42,0.19,0.32,0.1,0.28,0.29,0.41,0.23,0.21,0.28,,0.17,0.37,0.46,0.2,0.39,0.36,0.55,0.22,0.24,0.16,0.21,,0.18,0.24,0.25,0.57,0.2,0.25,0.25,0.2,0.2,0.57,0.3,0.17,0.53,0.08,0.2,0.24,0.21,0.32,,0.23,0.18,0.23,0.22,0.26,0.19,0.53,0.36,0.46,0.38,0.25,0.47,0.59,0.36,0.5,,0.43,0.34,0.2,0.23,0.22,0.47,0.19,0.33,0.25,0.22,0.58,0.21,0.51,0.21,0.24,0.25,0.34,0.21,0.49,0.17,0.17,0.19,0.55,0.31,0.24,0.26,0.09,0.57,,0.25,0.35,0.21,0.31,,0.09,0.2,0.21,0.53,0.48,0.18,0.42,0.23,0.08,0.38,0.32,0.45,0.49,0.23,0.42,0.57,0.15,0.32,0.39,0.4,,0.21,0.22,,0.21,0.21,0.19,,0.29,,0.22,0.22,0.59,0.24,0.42,0.23,0.27,0.46,0.59,0.55,0.3,,0.23,0.39,0.24,0.46,0.16,0.36,0.21,0.26,0.21,0.54,,0.09,0.42,0.57,0.58,0.34,0.56,0.2,0.35,0.21,0.24,0.49,0.09,0.24
"Saudi Arabia","Q1 2019",0.19,0.25,0.21,0.31,0.19,0.19,0.35,0.22,0.37,0.41,0.37,0.24,0.22,0.57,0.23,0.3,0.15,0.18,0.36,0.2,0.21,0.21,0.2,0.23,0.31,0.5,0.16,0.37,0.59,0.53,0.54,0.16,,0.41,0.21,0.3,0.1,0.28,0.28,0.4,0.23,0.22,0.28,,0.2,0.37,0.45,0.2,0.38,0.36,0.55,0.22,0.24,0.24,0.22,,0.18,0.23,0.25,0.57,0.2,0.23,0.25,0.19,0.2,0.56,0.3,0.16,0.52,0.08,0.2,0.25,0.21,0.32,,0.23,0.18,0.23,0.22,0.26,0.2,0.52,0.36,0.36,0.39,0.26,0.47,0.58,0.36,0.51,,0.44,0.38,0.09,0.31,0.22,0.48,0.21,0.33,0.3,0.21,0.57,0.21,0.51,0.19,0.24,0.21,0.36,0.2,0.48,0.19,0.18,0.19,0.54,0.3,0.22,0.27,0.09,0.57,,0.24,0.34,0.2,0.31,,0.08,0.2,0.22,0.54,0.46,0.18,0.42,0.24,0.09,0.38,0.31,0.39,0.53,0.24,0.45,0.58,0.15,0.28,0.39,0.4,,0.21,0.2,,0.21,0.21,0.2,,0.26,,0.23,0.2,0.59,0.24,0.41,0.23,0.28,0.47,0.58,0.54,0.28,,0.23,0.39,0.24,0.47,0.17,0.36,0.21,0.26,0.2,0.53,0.15,0.09,0.42,0.56,0.57,0.39,0.59,0.2,0.34,0.21,0.24,0.51,0.09,0.25
"Saudi Arabia","Q1 2020",0.21,0.26,0.22,0.34,0.19,0.19,0.34,0.22,0.36,0.42,0.28,0.24,0.22,0.6,0.21,0.29,0.15,0.18,0.36,0.2,0.21,0.21,0.17,0.22,0.26,0.5,0.16,0.36,0.61,0.57,0.56,0.16,,0.43,0.21,0.33,0.1,0.31,0.3,0.41,0.21,0.22,0.28,,0.2,0.4,0.45,0.21,0.38,0.38,0.56,0.21,0.24,0.24,0.23,,0.18,0.23,0.25,0.59,0.2,0.25,0.25,0.19,0.2,0.58,0.38,0.18,0.55,0.08,0.21,0.28,0.22,0.31,,0.23,0.17,0.23,0.22,0.23,0.2,0.52,0.38,0.27,0.41,0.24,0.48,0.59,0.36,0.52,,0.43,0.35,0.2,0.3,0.23,0.48,0.21,0.33,0.24,0.22,0.6,0.21,0.53,0.21,0.27,0.2,0.36,0.21,0.49,0.19,0.19,0.19,0.58,0.33,0.23,0.26,0.09,0.59,,0.24,0.33,0.2,0.31,,0.08,0.2,0.22,0.55,0.49,0.18,0.42,0.23,0.09,0.37,0.29,0.42,0.43,0.23,0.45,0.6,0.15,0.31,0.39,0.42,,0.2,0.2,,0.21,0.22,0.11,,0.27,,0.23,0.19,0.61,0.24,0.43,0.22,0.29,0.47,0.61,0.56,0.28,,0.23,0.41,0.24,0.47,0.17,0.36,0.2,0.26,0.2,0.53,0.15,0.09,0.41,0.6,0.6,0.34,0.58,0.2,0.35,0.21,0.23,0.47,0.09,0.26
"Saudi Arabia","Q1 2021",0.19,0.27,0.22,0.3,0.19,0.19,0.35,0.22,0.38,0.42,0.38,0.25,0.23,0.62,0.21,0.3,0.15,0.18,0.36,0.19,0.2,0.21,0.17,0.23,0.29,0.5,0.16,0.36,0.64,0.59,0.6,0.16,,0.43,0.2,0.3,0.1,0.31,0.29,0.41,0.22,0.22,0.28,,0.19,0.4,0.44,0.21,0.38,0.38,0.6,0.21,0.24,0.25,0.22,,0.19,0.23,0.25,0.61,0.2,0.25,0.24,0.19,0.2,0.61,0.39,0.18,0.56,0.11,0.21,0.29,0.22,0.34,,0.2,0.17,0.23,0.21,0.24,0.2,0.53,0.3,0.31,0.43,0.24,0.49,0.62,0.36,0.56,,0.44,0.35,0.2,0.29,0.22,0.49,0.19,0.32,0.24,0.2,0.62,0.2,0.55,0.21,0.28,0.21,0.34,0.2,0.49,0.2,0.19,0.19,0.59,0.35,0.23,0.26,,0.62,,0.25,0.34,0.23,0.31,0.09,0.08,0.2,0.22,0.58,0.51,0.17,0.43,0.24,0.09,0.37,0.27,0.43,0.54,0.23,0.47,0.62,0.15,0.3,0.39,0.43,,0.19,0.2,,0.21,0.22,0.18,,0.27,,0.22,0.19,0.64,0.24,0.42,0.23,0.3,0.48,0.63,0.6,0.26,,0.23,0.41,0.24,0.52,0.17,0.37,0.22,0.26,0.19,0.55,0.15,0.09,0.42,0.62,0.62,0.34,0.63,0.21,0.35,0.21,0.22,0.55,,0.26
"Senegal","Q1 2016",0.17,0.23,0.19,0.34,0.17,0.18,0.25,0.2,0.27,0.24,0.24,0.14,0.2,0.39,0.2,0.34,0.15,0.18,0.27,0.17,0.12,0.19,0.18,0.2,0.32,0.27,0.15,0.26,0.31,0.3,0.28,,,0.28,0.18,0.32,0.09,0.25,0.34,0.24,0.2,0.21,0.24,,0.2,0.25,0.26,0.19,0.28,0.26,0.28,0.19,0.2,0.09,0.2,,0.17,0.21,0.23,0.38,0.19,0.22,0.23,0.28,0.1,0.38,0.35,0.16,0.27,0.08,0.2,0.22,0.2,0.26,,0.3,0.18,0.21,0.2,0.23,0.18,0.29,0.24,0.26,0.14,0.22,0.27,0.37,0.27,0.28,,0.25,0.23,0.11,0.2,0.2,0.27,0.27,0.23,0.23,0.2,0.31,0.12,0.28,0.11,0.2,0.25,0.25,0.2,0.28,0.09,0.17,0.17,0.37,0.21,0.2,0.25,0.09,0.37,,0.23,0.25,0.19,0.36,,0.08,0.1,0.22,0.28,0.27,,0.28,0.13,0.08,0.26,0.24,0.26,0.36,0.21,0.22,0.3,0.07,0.25,0.24,0.35,,0.18,0.2,,0.2,0.19,0.19,0.27,,,0.13,0.22,0.31,0.21,0.24,0.13,0.12,0.29,0.39,0.28,0.15,,0.22,0.25,0.22,0.26,0.09,0.34,0.12,0.25,0.2,0.27,,0.09,0.25,0.29,0.38,0.22,0.38,0.18,0.25,0.12,0.23,0.27,0.09,0.14
"Senegal","Q1 2017",0.18,0.23,0.19,0.34,0.18,0.18,0.33,0.19,0.27,0.25,0.22,0.13,0.21,0.39,0.2,0.34,0.15,0.17,0.34,0.18,0.12,0.19,0.17,0.2,0.33,0.27,0.15,0.26,0.32,0.3,0.28,0.08,,0.29,0.17,0.33,0.09,0.24,0.34,0.24,0.21,0.19,0.24,,0.2,0.24,0.26,0.18,0.28,0.26,0.28,0.2,0.24,0.09,0.21,,0.17,0.21,0.22,0.39,0.19,0.23,0.25,0.27,0.18,0.39,0.35,0.16,0.27,0.08,0.19,0.23,0.2,0.26,,0.3,0.17,0.21,0.21,0.23,0.18,0.29,0.24,0.25,0.15,0.22,0.27,0.38,0.28,0.29,,0.25,0.23,0.11,0.13,0.19,0.26,0.2,0.21,0.22,0.2,0.31,0.12,0.27,0.12,0.22,0.27,0.25,0.19,0.28,0.09,0.17,0.17,0.38,0.21,0.2,0.26,0.08,0.37,,0.23,0.25,0.19,0.35,,0.08,0.12,0.21,0.27,0.26,0.1,0.28,0.13,0.15,0.27,0.24,0.26,0.36,0.22,0.23,0.3,0.07,0.24,0.23,0.35,,0.19,0.2,,0.2,0.18,0.19,0.28,,,0.12,0.28,0.31,0.22,0.24,0.13,0.12,0.29,0.39,0.29,0.14,,0.21,0.26,0.23,0.26,0.09,0.34,0.19,0.23,0.19,0.28,,0.09,0.24,0.29,0.39,0.22,0.38,0.18,0.33,0.12,0.22,0.26,0.09,0.12
"Senegal","Q1 2018",0.17,0.22,0.2,0.36,0.18,0.18,0.35,0.2,0.28,0.26,0.23,0.21,0.21,0.42,0.2,0.36,0.15,0.17,0.36,0.19,0.18,0.19,0.2,0.2,0.33,0.29,0.16,0.27,0.41,0.31,0.3,0.15,,0.3,0.18,0.35,0.09,0.24,0.35,0.25,0.22,0.2,0.25,,0.17,0.25,0.28,0.18,0.3,0.27,0.37,0.21,0.24,0.09,0.2,,0.17,0.22,0.22,0.4,0.2,0.23,0.25,0.27,0.18,0.4,0.35,0.16,0.29,0.08,0.19,0.23,0.2,0.27,,0.29,0.18,0.22,0.2,0.23,0.18,0.3,0.26,0.26,0.25,0.23,0.28,0.39,0.29,0.3,,0.27,0.24,0.18,0.21,0.2,0.27,0.19,0.23,0.24,0.2,0.4,0.19,0.29,0.19,0.23,0.31,0.25,0.19,0.3,0.09,0.16,0.18,0.4,0.22,0.21,0.32,0.08,0.4,,0.23,0.27,0.2,0.36,,0.08,0.18,0.2,0.36,0.28,0.17,0.3,0.21,0.15,0.27,0.25,0.27,0.38,0.22,0.25,0.32,0.08,0.27,0.26,0.31,,0.2,0.2,,0.2,0.19,0.18,0.29,,,0.2,0.29,0.4,0.23,0.25,0.21,0.18,0.3,0.41,0.31,0.22,,0.22,0.27,0.22,0.28,0.16,0.36,0.2,0.24,0.2,0.3,,0.09,0.26,0.3,0.41,0.24,0.4,0.19,0.35,0.19,0.22,0.28,0.09,0.1
"Senegal","Q1 2019",0.17,0.21,0.18,0.25,0.17,0.17,0.25,0.2,0.26,0.24,0.22,0.12,0.19,0.36,0.2,0.33,0.15,0.16,0.25,0.18,0.12,0.18,0.19,0.12,0.32,0.26,0.15,0.25,0.29,0.26,0.27,0.08,,0.27,0.18,0.24,0.09,0.23,0.32,0.23,0.2,0.2,0.24,,0.19,0.23,0.25,0.18,0.26,0.25,0.27,0.2,0.23,0.09,0.2,,0.17,0.13,0.21,0.36,0.18,0.2,0.23,0.18,0.17,0.28,0.33,0.15,0.26,0.08,0.18,0.22,0.18,0.25,,0.28,0.17,0.2,0.2,0.21,0.18,0.27,0.23,0.23,0.16,0.22,0.25,0.35,0.26,0.26,,0.23,0.23,0.01,0.13,0.2,0.25,0.19,0.22,0.24,0.19,0.28,0.12,0.26,0.17,0.21,0.26,0.24,0.18,0.27,0.1,0.16,0.17,0.35,0.2,0.12,0.23,0.08,0.35,,0.21,0.24,0.18,0.33,,0.07,0.1,0.2,0.26,0.25,0.09,0.26,0.13,0.08,0.25,0.16,0.26,0.34,0.21,0.24,0.28,0.07,0.23,0.23,0.28,,0.18,0.18,,0.18,0.19,0.18,0.26,,,0.13,0.19,0.29,0.21,0.23,0.13,0.11,0.27,0.36,0.27,0.13,,0.2,0.24,0.21,0.25,0.09,0.33,0.19,0.23,0.18,0.27,0.15,0.01,0.24,0.27,0.36,0.23,0.36,0.17,0.25,0.12,0.21,0.25,0.01,0.1
"Senegal","Q1 2020",0.18,0.21,0.19,0.33,0.17,0.18,0.25,0.2,0.26,0.24,0.12,0.13,0.19,0.37,0.19,0.32,0.15,0.17,0.26,0.18,0.12,0.19,0.17,0.13,0.32,0.27,0.15,0.24,0.3,0.27,0.28,0.08,,0.27,0.18,0.25,0.09,0.25,0.34,0.22,0.19,0.2,0.24,,0.19,0.24,0.25,0.19,0.27,0.25,0.28,0.19,0.23,0.1,0.21,,0.17,0.13,0.22,0.37,0.19,0.22,0.31,0.18,0.18,0.29,0.33,0.16,0.27,0.08,0.19,0.24,0.19,0.25,,0.29,0.17,0.2,0.2,0.2,0.18,0.27,0.24,0.22,0.16,0.21,0.26,0.36,0.26,0.27,,0.24,0.23,0.11,0.14,0.21,0.25,0.2,0.22,0.22,0.19,0.29,0.12,0.26,0.18,0.23,0.26,0.24,0.19,0.28,0.1,0.17,0.17,0.36,0.22,0.13,0.24,0.01,0.36,,0.21,0.25,0.19,0.34,,0.07,0.11,0.2,0.27,0.26,0.09,0.27,0.13,0.08,0.24,0.16,0.26,0.35,0.21,0.25,0.29,0.07,0.24,0.24,0.35,,0.18,0.18,,0.19,0.19,0.17,0.27,,,0.13,0.19,0.3,0.21,0.23,0.12,0.13,0.27,0.37,0.28,0.12,,0.2,0.25,0.21,0.25,0.09,0.33,0.18,0.23,0.18,0.27,0.15,0.02,0.24,0.28,0.37,0.23,0.37,0.18,0.25,0.12,0.21,0.25,0.02,0.12
"Senegal","Q1 2021",0.17,0.22,0.19,0.25,0.17,0.18,0.32,0.2,0.26,0.26,0.15,0.13,0.2,0.38,0.19,0.33,0.15,0.17,0.33,0.18,0.11,0.19,0.17,0.13,0.33,0.27,0.15,0.25,0.31,0.28,0.29,0.08,,0.28,0.11,0.25,0.09,0.25,0.33,0.23,0.2,0.2,0.24,,0.18,0.24,0.25,0.19,0.28,0.26,0.27,0.2,0.23,0.11,0.2,,0.18,0.13,0.22,0.37,0.19,0.23,0.23,0.18,0.18,0.36,0.34,0.17,0.27,0.1,0.19,0.25,0.19,0.25,,0.26,0.17,0.21,0.2,0.2,0.19,0.29,0.23,0.15,0.23,0.22,0.26,0.36,0.27,0.27,,0.24,0.23,0.11,0.13,0.2,0.26,0.19,0.22,0.23,0.11,0.3,0.11,0.26,0.18,0.24,0.26,0.22,0.11,0.28,0.1,0.17,0.17,0.37,0.24,0.13,0.24,,0.37,,0.21,0.25,0.21,0.33,0.09,0.07,0.11,0.2,0.27,0.27,0.09,0.28,0.14,0.15,0.25,0.15,0.26,0.35,0.21,0.25,0.3,0.07,0.23,0.24,0.34,,0.18,0.18,,0.19,0.19,0.17,0.27,,,0.12,0.19,0.31,0.22,0.23,0.13,0.13,0.28,0.38,0.28,0.12,,0.21,0.25,0.21,0.26,0.09,0.33,0.19,0.23,0.18,0.27,0.15,0.01,0.25,0.29,0.37,0.23,0.38,0.18,0.32,0.12,0.2,0.26,,0.11
"Serbia and Montenegro","Q1 2016",,,,,,,,,,,,,,,,,,,,,,,,,,,,,,,,,,,,,,,,,,,,,,,,,,,,,,,,,,,,,,,,,,,,,,,,,,,,,,,,,,,,,,,,,,,,,,,,,,,,,,,,,,,,,,,,,,,,,,,,,,,,,,,,,,,,,,,,,,,,,,,,,,,,,,,,,,,,,,,,,,,,,,,,,,,,,,,,,,,,,,,,,,,,,,,
"Serbia and Montenegro","Q1 2017",,,,,,,,,,,,,,,,,,,,,,,,,,,,,,,,,,,,,,,,,,,,,,,,,,,,,,,,,,,,,,,,,,,,,,,,,,,,,,,,,,,,,,,,,,,,,,,,,,,,,,,,,,,,,,,,,,,,,,,,,,,,,,,,,,,,,,,,,,,,,,,,,,,,,,,,,,,,,,,,,,,,,,,,,,,,,,,,,,,,,,,,,,,,,,,
"Serbia and Montenegro","Q1 2018",,,,,,,,,,,,,,,,,,,,,,,,,,,,,,,,,,,,,,,,,,,,,,,,,,,,,,,,,,,,,,,,,,,,,,,,,,,,,,,,,,,,,,,,,,,,,,,,,,,,,,,,,,,,,,,,,,,,,,,,,,,,,,,,,,,,,,,,,,,,,,,,,,,,,,,,,,,,,,,,,,,,,,,,,,,,,,,,,,,,,,,,,,,,,,,
"Serbia and Montenegro","Q1 2019",,,,,,,,,,,,,,,,,,,,,,,,,,,,,,,,,,,,,,,,,,,,,,,,,,,,,,,,,,,,,,,,,,,,,,,,,,,,,,,,,,,,,,,,,,,,,,,,,,,,,,,,,,,,,,,,,,,,,,,,,,,,,,,,,,,,,,,,,,,,,,,,,,,,,,,,,,,,,,,,,,,,,,,,,,,,,,,,,,,,,,,,,,,,,,,
"Serbia and Montenegro","Q1 2020",,,,,,,,,,,,,,,,,,,,,,,,,,,,,,,,,,,,,,,,,,,,,,,,,,,,,,,,,,,,,,,,,,,,,,,,,,,,,,,,,,,,,,,,,,,,,,,,,,,,,,,,,,,,,,,,,,,,,,,,,,,,,,,,,,,,,,,,,,,,,,,,,,,,,,,,,,,,,,,,,,,,,,,,,,,,,,,,,,,,,,,,,,,,,,,
"Serbia and Montenegro","Q1 2021",,,,,,,,,,,,,,,,,,,,,,,,,,,,,,,,,,,,,,,,,,,,,,,,,,,,,,,,,,,,,,,,,,,,,,,,,,,,,,,,,,,,,,,,,,,,,,,,,,,,,,,,,,,,,,,,,,,,,,,,,,,,,,,,,,,,,,,,,,,,,,,,,,,,,,,,,,,,,,,,,,,,,,,,,,,,,,,,,,,,,,,,,,,,,,,
"Seychelles","Q1 2016",0.1,0.12,0.11,0.22,0.1,0.1,0.21,0.12,0.23,0.21,0.21,0.2,0.12,0.26,0.12,0.22,0.08,0.11,0.21,0.1,0.17,0.11,0.1,0.19,0.21,0.23,0.08,0.21,0.26,0.24,0.24,,,0.22,0.26,0.22,0.09,0.14,0.21,0.2,0.12,0.13,0.13,,0.18,0.2,0.23,0.11,0.15,0.14,0.24,0.12,0.11,0.08,0.11,,0.1,0.2,0.2,0.26,0.11,0.13,0.2,0.12,0.1,0.25,0.22,0.09,0.22,0.08,0.12,0.13,0.12,0.14,,0.13,0.1,0.12,0.13,0.13,0.1,0.31,0.2,0.23,0.19,0.12,0.22,0.25,0.15,0.24,,0.21,0.22,0.1,0.19,0.11,0.22,0.11,0.2,0.12,0.28,0.32,0.26,0.23,0.11,0.12,0.11,0.3,0.28,0.23,0.09,0.1,0.09,0.23,0.29,0.19,0.21,0.08,0.25,,0.21,0.21,0.12,0.23,,0.07,0.1,0.19,0.31,0.31,,0.23,0.19,0.08,0.21,0.21,0.2,0.23,0.13,0.2,0.25,0.07,0.29,0.2,0.24,,0.11,0.12,,0.12,0.11,0.11,0.24,0.13,,,0.12,0.32,0.13,0.21,0.2,0.18,0.31,0.26,0.31,0.21,,0.13,0.2,0.12,0.29,0.16,0.22,0.11,0.14,0.11,0.22,,0.09,0.21,0.32,0.26,0.3,0.25,0.11,0.2,0.12,0.13,0.22,0.09,0.2
"Seychelles","Q1 2017",0.1,0.11,0.11,0.21,0.1,0.1,0.2,0.11,0.21,0.2,0.19,0.18,0.11,0.24,0.12,0.2,0.08,0.1,0.2,0.1,0.17,0.1,0.09,0.18,0.2,0.21,0.08,0.12,0.24,0.22,0.22,0.15,,0.21,0.17,0.21,0.09,0.13,0.2,0.19,0.12,0.11,0.12,,0.1,0.19,0.21,0.1,0.21,0.13,0.23,0.11,0.12,0.15,0.1,,0.09,0.19,0.11,0.24,0.11,0.12,0.12,0.11,0.1,0.23,0.21,0.08,0.2,0.08,0.11,0.13,0.11,0.13,,0.12,0.09,0.11,0.12,0.12,0.1,0.29,0.19,0.2,0.19,0.11,0.21,0.24,0.2,0.22,,0.2,0.27,0.1,0.18,0.1,0.21,0.11,0.1,0.11,0.26,0.3,0.25,0.21,0.11,0.12,0.11,0.27,0.19,0.2,0.09,0.09,0.1,0.22,0.2,0.18,0.19,0.08,0.23,,0.2,0.2,0.11,0.21,,0.07,0.11,0.1,0.29,0.22,0.09,0.21,0.19,0.08,0.13,0.2,0.2,0.21,0.12,0.19,0.23,0.07,0.27,0.18,0.22,,0.11,0.11,,0.11,0.1,0.11,0.22,0.12,,,0.11,0.3,0.12,0.19,0.19,0.25,0.22,0.24,0.29,0.19,,0.11,0.19,0.11,0.28,0.15,0.2,0.11,0.12,0.1,0.22,,0.08,0.19,0.29,0.24,0.27,0.24,0.1,0.19,0.11,0.12,0.21,0.08,0.17
"Seychelles","Q1 2018",0.09,0.11,0.11,0.2,0.1,0.1,0.19,0.11,0.21,0.2,0.18,0.18,0.11,0.24,0.11,0.2,0.08,0.1,0.2,0.1,0.16,0.1,0.1,0.18,0.19,0.21,0.08,0.12,0.23,0.22,0.22,0.15,,0.21,0.17,0.2,0.08,0.12,0.19,0.19,0.12,0.11,0.11,,0.09,0.19,0.21,0.1,0.21,0.12,0.22,0.11,0.12,0.08,0.1,,0.09,0.19,0.11,0.23,0.11,0.12,0.12,0.1,0.1,0.23,0.2,0.08,0.21,0.08,0.1,0.13,0.11,0.13,,0.11,0.1,0.11,0.11,0.12,0.1,0.22,0.2,0.2,0.19,0.11,0.2,0.23,0.2,0.21,,0.2,0.2,0.1,0.18,0.11,0.2,0.1,0.19,0.11,0.26,0.3,0.25,0.21,0.11,0.12,0.19,0.27,0.25,0.2,0.08,0.09,0.1,0.22,0.27,0.18,0.19,0.08,0.23,,0.19,0.2,0.11,0.2,,0.08,0.1,0.1,0.28,0.21,0.09,0.2,0.18,0.07,0.12,0.2,0.19,0.21,0.12,0.19,0.22,0.07,0.27,0.19,0.21,,0.11,0.11,,0.11,0.1,0.1,0.22,0.2,,,0.11,0.3,0.12,0.19,0.18,0.17,0.22,0.23,0.29,0.18,,0.11,0.19,0.11,0.28,0.15,0.2,0.11,0.12,0.1,0.22,,0.08,0.2,0.29,0.23,0.27,0.23,0.1,0.19,0.11,0.12,0.21,0.08,0.1
"Seychelles","Q1 2019",0.09,0.11,0.11,0.2,0.1,0.1,0.2,0.12,0.22,0.22,0.2,0.19,0.12,0.25,0.12,0.21,0.08,0.1,0.21,0.11,0.18,0.11,0.11,0.18,0.21,0.22,0.08,0.14,0.25,0.23,0.23,0.15,,0.22,0.26,0.21,0.09,0.13,0.21,0.19,0.12,0.12,0.13,,0.1,0.2,0.22,0.11,0.22,0.14,0.23,0.12,0.13,0.16,0.12,,0.1,0.19,0.12,0.25,0.11,0.12,0.13,0.11,0.11,0.24,0.21,0.08,0.22,0.08,0.11,0.14,0.11,0.14,,0.13,0.09,0.12,0.12,0.12,0.1,0.24,0.2,0.21,0.2,0.13,0.21,0.25,0.21,0.22,,0.21,0.28,0.08,0.19,0.11,0.21,0.11,0.19,0.2,0.26,0.31,0.26,0.23,0.1,0.13,0.11,0.29,0.26,0.22,0.1,0.09,0.1,0.23,0.2,0.18,0.2,0.08,0.25,,0.2,0.21,0.11,0.21,,0.07,0.1,0.11,0.3,0.29,0.09,0.22,0.19,0.08,0.14,0.21,0.21,0.23,0.13,0.21,0.24,0.07,0.28,0.2,0.22,,0.11,0.11,,0.11,0.11,0.11,0.23,0.13,,,0.11,0.32,0.13,0.2,0.19,0.26,0.23,0.25,0.3,0.19,,0.12,0.2,0.12,0.29,0.16,0.21,0.11,0.14,0.1,0.23,0.08,0.08,0.21,0.31,0.25,0.29,0.25,0.1,0.2,0.11,0.13,0.22,0.08,0.1
"Seychelles","Q1 2020",0.11,0.12,0.11,0.21,0.1,0.1,0.2,0.12,0.22,0.22,0.19,0.19,0.11,0.25,0.12,0.21,0.08,0.1,0.21,0.11,0.18,0.11,0.09,0.18,0.13,0.22,0.08,0.13,0.25,0.23,0.23,0.15,,0.22,0.26,0.21,0.09,0.14,0.21,0.2,0.11,0.12,0.13,,0.1,0.2,0.22,0.11,0.22,0.14,0.24,0.12,0.13,0.16,0.12,,0.1,0.19,0.13,0.25,0.11,0.13,0.13,0.1,0.11,0.24,0.22,0.09,0.22,0.08,0.11,0.14,0.12,0.14,,0.13,0.09,0.11,0.12,0.12,0.11,0.24,0.21,0.2,0.2,0.12,0.22,0.25,0.22,0.23,,0.2,0.29,0.1,0.2,0.12,0.21,0.11,0.19,0.12,0.27,0.31,0.26,0.22,0.11,0.13,0.11,0.29,0.26,0.22,0.1,0.1,0.1,0.23,0.29,0.18,0.2,0.08,0.25,,0.19,0.21,0.11,0.22,,0.07,0.1,0.11,0.3,0.3,0.09,0.22,0.19,0.08,0.14,0.2,0.21,0.22,0.13,0.22,0.24,0.07,0.29,0.21,0.22,,0.11,0.11,,0.11,0.11,0.1,0.23,0.13,,,0.11,0.32,0.13,0.2,0.19,0.26,0.23,0.25,0.3,0.18,,0.12,0.2,0.12,0.22,0.16,0.21,0.1,0.14,0.1,0.23,0.08,0.08,0.21,0.31,0.25,0.28,0.25,0.1,0.2,0.11,0.12,0.21,0.08,0.18
"Seychelles","Q1 2021",0.1,0.12,0.11,0.19,0.1,0.1,0.19,0.12,0.2,0.21,0.18,0.18,0.11,0.23,0.11,0.2,0.08,0.1,0.2,0.1,0.17,0.11,0.09,0.18,0.2,0.21,0.08,0.12,0.24,0.22,0.22,0.15,,0.21,0.25,0.2,0.09,0.13,0.2,0.19,0.11,0.12,0.12,,0.1,0.19,0.21,0.11,0.21,0.13,0.22,0.11,0.12,0.17,0.11,,0.1,0.18,0.12,0.23,0.11,0.12,0.12,0.1,0.1,0.23,0.21,0.09,0.21,0.1,0.11,0.13,0.11,0.13,,0.11,0.09,0.11,0.11,0.11,0.11,0.23,0.19,0.18,0.2,0.12,0.2,0.23,0.2,0.21,,0.2,0.21,0.1,0.18,0.11,0.2,0.11,0.19,0.11,0.25,0.3,0.25,0.21,0.11,0.13,0.11,0.27,0.26,0.21,0.1,0.1,0.1,0.22,0.28,0.18,0.19,,0.23,,0.19,0.2,0.11,0.2,0.08,0.07,0.1,0.1,0.29,0.28,0.09,0.21,0.19,0.08,0.12,0.18,0.2,0.21,0.12,0.2,0.23,0.07,0.27,0.19,0.21,,0.1,0.1,,0.11,0.11,0.1,0.22,0.12,,,0.11,0.3,0.12,0.19,0.19,0.26,0.22,0.24,0.29,0.1,,0.11,0.19,0.11,0.21,0.16,0.2,0.11,0.13,0.09,0.22,0.08,0.08,0.2,0.3,0.23,0.27,0.24,0.11,0.19,0.11,0.12,0.21,,0.17
"Sierra Leone","Q1 2016",0.17,0.2,0.11,0.22,0.1,0.17,0.2,0.19,0.21,0.21,0.19,0.11,0.18,0.32,0.19,0.29,0.08,0.11,0.21,0.09,0.1,0.1,0.25,0.11,0.22,0.22,0.08,0.2,0.24,0.23,0.22,,,0.22,0.18,0.22,0.09,0.21,0.29,0.19,0.18,0.19,0.2,,0.18,0.2,0.21,0.18,0.22,0.2,0.22,0.11,0.18,0.08,0.18,,0.17,0.12,0.19,0.25,0.18,0.19,0.21,0.27,0.1,0.31,0.29,0.15,0.21,0.08,0.18,0.2,0.12,0.2,,0.28,0.24,0.19,0.12,0.19,0.17,0.23,0.19,0.21,0.11,0.19,0.21,0.24,0.22,0.22,,0.2,0.21,0.1,0.11,0.18,0.21,0.26,0.2,0.19,0.19,0.24,0.11,0.22,0.11,0.19,0.17,0.21,0.18,0.22,0.09,0.16,0.09,0.31,0.19,0.11,0.21,0.08,0.24,,0.2,0.2,0.11,0.29,,0.07,0.1,0.19,0.22,0.21,,0.22,0.12,0.08,0.2,0.12,0.2,0.3,0.19,0.19,0.23,0.07,0.21,0.2,0.23,,0.11,0.18,,0.18,0.11,0.18,0.22,0.22,,0.12,,0.24,0.2,0.19,0.12,0.11,0.23,0.32,0.22,0.12,,0.19,0.2,0.19,0.2,0.09,0.29,0.11,0.21,0.18,0.21,,0.09,0.2,0.23,0.32,0.2,0.25,0.11,0.2,0.12,0.2,0.21,0.09,0.11
"Sierra Leone","Q1 2017",0.1,0.19,0.11,0.21,0.1,0.1,0.28,0.18,0.21,0.2,0.19,0.11,0.18,0.31,0.19,0.2,0.08,0.1,0.28,0.1,0.1,0.17,0.17,0.11,0.21,0.21,0.08,0.2,0.23,0.22,0.21,0.08,,0.22,0.17,0.21,0.08,0.2,0.27,0.19,0.19,0.18,0.19,,0.17,0.19,0.2,0.1,0.22,0.2,0.21,0.11,0.19,0.08,0.18,,0.16,0.12,0.19,0.24,0.18,0.19,0.2,0.26,0.1,0.3,0.21,0.15,0.21,0.08,0.11,0.2,0.11,0.2,,0.27,0.16,0.18,0.12,0.19,0.17,0.21,0.19,0.19,0.11,0.19,0.2,0.23,0.21,0.22,,0.2,0.19,0.1,0.11,0.18,0.2,0.25,0.18,0.18,0.18,0.23,0.11,0.21,0.11,0.2,0.19,0.2,0.18,0.22,0.09,0.09,0.1,0.3,0.19,0.1,0.2,0.01,0.23,,0.19,0.2,0.11,0.21,,0.07,0.11,0.18,0.21,0.2,0.09,0.22,0.12,0.15,0.21,0.12,0.2,0.22,0.19,0.19,0.23,0.07,0.19,0.18,0.22,,0.11,0.18,,0.18,0.1,0.17,0.21,0.28,,0.11,,0.23,0.2,0.12,0.12,0.11,0.21,0.31,0.21,0.11,,0.18,0.2,0.19,0.2,0.09,0.21,0.11,0.2,0.17,0.21,,0.01,0.19,0.21,0.31,0.19,0.24,0.1,0.27,0.11,0.2,0.2,0.01,0.1
"Sierra Leone","Q1 2018",0.1,0.19,0.11,0.22,0.1,0.1,0.29,0.18,0.21,0.21,0.12,0.12,0.19,0.32,0.19,0.22,0.08,0.1,0.29,0.11,0.1,0.18,0.18,0.11,0.21,0.22,0.08,0.21,0.25,0.23,0.23,0.08,,0.23,0.17,0.21,0.09,0.21,0.28,0.2,0.19,0.18,0.2,,0.09,0.2,0.21,0.1,0.23,0.21,0.29,0.12,0.2,0.08,0.18,,0.17,0.13,0.19,0.25,0.18,0.2,0.2,0.26,0.17,0.31,0.22,0.15,0.22,0.08,0.11,0.2,0.12,0.21,,0.28,0.17,0.19,0.12,0.2,0.17,0.22,0.2,0.2,0.2,0.2,0.22,0.25,0.22,0.22,,0.21,0.2,0.1,0.11,0.19,0.21,0.24,0.21,0.19,0.19,0.24,0.11,0.23,0.11,0.2,0.2,0.2,0.18,0.23,0.08,0.09,0.1,0.31,0.2,0.11,0.2,0.01,0.25,,0.2,0.2,0.12,0.21,,0.08,0.1,0.18,0.23,0.22,0.09,0.23,0.12,0.15,0.21,0.13,0.21,0.23,0.19,0.2,0.24,0.07,0.21,0.2,0.23,,0.11,0.18,,0.18,0.11,0.17,0.22,0.29,,0.11,,0.25,0.2,0.2,0.12,0.11,0.22,0.32,0.23,0.11,,0.19,0.21,0.2,0.21,0.09,0.22,0.11,0.21,0.18,0.29,,0.02,0.21,0.23,0.32,0.2,0.25,0.11,0.28,0.11,0.2,0.21,0.02,0.1
"Sierra Leone","Q1 2019",0.16,0.18,0.1,0.19,0.09,0.09,0.19,0.18,0.19,0.19,0.11,0.11,0.11,0.22,0.11,0.19,0.08,0.09,0.19,0.1,0.1,0.17,0.17,0.1,0.19,0.2,0.08,0.19,0.21,0.2,0.2,0.08,,0.2,0.1,0.19,0.02,0.19,0.26,0.18,0.18,0.18,0.18,,0.16,0.11,0.19,0.1,0.2,0.19,0.27,0.11,0.19,0.09,0.11,,0.09,0.11,0.18,0.22,0.17,0.11,0.18,0.24,0.17,0.21,0.2,0.15,0.2,0.01,0.1,0.19,0.11,0.19,,0.26,0.16,0.17,0.11,0.11,0.1,0.2,0.12,0.19,0.11,0.18,0.19,0.21,0.2,0.13,,0.18,0.19,0.01,0.11,0.11,0.19,0.25,0.19,0.18,0.11,0.21,0.1,0.2,0.09,0.18,0.17,0.19,0.1,0.2,0.09,0.09,0.09,0.28,0.18,0.1,0.18,0.08,0.22,,0.12,0.12,0.1,0.19,,0,0.1,0.17,0.2,0.19,0.09,0.2,0.11,0.08,0.19,0.12,0.19,0.21,0.11,0.19,0.21,0.07,0.18,0.19,0.2,,0.1,0.1,,0.1,0.1,0.1,0.2,0.19,,0.11,,0.21,0.18,0.18,0.11,0.11,0.2,0.29,0.2,0.1,,0.17,0.19,0.18,0.12,0.08,0.19,0.1,0.19,0.17,0.27,0.07,0.01,0.19,0.2,0.22,0.19,0.22,0.1,0.19,0.11,0.19,0.19,0.01,0.1
"Sierra Leone","Q1 2020",0.17,0.17,0.1,0.19,0.09,0.09,0.18,0.18,0.19,0.19,0.1,0.1,0.1,0.21,0.11,0.19,0.08,0.09,0.19,0.1,0.1,0.17,0.16,0.1,0.26,0.19,0.08,0.11,0.21,0.2,0.2,0.08,,0.2,0.1,0.18,0.02,0.18,0.26,0.11,0.17,0.18,0.18,,0.16,0.18,0.19,0.1,0.19,0.19,0.2,0.1,0.19,0.09,0.11,,0.09,0.11,0.11,0.21,0.17,0.11,0.19,0.24,0.1,0.2,0.26,0.15,0.19,0.08,0.1,0.18,0.1,0.18,,0.19,0.16,0.1,0.11,0.11,0.1,0.2,0.11,0.11,0.11,0.18,0.19,0.21,0.19,0.19,,0.18,0.18,0.1,0.1,0.17,0.18,0.25,0.18,0.11,0.11,0.21,0.1,0.19,0.1,0.18,0.17,0.19,0.1,0.2,0.09,0.1,0.09,0.27,0.18,0.1,0.18,0.01,0.21,,0.11,0.12,0.1,0.19,,0,0.1,0.17,0.19,0.19,0.09,0.19,0.11,0.08,0.11,0.11,0.19,0.2,0.11,0.18,0.21,0.07,0.18,0.18,0.2,,0.1,0.1,,0.1,0.1,0.09,0.19,0.19,,0.11,,0.21,0.18,0.11,0.11,0.11,0.19,0.28,0.2,0.1,,0.1,0.18,0.18,0.12,0.08,0.26,0.09,0.18,0.16,0.2,0.07,0.01,0.18,0.2,0.21,0.18,0.21,0.1,0.18,0.1,0.11,0.12,0.01,0.1
"Sierra Leone","Q1 2021",0.16,0.18,0.1,0.19,0.09,0.09,0.18,0.18,0.19,0.19,0.1,0.1,0.17,0.21,0.1,0.19,0.08,0.09,0.19,0.1,0.1,0.17,0.16,0.1,0.19,0.19,0.08,0.11,0.21,0.2,0.2,0.08,,0.2,0.1,0.18,0.02,0.18,0.26,0.11,0.17,0.18,0.18,,0.16,0.18,0.18,0.1,0.19,0.19,0.19,0.1,0.19,0.1,0.1,,0.1,0.11,0.11,0.21,0.17,0.11,0.18,0.24,0.1,0.2,0.26,0.15,0.19,0.09,0.1,0.19,0.1,0.19,,0.18,0.16,0.17,0.1,0.11,0.1,0.2,0.11,0.1,0.11,0.18,0.19,0.21,0.19,0.19,,0.18,0.18,0.1,0.1,0.1,0.19,0.25,0.18,0.1,0.1,0.21,0.1,0.19,0.1,0.18,0.25,0.18,0.1,0.19,0.09,0.09,0.09,0.27,0.18,0.1,0.18,,0.21,,0.11,0.12,0.11,0.19,0.01,0,0.1,0.17,0.19,0.19,0.08,0.19,0.11,0.08,0.11,0.11,0.19,0.2,0.11,0.18,0.21,0.07,0.18,0.18,0.2,,0.1,0.1,,0.1,0.1,0.09,0.19,0.19,,0.11,,0.21,0.18,0.11,0.11,0.11,0.19,0.28,0.2,0.1,,0.17,0.18,0.18,0.19,0.08,0.26,0.1,0.18,0.16,0.19,0.07,0.01,0.18,0.2,0.21,0.18,0.21,0.1,0.18,0.1,0.11,0.18,,0.1
"Singapore","Q1 2016",0.2,0.28,0.23,0.45,0.2,0.21,0.44,0.24,0.48,0.42,0.38,0.32,0.24,0.68,0.23,0.41,0.16,0.21,0.46,0.19,0.27,0.21,0.2,0.31,0.37,0.53,0.17,0.45,0.75,0.7,0.62,,,0.48,0.23,0.43,0.18,0.3,0.4,0.42,0.23,0.24,0.31,,0.23,0.48,0.48,0.22,0.39,0.38,0.59,0.21,0.23,0.16,0.23,,0.19,0.33,0.38,0.66,0.21,0.27,0.27,0.24,0.2,0.66,0.42,0.18,0.5,0.16,0.24,0.26,0.24,0.33,,0.27,0.2,0.25,0.25,0.27,0.21,0.6,0.42,0.51,0.23,0.26,0.49,0.63,0.36,0.65,,0.43,0.38,0.22,0.23,0.23,0.5,0.22,0.28,0.27,0.32,0.77,0.28,0.55,0.22,0.23,0.2,0.46,0.25,0.48,0.18,0.19,0.19,0.61,0.34,0.32,0.42,0.17,0.65,,0.36,0.41,0.22,0.44,,0.15,0.19,0.34,0.57,0.52,,0.49,0.32,0.16,0.45,0.4,0.5,0.54,0.24,0.26,0.72,0.08,0.4,0.33,0.57,,0.22,0.24,,0.24,0.23,0.22,0.58,0.31,,0.32,0.24,,0.26,0.44,0.32,0.21,0.53,0.68,0.61,0.37,,0.25,0.5,0.26,0.53,0.24,0.46,0.23,0.31,0.23,0.52,,0.18,0.42,0.63,0.67,0.37,0.68,0.22,0.43,0.24,0.27,0.6,0.18,0.34
"Singapore","Q1 2017",0.21,0.28,0.23,0.45,0.21,0.2,0.44,0.22,0.5,0.43,0.26,0.3,0.25,0.69,0.24,0.39,0.16,0.19,0.45,0.22,0.28,0.22,0.19,0.31,0.39,0.54,0.17,0.4,0.74,0.68,0.61,0.23,,0.54,0.2,0.43,0.17,0.31,0.4,0.43,0.25,0.22,0.31,,0.23,0.47,0.47,0.21,0.49,0.38,0.58,0.24,0.27,0.16,0.24,,0.19,0.33,0.27,0.68,0.21,0.28,0.28,0.22,0.2,0.66,0.42,0.18,0.52,0.15,0.22,0.27,0.24,0.35,,0.26,0.18,0.25,0.25,0.29,0.21,0.6,0.42,0.43,0.29,0.26,0.49,0.63,0.46,0.64,,0.44,0.36,0.21,0.23,0.22,0.49,0.21,0.24,0.24,0.31,0.75,0.28,0.54,0.22,0.26,0.22,0.45,0.23,0.52,0.18,0.19,0.2,0.63,0.33,0.32,0.37,0.16,0.65,,0.36,0.46,0.22,0.43,,0.15,0.23,0.24,0.58,0.49,0.19,0.54,0.32,0.16,0.41,0.4,0.51,0.56,0.26,0.31,0.7,0.08,0.42,0.33,0.52,,0.23,0.23,,0.24,0.23,0.22,0.59,0.31,,0.3,0.23,,0.27,0.44,0.32,0.23,0.52,0.67,0.64,0.34,,0.24,0.51,0.27,0.53,0.24,0.45,0.24,0.28,0.21,0.56,,0.17,0.35,0.62,0.67,0.36,0.66,0.22,0.43,0.24,0.28,0.57,0.17,0.2
"Singapore","Q1 2018",0.19,0.27,0.24,0.43,0.22,0.21,0.46,0.24,0.48,0.44,0.4,0.32,0.25,0.71,0.24,0.41,0.16,0.19,0.47,0.23,0.27,0.23,0.22,0.3,0.38,0.55,0.17,0.41,0.78,0.7,0.64,0.23,,0.54,0.2,0.42,0.18,0.31,0.39,0.43,0.26,0.24,0.29,,0.19,0.49,0.47,0.22,0.5,0.39,0.59,0.24,0.27,0.16,0.23,,0.19,0.34,0.27,0.69,0.22,0.28,0.28,0.23,0.21,0.68,0.4,0.18,0.59,0.16,0.22,0.28,0.23,0.35,,0.26,0.19,0.26,0.24,0.28,0.21,0.6,0.48,0.48,0.34,0.27,0.5,0.66,0.46,0.61,,0.45,0.36,0.21,0.24,0.23,0.49,0.21,0.29,0.27,0.3,0.79,0.28,0.55,0.24,0.27,0.34,0.43,0.23,0.54,0.18,0.18,0.21,0.66,0.34,0.32,0.36,0.16,0.69,,0.35,0.45,0.23,0.41,,0.16,0.21,0.23,0.6,0.51,0.19,0.54,0.32,0.16,0.42,0.42,0.52,0.56,0.26,0.44,0.74,0.15,0.41,0.42,0.53,,0.23,0.24,,0.24,0.23,0.2,0.59,0.4,,0.3,0.25,,0.28,0.44,0.32,0.21,0.51,0.7,0.66,0.31,,0.26,0.51,0.26,0.53,0.24,0.46,0.24,0.29,0.23,0.57,,0.17,0.45,0.65,0.7,0.37,0.65,0.22,0.45,0.24,0.26,0.58,0.17,0.18
"Singapore","Q1 2019",0.2,0.26,0.24,0.4,0.21,0.2,0.44,0.25,0.49,0.44,0.39,0.32,0.25,0.68,0.25,0.4,0.16,0.18,0.46,0.22,0.28,0.22,0.22,0.3,0.41,0.54,0.17,0.41,0.76,0.67,0.68,0.23,,0.53,0.23,0.4,0.18,0.3,0.38,0.41,0.25,0.25,0.3,,0.22,0.48,0.46,0.22,0.49,0.39,0.61,0.24,0.28,0.18,0.24,,0.19,0.33,0.27,0.68,0.22,0.26,0.28,0.2,0.21,0.66,0.4,0.17,0.58,0.16,0.22,0.28,0.22,0.35,,0.26,0.18,0.26,0.24,0.28,0.21,0.59,0.48,0.37,0.4,0.27,0.49,0.65,0.46,0.61,,0.46,0.4,0.17,0.32,0.24,0.49,0.22,0.28,0.39,0.3,0.77,0.29,0.56,0.21,0.26,0.23,0.46,0.22,0.53,0.2,0.18,0.21,0.63,0.33,0.3,0.36,0.17,0.68,,0.34,0.44,0.21,0.41,,0.15,0.21,0.25,0.6,0.49,0.19,0.53,0.33,0.16,0.42,0.42,0.53,0.62,0.26,0.47,0.74,0.15,0.37,0.41,0.52,,0.23,0.22,,0.22,0.24,0.21,0.59,0.29,,0.32,0.21,,0.27,0.42,0.33,0.23,0.52,0.69,0.66,0.22,,0.26,0.5,0.25,0.55,0.24,0.46,0.24,0.29,0.22,0.56,0.16,0.17,0.44,0.64,0.69,0.41,0.67,0.21,0.43,0.24,0.27,0.59,0.17,0.19
"Singapore","Q1 2020",0.21,0.28,0.24,0.44,0.2,0.21,0.43,0.24,0.47,0.45,0.23,0.32,0.24,0.7,0.23,0.38,0.16,0.18,0.46,0.22,0.29,0.22,0.18,0.3,0.29,0.55,0.17,0.39,0.77,0.7,0.68,0.23,,0.53,0.23,0.42,0.18,0.34,0.39,0.42,0.23,0.24,0.3,,0.21,0.48,0.46,0.23,0.48,0.41,0.6,0.23,0.27,0.18,0.24,,0.19,0.32,0.26,0.67,0.21,0.28,0.28,0.19,0.21,0.67,0.47,0.18,0.58,0.16,0.23,0.31,0.23,0.34,,0.26,0.18,0.25,0.24,0.25,0.21,0.58,0.51,0.28,0.42,0.25,0.5,0.65,0.46,0.62,,0.44,0.36,0.21,0.31,0.24,0.5,0.22,0.28,0.26,0.31,0.78,0.28,0.56,0.23,0.29,0.21,0.46,0.23,0.54,0.2,0.2,0.2,0.65,0.35,0.31,0.36,0.16,0.69,,0.34,0.43,0.21,0.41,,0.15,0.21,0.24,0.58,0.51,0.19,0.54,0.32,0.17,0.4,0.38,0.54,0.54,0.25,0.46,0.76,0.15,0.4,0.41,0.47,,0.22,0.22,,0.23,0.24,0.19,0.61,0.3,,0.32,0.21,,0.27,0.44,0.25,0.24,0.52,0.7,0.64,0.22,,0.25,0.5,0.25,0.54,0.24,0.46,0.22,0.29,0.21,0.56,0.16,0.17,0.43,0.64,0.7,0.36,0.66,0.21,0.44,0.24,0.25,0.56,0.17,0.2
"Singapore","Q1 2021",0.2,0.28,0.24,0.4,0.21,0.21,0.44,0.24,0.49,0.46,0.38,0.33,0.25,0.69,0.22,0.4,0.16,0.18,0.46,0.21,0.28,0.22,0.18,0.31,0.39,0.54,0.17,0.39,0.78,0.7,0.71,0.23,,0.54,0.21,0.4,0.18,0.34,0.38,0.42,0.23,0.24,0.29,,0.21,0.48,0.45,0.23,0.48,0.41,0.62,0.23,0.27,0.19,0.23,,0.21,0.32,0.27,0.68,0.21,0.28,0.26,0.2,0.21,0.66,0.49,0.18,0.59,0.19,0.23,0.32,0.23,0.37,,0.22,0.18,0.25,0.23,0.26,0.22,0.6,0.41,0.39,0.45,0.26,0.51,0.67,0.47,0.65,,0.45,0.37,0.21,0.24,0.23,0.51,0.21,0.27,0.26,0.21,0.79,0.28,0.58,0.23,0.31,0.22,0.43,0.21,0.54,0.21,0.2,0.21,0.65,0.38,0.31,0.35,,0.68,,0.34,0.44,0.25,0.41,0.17,0.15,0.21,0.24,0.6,0.54,0.18,0.54,0.33,0.17,0.4,0.36,0.53,0.58,0.25,0.49,0.74,0.15,0.39,0.41,0.47,,0.21,0.22,,0.23,0.24,0.19,0.64,0.31,,0.3,0.21,,0.27,0.43,0.32,0.25,0.52,0.7,0.67,0.2,,0.25,0.49,0.25,0.6,0.24,0.47,0.24,0.29,0.2,0.58,0.16,0.16,0.44,0.66,0.69,0.36,0.7,0.22,0.44,0.24,0.24,0.63,,0.2
"Sint Maarten (Dutch part)","Q1 2016",0.18,0.21,0.19,0.23,0.27,0.28,0.22,0.22,0.23,0.31,0.2,0.12,0.3,0.28,0.21,0.22,0.15,0.2,0.3,0.25,0.11,0.11,0.18,0.12,0.22,0.31,0.15,0.22,0.27,0.25,0.25,,,0.25,0.19,0.21,0.1,0.23,0.21,0.21,0.21,0.23,0.21,,0.19,0.21,0.23,0.29,0.34,0.23,0.25,0.19,0.19,0.09,0.19,,0.17,0.21,0.21,0.35,0.27,0.21,0.21,0.2,0.11,0.27,0.22,0.16,0.23,0.08,0.3,0.31,0.19,0.23,,0.21,0.17,0.3,0.3,0.22,0.19,0.24,0.2,0.21,0.12,0.2,0.23,0.27,0.33,0.24,,0.21,0.21,0.11,0.19,0.19,0.23,0.19,0.21,0.2,0.2,0.26,0.12,0.24,0.12,0.21,0.18,0.22,0.19,0.25,0.09,0.17,0.25,0.25,0.21,0.12,0.21,0.09,0.34,,0.22,0.22,0.19,0.23,,0.08,0.1,0.2,0.24,0.23,,0.27,0.13,0.08,0.23,0.13,0.21,0.24,0.29,0.2,0.26,0.07,0.21,0.2,0.25,,0.29,0.3,,0.3,0.19,0.18,0.24,0.21,,0.13,0.2,0.26,,0.21,0.13,0.11,0.24,0.34,0.23,0.13,,0.3,0.21,0.19,0.22,0.09,0.22,0.12,0.33,0.19,0.23,,0.1,0.21,0.24,0.36,0.21,0.37,0.28,0.22,0.13,0.3,0.23,0.1,0.12
"Sint Maarten (Dutch part)","Q1 2017",0.11,0.22,0.19,0.23,0.28,0.27,0.23,0.2,0.24,0.32,0.2,0.13,0.32,0.3,0.22,0.23,0.15,0.18,0.31,0.28,0.11,0.12,0.17,0.13,0.23,0.32,0.16,0.23,0.28,0.26,0.26,0.08,,0.36,0.18,0.22,0.09,0.32,0.22,0.22,0.22,0.2,0.21,,0.19,0.21,0.23,0.28,0.36,0.24,0.26,0.21,0.21,0.09,0.2,,0.17,0.22,0.21,0.36,0.27,0.22,0.22,0.19,0.11,0.28,0.23,0.16,0.24,0.08,0.29,0.34,0.2,0.32,,0.21,0.17,0.31,0.24,0.31,0.18,0.25,0.21,0.22,0.13,0.21,0.24,0.28,0.34,0.25,,0.22,0.21,0.11,0.12,0.19,0.24,0.19,0.2,0.2,0.2,0.26,0.12,0.25,0.12,0.31,0.2,0.22,0.19,0.26,0.1,0.1,0.27,0.27,0.21,0.12,0.22,0.08,0.36,,0.23,0.23,0.2,0.23,,0.08,0.13,0.2,0.25,0.23,0.1,0.27,0.14,0.08,0.24,0.14,0.23,0.25,0.3,0.21,0.27,0.01,0.22,0.14,0.25,,0.3,0.3,,0.31,0.19,0.19,0.25,0.22,,0.12,0.2,0.27,,0.21,0.13,0.12,0.25,0.36,0.24,0.12,,0.3,0.22,0.2,0.23,0.09,0.22,0.2,0.34,0.18,0.25,,0.09,0.21,0.25,0.37,0.22,0.39,0.28,0.23,0.13,0.32,0.23,0.09,0.11
"Sint Maarten (Dutch part)","Q1 2018",0.1,0.21,0.2,0.23,0.28,0.28,0.23,0.29,0.24,0.3,0.13,0.13,0.32,0.3,0.21,0.23,0.15,0.18,0.31,0.29,0.11,0.12,0.19,0.12,0.22,0.33,0.16,0.24,0.28,0.27,0.26,0.08,,0.36,0.18,0.22,0.09,0.31,0.22,0.21,0.23,0.29,0.21,,0.1,0.21,0.23,0.28,0.37,0.24,0.25,0.21,0.21,0.09,0.2,,0.17,0.22,0.21,0.36,0.28,0.21,0.21,0.19,0.12,0.28,0.23,0.16,0.24,0.08,0.29,0.34,0.19,0.32,,0.21,0.18,0.31,0.22,0.3,0.19,0.25,0.22,0.22,0.2,0.21,0.23,0.28,0.35,0.25,,0.22,0.21,0.12,0.12,0.2,0.22,0.18,0.21,0.2,0.2,0.26,0.12,0.25,0.13,0.32,0.21,0.21,0.19,0.27,0.09,0.1,0.27,0.28,0.21,0.13,0.21,0.08,0.37,,0.22,0.23,0.2,0.23,,0.08,0.12,0.19,0.24,0.24,0.1,0.28,0.14,0.08,0.24,0.14,0.22,0.26,0.3,0.14,0.27,0.08,0.22,0.21,0.25,,0.3,0.3,,0.3,0.19,0.18,0.24,0.23,,0.12,0.2,0.28,,0.21,0.14,0.12,0.24,0.37,0.25,0.12,,0.3,0.22,0.2,0.23,0.09,0.23,0.2,0.34,0.19,0.26,,0.09,0.22,0.25,0.37,0.21,0.39,0.29,0.23,0.13,0.32,0.23,0.09,0.1
"Sint Maarten (Dutch part)","Q1 2019",0.17,0.2,0.19,0.22,0.27,0.26,0.23,0.21,0.23,0.22,0.2,0.12,0.31,0.28,0.2,0.22,0.15,0.17,0.31,0.28,0.12,0.12,0.18,0.12,0.22,0.25,0.15,0.23,0.27,0.25,0.25,0.08,,0.35,0.18,0.21,0.09,0.23,0.22,0.2,0.21,0.21,0.21,,0.19,0.21,0.23,0.28,0.34,0.23,0.24,0.2,0.21,0.1,0.2,,0.17,0.14,0.2,0.34,0.27,0.21,0.21,0.18,0.11,0.26,0.22,0.16,0.23,0.08,0.28,0.32,0.18,0.24,,0.2,0.17,0.3,0.21,0.22,0.18,0.24,0.21,0.21,0.13,0.21,0.23,0.27,0.33,0.24,,0.21,0.21,0.02,0.13,0.2,0.22,0.19,0.21,0.21,0.19,0.25,0.12,0.24,0.17,0.29,0.2,0.21,0.19,0.26,0.1,0.09,0.27,0.25,0.2,0.12,0.21,0.09,0.35,,0.21,0.22,0.19,0.23,,0.07,0.11,0.2,0.23,0.23,0.1,0.26,0.14,0.08,0.24,0.14,0.22,0.25,0.29,0.22,0.26,0.01,0.21,0.14,0.24,,0.29,0.28,,0.28,0.19,0.18,0.24,0.21,,0.13,0.18,0.27,,0.2,0.13,0.12,0.23,0.35,0.24,0.11,,0.3,0.22,0.2,0.23,0.09,0.22,0.19,0.33,0.18,0.24,0.15,0.02,0.22,0.24,0.36,0.21,0.37,0.27,0.22,0.12,0.31,0.23,0.02,0.1
"Sint Maarten (Dutch part)","Q1 2020",0.18,0.21,0.2,0.23,0.27,0.27,0.22,0.21,0.24,0.23,0.12,0.13,0.3,0.28,0.2,0.22,0.15,0.17,0.31,0.29,0.12,0.19,0.17,0.13,0.22,0.32,0.15,0.22,0.27,0.25,0.26,0.08,,0.35,0.19,0.22,0.1,0.23,0.22,0.13,0.2,0.21,0.21,,0.19,0.21,0.22,0.29,0.35,0.23,0.24,0.2,0.21,0.1,0.2,,0.17,0.14,0.2,0.34,0.27,0.21,0.21,0.18,0.11,0.26,0.22,0.16,0.24,0.08,0.29,0.32,0.19,0.23,,0.2,0.17,0.3,0.21,0.21,0.19,0.24,0.21,0.13,0.13,0.21,0.23,0.27,0.34,0.24,,0.21,0.21,0.11,0.13,0.2,0.22,0.19,0.21,0.2,0.19,0.26,0.11,0.24,0.19,0.3,0.19,0.22,0.19,0.26,0.11,0.11,0.27,0.25,0.21,0.13,0.21,0.02,0.35,,0.22,0.23,0.19,0.22,,0.07,0.11,0.2,0.24,0.23,0.1,0.26,0.13,0.09,0.23,0.13,0.23,0.24,0.29,0.22,0.27,0.07,0.21,0.21,0.24,,0.29,0.27,,0.29,0.2,0.1,0.24,0.21,,0.13,0.18,0.27,,0.14,0.13,0.12,0.23,0.34,0.24,0.12,,0.3,0.22,0.2,0.22,0.09,0.22,0.19,0.34,0.18,0.24,0.15,0.02,0.22,0.25,0.36,0.21,0.37,0.27,0.22,0.13,0.3,0.22,0.02,0.11
"Sint Maarten (Dutch part)","Q1 2021",0.17,0.21,0.2,0.22,0.27,0.27,0.23,0.21,0.23,0.3,0.12,0.12,0.31,0.28,0.19,0.22,0.15,0.17,0.31,0.28,0.11,0.19,0.17,0.12,0.22,0.31,0.16,0.22,0.27,0.25,0.26,0.08,,0.35,0.11,0.21,0.09,0.24,0.22,0.13,0.2,0.21,0.21,,0.18,0.21,0.22,0.29,0.35,0.23,0.24,0.19,0.21,0.1,0.2,,0.18,0.14,0.2,0.34,0.27,0.21,0.2,0.18,0.11,0.26,0.23,0.17,0.24,0.1,0.29,0.33,0.19,0.23,,0.19,0.17,0.29,0.27,0.21,0.19,0.24,0.2,0.12,0.2,0.21,0.23,0.27,0.34,0.24,,0.21,0.21,0.11,0.12,0.19,0.22,0.18,0.21,0.2,0.11,0.26,0.11,0.24,0.19,0.31,0.19,0.13,0.11,0.26,0.11,0.11,0.27,0.25,0.22,0.12,0.2,,0.36,,0.22,0.23,0.21,0.22,0.09,0.07,0.11,0.2,0.23,0.23,0.09,0.27,0.13,0.09,0.23,0.13,0.23,0.25,0.28,0.21,0.27,0.07,0.21,0.2,0.24,,0.28,0.27,,0.29,0.2,0.1,0.24,0.22,,0.12,0.18,0.27,,0.13,0.13,0.13,0.23,0.35,0.24,0.11,,0.29,0.21,0.2,0.23,0.1,0.22,0.2,0.33,0.18,0.24,0.15,0.02,0.22,0.25,0.36,0.21,0.38,0.29,0.22,0.13,0.29,0.22,,0.11
"Slovenia","Q1 2016",0.25,0.23,0.19,0.3,0.18,0.18,0.31,0.2,0.3,0.28,0.27,0.22,0.2,0.39,0.19,0.26,0.15,0.19,0.32,0.17,0.19,0.19,0.18,0.21,0.24,0.35,0.15,0.31,0.45,0.36,0.42,,,0.35,0.11,0.28,0.09,0.25,0.27,0.39,0.2,0.2,0.33,,0.12,0.3,0.33,0.19,0.3,0.31,0.43,0.19,0.18,0.09,0.19,,0.1,0.22,0.24,0.38,0.18,0.22,0.21,0.19,0.18,0.38,0.27,0.16,0.42,0.08,0.2,0.21,0.21,0.28,,0.21,0.17,0.21,0.21,0.22,0.18,0.35,0.26,0.33,0.21,0.22,0.41,0.45,0.28,0.35,,0.31,0.24,0.18,0.21,0.19,0.41,0.19,0.3,0.23,0.21,0.44,0.19,0.42,0.19,0.2,0.18,0.31,0.2,0.35,0.16,0.24,0.17,0.36,0.22,0.22,0.28,0.09,0.38,,0.23,0.27,0.19,0.28,,0.08,0.17,0.22,0.42,0.33,,0.35,0.21,0.08,0.31,0.27,0.32,0.35,0.21,0.22,0.44,0.14,0.25,0.35,0.43,,0.18,0.2,,0.2,0.19,0.11,0.43,0.24,,0.21,0.19,0.44,0.21,,0.21,0.19,0.34,0.46,0.41,0.26,,0.21,0.32,0.23,0.33,0.16,0.31,0.19,0.26,0.21,0.42,,0.09,0.3,0.36,0.39,0.24,0.45,0.18,0.31,0.2,0.23,0.41,0.09,0.23
"Slovenia","Q1 2017",0.25,0.23,0.19,0.3,0.18,0.17,0.31,0.18,0.31,0.28,0.21,0.21,0.2,0.39,0.2,0.25,0.15,0.17,0.31,0.18,0.19,0.2,0.1,0.21,0.24,0.35,0.15,0.32,0.45,0.36,0.36,0.15,,0.36,0.1,0.29,0.09,0.24,0.26,0.4,0.2,0.18,0.33,,0.12,0.31,0.33,0.18,0.33,0.3,0.44,0.2,0.21,0.09,0.2,,0.1,0.21,0.22,0.38,0.11,0.22,0.22,0.11,0.19,0.38,0.26,0.16,0.42,0.08,0.19,0.21,0.2,0.27,,0.14,0.1,0.2,0.2,0.22,0.17,0.36,0.26,0.29,0.26,0.22,0.42,0.45,0.31,0.42,,0.31,0.24,0.18,0.2,0.19,0.41,0.11,0.27,0.21,0.2,0.44,0.19,0.42,0.19,0.21,0.12,0.31,0.12,0.35,0.16,0.17,0.17,0.37,0.22,0.22,0.24,0.08,0.38,,0.22,0.31,0.19,0.27,,0.08,0.19,0.2,0.42,0.31,0.17,0.35,0.21,0.08,0.33,0.26,0.33,0.35,0.21,0.26,0.44,0.14,0.28,0.36,0.4,,0.19,0.19,,0.19,0.19,0.11,0.43,0.24,,0.19,0.12,0.44,0.21,,0.2,0.19,0.34,0.38,0.35,0.24,,0.2,0.33,0.24,0.32,0.16,0.31,0.19,0.22,0.19,0.43,,0.09,0.37,0.36,0.39,0.23,0.45,0.18,0.3,0.19,0.22,0.41,0.09,0.19
"Slovenia","Q1 2018",0.24,0.22,0.19,0.27,0.18,0.18,0.31,0.19,0.29,0.29,0.29,0.22,0.19,0.38,0.19,0.25,0.15,0.17,0.31,0.18,0.18,0.19,0.11,0.2,0.23,0.34,0.15,0.32,0.44,0.35,0.36,0.15,,0.34,0.1,0.27,0.09,0.24,0.25,0.39,0.2,0.19,0.31,,0.1,0.31,0.32,0.18,0.32,0.3,0.43,0.2,0.21,0.08,0.12,,0.1,0.21,0.21,0.37,0.11,0.22,0.21,0.11,0.18,0.37,0.25,0.16,0.42,0.08,0.18,0.21,0.19,0.27,,0.2,0.1,0.2,0.2,0.22,0.17,0.35,0.29,0.32,0.28,0.21,0.41,0.44,0.31,0.34,,0.31,0.23,0.18,0.2,0.12,0.4,0.11,0.3,0.16,0.19,0.43,0.19,0.42,0.19,0.21,0.22,0.29,0.12,0.34,0.15,0.17,0.17,0.37,0.22,0.21,0.23,0.08,0.37,,0.21,0.29,0.19,0.25,,0.08,0.18,0.12,0.42,0.32,0.16,0.34,0.2,0.08,0.32,0.26,0.32,0.35,0.21,0.32,0.43,0.07,0.27,0.3,0.33,,0.19,0.19,,0.18,0.19,0.1,0.42,0.25,,0.19,0.2,0.44,0.21,,0.2,0.18,0.33,0.38,0.35,0.22,,0.2,0.32,0.28,0.31,0.16,0.31,0.19,0.22,0.19,0.43,,0.08,0.31,0.36,0.38,0.23,0.44,0.18,0.3,0.19,0.2,0.41,0.08,0.17
"Slovenia","Q1 2019",0.17,0.21,0.19,0.26,0.17,0.17,0.3,0.19,0.29,0.28,0.27,0.21,0.19,0.36,0.2,0.24,0.15,0.16,0.3,0.18,0.19,0.19,0.11,0.2,0.26,0.33,0.15,0.31,0.42,0.34,0.34,0.15,,0.33,0.11,0.26,0.09,0.23,0.24,0.38,0.19,0.19,0.31,,0.11,0.3,0.31,0.18,0.31,0.3,0.41,0.2,0.21,0.16,0.13,,0.1,0.2,0.22,0.36,0.11,0.2,0.21,0.11,0.18,0.35,0.25,0.08,0.4,0.08,0.18,0.21,0.19,0.26,,0.2,0.1,0.2,0.2,0.21,0.17,0.34,0.3,0.24,0.27,0.22,0.39,0.42,0.3,0.33,,0.31,0.27,0.08,0.21,0.13,0.39,0.18,0.22,0.26,0.19,0.42,0.19,0.41,0.17,0.2,0.12,0.29,0.11,0.33,0.17,0.23,0.17,0.34,0.21,0.2,0.22,0.08,0.36,,0.21,0.28,0.18,0.25,,0.07,0.17,0.12,0.33,0.3,0.16,0.33,0.2,0.08,0.31,0.25,0.31,0.34,0.21,0.32,0.42,0.07,0.24,0.29,0.32,,0.18,0.18,,0.18,0.19,0.11,0.41,0.23,,0.2,0.18,0.42,0.2,,0.2,0.18,0.33,0.36,0.34,0.19,,0.2,0.31,0.21,0.32,0.16,0.31,0.19,0.22,0.18,0.41,0.15,0.08,0.31,0.34,0.36,0.27,0.43,0.17,0.29,0.19,0.2,0.4,0.08,0.17
"Slovenia","Q1 2020",0.26,0.29,0.19,0.29,0.1,0.11,0.3,0.12,0.29,0.29,0.19,0.21,0.12,0.38,0.12,0.24,0.08,0.1,0.31,0.11,0.19,0.19,0.09,0.2,0.15,0.35,0.08,0.31,0.44,0.36,0.36,0.15,,0.35,0.11,0.29,0.09,0.26,0.25,0.39,0.18,0.12,0.31,,0.11,0.32,0.31,0.11,0.32,0.32,0.43,0.12,0.13,0.16,0.13,,0.1,0.2,0.21,0.38,0.11,0.22,0.14,0.1,0.18,0.37,0.32,0.09,0.43,0.08,0.11,0.24,0.19,0.26,,0.2,0.09,0.13,0.13,0.14,0.11,0.34,0.32,0.23,0.31,0.21,0.41,0.45,0.3,0.35,,0.32,0.24,0.18,0.21,0.13,0.41,0.18,0.23,0.15,0.19,0.44,0.19,0.42,0.18,0.23,0.11,0.31,0.12,0.34,0.17,0.25,0.1,0.37,0.22,0.2,0.22,0.08,0.38,,0.2,0.28,0.12,0.25,,0.07,0.18,0.12,0.42,0.33,0.16,0.34,0.2,0.08,0.32,0.24,0.33,0.36,0.14,0.33,0.44,0.07,0.26,0.29,0.29,,0.11,0.11,,0.11,0.19,0.1,0.43,0.23,,0.2,0.11,0.44,0.14,,0.19,0.19,0.34,0.38,0.36,0.19,,0.13,0.33,0.21,0.33,0.16,0.31,0.18,0.15,0.18,0.43,0.08,0.08,0.3,0.36,0.38,0.24,0.38,0.11,0.3,0.19,0.13,0.34,0.08,0.18
"Slovenia","Q1 2021",0.18,0.28,0.19,0.26,0.1,0.11,0.29,0.12,0.29,0.3,0.28,0.2,0.12,0.37,0.11,0.25,0.08,0.1,0.3,0.1,0.18,0.19,0.09,0.2,0.24,0.34,0.08,0.3,0.44,0.35,0.36,0.15,,0.34,0.11,0.26,0.09,0.25,0.24,0.39,0.18,0.12,0.31,,0.1,0.32,0.31,0.11,0.31,0.31,0.42,0.13,0.13,0.17,0.12,,0.11,0.2,0.21,0.37,0.11,0.22,0.14,0.11,0.18,0.36,0.32,0.09,0.42,0.1,0.11,0.24,0.19,0.28,,0.11,0.09,0.12,0.13,0.13,0.11,0.34,0.24,0.29,0.31,0.21,0.4,0.43,0.31,0.34,,0.32,0.24,0.18,0.2,0.12,0.4,0.11,0.22,0.15,0.18,0.43,0.18,0.41,0.18,0.24,0.12,0.3,0.11,0.33,0.17,0.25,0.1,0.36,0.23,0.2,0.22,,0.37,,0.21,0.28,0.13,0.25,0.08,0.07,0.17,0.12,0.41,0.33,0.16,0.33,0.21,0.08,0.31,0.22,0.33,0.35,0.14,0.33,0.43,0.07,0.26,0.29,0.28,,0.1,0.11,,0.11,0.19,0.1,0.42,0.23,,0.19,0.11,0.43,0.13,,0.2,0.2,0.34,0.37,0.35,0.19,,0.13,0.32,0.21,0.33,0.16,0.32,0.19,0.15,0.17,0.42,0.08,0.08,0.3,0.35,0.37,0.24,0.37,0.11,0.29,0.19,0.12,0.33,,0.18
"Solomon Islands","Q1 2016",0.1,0.13,0.28,0.22,0.11,0.11,0.21,0.12,0.31,0.21,0.2,0.2,0.12,0.27,0.12,0.22,0.08,0.12,0.22,0.1,0.18,0.11,0.11,0.2,0.21,0.23,0.08,0.21,0.34,0.31,0.32,,,0.24,0.11,0.21,0.17,0.14,0.21,0.2,0.12,0.13,0.13,,0.11,0.2,0.22,0.12,0.22,0.21,0.24,0.11,0.11,0.09,0.11,,0.1,0.3,0.21,0.26,0.11,0.28,0.13,0.12,0.1,0.25,0.21,0.09,0.22,0.08,0.13,0.13,0.27,0.21,,0.13,0.1,0.13,0.13,0.13,0.11,0.24,0.28,0.22,0.11,0.12,0.22,0.25,0.23,0.33,,0.2,0.21,0.26,0.11,0.11,0.22,0.11,0.13,0.12,0.19,0.32,0.18,0.23,0.27,0.12,0.11,0.22,0.12,0.23,0.17,0.1,0.1,0.23,0.2,0.19,0.21,0.22,0.25,,0.3,0.31,0.11,0.22,,0.14,0.18,0.2,0.23,0.22,,0.24,0.29,0.08,0.21,0.22,0.21,0.23,0.13,0.19,0.34,0.07,0.21,0.2,0.24,,0.11,0.13,,0.13,0.28,0.11,0.23,0.13,,0.2,0.12,0.32,0.13,0.21,,0.11,0.23,0.25,0.23,0.2,,0.13,0.21,0.12,0.3,0.16,0.22,0.28,0.22,0.11,0.22,,0.17,0.21,0.24,0.26,0.21,0.27,0.11,0.2,0.29,0.13,0.23,0.17,0.19
"Solomon Islands","Q1 2017",0.11,0.13,0.27,0.21,0.11,0.1,0.21,0.11,0.31,0.21,0.12,0.19,0.12,0.26,0.12,0.21,0.08,0.1,0.21,0.11,0.18,0.11,0.1,0.2,0.21,0.23,0.08,0.21,0.33,0.24,0.32,0.15,,0.24,0.1,0.21,0.16,0.13,0.21,0.2,0.12,0.11,0.12,,0.11,0.2,0.21,0.11,0.22,0.21,0.23,0.12,0.12,0.08,0.12,,0.1,0.29,0.12,0.25,0.11,0.28,0.13,0.11,0.11,0.25,0.21,0.09,0.21,0.08,0.12,0.13,0.27,0.21,,0.12,0.1,0.12,0.13,0.13,0.1,0.23,0.28,0.21,0.18,0.12,0.22,0.25,0.23,0.32,,0.2,0.2,0.19,0.11,0.11,0.21,0.11,0.11,0.12,0.19,0.31,0.18,0.22,0.2,0.13,0.11,0.21,0.11,0.22,0.17,0.1,0.1,0.23,0.2,0.19,0.2,0.22,0.25,,0.3,0.3,0.11,0.21,,0.14,0.27,0.11,0.23,0.22,0.17,0.23,0.28,0.08,0.21,0.22,0.21,0.22,0.12,0.19,0.33,0.07,0.21,0.19,0.23,,0.12,0.12,,0.12,0.27,0.11,0.23,0.13,,0.19,0.12,0.32,0.13,0.2,,0.11,0.22,0.24,0.23,0.19,,0.12,0.2,0.12,0.29,0.16,0.21,0.27,0.14,0.11,0.22,,0.15,0.2,0.23,0.25,0.2,0.27,0.11,0.2,0.28,0.13,0.22,0.15,0.1
"Solomon Islands","Q1 2018",0.1,0.12,0.28,0.21,0.11,0.11,0.21,0.12,0.31,0.21,0.19,0.2,0.13,0.26,0.12,0.21,0.08,0.1,0.22,0.11,0.18,0.12,0.11,0.2,0.2,0.24,0.08,0.21,0.33,0.32,0.33,0.15,,0.24,0.1,0.21,0.16,0.14,0.21,0.2,0.12,0.12,0.12,,0.1,0.2,0.21,0.11,0.23,0.21,0.23,0.12,0.13,0.08,0.12,,0.1,0.3,0.12,0.25,0.11,0.28,0.13,0.11,0.11,0.25,0.21,0.09,0.23,0.08,0.11,0.13,0.19,0.21,,0.12,0.1,0.13,0.12,0.13,0.11,0.23,0.29,0.21,0.2,0.13,0.22,0.25,0.22,0.32,,0.21,0.2,0.19,0.11,0.12,0.21,0.11,0.13,0.12,0.19,0.32,0.18,0.22,0.27,0.13,0.2,0.21,0.11,0.23,0.16,0.09,0.1,0.24,0.2,0.2,0.2,0.22,0.26,,0.3,0.3,0.12,0.22,,0.15,0.19,0.11,0.23,0.22,0.17,0.24,0.29,0.08,0.22,0.22,0.21,0.23,0.13,0.21,0.33,0.07,0.21,0.21,0.23,,0.12,0.12,,0.12,0.27,0.1,0.23,0.21,,0.18,0.12,0.32,0.14,0.2,,0.11,0.22,0.25,0.24,0.18,,0.13,0.21,0.12,0.3,0.16,0.21,0.28,0.14,0.11,0.23,,0.15,0.21,0.23,0.26,0.2,0.27,0.11,0.21,0.28,0.13,0.23,0.15,0.1
"Solomon Islands","Q1 2019",0.1,0.12,0.28,0.21,0.1,0.1,0.21,0.13,0.31,0.22,0.2,0.19,0.13,0.26,0.12,0.21,0.08,0.1,0.22,0.11,0.19,0.11,0.11,0.2,0.21,0.23,0.08,0.21,0.34,0.31,0.32,0.15,,0.24,0.11,0.21,0.16,0.13,0.21,0.2,0.12,0.13,0.13,,0.11,0.2,0.21,0.11,0.23,0.21,0.23,0.12,0.13,0.1,0.12,,0.1,0.3,0.12,0.26,0.11,0.28,0.13,0.11,0.11,0.25,0.21,0.08,0.23,0.08,0.11,0.13,0.19,0.21,,0.12,0.1,0.13,0.13,0.13,0.11,0.23,0.28,0.2,0.2,0.13,0.21,0.25,0.22,0.32,,0.21,0.2,0.15,0.19,0.12,0.21,0.11,0.13,0.2,0.18,0.32,0.18,0.23,0.25,0.13,0.12,0.21,0.11,0.23,0.25,0.09,0.1,0.23,0.2,0.19,0.2,0.22,0.26,,0.29,0.3,0.11,0.21,,0.14,0.19,0.12,0.23,0.22,0.17,0.24,0.29,0.08,0.22,0.22,0.21,0.23,0.13,0.21,0.34,0.07,0.2,0.2,0.23,,0.12,0.11,,0.11,0.28,0.11,0.23,0.13,,0.19,0.11,0.33,0.13,0.2,,0.11,0.22,0.25,0.24,0.11,,0.13,0.21,0.12,0.3,0.16,0.21,0.28,0.14,0.11,0.23,0.08,0.15,0.21,0.23,0.26,0.21,0.27,0.11,0.21,0.28,0.14,0.22,0.15,0.1
"Solomon Islands","Q1 2020",0.11,0.12,0.28,0.2,0.1,0.11,0.2,0.12,0.3,0.21,0.11,0.19,0.12,0.24,0.11,0.2,0.08,0.1,0.21,0.11,0.18,0.11,0.09,0.19,0.13,0.23,0.08,0.2,0.32,0.3,0.31,0.15,,0.23,0.11,0.2,0.17,0.13,0.2,0.19,0.11,0.12,0.12,,0.1,0.2,0.2,0.11,0.22,0.21,0.22,0.11,0.12,0.1,0.12,,0.1,0.29,0.12,0.24,0.11,0.27,0.12,0.1,0.11,0.23,0.21,0.09,0.22,0.08,0.12,0.13,0.19,0.21,,0.12,0.09,0.12,0.12,0.12,0.11,0.22,0.21,0.19,0.2,0.12,0.2,0.23,0.22,0.31,,0.2,0.2,0.19,0.18,0.12,0.2,0.11,0.12,0.12,0.19,0.3,0.18,0.21,0.27,0.12,0.11,0.21,0.11,0.22,0.25,0.1,0.1,0.23,0.19,0.19,0.2,0.22,0.25,,0.29,0.29,0.11,0.21,,0.14,0.19,0.11,0.22,0.21,0.16,0.23,0.28,0.08,0.21,0.2,0.2,0.21,0.12,0.2,0.32,0.07,0.2,0.2,0.22,,0.11,0.11,,0.11,0.28,0.1,0.22,0.12,,0.19,0.11,0.25,0.13,0.19,,0.12,0.22,0.24,0.22,0.11,,0.12,0.2,0.12,0.22,0.16,0.2,0.26,0.13,0.1,0.22,0.08,0.15,0.2,0.23,0.25,0.19,0.26,0.11,0.2,0.28,0.13,0.21,0.15,0.1
"Solomon Islands","Q1 2021",0.1,0.12,0.28,0.2,0.1,0.11,0.21,0.12,0.3,0.22,0.19,0.19,0.12,0.24,0.11,0.21,0.08,0.1,0.21,0.11,0.18,0.11,0.09,0.19,0.2,0.23,0.08,0.21,0.33,0.31,0.32,0.15,,0.23,0.11,0.2,0.17,0.13,0.2,0.2,0.11,0.12,0.12,,0.1,0.2,0.21,0.11,0.22,0.21,0.22,0.11,0.13,0.1,0.12,,0.11,0.29,0.12,0.25,0.11,0.28,0.12,0.11,0.11,0.24,0.21,0.09,0.22,0.1,0.12,0.14,0.19,0.21,,0.11,0.09,0.12,0.12,0.12,0.11,0.23,0.21,0.19,0.2,0.12,0.21,0.24,0.23,0.31,,0.2,0.2,0.19,0.11,0.12,0.21,0.11,0.13,0.12,0.11,0.31,0.18,0.22,0.27,0.13,0.12,0.2,0.11,0.22,0.25,0.1,0.1,0.23,0.2,0.19,0.2,,0.25,,0.29,0.3,0.12,0.21,0.16,0.14,0.19,0.11,0.22,0.22,0.16,0.23,0.28,0.08,0.21,0.2,0.21,0.22,0.12,0.21,0.33,0.07,0.2,0.2,0.22,,0.11,0.11,,0.11,0.28,0.1,0.23,0.13,,0.19,0.11,0.32,0.13,0.2,,0.12,0.22,0.25,0.23,0.1,,0.12,0.2,0.12,0.23,0.16,0.21,0.28,0.13,0.1,0.22,0.08,0.15,0.21,0.23,0.25,0.2,0.26,0.11,0.2,0.28,0.13,0.22,,0.1
"Somalia","Q1 2016",0.09,0.11,0.1,0.19,0.09,0.09,0.12,0.11,0.2,0.19,0.19,0.11,0.1,0.21,0.11,0.19,0.08,0.1,0.12,0.09,0.1,0.1,0.1,0.11,0.12,0.2,0.08,0.12,0.21,0.2,0.2,,,0.13,0.17,0.19,0.02,0.12,0.12,0.19,0.11,0.11,0.11,,0.1,0.12,0.27,0.1,0.13,0.12,0.2,0.11,0.1,0.21,0.1,,0.09,0.12,0.11,0.21,0.1,0.11,0.12,0.11,0.09,0.21,0.19,0.08,0.19,0.01,0.11,0.11,0.11,0.12,,0.11,0.09,0.11,0.11,0.11,0.1,0.2,0.11,0.2,0.18,0.11,0.19,0.21,0.13,0.2,,0.19,0.26,0.09,0.18,0.1,0.2,0.1,0.19,0.11,0.18,0.21,0.11,0.2,0.1,0.11,0.1,0.2,0.18,0.2,0.08,0.09,0.08,0.2,0.19,0.1,0.19,0.08,0.21,,0.12,0.12,0.11,0.19,,0.07,0.09,0.1,0.27,0.2,,0.13,0.11,0.01,0.12,0.18,0.12,0.2,0.11,0.19,0.21,0,0.19,0.11,0.2,,0.09,0.11,,0.11,0.1,0.1,0.27,0.12,,0.18,0.11,0.21,0.11,0.19,0.11,,0.2,0.21,0.2,0.19,,0.11,0.12,0.11,0.2,0.08,0.19,0.1,0.12,0.1,0.2,,0.02,0.12,0.27,0.21,0.19,0.21,0.09,0.12,0.11,0.12,0.2,0.02,0.18
"Somalia","Q1 2017",0.1,0.11,0.11,0.2,0.1,0.1,0.12,0.11,0.2,0.2,0.19,0.18,0.11,0.23,0.12,0.19,0.08,0.09,0.13,0.1,0.1,0.1,0.1,0.11,0.2,0.21,0.08,0.12,0.23,0.21,0.21,0.08,,0.14,0.17,0.2,0.02,0.13,0.12,0.19,0.12,0.11,0.12,,0.1,0.12,0.27,0.1,0.14,0.13,0.22,0.11,0.12,0.22,0.1,,0.09,0.12,0.11,0.23,0.1,0.12,0.12,0.11,0.1,0.22,0.2,0.08,0.2,0.01,0.11,0.13,0.12,0.13,,0.12,0.09,0.11,0.12,0.12,0.1,0.28,0.12,0.2,0.19,0.11,0.2,0.23,0.13,0.21,,0.2,0.27,0.1,0.19,0.1,0.2,0.11,0.1,0.11,0.19,0.23,0.18,0.21,0.11,0.12,0.11,0.2,0.18,0.13,0.09,0.09,0.1,0.22,0.19,0.17,0.12,0.01,0.22,,0.12,0.13,0.11,0.2,,0.01,0.11,0.1,0.28,0.27,0.09,0.14,0.11,0.01,0.13,0.19,0.2,0.2,0.12,0.19,0.22,0,0.2,0.12,0.21,,0.11,0.11,,0.11,0.1,0.1,0.28,0.12,,0.25,0.11,0.23,0.12,0.19,0.11,,0.21,0.23,0.22,0.25,,0.11,0.12,0.11,0.21,0.08,0.12,0.11,0.12,0.1,0.21,,0.01,0.19,0.29,0.23,0.27,0.23,0.1,0.12,0.11,0.12,0.2,0.01,0.18
"Somalia","Q1 2018",0.09,0.1,0.1,0.12,0.1,0.1,0.12,0.11,0.12,0.19,0.18,0.1,0.1,0.21,0.11,0.19,0.08,0.09,0.12,0.1,0.09,0.1,0.1,0.1,0.11,0.19,0.08,0.12,0.21,0.2,0.2,0.07,,0.13,0.16,0.18,0.01,0.12,0.11,0.18,0.11,0.11,0.11,,0.08,0.11,0.26,0.1,0.13,0.12,0.2,0.11,0.11,0.22,0.1,,0.09,0.11,0.11,0.21,0.1,0.11,0.11,0.1,0.1,0.2,0.18,0.08,0.2,0.01,0.1,0.12,0.11,0.12,,0.11,0.09,0.11,0.11,0.11,0.1,0.2,0.11,0.19,0.18,0.11,0.19,0.21,0.12,0.19,,0.19,0.25,0.1,0.17,0.11,0.19,0.1,0.18,0.11,0.17,0.21,0.1,0.2,0.1,0.11,0.18,0.18,0.17,0.19,0.08,0.08,0.09,0.2,0.18,0.1,0.11,0.01,0.21,,0.11,0.12,0.1,0.18,,0.01,0.1,0.1,0.27,0.19,0.09,0.12,0.11,0.01,0.12,0.18,0.18,0.19,0.11,0.19,0.2,0.07,0.18,0.18,0.12,,0.1,0.1,,0.1,0.1,0.09,0.27,0.18,,0.17,0.11,0.21,0.12,0.18,0.11,,0.2,0.21,0.2,0.24,,0.1,0.11,0.11,0.19,0.08,0.12,0.1,0.12,0.09,0.2,,0.01,0.19,0.27,0.21,0.19,0.21,0.1,0.11,0.11,0.11,0.19,0.01,0.17
"Somalia","Q1 2019",0.09,0.11,0.11,0.12,0.1,0.1,0.12,0.11,0.2,0.2,0.19,0.11,0.11,0.23,0.11,0.19,0.08,0.09,0.13,0.1,0.1,0.11,0.1,0.11,0.12,0.2,0.08,0.12,0.23,0.21,0.21,0.08,,0.14,0.18,0.19,0.02,0.12,0.12,0.18,0.11,0.11,0.11,,0.1,0.12,0.27,0.1,0.13,0.12,0.22,0.11,0.12,0.23,0.11,,0.09,0.12,0.11,0.23,0.11,0.12,0.12,0.1,0.1,0.22,0.19,0.08,0.2,0.01,0.1,0.12,0.11,0.12,,0.12,0.09,0.11,0.12,0.12,0.1,0.28,0.12,0.2,0.19,0.11,0.2,0.23,0.13,0.2,,0.2,0.27,0.01,0.19,0.11,0.19,0.11,0.19,0.12,0.18,0.23,0.18,0.21,0.09,0.12,0.11,0.2,0.25,0.21,0.09,0.09,0.1,0.22,0.19,0.1,0.12,0.08,0.23,,0.12,0.12,0.11,0.19,,0,0.1,0.11,0.28,0.28,0.09,0.13,0.12,0.01,0.13,0.19,0.12,0.21,0.12,0.2,0.22,0.07,0.19,0.19,0.13,,0.11,0.1,,0.11,0.11,0.1,0.28,0.11,,0.26,0.11,0.23,0.12,0.18,0.11,,0.21,0.23,0.22,0.24,,0.11,0.12,0.11,0.21,0.09,0.12,0.11,0.12,0.1,0.21,0.08,0.01,0.2,0.29,0.23,0.27,0.23,0.1,0.12,0.11,0.12,0.2,0.01,0.17
"Somalia","Q1 2020",0.11,0.12,0.11,0.13,0.1,0.1,0.13,0.12,0.14,0.21,0.19,0.18,0.11,0.24,0.11,0.2,0.08,0.09,0.13,0.11,0.11,0.11,0.09,0.11,0.13,0.22,0.08,0.13,0.24,0.22,0.23,0.08,,0.15,0.19,0.2,0.02,0.13,0.13,0.19,0.11,0.12,0.12,,0.1,0.13,0.28,0.11,0.14,0.13,0.23,0.12,0.13,0.23,0.12,,0.09,0.12,0.12,0.24,0.11,0.12,0.13,0.1,0.1,0.23,0.2,0.09,0.21,0.01,0.11,0.13,0.12,0.13,,0.12,0.09,0.11,0.12,0.12,0.1,0.29,0.13,0.19,0.2,0.12,0.21,0.24,0.14,0.21,,0.2,0.28,0.1,0.2,0.12,0.2,0.11,0.2,0.12,0.19,0.24,0.18,0.21,0.11,0.12,0.11,0.21,0.25,0.22,0.1,0.1,0.1,0.23,0.27,0.11,0.19,0.01,0.23,,0.12,0.13,0.11,0.2,,0,0.1,0.11,0.29,0.28,0.09,0.14,0.12,0.02,0.13,0.19,0.13,0.14,0.12,0.28,0.23,0.07,0.21,0.2,0.22,,0.11,0.1,,0.11,0.11,0.1,0.29,0.13,,0.26,0.11,0.24,0.12,0.19,0.12,,0.22,0.24,0.23,0.19,,0.11,0.13,0.12,0.21,0.09,0.13,0.1,0.13,0.1,0.22,0.08,0.01,0.21,0.3,0.24,0.21,0.24,0.1,0.13,0.11,0.12,0.2,0.01,0.25
"Somalia","Q1 2021",0.1,0.19,0.12,0.13,0.1,0.1,0.13,0.12,0.21,0.22,0.2,0.19,0.12,0.24,0.11,0.21,0.08,0.1,0.14,0.1,0.11,0.12,0.09,0.11,0.21,0.22,0.08,0.13,0.25,0.23,0.24,0.08,,0.15,0.18,0.2,0.02,0.13,0.2,0.2,0.12,0.12,0.19,,0.1,0.13,0.29,0.11,0.15,0.13,0.3,0.12,0.13,0.24,0.12,,0.11,0.12,0.19,0.24,0.11,0.13,0.12,0.11,0.11,0.24,0.21,0.09,0.23,0.1,0.11,0.14,0.12,0.13,,0.11,0.09,0.12,0.12,0.12,0.11,0.3,0.12,0.19,0.2,0.12,0.21,0.24,0.14,0.22,,0.28,0.28,0.1,0.19,0.12,0.21,0.11,0.2,0.12,0.19,0.25,0.18,0.22,0.11,0.13,0.12,0.21,0.25,0.22,0.1,0.1,0.1,0.23,0.28,0.18,0.19,,0.24,,0.13,0.14,0.12,0.21,0.02,0.01,0.1,0.11,0.29,0.3,0.09,0.15,0.12,0.02,0.13,0.12,0.14,0.22,0.12,0.28,0.24,0.07,0.21,0.2,0.22,,0.1,0.11,,0.11,0.12,0.1,0.3,0.13,,0.26,0.11,0.25,0.13,0.2,0.12,,0.23,0.25,0.3,0.18,,0.12,0.2,0.19,0.21,0.09,0.21,0.11,0.13,0.1,0.23,0.08,0.01,0.21,0.31,0.24,0.22,0.25,0.11,0.13,0.12,0.12,0.21,,0.25
"South Africa","Q1 2016",0.19,0.26,0.21,0.44,0.19,0.2,0.42,0.23,0.35,0.4,0.3,0.23,0.22,0.55,0.22,0.39,0.15,0.2,0.44,0.18,0.2,0.2,0.19,0.23,0.36,0.46,0.16,0.42,0.54,0.51,0.48,,,0.47,0.28,0.41,0.1,0.29,0.38,0.33,0.23,0.23,0.28,,0.29,0.33,0.44,0.21,0.36,0.35,0.48,0.21,0.22,0.16,0.21,,0.18,0.24,0.27,0.54,0.2,0.25,0.32,0.23,0.11,0.53,0.41,0.17,0.38,0.09,0.23,0.25,0.23,0.32,,0.26,0.19,0.24,0.24,0.26,0.2,0.49,0.28,0.45,0.23,0.24,0.38,0.53,0.33,0.49,,0.34,0.35,0.2,0.23,0.21,0.38,0.21,0.26,0.25,0.31,0.53,0.21,0.4,0.2,0.22,0.19,0.45,0.31,0.48,0.17,0.18,0.18,0.43,0.34,0.24,0.41,0.09,0.52,,0.27,0.31,0.21,0.42,,0.08,0.19,0.25,0.48,0.45,,0.47,0.23,0.15,0.43,0.29,0.35,0.48,0.24,0.25,0.51,0.08,0.38,0.31,0.48,,0.2,0.23,,0.23,0.21,0.21,0.47,0.29,,0.31,0.23,0.53,0.24,0.34,0.23,0.2,,0.55,0.49,0.29,,0.24,0.35,0.24,0.37,0.17,0.44,0.21,0.3,0.22,0.38,,0.1,0.33,0.51,0.54,0.35,0.53,0.2,0.41,0.22,0.26,0.38,0.1,0.26
"South Africa","Q1 2017",0.19,0.25,0.21,0.43,0.19,0.19,0.4,0.2,0.35,0.39,0.24,0.22,0.23,0.53,0.22,0.37,0.15,0.18,0.41,0.2,0.2,0.2,0.18,0.22,0.37,0.45,0.16,0.35,0.52,0.48,0.46,0.16,,0.4,0.19,0.42,0.1,0.26,0.37,0.34,0.23,0.2,0.28,,0.28,0.33,0.37,0.2,0.37,0.33,0.47,0.21,0.25,0.09,0.22,,0.18,0.24,0.23,0.52,0.2,0.25,0.33,0.21,0.19,0.51,0.38,0.17,0.38,0.08,0.2,0.24,0.22,0.3,,0.24,0.18,0.23,0.22,0.25,0.19,0.48,0.27,0.32,0.28,0.23,0.38,0.51,0.35,0.47,,0.35,0.34,0.2,0.22,0.2,0.44,0.2,0.22,0.23,0.29,0.51,0.2,0.38,0.2,0.23,0.21,0.43,0.21,0.39,0.17,0.17,0.19,0.43,0.31,0.22,0.36,0.09,0.5,,0.25,0.34,0.2,0.39,,0.08,0.21,0.22,0.47,0.42,0.18,0.39,0.23,0.15,0.36,0.27,0.36,0.47,0.24,0.29,0.5,0.08,0.4,0.3,0.37,,0.2,0.21,,0.22,0.2,0.21,0.47,0.29,,0.22,0.21,0.52,0.25,0.34,0.22,0.21,,0.52,0.48,0.26,,0.22,0.35,0.25,0.35,0.16,0.43,0.21,0.25,0.19,0.45,,0.09,0.31,0.48,0.52,0.33,0.52,0.2,0.39,0.21,0.25,0.37,0.09,0.19
"South Africa","Q1 2018",0.18,0.24,0.21,0.39,0.19,0.19,0.41,0.21,0.33,0.4,0.31,0.23,0.22,0.52,0.21,0.37,0.15,0.18,0.42,0.2,0.19,0.2,0.2,0.21,0.27,0.38,0.16,0.35,0.51,0.48,0.46,0.15,,0.39,0.19,0.39,0.1,0.26,0.29,0.33,0.22,0.21,0.26,,0.24,0.33,0.43,0.19,0.37,0.33,0.47,0.22,0.24,0.16,0.21,,0.18,0.24,0.23,0.51,0.2,0.24,0.25,0.2,0.19,0.5,0.36,0.17,0.39,0.08,0.2,0.24,0.21,0.3,,0.23,0.18,0.23,0.21,0.24,0.19,0.47,0.32,0.36,0.3,0.24,0.37,0.5,0.35,0.46,,0.35,0.33,0.19,0.22,0.21,0.36,0.19,0.25,0.25,0.28,0.51,0.2,0.38,0.21,0.23,0.25,0.41,0.21,0.39,0.16,0.17,0.18,0.42,0.32,0.23,0.33,0.09,0.5,,0.25,0.32,0.21,0.37,,0.08,0.2,0.2,0.46,0.43,0.18,0.39,0.22,0.15,0.36,0.28,0.35,0.46,0.22,0.34,0.49,0.08,0.38,0.32,0.36,,0.2,0.21,,0.21,0.2,0.19,0.46,0.3,,0.22,0.22,0.51,0.24,0.33,0.22,0.2,,0.51,0.48,0.23,,0.22,0.35,0.23,0.35,0.16,0.43,0.21,0.25,0.2,0.46,,0.09,0.33,0.48,0.51,0.34,0.51,0.2,0.4,0.21,0.23,0.38,0.09,0.18
"South Africa","Q1 2019",0.18,0.23,0.21,0.38,0.18,0.18,0.41,0.22,0.34,0.4,0.3,0.23,0.21,0.52,0.22,0.36,0.15,0.17,0.42,0.19,0.2,0.19,0.2,0.22,0.37,0.39,0.16,0.36,0.52,0.47,0.48,0.15,,0.39,0.21,0.37,0.1,0.26,0.29,0.32,0.22,0.22,0.27,,0.2,0.33,0.43,0.2,0.37,0.34,0.47,0.21,0.25,0.17,0.22,,0.18,0.23,0.24,0.52,0.2,0.23,0.25,0.19,0.19,0.5,0.37,0.16,0.39,0.08,0.2,0.24,0.21,0.3,,0.23,0.17,0.22,0.21,0.24,0.19,0.47,0.33,0.28,0.3,0.24,0.38,0.51,0.35,0.45,,0.36,0.37,0.09,0.24,0.22,0.36,0.2,0.24,0.29,0.28,0.51,0.21,0.4,0.19,0.23,0.21,0.42,0.2,0.4,0.18,0.17,0.18,0.42,0.31,0.21,0.34,0.09,0.51,,0.24,0.32,0.19,0.37,,0.08,0.19,0.22,0.47,0.42,0.17,0.38,0.23,0.16,0.36,0.28,0.37,0.48,0.23,0.36,0.5,0.08,0.34,0.31,0.37,,0.2,0.2,,0.2,0.21,0.2,0.47,0.27,,0.23,0.2,0.52,0.23,0.33,0.22,0.21,,0.52,0.49,0.21,,0.22,0.35,0.23,0.38,0.16,0.43,0.21,0.25,0.19,0.47,0.15,0.09,0.33,0.48,0.52,0.37,0.52,0.19,0.4,0.21,0.23,0.39,0.09,0.18
"South Africa","Q1 2020",0.2,0.24,0.21,0.4,0.18,0.19,0.4,0.21,0.34,0.41,0.21,0.23,0.21,0.52,0.21,0.36,0.15,0.17,0.42,0.2,0.2,0.2,0.17,0.22,0.26,0.4,0.16,0.35,0.52,0.47,0.48,0.15,,0.4,0.21,0.4,0.1,0.29,0.3,0.32,0.21,0.21,0.27,,0.2,0.34,0.43,0.2,0.37,0.36,0.47,0.2,0.24,0.17,0.22,,0.18,0.23,0.24,0.51,0.2,0.24,0.25,0.18,0.19,0.5,0.44,0.17,0.39,0.08,0.2,0.27,0.21,0.29,,0.23,0.17,0.22,0.22,0.22,0.19,0.47,0.35,0.26,0.33,0.23,0.38,0.5,0.35,0.46,,0.35,0.34,0.19,0.23,0.22,0.36,0.2,0.25,0.24,0.29,0.51,0.21,0.38,0.2,0.26,0.2,0.43,0.21,0.4,0.19,0.18,0.18,0.43,0.33,0.22,0.33,0.09,0.51,,0.23,0.32,0.2,0.37,,0.08,0.19,0.22,0.47,0.45,0.17,0.39,0.22,0.16,0.36,0.26,0.36,0.46,0.22,0.36,0.5,0.08,0.37,0.31,0.34,,0.2,0.19,,0.2,0.21,0.18,0.47,0.27,,0.23,0.19,0.52,0.23,0.34,0.22,0.22,,0.52,0.49,0.21,,0.22,0.35,0.23,0.38,0.16,0.43,0.2,0.25,0.19,0.47,0.15,0.09,0.33,0.49,0.51,0.34,0.52,0.19,0.41,0.21,0.22,0.37,0.09,0.2
"South Africa","Q1 2021",0.18,0.24,0.21,0.37,0.18,0.19,0.41,0.21,0.34,0.41,0.3,0.23,0.22,0.52,0.2,0.37,0.15,0.17,0.42,0.19,0.19,0.2,0.17,0.22,0.35,0.4,0.16,0.35,0.53,0.48,0.49,0.15,,0.4,0.2,0.37,0.1,0.29,0.29,0.33,0.21,0.21,0.27,,0.19,0.34,0.42,0.2,0.37,0.36,0.47,0.21,0.24,0.18,0.21,,0.19,0.22,0.24,0.51,0.2,0.24,0.24,0.18,0.19,0.5,0.46,0.17,0.4,0.11,0.2,0.27,0.21,0.32,,0.2,0.17,0.22,0.21,0.22,0.2,0.49,0.27,0.31,0.35,0.23,0.39,0.5,0.35,0.39,,0.36,0.34,0.19,0.22,0.21,0.38,0.19,0.24,0.24,0.2,0.52,0.2,0.38,0.2,0.27,0.2,0.4,0.2,0.4,0.19,0.18,0.18,0.43,0.35,0.22,0.33,,0.51,,0.23,0.32,0.22,0.37,0.09,0.08,0.19,0.22,0.47,0.47,0.17,0.39,0.23,0.16,0.35,0.25,0.37,0.48,0.22,0.37,0.5,0.08,0.36,0.31,0.34,,0.19,0.19,,0.2,0.21,0.18,0.48,0.28,,0.22,0.19,0.52,0.23,0.34,0.22,0.23,,0.53,0.49,0.19,,0.22,0.35,0.23,0.38,0.17,0.44,0.21,0.25,0.18,0.47,0.15,0.09,0.33,0.5,0.52,0.34,0.53,0.2,0.4,0.21,0.21,0.38,,0.19
"Spain","Q1 2016",0.28,0.37,0.23,0.47,0.22,0.23,0.46,0.32,0.47,0.44,0.39,0.25,0.26,0.76,0.25,0.43,0.16,0.23,0.49,0.2,0.21,0.22,0.27,0.24,0.39,0.54,0.17,0.47,0.71,0.65,0.58,,,0.57,0.23,0.44,0.11,0.41,0.42,0.44,0.32,0.33,0.39,,0.24,0.48,0.49,0.24,0.49,0.47,0.63,0.23,0.3,0.17,0.24,,0.2,0.27,0.39,0.73,0.29,0.28,0.35,0.33,0.2,0.72,0.45,0.25,0.52,0.16,0.26,0.35,0.24,0.43,,0.35,0.27,0.28,0.28,0.29,0.22,0.56,0.33,0.52,0.24,0.34,0.5,0.71,0.46,0.59,,0.43,0.38,0.21,0.24,0.24,0.53,0.3,0.36,0.28,0.26,0.68,0.22,0.59,0.22,0.32,0.27,0.47,0.25,0.58,0.18,0.26,0.2,0.67,0.35,0.26,0.43,0.17,0.71,,0.3,0.35,0.23,0.47,,0.15,0.2,0.35,0.57,0.51,,0.59,0.25,0.16,0.47,0.32,0.51,0.59,0.27,0.34,0.68,0.15,0.34,0.41,0.59,,0.23,0.26,,0.26,0.23,0.22,0.58,0.39,,0.26,0.32,0.68,0.34,0.46,0.25,0.21,0.55,,0.58,0.31,,0.28,0.51,0.33,0.43,0.18,0.48,0.23,0.41,0.31,0.57,,0.12,0.44,0.63,0.75,0.37,0.71,0.23,0.44,0.24,0.37,0.55,0.12,0.28
"Spain","Q1 2017",0.21,0.36,0.23,0.46,0.23,0.22,0.46,0.3,0.48,0.44,0.33,0.24,0.27,0.74,0.26,0.4,0.16,0.2,0.48,0.23,0.21,0.23,0.26,0.24,0.41,0.55,0.17,0.48,0.69,0.64,0.57,0.17,,0.57,0.2,0.45,0.11,0.4,0.42,0.44,0.33,0.3,0.38,,0.23,0.41,0.48,0.23,0.52,0.46,0.6,0.25,0.34,0.17,0.24,,0.19,0.26,0.27,0.72,0.29,0.28,0.35,0.3,0.21,0.7,0.43,0.25,0.53,0.09,0.24,0.36,0.24,0.44,,0.34,0.25,0.33,0.27,0.31,0.21,0.57,0.33,0.44,0.3,0.33,0.5,0.69,0.49,0.53,,0.45,0.37,0.21,0.23,0.22,0.51,0.28,0.32,0.25,0.25,0.65,0.22,0.56,0.22,0.35,0.29,0.45,0.23,0.55,0.18,0.19,0.22,0.68,0.33,0.25,0.38,0.09,0.7,,0.29,0.4,0.23,0.44,,0.08,0.23,0.31,0.58,0.49,0.19,0.57,0.25,0.16,0.49,0.32,0.53,0.59,0.28,0.38,0.65,0.08,0.36,0.34,0.52,,0.24,0.25,,0.26,0.22,0.22,0.59,0.39,,0.24,0.31,0.67,0.36,0.38,0.24,0.23,0.52,,0.61,0.28,,0.33,0.51,0.34,0.41,0.17,0.47,0.23,0.37,0.28,0.59,,0.1,0.42,0.62,0.73,0.36,0.69,0.23,0.45,0.23,0.37,0.46,0.1,0.2
"Spain","Q1 2018",0.19,0.34,0.23,0.44,0.23,0.23,0.47,0.32,0.46,0.44,0.34,0.25,0.27,0.75,0.25,0.42,0.16,0.2,0.49,0.24,0.2,0.23,0.29,0.23,0.38,0.56,0.17,0.48,0.71,0.64,0.58,0.17,,0.57,0.2,0.43,0.11,0.4,0.4,0.43,0.33,0.32,0.36,,0.19,0.43,0.47,0.23,0.54,0.47,0.61,0.26,0.34,0.17,0.24,,0.19,0.27,0.27,0.73,0.3,0.27,0.35,0.3,0.21,0.71,0.42,0.25,0.6,0.09,0.24,0.37,0.23,0.44,,0.33,0.26,0.35,0.25,0.3,0.21,0.56,0.38,0.48,0.4,0.34,0.51,0.7,0.5,0.49,,0.45,0.36,0.21,0.24,0.23,0.5,0.28,0.36,0.27,0.24,0.68,0.22,0.56,0.23,0.36,0.35,0.43,0.22,0.56,0.17,0.18,0.22,0.7,0.34,0.25,0.36,0.09,0.72,,0.28,0.38,0.24,0.42,,0.16,0.21,0.29,0.59,0.5,0.19,0.57,0.25,0.16,0.49,0.34,0.52,0.58,0.27,0.38,0.67,0.15,0.41,0.42,0.53,,0.25,0.26,,0.25,0.22,0.21,0.59,0.41,,0.23,0.32,0.7,0.37,0.38,0.25,0.21,0.51,,0.63,0.25,,0.34,0.51,0.33,0.42,0.17,0.48,0.23,0.37,0.3,0.6,,0.1,0.45,0.64,0.74,0.36,0.67,0.23,0.46,0.23,0.35,0.46,0.1,0.18
"Spain","Q1 2019",0.27,0.33,0.23,0.42,0.22,0.21,0.45,0.33,0.47,0.44,0.32,0.25,0.26,0.73,0.26,0.41,0.16,0.19,0.48,0.23,0.22,0.22,0.29,0.23,0.42,0.54,0.17,0.48,0.7,0.61,0.62,0.17,,0.56,0.22,0.41,0.11,0.39,0.4,0.35,0.32,0.33,0.37,,0.3,0.42,0.47,0.23,0.52,0.47,0.62,0.24,0.35,0.18,0.25,,0.19,0.25,0.28,0.73,0.3,0.26,0.35,0.28,0.21,0.69,0.42,0.24,0.59,0.09,0.23,0.36,0.22,0.43,,0.34,0.25,0.34,0.26,0.29,0.21,0.55,0.38,0.38,0.34,0.34,0.5,0.68,0.5,0.5,,0.46,0.4,0.1,0.26,0.24,0.5,0.3,0.36,0.39,0.23,0.66,0.22,0.57,0.2,0.35,0.31,0.45,0.22,0.56,0.2,0.18,0.22,0.67,0.33,0.23,0.36,0.17,0.72,,0.27,0.37,0.22,0.42,,0.08,0.21,0.32,0.59,0.49,0.19,0.55,0.25,0.16,0.5,0.33,0.53,0.65,0.27,0.47,0.67,0.08,0.31,0.35,0.52,,0.24,0.24,,0.24,0.23,0.23,0.58,0.36,,0.25,0.29,0.69,0.35,0.36,0.25,0.23,0.52,,0.62,0.22,,0.34,0.51,0.32,0.44,0.17,0.47,0.23,0.37,0.29,0.58,0.16,0.1,0.45,0.62,0.74,0.4,0.69,0.22,0.44,0.23,0.35,0.48,0.1,0.19
"Spain","Q1 2020",0.28,0.35,0.23,0.45,0.21,0.22,0.44,0.31,0.46,0.46,0.22,0.25,0.25,0.74,0.24,0.39,0.16,0.19,0.47,0.23,0.22,0.29,0.25,0.23,0.37,0.55,0.17,0.4,0.71,0.64,0.62,0.17,,0.55,0.23,0.43,0.11,0.42,0.41,0.36,0.3,0.31,0.37,,0.29,0.42,0.46,0.24,0.51,0.48,0.61,0.23,0.34,0.18,0.25,,0.19,0.25,0.27,0.72,0.29,0.27,0.36,0.27,0.21,0.69,0.49,0.25,0.6,0.09,0.24,0.39,0.23,0.41,,0.34,0.25,0.26,0.26,0.26,0.21,0.56,0.4,0.28,0.36,0.33,0.51,0.69,0.48,0.5,,0.45,0.37,0.21,0.25,0.31,0.51,0.3,0.36,0.27,0.24,0.68,0.22,0.57,0.23,0.37,0.29,0.46,0.23,0.56,0.2,0.21,0.21,0.69,0.35,0.24,0.36,0.09,0.72,,0.27,0.36,0.22,0.42,,0.08,0.21,0.32,0.57,0.51,0.19,0.55,0.25,0.17,0.41,0.31,0.55,0.57,0.27,0.47,0.69,0.15,0.4,0.42,0.48,,0.23,0.23,,0.24,0.23,0.2,0.61,0.37,,0.25,0.28,0.7,0.34,0.38,0.24,0.24,0.52,,0.61,0.22,,0.27,0.5,0.32,0.43,0.17,0.48,0.22,0.37,0.28,0.59,0.16,0.1,0.44,0.63,0.74,0.36,0.68,0.22,0.44,0.23,0.27,0.44,0.1,0.21
"Spain","Q1 2021",0.27,0.35,0.23,0.41,0.22,0.23,0.45,0.32,0.47,0.47,0.32,0.26,0.33,0.75,0.23,0.41,0.16,0.19,0.48,0.22,0.21,0.29,0.25,0.24,0.4,0.54,0.17,0.39,0.71,0.64,0.65,0.17,,0.57,0.21,0.41,0.11,0.42,0.4,0.36,0.31,0.32,0.37,,0.28,0.42,0.46,0.24,0.51,0.48,0.64,0.23,0.34,0.19,0.24,,0.21,0.25,0.27,0.73,0.29,0.27,0.34,0.27,0.21,0.7,0.5,0.25,0.6,0.19,0.24,0.4,0.23,0.45,,0.29,0.25,0.33,0.24,0.27,0.22,0.57,0.32,0.32,0.38,0.33,0.52,0.72,0.49,0.53,,0.46,0.37,0.21,0.24,0.24,0.52,0.28,0.35,0.26,0.21,0.68,0.21,0.59,0.23,0.39,0.3,0.37,0.21,0.56,0.21,0.2,0.22,0.68,0.38,0.24,0.36,,0.73,,0.27,0.37,0.26,0.42,0.1,0.08,0.21,0.32,0.59,0.53,0.18,0.55,0.26,0.17,0.4,0.29,0.54,0.61,0.27,0.49,0.68,0.15,0.39,0.41,0.47,,0.22,0.23,,0.24,0.24,0.2,0.63,0.38,,0.24,0.28,0.7,0.35,0.37,0.25,0.25,0.53,,0.63,0.2,,0.34,0.5,0.32,0.54,0.18,0.49,0.24,0.37,0.27,0.61,0.16,0.09,0.45,0.65,0.74,0.36,0.73,0.24,0.44,0.23,0.26,0.51,,0.2
"Sri Lanka","Q1 2016",0.19,0.25,0.21,0.42,0.19,0.2,0.35,0.22,0.44,0.33,0.3,0.3,0.22,0.58,0.21,0.39,0.15,0.2,0.36,0.18,0.2,0.2,0.18,0.23,0.34,0.49,0.16,0.36,0.62,0.59,0.55,,,0.43,0.21,0.4,0.1,0.27,0.37,0.33,0.21,0.23,0.28,,0.21,0.36,0.45,0.21,0.34,0.34,0.53,0.2,0.21,0.16,0.21,,0.18,0.24,0.29,0.57,0.2,0.25,0.25,0.22,0.18,0.57,0.4,0.17,0.46,0.09,0.22,0.24,0.22,0.3,,0.25,0.18,0.23,0.22,0.25,0.2,0.54,0.33,0.49,0.22,0.24,0.45,0.57,0.32,0.56,,0.34,0.35,0.19,0.22,0.21,0.4,0.21,0.26,0.25,0.24,0.61,0.27,0.49,0.2,0.22,0.19,0.43,0.24,0.44,0.17,0.18,0.18,0.47,0.33,0.31,0.33,0.16,0.55,,0.27,0.31,0.2,0.41,,0.15,0.18,0.25,0.52,0.48,,0.44,0.23,0.08,0.36,0.36,0.38,0.44,0.23,0.25,0.59,0.08,0.37,0.31,0.45,,0.2,0.22,,0.22,0.21,0.2,0.53,0.28,,0.31,0.22,0.61,0.23,0.41,0.23,0.2,0.49,0.58,,0.29,,0.23,0.38,0.24,0.49,0.17,0.44,0.21,0.29,0.22,0.42,,0.1,0.32,0.56,0.57,0.34,0.58,0.2,0.34,0.22,0.25,0.54,0.1,0.26
"Sri Lanka","Q1 2017",0.19,0.26,0.21,0.43,0.2,0.19,0.35,0.2,0.45,0.33,0.25,0.29,0.23,0.62,0.22,0.38,0.15,0.18,0.36,0.2,0.2,0.21,0.18,0.23,0.37,0.5,0.16,0.37,0.65,0.61,0.55,0.16,,0.42,0.19,0.42,0.1,0.27,0.38,0.34,0.23,0.2,0.28,,0.22,0.39,0.45,0.2,0.38,0.34,0.53,0.22,0.25,0.16,0.22,,0.18,0.25,0.24,0.61,0.2,0.25,0.27,0.21,0.19,0.6,0.39,0.17,0.49,0.08,0.2,0.25,0.22,0.31,,0.24,0.18,0.23,0.22,0.26,0.19,0.57,0.33,0.42,0.35,0.24,0.4,0.57,0.36,0.57,,0.36,0.34,0.2,0.22,0.2,0.39,0.2,0.23,0.23,0.23,0.63,0.27,0.5,0.21,0.24,0.21,0.43,0.21,0.41,0.17,0.18,0.19,0.57,0.25,0.3,0.36,0.09,0.59,,0.26,0.36,0.2,0.4,,0.08,0.21,0.22,0.54,0.46,0.18,0.43,0.23,0.08,0.38,0.37,0.43,0.52,0.24,0.36,0.61,0.08,0.4,0.31,0.41,,0.2,0.21,,0.22,0.21,0.21,0.55,0.29,,0.29,0.21,0.64,0.24,0.35,0.23,0.22,0.48,0.61,,0.26,,0.23,0.42,0.25,0.49,0.17,0.43,0.21,0.25,0.2,0.46,,0.09,0.33,0.58,0.61,0.34,0.59,0.2,0.34,0.22,0.25,0.53,0.09,0.19
"Sri Lanka","Q1 2018",0.18,0.25,0.22,0.34,0.2,0.2,0.36,0.22,0.44,0.35,0.32,0.31,0.23,0.64,0.22,0.39,0.15,0.18,0.36,0.2,0.19,0.21,0.21,0.22,0.35,0.51,0.16,0.38,0.66,0.62,0.56,0.16,,0.42,0.19,0.4,0.1,0.28,0.37,0.34,0.23,0.22,0.27,,0.18,0.4,0.45,0.2,0.39,0.36,0.54,0.22,0.25,0.16,0.21,,0.18,0.25,0.24,0.62,0.21,0.25,0.26,0.2,0.2,0.62,0.38,0.17,0.55,0.08,0.2,0.25,0.22,0.32,,0.23,0.18,0.23,0.22,0.26,0.2,0.56,0.46,0.46,0.38,0.25,0.47,0.59,0.36,0.54,,0.43,0.34,0.2,0.23,0.21,0.4,0.2,0.26,0.25,0.22,0.66,0.27,0.44,0.21,0.25,0.26,0.41,0.21,0.43,0.17,0.17,0.19,0.59,0.26,0.31,0.33,0.09,0.62,,0.26,0.35,0.21,0.38,,0.15,0.2,0.21,0.55,0.48,0.18,0.42,0.24,0.08,0.38,0.39,0.42,0.5,0.23,0.42,0.63,0.08,0.39,0.33,0.42,,0.21,0.22,,0.21,0.21,0.19,0.55,0.31,,0.29,0.23,0.66,0.25,0.35,0.24,0.2,0.48,0.63,,0.24,,0.23,0.42,0.24,0.49,0.17,0.44,0.22,0.26,0.21,0.53,,0.09,0.35,0.6,0.62,0.35,0.57,0.2,0.35,0.21,0.24,0.52,0.09,0.18
"Sri Lanka","Q1 2019",0.19,0.24,0.21,0.31,0.19,0.19,0.35,0.22,0.44,0.41,0.31,0.31,0.22,0.62,0.22,0.38,0.15,0.18,0.36,0.2,0.21,0.2,0.2,0.22,0.32,0.5,0.16,0.37,0.66,0.6,0.61,0.16,,0.41,0.21,0.38,0.1,0.27,0.36,0.33,0.23,0.22,0.28,,0.21,0.4,0.44,0.2,0.38,0.35,0.56,0.22,0.25,0.17,0.23,,0.18,0.24,0.25,0.61,0.2,0.24,0.25,0.19,0.2,0.6,0.38,0.16,0.54,0.08,0.21,0.25,0.21,0.32,,0.24,0.18,0.23,0.22,0.25,0.2,0.55,0.45,0.36,0.38,0.25,0.4,0.58,0.36,0.48,,0.44,0.38,0.09,0.24,0.22,0.41,0.21,0.26,0.37,0.22,0.65,0.28,0.51,0.19,0.24,0.21,0.43,0.21,0.42,0.19,0.17,0.19,0.57,0.25,0.29,0.34,0.16,0.61,,0.25,0.34,0.2,0.38,,0.08,0.2,0.23,0.57,0.47,0.18,0.42,0.24,0.09,0.38,0.39,0.5,0.57,0.24,0.44,0.63,0.08,0.35,0.32,0.41,,0.21,0.21,,0.21,0.21,0.2,0.54,0.27,,0.3,0.2,0.66,0.24,0.34,0.24,0.22,0.49,0.62,,0.21,,0.23,0.42,0.24,0.52,0.17,0.44,0.21,0.26,0.2,0.51,0.16,0.09,0.35,0.59,0.61,0.39,0.6,0.2,0.34,0.21,0.24,0.54,0.09,0.18
"Sri Lanka","Q1 2020",0.2,0.25,0.22,0.35,0.19,0.19,0.34,0.22,0.43,0.42,0.22,0.31,0.22,0.61,0.21,0.37,0.15,0.18,0.36,0.2,0.21,0.21,0.17,0.22,0.26,0.51,0.16,0.36,0.64,0.59,0.6,0.16,,0.42,0.22,0.4,0.1,0.3,0.37,0.34,0.21,0.22,0.28,,0.2,0.39,0.44,0.21,0.38,0.38,0.55,0.21,0.25,0.17,0.22,,0.18,0.24,0.24,0.6,0.2,0.25,0.26,0.19,0.19,0.59,0.45,0.18,0.53,0.08,0.21,0.28,0.22,0.31,,0.24,0.17,0.22,0.22,0.23,0.2,0.55,0.47,0.33,0.41,0.24,0.47,0.59,0.36,0.55,,0.36,0.35,0.2,0.24,0.22,0.41,0.21,0.26,0.24,0.23,0.63,0.28,0.44,0.21,0.27,0.2,0.44,0.21,0.43,0.19,0.19,0.19,0.57,0.33,0.3,0.34,0.09,0.59,,0.25,0.34,0.2,0.38,,0.08,0.2,0.22,0.54,0.49,0.18,0.43,0.24,0.09,0.37,0.3,0.42,0.43,0.23,0.44,0.62,0.08,0.38,0.32,0.37,,0.2,0.2,,0.21,0.22,0.18,0.56,0.28,,0.3,0.2,0.64,0.24,0.36,0.22,0.23,0.49,0.61,,0.21,,0.23,0.4,0.23,0.5,0.17,0.44,0.2,0.26,0.2,0.52,0.15,0.09,0.34,0.59,0.6,0.35,0.6,0.2,0.34,0.22,0.23,0.5,0.09,0.2
"Sri Lanka","Q1 2021",0.19,0.26,0.22,0.31,0.19,0.19,0.35,0.22,0.44,0.42,0.31,0.32,0.23,0.63,0.21,0.38,0.15,0.18,0.36,0.19,0.2,0.21,0.17,0.23,0.36,0.5,0.16,0.36,0.67,0.62,0.63,0.16,,0.43,0.2,0.38,0.1,0.31,0.36,0.34,0.21,0.22,0.27,,0.19,0.4,0.43,0.21,0.38,0.37,0.58,0.21,0.25,0.18,0.22,,0.19,0.23,0.24,0.62,0.2,0.25,0.25,0.19,0.19,0.61,0.46,0.18,0.54,0.11,0.21,0.29,0.22,0.34,,0.21,0.17,0.22,0.21,0.23,0.2,0.57,0.32,0.31,0.43,0.24,0.41,0.61,0.36,0.58,,0.37,0.35,0.2,0.23,0.22,0.41,0.2,0.25,0.24,0.21,0.66,0.27,0.54,0.21,0.28,0.21,0.41,0.27,0.43,0.2,0.19,0.19,0.6,0.36,0.3,0.27,,0.62,,0.25,0.34,0.23,0.38,0.09,0.08,0.2,0.22,0.57,0.51,0.17,0.43,0.24,0.09,0.36,0.28,0.43,0.53,0.23,0.46,0.64,0.08,0.38,0.32,0.36,,0.19,0.2,,0.21,0.22,0.18,0.6,0.28,,0.29,0.2,0.67,0.24,0.35,0.23,0.3,0.49,0.63,,0.19,,0.23,0.4,0.24,0.54,0.17,0.45,0.22,0.26,0.19,0.54,0.15,0.09,0.35,0.62,0.63,0.35,0.64,0.21,0.35,0.22,0.22,0.58,,0.19
"Sudan","Q1 2016",0.1,0.2,0.18,0.26,0.1,0.1,0.25,0.12,0.26,0.26,0.26,0.2,0.12,0.31,0.12,0.24,0.08,0.11,0.26,0.09,0.18,0.11,0.1,0.19,0.22,0.28,0.08,0.26,0.37,0.29,0.29,,,0.27,0.18,0.26,0.09,0.14,0.23,0.26,0.12,0.12,0.23,,0.11,0.25,0.35,0.11,0.26,0.25,0.36,0.12,0.1,0.15,0.12,,0.1,0.2,0.2,0.3,0.11,0.14,0.13,0.12,0.1,0.3,0.24,0.08,0.27,0.08,0.12,0.13,0.19,0.24,,0.13,0.1,0.13,0.13,0.13,0.1,0.36,0.22,0.28,0.2,0.2,0.27,0.3,0.24,0.29,,0.34,0.3,0.17,0.2,0.12,0.28,0.11,0.21,0.15,0.21,0.37,0.19,0.28,0.18,0.12,0.1,0.27,0.2,0.28,0.09,0.1,0.09,0.29,0.22,0.19,0.26,0.08,0.3,,0.21,0.23,0.12,0.25,,0.07,0.1,0.19,0.36,0.35,,0.27,0.2,0.08,0.26,0.24,0.26,0.27,0.13,0.21,0.3,0.07,0.24,0.25,0.28,,0.1,0.12,,0.12,0.18,0.11,0.36,0.15,,0.21,0.12,0.37,0.13,0.26,0.2,0.19,0.29,0.31,0.29,,,0.13,0.26,0.21,0.35,0.15,0.27,0.18,0.23,0.19,0.27,,0.09,0.26,0.36,0.3,0.3,0.3,0.1,0.25,0.18,0.2,0.27,0.09,0.31
"Sudan","Q1 2017",0.17,0.18,0.11,0.25,0.1,0.1,0.24,0.1,0.26,0.25,0.2,0.18,0.11,0.28,0.11,0.22,0.08,0.09,0.25,0.1,0.17,0.1,0.09,0.18,0.21,0.26,0.08,0.17,0.28,0.27,0.27,0.15,,0.26,0.16,0.25,0.08,0.13,0.22,0.25,0.12,0.1,0.23,,0.1,0.24,0.32,0.1,0.25,0.17,0.33,0.12,0.13,0.15,0.11,,0.09,0.19,0.18,0.28,0.1,0.13,0.13,0.1,0.1,0.28,0.22,0.08,0.25,0.08,0.1,0.13,0.12,0.22,,0.12,0.09,0.11,0.12,0.12,0.1,0.27,0.21,0.25,0.23,0.18,0.25,0.28,0.25,0.27,,0.31,0.22,0.1,0.19,0.11,0.25,0.11,0.17,0.13,0.19,0.34,0.18,0.26,0.1,0.12,0.11,0.25,0.18,0.25,0.09,0.09,0.09,0.27,0.19,0.18,0.21,0.08,0.27,,0.2,0.25,0.11,0.22,,0.07,0.11,0.1,0.33,0.26,0.09,0.25,0.19,0.07,0.17,0.21,0.25,0.26,0.12,0.24,0.27,0.07,0.25,0.24,0.26,,0.1,0.11,,0.11,0.1,0.1,0.33,0.14,,0.19,0.11,0.34,0.12,0.24,0.19,0.25,0.26,0.28,0.26,,,0.11,0.24,0.21,0.32,0.15,0.24,0.11,0.12,0.1,0.26,,0.08,0.24,0.33,0.28,0.21,0.28,0.1,0.24,0.11,0.19,0.25,0.08,0.18
"Sudan","Q1 2018",0.09,0.11,0.11,0.22,0.1,0.1,0.22,0.11,0.23,0.22,0.21,0.18,0.11,0.25,0.11,0.22,0.08,0.09,0.22,0.1,0.17,0.1,0.1,0.18,0.2,0.23,0.08,0.15,0.25,0.24,0.24,0.15,,0.23,0.16,0.22,0.08,0.12,0.21,0.22,0.11,0.11,0.14,,0.09,0.21,0.3,0.1,0.23,0.15,0.24,0.11,0.12,0.15,0.1,,0.09,0.19,0.11,0.25,0.1,0.13,0.12,0.1,0.1,0.24,0.21,0.08,0.23,0.08,0.1,0.12,0.11,0.15,,0.12,0.1,0.11,0.11,0.12,0.1,0.24,0.22,0.22,0.22,0.11,0.23,0.25,0.22,0.23,,0.22,0.21,0.1,0.19,0.11,0.22,0.1,0.19,0.14,0.18,0.31,0.18,0.23,0.1,0.12,0.2,0.22,0.17,0.23,0.08,0.09,0.09,0.24,0.19,0.18,0.21,0.08,0.25,,0.19,0.22,0.11,0.22,,0.07,0.1,0.1,0.3,0.23,0.09,0.23,0.18,0.07,0.15,0.22,0.22,0.23,0.12,0.22,0.24,0.07,0.22,0.22,0.23,,0.1,0.11,,0.1,0.1,0.1,0.3,0.22,,0.18,0.11,0.31,0.12,0.22,0.18,0.24,0.23,0.25,0.24,,,0.11,0.22,0.11,0.3,0.15,0.22,0.11,0.13,0.1,0.24,,0.08,0.23,0.3,0.25,0.22,0.25,0.1,0.22,0.11,0.12,0.23,0.08,0.17
"Sudan","Q1 2019",0.09,0.11,0.1,0.13,0.09,0.09,0.13,0.11,0.14,0.2,0.2,0.11,0.11,0.22,0.11,0.2,0.08,0.09,0.13,0.09,0.11,0.1,0.1,0.11,0.13,0.21,0.07,0.13,0.22,0.21,0.21,0.07,,0.14,0.17,0.2,0.01,0.13,0.13,0.19,0.11,0.11,0.13,,0.1,0.13,0.27,0.09,0.14,0.13,0.21,0.11,0.12,0.16,0.11,,0.09,0.11,0.12,0.22,0.1,0.12,0.13,0.1,0.1,0.22,0.2,0.08,0.21,0.01,0.1,0.12,0.1,0.13,,0.12,0.09,0.11,0.11,0.12,0.09,0.21,0.13,0.2,0.2,0.12,0.2,0.22,0.14,0.21,,0.2,0.2,0.01,0.19,0.11,0.2,0.1,0.19,0.13,0.17,0.22,0.11,0.21,0.09,0.12,0.1,0.2,0.17,0.21,0.09,0.08,0.09,0.21,0.19,0.1,0.13,0.01,0.22,,0.12,0.13,0.11,0.2,,0,0.09,0.1,0.28,0.21,0.08,0.14,0.11,0.01,0.13,0.13,0.13,0.21,0.12,0.2,0.22,0.07,0.2,0.2,0.14,,0.1,0.1,,0.1,0.1,0.1,0.28,0.13,,0.19,0.1,0.22,0.11,0.19,0.11,0.24,0.21,0.22,0.21,,,0.11,0.13,0.11,0.21,0.08,0.13,0.1,0.13,0.1,0.21,0.07,0.01,0.2,0.28,0.22,0.2,0.22,0.09,0.13,0.1,0.12,0.2,0.01,0.17
"Sudan","Q1 2020",0.1,0.11,0.11,0.13,0.09,0.09,0.13,0.11,0.13,0.19,0.19,0.11,0.1,0.22,0.1,0.19,0.08,0.09,0.13,0.1,0.11,0.11,0.09,0.11,0.13,0.21,0.07,0.13,0.22,0.21,0.21,0.07,,0.14,0.17,0.19,0.02,0.13,0.13,0.19,0.1,0.11,0.12,,0.1,0.12,0.27,0.1,0.14,0.13,0.21,0.11,0.12,0.22,0.12,,0.09,0.11,0.12,0.22,0.1,0.12,0.12,0.1,0.1,0.21,0.2,0.08,0.2,0.01,0.1,0.12,0.11,0.13,,0.12,0.09,0.11,0.12,0.11,0.1,0.21,0.13,0.19,0.19,0.11,0.2,0.21,0.13,0.21,,0.2,0.2,0.09,0.19,0.12,0.2,0.1,0.19,0.12,0.18,0.21,0.11,0.2,0.1,0.12,0.1,0.19,0.17,0.21,0.09,0.1,0.09,0.21,0.2,0.11,0.12,0.01,0.22,,0.11,0.13,0.11,0.2,,0,0.1,0.1,0.27,0.21,0.08,0.13,0.11,0.01,0.13,0.12,0.13,0.13,0.12,0.2,0.21,0.07,0.19,0.2,0.21,,0.1,0.09,,0.1,0.11,0.09,0.28,0.12,,0.18,0.1,0.22,0.12,0.19,0.11,0.19,0.21,0.22,0.21,,,0.11,0.13,0.11,0.2,0.08,0.13,0.1,0.13,0.1,0.21,0.07,0.01,0.2,0.28,0.22,0.2,0.22,0.09,0.13,0.1,0.11,0.2,0.01,0.18
"Sudan","Q1 2021",0.08,0.11,0.1,0.12,0.08,0.09,0.12,0.1,0.12,0.18,0.18,0.11,0.1,0.2,0.1,0.12,0.08,0.09,0.12,0.09,0.1,0.1,0.08,0.11,0.12,0.19,0.07,0.12,0.2,0.2,0.2,0.07,,0.13,0.09,0.12,0.01,0.12,0.12,0.19,0.1,0.1,0.12,,0.09,0.12,0.19,0.09,0.13,0.12,0.19,0.11,0.11,0.23,0.11,,0.09,0.1,0.12,0.2,0.09,0.12,0.11,0.1,0.09,0.2,0.12,0.08,0.19,0.02,0.09,0.11,0.11,0.12,,0.1,0.08,0.1,0.11,0.11,0.1,0.2,0.12,0.11,0.19,0.12,0.19,0.2,0.13,0.19,,0.19,0.19,0.09,0.18,0.11,0.19,0.09,0.18,0.12,0.1,0.2,0.1,0.19,0.09,0.11,0.1,0.11,0.1,0.19,0.08,0.09,0.08,0.2,0.18,0.11,0.11,,0.2,,0.11,0.12,0.11,0.12,0.01,0,0.09,0.1,0.19,0.19,0.08,0.13,0.11,0.01,0.12,0.12,0.12,0.19,0.12,0.19,0.2,0.07,0.11,0.19,0.19,,0.09,0.09,,0.09,0.1,0.09,0.26,0.12,,0.1,0.1,0.2,0.11,0.19,0.1,0.18,0.19,0.2,0.19,,,0.1,0.12,0.11,0.19,0.08,0.12,0.1,0.12,0.09,0.19,0.07,0.01,0.19,0.2,0.2,0.19,0.2,0.09,0.12,0.1,0.1,0.19,,0.17
"Sudan (...2011)","Q1 2016",,,,,,,,,,,,,,,,,,,,,,,,,,,,,,,,,,,,,,,,,,,,,,,,,,,,,,,,,,,,,,,,,,,,,,,,,,,,,,,,,,,,,,,,,,,,,,,,,,,,,,,,,,,,,,,,,,,,,,,,,,,,,,,,,,,,,,,,,,,,,,,,,,,,,,,,,,,,,,,,,,,,,,,,,,,,,,,,,,,,,,,,,,,,,,,
"Sudan (...2011)","Q1 2017",,,,,,,,,,,,,,,,,,,,,,,,,,,,,,,,,,,,,,,,,,,,,,,,,,,,,,,,,,,,,,,,,,,,,,,,,,,,,,,,,,,,,,,,,,,,,,,,,,,,,,,,,,,,,,,,,,,,,,,,,,,,,,,,,,,,,,,,,,,,,,,,,,,,,,,,,,,,,,,,,,,,,,,,,,,,,,,,,,,,,,,,,,,,,,,
"Sudan (...2011)","Q1 2018",,,,,,,,,,,,,,,,,,,,,,,,,,,,,,,,,,,,,,,,,,,,,,,,,,,,,,,,,,,,,,,,,,,,,,,,,,,,,,,,,,,,,,,,,,,,,,,,,,,,,,,,,,,,,,,,,,,,,,,,,,,,,,,,,,,,,,,,,,,,,,,,,,,,,,,,,,,,,,,,,,,,,,,,,,,,,,,,,,,,,,,,,,,,,,,
"Sudan (...2011)","Q1 2019",,,,,,,,,,,,,,,,,,,,,,,,,,,,,,,,,,,,,,,,,,,,,,,,,,,,,,,,,,,,,,,,,,,,,,,,,,,,,,,,,,,,,,,,,,,,,,,,,,,,,,,,,,,,,,,,,,,,,,,,,,,,,,,,,,,,,,,,,,,,,,,,,,,,,,,,,,,,,,,,,,,,,,,,,,,,,,,,,,,,,,,,,,,,,,,
"Sudan (...2011)","Q1 2020",,,,,,,,,,,,,,,,,,,,,,,,,,,,,,,,,,,,,,,,,,,,,,,,,,,,,,,,,,,,,,,,,,,,,,,,,,,,,,,,,,,,,,,,,,,,,,,,,,,,,,,,,,,,,,,,,,,,,,,,,,,,,,,,,,,,,,,,,,,,,,,,,,,,,,,,,,,,,,,,,,,,,,,,,,,,,,,,,,,,,,,,,,,,,,,
"Sudan (...2011)","Q1 2021",,,,,,,,,,,,,,,,,,,,,,,,,,,,,,,,,,,,,,,,,,,,,,,,,,,,,,,,,,,,,,,,,,,,,,,,,,,,,,,,,,,,,,,,,,,,,,,,,,,,,,,,,,,,,,,,,,,,,,,,,,,,,,,,,,,,,,,,,,,,,,,,,,,,,,,,,,,,,,,,,,,,,,,,,,,,,,,,,,,,,,,,,,,,,,,
"Suriname","Q1 2016",0.11,0.22,0.19,0.23,0.19,0.27,0.22,0.29,0.24,0.23,0.21,0.13,0.29,0.34,0.2,0.23,0.15,0.27,0.24,0.17,0.12,0.12,0.11,0.13,0.21,0.25,0.15,0.23,0.27,0.26,0.25,,,0.33,0.18,0.21,0.09,0.24,0.22,0.21,0.2,0.29,0.21,,0.19,0.21,0.23,0.21,0.27,0.29,0.25,0.19,0.19,0.09,0.2,,0.17,0.2,0.21,0.28,0.26,0.21,0.2,0.2,0.1,0.33,0.23,0.16,0.23,0.08,0.3,0.3,0.19,0.23,,0.21,0.1,0.32,0.3,0.22,0.18,0.24,0.21,0.22,0.12,0.21,0.23,0.27,0.34,0.25,,0.21,0.21,0.11,0.19,0.2,0.23,0.18,0.21,0.2,0.2,0.26,0.11,0.24,0.12,0.27,0.18,0.22,0.19,0.25,0.09,0.1,0.18,0.26,0.13,0.13,0.21,0.09,0.34,,0.23,0.23,0.19,0.23,,0.08,0.1,0.21,0.24,0.23,,0.34,0.13,0.08,0.23,0.14,0.21,0.24,0.22,0.21,0.26,0.07,0.21,0.21,0.25,,0.27,0.3,,0.3,0.19,0.18,0.24,0.22,,0.13,0.19,0.25,0.3,0.21,0.13,0.11,0.24,0.28,0.23,0.13,,,0.22,0.19,0.22,0.09,0.22,0.12,0.33,0.2,0.24,,0.09,0.22,0.24,0.36,0.21,0.36,0.2,0.22,0.12,0.31,0.23,0.09,0.12
"Suriname","Q1 2017",0.1,0.21,0.18,0.21,0.2,0.25,0.21,0.19,0.22,0.22,0.19,0.12,0.3,0.33,0.2,0.21,0.15,0.17,0.22,0.2,0.11,0.12,0.17,0.12,0.21,0.23,0.15,0.22,0.25,0.24,0.23,0.08,,0.32,0.17,0.21,0.09,0.29,0.21,0.2,0.2,0.19,0.2,,0.19,0.2,0.21,0.2,0.25,0.22,0.23,0.19,0.19,0.08,0.19,,0.17,0.19,0.19,0.27,0.25,0.21,0.2,0.18,0.1,0.25,0.21,0.16,0.22,0.08,0.27,0.3,0.18,0.24,,0.19,0.16,0.31,0.28,0.22,0.17,0.23,0.2,0.2,0.12,0.2,0.22,0.25,0.32,0.23,,0.2,0.19,0.11,0.11,0.18,0.22,0.17,0.2,0.18,0.18,0.24,0.1,0.23,0.11,0.28,0.18,0.2,0.17,0.23,0.09,0.09,0.19,0.24,0.19,0.12,0.2,0.08,0.33,,0.21,0.22,0.18,0.22,,0.08,0.11,0.2,0.22,0.22,0.09,0.24,0.12,0.08,0.22,0.13,0.21,0.23,0.22,0.2,0.24,0.01,0.2,0.12,0.23,,0.27,0.28,,0.29,0.18,0.17,0.23,0.21,,0.11,0.18,0.24,0.3,0.2,0.12,0.11,0.22,0.33,0.23,0.11,,,0.21,0.19,0.21,0.09,0.21,0.18,0.31,0.18,0.23,,0.08,0.2,0.23,0.34,0.2,0.34,0.2,0.21,0.11,0.29,0.21,0.08,0.09
"Suriname","Q1 2018",0.1,0.2,0.19,0.22,0.2,0.26,0.22,0.21,0.23,0.22,0.12,0.12,0.29,0.34,0.2,0.22,0.15,0.17,0.3,0.2,0.11,0.11,0.18,0.12,0.21,0.24,0.15,0.23,0.26,0.25,0.24,0.08,,0.33,0.17,0.21,0.09,0.23,0.21,0.2,0.2,0.21,0.2,,0.1,0.2,0.22,0.2,0.33,0.22,0.23,0.2,0.2,0.08,0.19,,0.17,0.2,0.2,0.27,0.26,0.2,0.2,0.18,0.11,0.25,0.22,0.16,0.22,0.08,0.2,0.3,0.18,0.23,,0.19,0.17,0.31,0.2,0.22,0.18,0.23,0.21,0.21,0.2,0.2,0.22,0.26,0.32,0.23,,0.21,0.2,0.11,0.12,0.19,0.21,0.17,0.2,0.19,0.18,0.24,0.11,0.23,0.12,0.29,0.19,0.2,0.18,0.31,0.09,0.09,0.19,0.25,0.2,0.12,0.2,0.08,0.34,,0.21,0.22,0.19,0.22,,0.08,0.11,0.19,0.23,0.22,0.09,0.32,0.12,0.08,0.23,0.13,0.21,0.24,0.22,0.13,0.25,0.07,0.21,0.2,0.24,,0.28,0.28,,0.21,0.18,0.17,0.23,0.22,,0.11,0.19,0.26,0.3,0.2,0.13,0.1,0.22,0.34,0.23,0.11,,,0.21,0.2,0.22,0.09,0.21,0.19,0.32,0.18,0.24,,0.08,0.21,0.23,0.34,0.2,0.35,0.2,0.22,0.12,0.29,0.22,0.08,0.09
"Suriname","Q1 2019",0.17,0.2,0.19,0.21,0.19,0.25,0.22,0.2,0.23,0.21,0.19,0.12,0.29,0.33,0.19,0.21,0.15,0.17,0.3,0.2,0.11,0.11,0.18,0.12,0.21,0.24,0.15,0.23,0.26,0.24,0.24,0.08,,0.33,0.18,0.2,0.09,0.23,0.21,0.19,0.2,0.2,0.2,,0.18,0.2,0.22,0.2,0.32,0.23,0.23,0.2,0.2,0.09,0.19,,0.17,0.13,0.2,0.27,0.26,0.2,0.2,0.17,0.1,0.25,0.21,0.16,0.22,0.08,0.2,0.3,0.18,0.23,,0.19,0.16,0.31,0.2,0.22,0.18,0.23,0.2,0.2,0.13,0.2,0.22,0.26,0.32,0.23,,0.2,0.2,0.02,0.12,0.19,0.21,0.18,0.2,0.2,0.18,0.24,0.11,0.24,0.17,0.28,0.19,0.2,0.18,0.31,0.1,0.09,0.19,0.25,0.19,0.12,0.2,0.08,0.34,,0.2,0.22,0.18,0.22,,0.07,0.11,0.2,0.22,0.22,0.09,0.31,0.12,0.08,0.23,0.13,0.22,0.24,0.22,0.2,0.25,0.01,0.19,0.13,0.23,,0.27,0.27,,0.2,0.19,0.18,0.23,0.2,,0.12,0.17,0.26,0.3,0.2,0.13,0.11,0.22,0.34,0.23,0.11,,,0.21,0.2,0.22,0.09,0.21,0.19,0.31,0.18,0.23,0.15,0.02,0.21,0.23,0.34,0.2,0.35,0.19,0.22,0.12,0.29,0.22,0.02,0.1
"Suriname","Q1 2020",0.1,0.2,0.19,0.22,0.19,0.26,0.22,0.2,0.22,0.22,0.11,0.12,0.28,0.33,0.19,0.21,0.15,0.17,0.3,0.27,0.11,0.11,0.09,0.12,0.2,0.24,0.15,0.22,0.26,0.24,0.24,0.08,,0.33,0.18,0.2,0.09,0.23,0.21,0.12,0.19,0.2,0.2,,0.18,0.2,0.21,0.21,0.32,0.23,0.23,0.19,0.2,0.09,0.19,,0.17,0.13,0.2,0.27,0.26,0.2,0.2,0.1,0.1,0.25,0.21,0.16,0.23,0.08,0.21,0.3,0.18,0.22,,0.19,0.09,0.31,0.2,0.2,0.18,0.23,0.2,0.19,0.13,0.2,0.21,0.25,0.32,0.23,,0.13,0.13,0.11,0.12,0.19,0.21,0.11,0.2,0.19,0.18,0.24,0.11,0.23,0.18,0.28,0.18,0.2,0.18,0.31,0.1,0.1,0.19,0.24,0.2,0.12,0.19,0.01,0.33,,0.2,0.22,0.18,0.21,,0.07,0.11,0.2,0.22,0.22,0.09,0.31,0.12,0.08,0.29,0.13,0.22,0.23,0.21,0.2,0.25,0.01,0.2,0.13,0.23,,0.27,0.2,,0.21,0.19,0.1,0.23,0.2,,0.12,0.1,0.25,0.3,0.13,0.12,0.11,0.22,0.27,0.23,0.11,,,0.21,0.19,0.21,0.09,0.21,0.18,0.32,0.11,0.23,0.15,0.02,0.21,0.23,0.34,0.13,0.35,0.19,0.21,0.12,0.29,0.21,0.02,0.1
"Suriname","Q1 2021",0.17,0.2,0.19,0.21,0.18,0.26,0.22,0.2,0.22,0.23,0.12,0.12,0.29,0.33,0.19,0.21,0.15,0.16,0.3,0.19,0.11,0.18,0.16,0.12,0.21,0.23,0.15,0.22,0.26,0.25,0.25,0.08,,0.32,0.1,0.2,0.09,0.23,0.21,0.12,0.19,0.2,0.2,,0.18,0.2,0.21,0.2,0.32,0.29,0.23,0.19,0.2,0.09,0.19,,0.17,0.13,0.2,0.26,0.26,0.2,0.19,0.17,0.1,0.25,0.22,0.16,0.23,0.1,0.2,0.3,0.18,0.23,,0.18,0.16,0.3,0.2,0.2,0.18,0.23,0.19,0.11,0.19,0.2,0.22,0.25,0.32,0.23,,0.2,0.2,0.11,0.12,0.18,0.21,0.17,0.2,0.19,0.1,0.24,0.1,0.23,0.18,0.29,0.18,0.12,0.1,0.31,0.1,0.1,0.18,0.24,0.2,0.12,0.19,,0.34,,0.21,0.22,0.2,0.21,0.09,0.07,0.11,0.2,0.22,0.22,0.09,0.31,0.13,0.08,0.29,0.12,0.22,0.23,0.21,0.2,0.25,0.07,0.19,0.2,0.23,,0.19,0.2,,0.2,0.19,0.1,0.23,0.21,,0.11,0.17,0.25,0.29,0.13,0.12,0.12,0.22,0.34,0.23,0.1,,,0.21,0.2,0.22,0.09,0.21,0.19,0.31,0.17,0.23,0.15,0.01,0.21,0.23,0.34,0.2,0.34,0.2,0.22,0.12,0.21,0.21,,0.1
"Sweden","Q1 2016",0.18,0.23,0.19,0.31,0.18,0.18,0.32,0.2,0.3,0.29,0.27,0.21,0.2,0.51,0.2,0.27,0.15,0.19,0.33,0.17,0.19,0.19,0.18,0.21,0.25,0.42,0.15,0.32,0.5,0.49,0.38,,,0.37,0.18,0.29,0.09,0.25,0.28,0.3,0.2,0.21,0.26,,0.19,0.45,0.33,0.19,0.31,0.31,0.46,0.19,0.19,0.09,0.21,,0.24,0.22,0.32,0.44,0.19,0.23,0.22,0.2,0.1,0.51,0.28,0.16,0.36,0.15,0.2,0.22,0.21,0.28,,0.22,0.18,0.21,0.21,0.23,0.26,0.34,0.26,0.35,0.14,0.22,0.41,0.4,0.29,0.39,,0.3,0.23,0.18,0.2,0.27,0.36,0.19,0.23,0.31,0.21,0.5,0.19,0.39,0.19,0.2,0.18,0.31,0.2,0.37,0.16,0.17,0.17,0.48,0.22,0.22,0.29,0.09,0.51,,0.23,0.27,0.19,0.29,,0.08,0.17,0.3,0.38,0.33,,0.37,0.21,0.08,0.32,0.26,0.46,0.44,0.21,0.22,0.5,0.07,0.25,0.29,0.45,,0.18,0.2,,0.2,0.19,0.18,0.38,0.25,,0.2,0.2,0.5,0.21,0.32,0.21,0.12,0.35,0.51,0.38,0.26,,0.22,,0.22,0.32,0.16,0.32,0.19,0.26,0.2,0.37,,0.09,0.3,0.41,0.51,0.23,0.5,0.18,0.32,0.19,0.23,0.38,0.09,0.23
"Sweden","Q1 2017",0.18,0.23,0.19,0.31,0.18,0.18,0.32,0.19,0.33,0.29,0.22,0.21,0.21,0.53,0.2,0.26,0.15,0.17,0.33,0.18,0.19,0.19,0.17,0.21,0.26,0.44,0.15,0.34,0.51,0.5,0.38,0.15,,0.38,0.17,0.3,0.09,0.25,0.28,0.32,0.21,0.19,0.27,,0.19,0.45,0.34,0.18,0.35,0.32,0.46,0.2,0.22,0.09,0.28,,0.24,0.22,0.31,0.51,0.19,0.23,0.23,0.19,0.18,0.52,0.28,0.16,0.39,0.15,0.19,0.23,0.2,0.29,,0.22,0.17,0.21,0.21,0.24,0.25,0.38,0.27,0.3,0.26,0.22,0.43,0.41,0.32,0.41,,0.33,0.24,0.18,0.13,0.27,0.36,0.19,0.21,0.23,0.2,0.5,0.19,0.39,0.19,0.22,0.2,0.31,0.19,0.37,0.16,0.1,0.17,0.5,0.22,0.22,0.25,0.08,0.52,,0.23,0.33,0.19,0.29,,0.08,0.19,0.29,0.42,0.33,0.17,0.37,0.21,0.08,0.35,0.26,0.47,0.47,0.22,0.27,0.5,0.07,0.29,0.29,0.42,,0.19,0.2,,0.2,0.19,0.19,0.4,0.26,,0.19,0.2,0.51,0.22,0.33,0.2,0.12,0.35,0.51,0.42,0.24,,0.21,,0.23,0.33,0.16,0.33,0.19,0.23,0.18,0.4,,0.09,0.3,0.43,0.53,0.23,0.5,0.18,0.32,0.19,0.22,0.37,0.09,0.12
"Sweden","Q1 2018",0.17,0.23,0.19,0.3,0.11,0.11,0.32,0.2,0.3,0.3,0.3,0.21,0.2,0.52,0.2,0.27,0.08,0.1,0.33,0.12,0.18,0.2,0.19,0.2,0.25,0.37,0.09,0.33,0.51,0.43,0.37,0.15,,0.36,0.18,0.29,0.09,0.25,0.27,0.32,0.21,0.2,0.26,,0.1,0.47,0.33,0.11,0.34,0.31,0.46,0.14,0.22,0.09,0.28,,0.24,0.22,0.3,0.51,0.19,0.23,0.23,0.19,0.18,0.52,0.27,0.16,0.41,0.15,0.12,0.22,0.19,0.28,,0.21,0.18,0.21,0.13,0.23,0.25,0.36,0.3,0.39,0.28,0.23,0.42,0.47,0.33,0.36,,0.32,0.24,0.18,0.2,0.28,0.37,0.18,0.24,0.32,0.2,0.51,0.19,0.38,0.19,0.22,0.24,0.31,0.19,0.35,0.16,0.16,0.11,0.5,0.22,0.22,0.24,0.08,0.52,,0.23,0.3,0.13,0.28,,0.08,0.18,0.27,0.42,0.33,0.17,0.36,0.21,0.08,0.33,0.26,0.47,0.43,0.21,0.32,0.51,0.07,0.29,0.3,0.41,,0.12,0.2,,0.19,0.19,0.18,0.39,0.27,,0.19,0.21,0.51,0.22,0.32,0.21,0.11,0.35,0.51,0.42,0.22,,0.21,,0.22,0.32,0.16,0.33,0.19,0.24,0.2,0.45,,0.09,0.31,0.42,0.52,0.24,0.4,0.12,0.32,0.19,0.22,0.35,0.09,0.1
"Sweden","Q1 2019",0.17,0.22,0.19,0.28,0.11,0.11,0.31,0.2,0.31,0.29,0.27,0.21,0.2,0.51,0.21,0.26,0.08,0.1,0.32,0.11,0.19,0.19,0.19,0.2,0.28,0.36,0.08,0.33,0.51,0.42,0.42,0.15,,0.35,0.18,0.28,0.09,0.25,0.26,0.3,0.2,0.2,0.26,,0.19,0.46,0.32,0.18,0.34,0.31,0.48,0.13,0.23,0.1,0.29,,0.24,0.21,0.31,0.51,0.19,0.21,0.23,0.18,0.18,0.51,0.27,0.16,0.41,0.15,0.19,0.22,0.19,0.28,,0.22,0.17,0.21,0.13,0.23,0.25,0.35,0.31,0.25,0.27,0.23,0.42,0.4,0.32,0.38,,0.33,0.27,0.08,0.22,0.28,0.36,0.19,0.22,0.35,0.19,0.5,0.19,0.38,0.17,0.21,0.2,0.32,0.19,0.35,0.17,0.09,0.11,0.49,0.21,0.2,0.24,0.08,0.52,,0.22,0.3,0.12,0.27,,0.07,0.18,0.29,0.41,0.32,0.16,0.35,0.21,0.08,0.33,0.26,0.47,0.49,0.21,0.32,0.5,0.07,0.25,0.29,0.42,,0.12,0.19,,0.19,0.19,0.18,0.39,0.24,,0.2,0.19,0.5,0.22,0.31,0.21,0.12,0.35,0.51,0.42,0.13,,0.21,,0.22,0.34,0.16,0.33,0.19,0.23,0.18,0.37,0.08,0.08,0.3,0.41,0.52,0.27,0.42,0.11,0.31,0.19,0.22,0.37,0.08,0.1
"Sweden","Q1 2020",0.18,0.22,0.19,0.31,0.11,0.11,0.31,0.2,0.3,0.3,0.13,0.21,0.2,0.51,0.19,0.26,0.08,0.1,0.32,0.12,0.19,0.19,0.17,0.2,0.24,0.36,0.08,0.32,0.5,0.41,0.41,0.15,,0.36,0.19,0.3,0.09,0.27,0.27,0.32,0.19,0.2,0.26,,0.19,0.46,0.32,0.19,0.33,0.33,0.47,0.13,0.22,0.1,0.29,,0.24,0.21,0.31,0.5,0.19,0.23,0.23,0.18,0.18,0.5,0.34,0.17,0.41,0.15,0.19,0.25,0.2,0.27,,0.22,0.17,0.2,0.14,0.14,0.26,0.35,0.33,0.23,0.3,0.22,0.42,0.41,0.32,0.38,,0.32,0.24,0.18,0.21,0.29,0.37,0.19,0.23,0.31,0.2,0.49,0.19,0.4,0.19,0.24,0.19,0.32,0.19,0.36,0.17,0.11,0.11,0.49,0.22,0.21,0.24,0.08,0.51,,0.22,0.29,0.12,0.27,,0.07,0.18,0.28,0.39,0.34,0.16,0.35,0.21,0.09,0.33,0.24,0.47,0.43,0.21,0.32,0.5,0.07,0.28,0.29,0.38,,0.12,0.18,,0.19,0.19,0.17,0.41,0.25,,0.2,0.18,0.5,0.22,0.33,0.2,0.13,0.35,0.5,0.4,0.13,,0.21,,0.21,0.34,0.16,0.33,0.18,0.23,0.18,0.38,0.08,0.08,0.3,0.41,0.51,0.24,0.42,0.11,0.31,0.19,0.21,0.35,0.08,0.12
"Sweden","Q1 2021",0.17,0.22,0.19,0.28,0.1,0.11,0.31,0.2,0.31,0.31,0.28,0.21,0.2,0.5,0.19,0.27,0.08,0.1,0.32,0.11,0.18,0.19,0.16,0.2,0.26,0.36,0.08,0.32,0.5,0.41,0.41,0.15,,0.36,0.11,0.27,0.09,0.27,0.26,0.32,0.19,0.2,0.25,,0.18,0.46,0.32,0.19,0.33,0.33,0.47,0.13,0.22,0.11,0.28,,0.25,0.2,0.3,0.43,0.18,0.23,0.22,0.18,0.18,0.5,0.35,0.17,0.41,0.24,0.19,0.25,0.2,0.29,,0.19,0.16,0.2,0.13,0.14,0.26,0.36,0.25,0.29,0.32,0.22,0.42,0.42,0.32,0.4,,0.32,0.24,0.18,0.13,0.28,0.37,0.18,0.22,0.24,0.11,0.49,0.19,0.39,0.19,0.25,0.2,0.3,0.11,0.35,0.17,0.11,0.1,0.48,0.24,0.2,0.23,,0.51,,0.21,0.29,0.21,0.27,0.09,0.07,0.18,0.28,0.4,0.34,0.16,0.35,0.21,0.08,0.32,0.23,0.46,0.46,0.21,0.33,0.49,0.07,0.27,0.3,0.37,,0.11,0.18,,0.19,0.19,0.17,0.41,0.25,,0.19,0.18,0.49,0.21,0.32,0.2,0.2,0.35,0.5,0.4,0.12,,0.21,,0.21,0.38,0.16,0.33,0.19,0.23,0.17,0.39,0.08,0.08,0.3,0.41,0.51,0.24,0.44,0.12,0.31,0.19,0.13,0.39,,0.11
"Syrian Arab Republic","Q1 2016",0.17,0.21,0.11,0.23,0.1,0.17,0.22,0.19,0.24,0.22,0.22,0.12,0.18,0.33,0.19,0.23,0.08,0.11,0.23,0.09,0.1,0.18,0.17,0.12,0.22,0.24,0.08,0.22,0.26,0.24,0.24,,,0.24,0.17,0.22,0.09,0.21,0.22,0.23,0.18,0.19,0.3,,0.18,0.22,0.24,0.17,0.24,0.23,0.32,0.12,0.17,0.08,0.18,,0.16,0.13,0.2,0.26,0.18,0.21,0.2,0.19,0.17,0.33,0.23,0.15,0.31,0.08,0.18,0.2,0.12,0.23,,0.2,0.17,0.19,0.12,0.2,0.17,0.24,0.21,0.23,0.12,0.21,0.24,0.32,0.24,0.24,,0.23,0.21,0.1,0.12,0.18,0.31,0.18,0.28,0.21,0.19,0.26,0.11,0.31,0.1,0.19,0.17,0.23,0.19,0.24,0.09,0.17,0.09,0.25,0.2,0.11,0.22,0.08,0.26,,0.2,0.22,0.12,0.23,,0.07,0.1,0.19,0.24,0.24,,0.25,0.12,0.07,0.22,0.14,0.22,0.24,0.2,0.2,0.26,0.07,0.22,0.23,0.25,,0.1,0.18,,0.18,0.11,0.17,0.25,0.22,,0.12,0.19,0.26,0.19,0.23,0.12,0.11,0.24,0.33,0.24,0.21,,0.19,0.22,,0.23,0.09,0.23,0.11,0.23,0.19,0.31,,0.09,0.23,0.25,0.33,0.21,0.26,0.1,0.22,0.11,0.21,0.24,0.09,0.2
"Syrian Arab Republic","Q1 2017",0.18,0.28,0.11,0.24,0.1,0.1,0.24,0.18,0.25,0.24,0.21,0.12,0.19,0.34,0.19,0.23,0.08,0.1,0.24,0.1,0.11,0.19,0.16,0.12,0.23,0.25,0.08,0.24,0.27,0.26,0.25,0.08,,0.26,0.17,0.24,0.08,0.21,0.23,0.24,0.19,0.18,0.3,,0.18,0.23,0.24,0.1,0.26,0.24,0.33,0.12,0.21,0.08,0.19,,0.16,0.13,0.2,0.28,0.18,0.21,0.21,0.18,0.17,0.34,0.23,0.16,0.32,0.08,0.11,0.21,0.12,0.24,,0.2,0.16,0.19,0.13,0.2,0.17,0.26,0.22,0.24,0.15,0.21,0.25,0.34,0.25,0.25,,0.24,0.22,0.1,0.12,0.18,0.32,0.18,0.27,0.2,0.19,0.27,0.11,0.32,0.11,0.2,0.19,0.23,0.18,0.26,0.09,0.16,0.1,0.27,0.2,0.11,0.23,0.01,0.27,,0.21,0.23,0.12,0.23,,0.07,0.11,0.19,0.25,0.24,0.09,0.26,0.12,0.07,0.24,0.15,0.24,0.26,0.2,0.23,0.27,0.07,0.23,0.23,0.26,,0.11,0.18,,0.18,0.11,0.17,0.26,0.23,,0.11,0.19,0.27,0.2,0.24,0.12,0.11,0.25,0.34,0.25,0.21,,0.19,0.23,,0.24,0.09,0.23,0.11,0.21,0.18,0.33,,0.01,0.23,0.26,0.34,0.21,0.28,0.1,0.23,0.11,0.21,0.24,0.01,0.11
"Syrian Arab Republic","Q1 2018",0.17,0.21,0.11,0.22,0.1,0.1,0.22,0.18,0.23,0.21,0.12,0.13,0.19,0.33,0.19,0.23,0.08,0.1,0.22,0.11,0.1,0.19,0.18,0.12,0.22,0.24,0.08,0.22,0.26,0.24,0.25,0.08,,0.24,0.17,0.22,0.09,0.22,0.22,0.21,0.2,0.18,0.28,,0.09,0.21,0.23,0.1,0.24,0.22,0.32,0.13,0.2,0.08,0.19,,0.17,0.13,0.2,0.26,0.18,0.2,0.21,0.18,0.18,0.32,0.22,0.16,0.31,0.08,0.11,0.21,0.11,0.22,,0.2,0.17,0.2,0.12,0.21,0.17,0.24,0.22,0.22,0.21,0.22,0.24,0.33,0.23,0.23,,0.23,0.2,0.1,0.12,0.19,0.3,0.17,0.29,0.2,0.19,0.26,0.11,0.24,0.11,0.21,0.2,0.2,0.18,0.23,0.08,0.16,0.1,0.32,0.2,0.19,0.2,0.01,0.26,,0.2,0.21,0.12,0.22,,0.08,0.1,0.19,0.24,0.23,0.09,0.24,0.12,0.08,0.22,0.21,0.22,0.24,0.2,0.21,0.26,0.07,0.22,0.22,0.31,,0.11,0.18,,0.18,0.11,0.17,0.24,0.22,,0.11,0.2,0.26,0.2,0.28,0.12,0.11,0.23,0.33,0.24,0.11,,0.2,0.22,,0.23,0.09,0.22,0.11,0.21,0.2,0.32,,0.02,0.29,0.25,0.33,0.21,0.26,0.11,0.22,0.11,0.2,0.23,0.02,0.1
"Syrian Arab Republic","Q1 2019",0.17,0.21,0.11,0.21,0.1,0.1,0.22,0.19,0.23,0.21,0.12,0.12,0.19,0.32,0.19,0.22,0.08,0.09,0.22,0.11,0.12,0.18,0.18,0.12,0.21,0.23,0.08,0.22,0.25,0.24,0.24,0.08,,0.24,0.18,0.21,0.09,0.21,0.22,0.2,0.19,0.19,0.29,,0.18,0.2,0.23,0.17,0.23,0.22,0.31,0.12,0.2,0.09,0.19,,0.17,0.12,0.2,0.32,0.18,0.2,0.2,0.18,0.18,0.32,0.22,0.15,0.3,0.08,0.17,0.2,0.11,0.22,,0.2,0.16,0.2,0.12,0.21,0.17,0.24,0.21,0.21,0.13,0.22,0.23,0.32,0.23,0.22,,0.21,0.21,0.01,0.12,0.2,0.29,0.19,0.29,0.21,0.19,0.25,0.11,0.24,0.09,0.2,0.19,0.21,0.18,0.23,0.09,0.16,0.1,0.31,0.2,0.11,0.2,0.08,0.26,,0.2,0.21,0.11,0.22,,0.07,0.1,0.2,0.23,0.22,0.09,0.23,0.13,0.08,0.22,0.13,0.22,0.31,0.2,0.21,0.25,0.07,0.2,0.21,0.24,,0.11,0.18,,0.18,0.11,0.18,0.24,0.21,,0.12,0.18,0.25,0.2,0.21,0.12,0.11,0.23,0.32,0.24,0.11,,0.2,0.22,,0.22,0.09,0.22,0.11,0.21,0.18,0.31,0.08,0.01,0.22,0.24,0.32,0.21,0.26,0.1,0.22,0.11,0.2,0.22,0.01,0.1
"Syrian Arab Republic","Q1 2020",0.18,0.22,0.12,0.21,0.1,0.1,0.21,0.19,0.22,0.21,0.11,0.12,0.18,0.32,0.19,0.21,0.08,0.09,0.22,0.11,0.11,0.19,0.16,0.12,0.21,0.23,0.08,0.21,0.25,0.23,0.24,0.08,,0.23,0.18,0.21,0.09,0.21,0.22,0.2,0.18,0.19,0.28,,0.18,0.21,0.22,0.18,0.23,0.22,0.31,0.12,0.2,0.09,0.19,,0.17,0.12,0.2,0.32,0.18,0.2,0.2,0.17,0.18,0.31,0.22,0.16,0.3,0.08,0.18,0.2,0.11,0.21,,0.2,0.16,0.19,0.12,0.12,0.17,0.23,0.2,0.19,0.13,0.21,0.23,0.31,0.22,0.23,,0.21,0.21,0.1,0.12,0.19,0.29,0.18,0.29,0.2,0.19,0.25,0.11,0.23,0.11,0.2,0.19,0.21,0.18,0.23,0.1,0.17,0.1,0.31,0.2,0.12,0.2,0.01,0.25,,0.2,0.21,0.11,0.22,,0.07,0.1,0.19,0.23,0.22,0.09,0.23,0.12,0.08,0.21,0.13,0.21,0.3,0.19,0.21,0.25,0.07,0.21,0.21,0.23,,0.11,0.17,,0.18,0.12,0.17,0.24,0.21,,0.12,0.18,0.25,0.2,0.21,0.12,0.12,0.23,0.32,0.23,0.11,,0.19,0.21,,0.21,0.09,0.21,0.11,0.21,0.18,0.3,0.08,0.01,0.21,0.24,0.32,0.2,0.25,0.1,0.21,0.12,0.2,0.22,0.01,0.11
"Syrian Arab Republic","Q1 2021",0.17,0.22,0.12,0.21,0.1,0.1,0.21,0.19,0.22,0.21,0.12,0.12,0.19,0.32,0.18,0.21,0.08,0.09,0.22,0.1,0.11,0.19,0.16,0.12,0.21,0.23,0.08,0.21,0.25,0.23,0.24,0.08,,0.24,0.1,0.2,0.09,0.21,0.21,0.2,0.18,0.19,0.28,,0.17,0.21,0.22,0.18,0.23,0.22,0.3,0.12,0.2,0.1,0.19,,0.17,0.12,0.2,0.32,0.18,0.2,0.19,0.17,0.18,0.31,0.22,0.16,0.3,0.1,0.18,0.21,0.11,0.21,,0.18,0.16,0.19,0.12,0.12,0.18,0.24,0.13,0.12,0.13,0.21,0.23,0.31,0.22,0.22,,0.21,0.2,0.1,0.12,0.19,0.29,0.17,0.28,0.2,0.11,0.25,0.11,0.23,0.11,0.2,0.19,0.12,0.11,0.23,0.1,0.17,0.1,0.31,0.21,0.12,0.2,,0.25,,0.2,0.21,0.2,0.22,0.08,0.07,0.1,0.19,0.23,0.23,0.09,0.23,0.13,0.08,0.21,0.12,0.22,0.3,0.19,0.21,0.25,0.07,0.2,0.21,0.23,,0.1,0.17,,0.18,0.12,0.17,0.24,0.21,,0.11,0.18,0.25,0.2,0.21,0.12,0.19,0.23,0.32,0.24,0.11,,0.2,0.21,,0.22,0.09,0.21,0.12,0.21,0.17,0.3,0.08,0.01,0.21,0.24,0.32,0.2,0.25,0.11,0.21,0.12,0.12,0.21,,0.1
"Thailand","Q1 2016",0.18,0.24,0.21,0.32,0.18,0.19,0.33,0.21,0.43,0.31,0.36,0.3,0.21,0.5,0.21,0.29,0.15,0.19,0.34,0.18,0.2,0.19,0.11,0.29,0.25,0.46,0.16,0.34,0.54,0.51,0.5,,,0.39,0.2,0.31,0.17,0.26,0.28,0.31,0.21,0.21,0.26,,0.2,0.3,0.42,0.2,0.32,0.33,0.47,0.2,0.19,0.16,0.2,,0.17,0.31,0.27,0.42,0.12,0.25,0.22,0.21,0.11,0.48,0.3,0.16,0.35,0.09,0.21,0.22,0.23,0.29,,0.22,0.11,0.22,0.22,0.24,0.19,0.5,0.39,0.43,0.22,0.22,0.36,0.48,0.31,0.5,,0.33,0.33,0.2,0.22,0.2,0.35,0.19,0.24,0.24,0.23,0.53,0.27,0.36,0.2,0.2,0.18,0.33,0.22,0.39,0.17,0.17,0.17,0.39,0.25,0.3,0.31,0.16,0.41,,0.33,0.38,0.2,0.31,,0.15,0.18,0.24,0.47,0.46,,0.39,0.3,0.08,0.34,0.37,0.32,0.37,0.22,0.24,0.52,0.08,0.28,0.29,0.46,,0.19,0.21,,0.21,0.21,0.19,0.47,0.26,,0.29,0.2,0.53,0.22,0.33,0.3,0.2,0.37,0.43,0.49,0.35,,0.22,0.32,0.23,,0.17,0.33,0.21,0.27,0.21,0.37,,0.17,0.31,0.48,0.43,0.33,0.51,0.19,0.32,0.22,0.24,0.48,0.17,0.26
"Thailand","Q1 2017",0.19,0.23,0.21,0.32,0.19,0.18,0.32,0.19,0.44,0.31,0.23,0.22,0.22,0.49,0.21,0.27,0.15,0.17,0.33,0.19,0.2,0.2,0.1,0.29,0.27,0.45,0.16,0.33,0.53,0.5,0.5,0.22,,0.38,0.18,0.31,0.16,0.25,0.28,0.31,0.21,0.19,0.26,,0.19,0.3,0.4,0.19,0.35,0.32,0.46,0.21,0.22,0.16,0.21,,0.17,0.31,0.23,0.42,0.12,0.25,0.23,0.19,0.18,0.48,0.29,0.16,0.34,0.08,0.2,0.23,0.22,0.3,,0.22,0.1,0.21,0.22,0.25,0.18,0.49,0.39,0.4,0.28,0.22,0.35,0.48,0.34,0.5,,0.32,0.26,0.2,0.21,0.2,0.33,0.12,0.21,0.22,0.22,0.52,0.27,0.35,0.2,0.22,0.2,0.31,0.2,0.36,0.17,0.17,0.18,0.39,0.23,0.3,0.26,0.15,0.41,,0.32,0.41,0.2,0.29,,0.15,0.21,0.21,0.44,0.43,0.18,0.38,0.3,0.08,0.33,0.37,0.33,0.36,0.23,0.28,0.51,0.08,0.3,0.29,0.44,,0.2,0.2,,0.21,0.21,0.19,0.46,0.26,,0.28,0.2,0.53,0.23,0.32,0.29,0.21,0.35,0.41,0.49,0.32,,0.21,0.33,0.24,,0.17,0.31,0.21,0.23,0.19,0.37,,0.16,0.31,0.46,0.42,0.32,0.49,0.19,0.32,0.22,0.23,0.47,0.16,0.19
"Thailand","Q1 2018",0.17,0.23,0.22,0.31,0.19,0.19,0.33,0.21,0.42,0.32,0.28,0.3,0.22,0.5,0.21,0.29,0.15,0.17,0.34,0.2,0.19,0.2,0.19,0.28,0.26,0.45,0.16,0.34,0.52,0.5,0.5,0.22,,0.38,0.18,0.3,0.16,0.27,0.28,0.3,0.22,0.21,0.25,,0.1,0.31,0.4,0.19,0.36,0.34,0.39,0.22,0.23,0.16,0.21,,0.18,0.32,0.23,0.42,0.2,0.25,0.23,0.2,0.19,0.48,0.28,0.16,0.38,0.08,0.2,0.23,0.21,0.31,,0.21,0.18,0.22,0.21,0.25,0.19,0.48,0.45,0.35,0.31,0.23,0.35,0.48,0.34,0.49,,0.33,0.26,0.2,0.21,0.21,0.33,0.18,0.24,0.25,0.21,0.51,0.27,0.36,0.21,0.23,0.24,0.31,0.2,0.39,0.16,0.17,0.18,0.47,0.23,0.3,0.25,0.16,0.49,,0.32,0.41,0.2,0.29,,0.15,0.2,0.2,0.43,0.45,0.18,0.38,0.3,0.08,0.34,0.39,0.32,0.37,0.22,0.31,0.51,0.08,0.3,0.31,0.44,,0.2,0.21,,0.2,0.21,0.18,0.46,0.28,,0.28,0.21,0.53,0.23,0.31,0.3,0.19,0.35,0.42,0.49,0.3,,0.22,0.32,0.23,,0.17,0.32,0.22,0.25,0.2,0.39,,0.16,0.33,0.47,0.49,0.33,0.5,0.19,0.33,0.22,0.23,0.47,0.16,0.18
"Thailand","Q1 2019",0.17,0.22,0.21,0.29,0.18,0.18,0.33,0.21,0.42,0.38,0.3,0.3,0.21,0.51,0.22,0.28,0.15,0.17,0.33,0.19,0.2,0.19,0.19,0.28,0.29,0.47,0.16,0.35,0.55,0.52,0.53,0.22,,0.39,0.2,0.28,0.16,0.26,0.27,0.32,0.21,0.21,0.26,,0.19,0.33,0.35,0.19,0.36,0.34,0.41,0.21,0.23,0.17,0.22,,0.18,0.3,0.24,0.44,0.19,0.23,0.23,0.12,0.19,0.5,0.28,0.16,0.39,0.08,0.2,0.23,0.21,0.3,,0.22,0.1,0.22,0.21,0.24,0.19,0.5,0.45,0.27,0.31,0.23,0.38,0.5,0.34,0.51,,0.35,0.3,0.16,0.23,0.21,0.36,0.13,0.23,0.28,0.2,0.54,0.27,0.39,0.19,0.23,0.2,0.34,0.19,0.4,0.19,0.17,0.18,0.41,0.22,0.28,0.25,0.16,0.51,,0.31,0.4,0.19,0.29,,0.14,0.19,0.21,0.47,0.43,0.17,0.4,0.3,0.08,0.36,0.39,0.35,0.4,0.23,0.35,0.54,0.08,0.27,0.3,0.43,,0.2,0.2,,0.2,0.22,0.19,0.47,0.25,,0.29,0.12,0.55,0.23,0.32,0.3,0.21,0.38,0.44,0.52,0.21,,0.22,0.34,0.22,,0.17,0.34,0.22,0.24,0.19,0.4,0.15,0.16,0.32,0.49,0.51,0.36,0.52,0.19,0.32,0.21,0.23,0.49,0.16,0.18
"Thailand","Q1 2020",0.19,0.23,0.21,0.32,0.18,0.18,0.32,0.21,0.42,0.39,0.21,0.3,0.2,0.5,0.2,0.27,0.15,0.17,0.33,0.19,0.21,0.19,0.1,0.28,0.24,0.48,0.16,0.35,0.55,0.53,0.53,0.22,,0.4,0.19,0.31,0.17,0.29,0.27,0.32,0.2,0.21,0.26,,0.19,0.33,0.34,0.2,0.35,0.36,0.4,0.2,0.22,0.17,0.22,,0.18,0.3,0.23,0.44,0.19,0.25,0.23,0.11,0.18,0.49,0.35,0.17,0.39,0.08,0.2,0.26,0.21,0.29,,0.21,0.1,0.21,0.21,0.22,0.19,0.49,0.48,0.25,0.33,0.21,0.38,0.49,0.34,0.51,,0.34,0.26,0.19,0.23,0.22,0.36,0.12,0.23,0.23,0.21,0.53,0.2,0.36,0.21,0.25,0.19,0.34,0.19,0.41,0.19,0.18,0.18,0.41,0.24,0.29,0.25,0.15,0.5,,0.3,0.39,0.19,0.28,,0.14,0.19,0.21,0.46,0.45,0.17,0.41,0.3,0.09,0.36,0.35,0.35,0.38,0.22,0.35,0.54,0.08,0.29,0.3,0.39,,0.19,0.19,,0.2,0.21,0.1,0.47,0.25,,0.22,0.12,0.54,0.22,0.33,0.22,0.21,0.38,0.43,0.5,0.2,,0.21,0.34,0.21,,0.16,0.34,0.2,0.24,0.18,0.4,0.15,0.16,0.32,0.49,0.51,0.25,0.52,0.19,0.32,0.21,0.22,0.49,0.16,0.19
"Thailand","Q1 2021",0.17,0.24,0.21,0.29,0.18,0.19,0.33,0.21,0.44,0.34,0.3,0.31,0.22,0.54,0.2,0.29,0.15,0.17,0.34,0.19,0.2,0.19,0.17,0.29,0.27,0.48,0.15,0.35,0.6,0.58,0.58,0.22,,0.41,0.19,0.29,0.17,0.29,0.27,0.32,0.2,0.21,0.26,,0.19,0.38,0.34,0.2,0.36,0.36,0.44,0.2,0.22,0.18,0.21,,0.19,0.29,0.24,0.53,0.19,0.25,0.23,0.18,0.18,0.53,0.37,0.17,0.44,0.11,0.2,0.27,0.21,0.32,,0.19,0.17,0.21,0.21,0.23,0.2,0.5,0.39,0.3,0.35,0.23,0.39,0.46,0.35,0.56,,0.35,0.26,0.19,0.21,0.21,0.39,0.18,0.23,0.24,0.19,0.58,0.19,0.41,0.21,0.26,0.2,0.32,0.19,0.4,0.19,0.11,0.18,0.45,0.26,0.29,0.25,,0.54,,0.31,0.4,0.22,0.29,0.16,0.14,0.19,0.21,0.49,0.46,0.17,0.41,0.31,0.09,0.35,0.34,0.39,0.5,0.22,0.37,0.59,0.08,0.29,0.3,0.4,,0.19,0.19,,0.2,0.22,0.17,0.52,0.26,,0.21,0.19,0.6,0.23,0.33,0.23,0.21,0.38,0.54,0.54,0.19,,0.22,0.38,0.22,,0.17,0.36,0.22,0.24,0.18,0.44,0.15,0.15,0.32,0.52,0.54,0.25,0.56,0.19,0.33,0.21,0.21,0.55,,0.18
"Timor-Leste","Q1 2016",0.08,0.09,0.16,0.16,0.08,0.08,0.16,0.09,0.23,0.16,0.16,0.15,0.09,0.18,0.09,0.16,0.08,0.09,0.16,0.08,0.15,0.08,0.08,0.15,0.16,0.17,0.07,0.16,0.18,0.17,0.17,,,0.17,0.09,0.16,0.08,0.09,0.16,0.16,0.09,0.09,0.09,,0.09,0.16,0.16,0.09,0.1,0.09,0.17,0.08,0.09,0.07,0.08,,0.08,0.16,0.16,0.17,0.08,0.16,0.09,0.09,0.08,0.18,0.16,0.07,0.16,0.07,0.09,0.09,0.09,0.09,,0.09,0.08,0.09,0.09,0.09,0.08,0.17,0.23,0.16,0.08,0.09,0.16,0.17,0.16,0.17,,0.16,0.16,0.08,0.08,0.08,0.16,0.08,0.09,0.09,0.16,0.17,0.15,0.17,0.09,0.09,0.08,0.16,0.09,0.1,0.08,0.08,0.08,0.17,0.16,0.15,0.16,0.15,0.17,,0.16,0.16,0.08,0.16,,0.14,0.08,0.16,0.17,0.16,,0.17,0.16,0.07,0.16,0.16,0.16,0.17,0.09,0.09,0.17,0,0.16,0.09,0.17,,0.09,0.09,,0.09,0.16,0.08,0.17,0.09,,0.16,0.09,0.24,0.09,0.16,0.16,0.08,0.17,0.18,0.17,0.15,,0.09,0.16,0.09,0.17,,0.16,0.16,0.09,0.09,0.16,,0.08,0.16,0.17,0.18,0.16,0.18,0.08,0.16,0.16,0.09,0.17,0.08,0.15
"Timor-Leste","Q1 2017",0.08,0.09,0.16,0.16,0.08,0.08,0.16,0.09,0.23,0.16,0.09,0.15,0.09,0.18,0.09,0.16,0.08,0.08,0.16,0.08,0.15,0.08,0.08,0.15,0.16,0.17,0.07,0.09,0.18,0.17,0.17,0.14,,0.17,0.08,0.16,0.08,0.09,0.16,0.16,0.09,0.09,0.09,,0.09,0.16,0.16,0.08,0.17,0.09,0.17,0.09,0.09,0.07,0.09,,0.08,0.16,0.09,0.17,0.08,0.16,0.09,0.09,0.08,0.17,0.16,0.07,0.16,0.07,0.09,0.09,0.09,0.09,,0.09,0.08,0.09,0.09,0.09,0.08,0.17,0.23,0.16,0.08,0.09,0.16,0.17,0.17,0.17,,0.16,0.16,0.08,0.08,0.08,0.16,0.08,0.09,0.08,0.15,0.17,0.15,0.17,0.09,0.09,0.08,0.16,0.08,0.16,0.08,0.08,0.08,0.17,0.16,0.16,0.16,0.07,0.17,,0.16,0.16,0.08,0.16,,0.07,0.09,0.09,0.17,0.16,0.08,0.17,0.16,0.07,0.09,0.16,0.16,0.17,0.09,0.09,0.17,0,0.16,0.09,0.17,,0.09,0.09,,0.09,0.15,0.08,0.17,0.09,,0.15,0.09,0.24,0.09,0.16,0.16,0.08,0.16,0.17,0.17,0.15,,0.09,0.16,0.09,0.17,,0.16,0.16,0.09,0.08,0.16,,0.07,0.09,0.17,0.18,0.16,0.18,0.08,0.16,0.16,0.09,0.16,0.07,0.08
"Timor-Leste","Q1 2018",0.08,0.09,0.16,0.16,0.08,0.09,0.16,0.09,0.23,0.16,0.15,0.15,0.09,0.18,0.09,0.16,0.08,0.08,0.16,0.09,0.15,0.08,0.08,0.15,0.16,0.17,0.07,0.09,0.18,0.17,0.17,0.14,,0.17,0.08,0.16,0.08,0.09,0.16,0.16,0.09,0.09,0.09,,0.08,0.16,0.16,0.08,0.17,0.09,0.17,0.09,0.09,0.07,0.09,,0.08,0.16,0.09,0.17,0.08,0.16,0.09,0.09,0.08,0.17,0.16,0.07,0.17,0.07,0.09,0.09,0.08,0.09,,0.09,0.08,0.09,0.09,0.09,0.08,0.17,0.23,0.16,0.09,0.09,0.16,0.17,0.16,0.17,,0.16,0.16,0.08,0.08,0.08,0.16,0.08,0.09,0.08,0.15,0.17,0.15,0.16,0.09,0.09,0.16,0.16,0.08,0.17,0.08,0.08,0.08,0.17,0.16,0.16,0.16,0.07,0.18,,0.16,0.16,0.08,0.16,,0.14,0.08,0.08,0.16,0.16,0.08,0.17,0.16,0.07,0.16,0.16,0.16,0.17,0.09,0.16,0.17,0.07,0.16,0.16,0.17,,0.09,0.09,,0.09,0.15,0.08,0.16,0.16,,0.15,0.09,0.24,0.09,0.16,0.16,0.08,0.16,0.17,0.17,0.15,,0.09,0.16,0.09,0.17,,0.16,0.16,0.09,0.08,0.17,,0.07,0.16,0.17,0.18,0.16,0.18,0.08,0.16,0.16,0.09,0.17,0.07,0.08
"Timor-Leste","Q1 2019",0.08,0.09,0.15,0.16,0.08,0.08,0.16,0.09,0.23,0.16,0.15,0.15,0.09,0.18,0.08,0.16,0.08,0.08,0.16,0.09,0.15,0.08,0.08,0.15,0.16,0.17,0.07,0.09,0.18,0.17,0.17,0.14,,0.17,0.09,0.16,0.08,0.09,0.16,0.15,0.09,0.09,0.09,,0.09,0.16,0.16,0.09,0.17,0.09,0.17,0.09,0.09,0.08,0.08,,0.08,0.16,0.09,0.17,0.08,0.16,0.09,0.08,0.08,0.17,0.16,0.07,0.17,0.07,0.09,0.09,0.08,0.09,,0.09,0.08,0.09,0.09,0.09,0.08,0.17,0.23,0.16,0.16,0.09,0.16,0.17,0.16,0.17,,0.16,0.16,0.07,0.15,0.08,0.16,0.08,0.09,0.16,0.15,0.17,0.15,0.17,0.08,0.09,0.09,0.16,0.08,0.17,0.08,0.08,0.08,0.17,0.16,0.15,0.16,0.14,0.17,,0.16,0.16,0.08,0.16,,0.07,0.08,0.09,0.16,0.16,0.08,0.17,0.16,0.07,0.16,0.16,0.16,0.17,0.09,0.16,0.17,0.07,0.16,0.16,0.17,,0.09,0.09,,0.09,0.15,0.08,0.17,0.09,,0.16,0.08,0.24,0.09,0.16,0.16,0.09,0.16,0.17,0.17,0.08,,0.09,0.16,0.09,0.17,,0.16,0.15,0.09,0.08,0.17,0.07,0.07,0.16,0.17,0.17,0.16,0.18,0.08,0.16,0.15,0.09,0.16,0.07,0.08
"Timor-Leste","Q1 2020",0.08,0.09,0.16,0.16,0.08,0.09,0.16,0.09,0.23,0.16,0.08,0.15,0.09,0.18,0.08,0.16,0.08,0.08,0.16,0.09,0.15,0.08,0.08,0.15,0.09,0.17,0.07,0.09,0.18,0.17,0.17,0.14,,0.17,0.09,0.16,0.08,0.09,0.16,0.15,0.08,0.09,0.09,,0.08,0.16,0.16,0.09,0.17,0.09,0.17,0.08,0.09,0.08,0.09,,0.08,0.16,0.09,0.17,0.08,0.16,0.09,0.08,0.08,0.17,0.16,0.08,0.16,0.07,0.09,0.09,0.08,0.09,,0.09,0.08,0.09,0.09,0.09,0.08,0.17,0.23,0.09,0.16,0.09,0.16,0.17,0.17,0.17,,0.16,0.16,0.08,0.15,0.09,0.16,0.08,0.09,0.09,0.15,0.17,0.15,0.16,0.08,0.09,0.08,0.16,0.08,0.17,0.08,0.08,0.08,0.17,0.16,0.16,0.16,0.07,0.17,,0.16,0.16,0.08,0.16,,0.07,0.08,0.09,0.16,0.16,0.08,0.17,0.16,0.08,0.16,0.16,0.16,0.16,0.09,0.16,0.17,0.07,0.16,0.16,0.17,,0.09,0.09,,0.09,0.16,0.08,0.17,0.09,,0.16,0.08,0.24,0.09,0.16,0.16,0.09,0.16,0.17,0.17,0.08,,0.09,0.16,0.09,0.16,,0.16,0.15,0.09,0.08,0.17,0.07,0.07,0.16,0.17,0.17,0.16,0.18,0.08,0.16,0.16,0.09,0.16,0.07,0.08
"Timor-Leste","Q1 2021",0.08,0.09,0.16,0.16,0.08,0.09,0.16,0.09,0.23,0.17,0.16,0.16,0.09,0.18,0.09,0.16,0.08,0.08,0.17,0.09,0.16,0.09,0.08,0.16,0.16,0.17,0.07,0.09,0.18,0.17,0.18,0.14,,0.17,0.09,0.16,0.08,0.1,0.16,0.16,0.09,0.09,0.09,,0.09,0.16,0.16,0.09,0.17,0.1,0.17,0.09,0.09,0.08,0.09,,0.09,0.16,0.09,0.18,0.09,0.16,0.09,0.09,0.09,0.17,0.17,0.08,0.17,0.08,0.09,0.1,0.09,0.1,,0.09,0.08,0.09,0.09,0.09,0.09,0.17,0.23,0.16,0.16,0.09,0.16,0.17,0.17,0.17,,0.16,0.16,0.09,0.09,0.09,0.16,0.08,0.09,0.09,0.09,0.18,0.15,0.17,0.09,0.1,0.09,0.16,0.09,0.17,0.09,0.09,0.08,0.17,0.16,0.16,0.16,,0.18,,0.16,0.17,0.09,0.16,0.08,0.07,0.09,0.09,0.17,0.17,0.08,0.17,0.16,0.08,0.09,0.16,0.16,0.17,0.09,0.16,0.18,0.07,0.16,0.16,0.17,,0.09,0.09,,0.09,0.16,0.08,0.17,0.09,,0.16,0.08,0.24,0.1,0.16,0.16,0.09,0.17,0.18,0.17,0.08,,0.09,0.16,0.09,0.17,,0.16,0.16,0.1,0.09,0.17,0.07,0.07,0.16,0.17,0.18,0.16,0.18,0.09,0.16,0.16,0.09,0.17,,0.08
"Togo","Q1 2016",0.18,0.24,0.2,0.42,0.11,0.19,0.32,0.21,0.31,0.3,0.28,0.22,0.21,0.48,0.2,0.39,0.08,0.12,0.33,0.1,0.19,0.19,0.19,0.21,0.34,0.35,0.09,0.32,0.47,0.45,0.36,,,0.35,0.2,0.4,0.1,0.25,0.37,0.31,0.2,0.21,0.27,,0.21,0.32,0.35,0.2,0.31,0.31,0.37,0.13,0.2,0.09,0.2,,0.17,0.22,0.24,0.47,0.19,0.23,0.31,0.29,0.18,0.47,0.39,0.16,0.34,0.09,0.21,0.23,0.21,0.28,,0.32,0.19,0.22,0.15,0.23,0.18,0.43,0.26,0.41,0.21,0.23,0.34,0.46,0.29,0.37,,0.32,0.32,0.19,0.21,0.2,0.34,0.27,0.24,0.24,0.22,0.46,0.2,0.42,0.19,0.21,0.19,0.4,0.22,0.36,0.16,0.18,0.1,0.45,0.24,0.22,0.39,0.09,0.39,,0.24,0.27,0.13,0.4,,0.08,0.18,0.23,0.36,0.34,,0.36,0.21,0.08,0.32,0.27,0.33,0.44,0.22,0.23,0.45,0.08,0.35,0.29,0.37,,0.12,0.21,,0.21,0.2,0.2,0.36,0.34,,0.22,0.29,0.46,0.22,0.31,0.22,0.19,0.44,0.48,0.44,0.27,,0.22,0.32,0.23,0.33,0.16,,0.19,0.27,0.21,0.35,,0.1,0.31,0.45,0.48,0.25,0.4,0.12,0.32,0.2,0.23,0.34,0.1,0.24
"Togo","Q1 2017",0.18,0.23,0.2,0.41,0.18,0.18,0.31,0.19,0.31,0.29,0.22,0.21,0.21,0.47,0.2,0.35,0.15,0.17,0.32,0.18,0.19,0.19,0.17,0.21,0.35,0.35,0.15,0.32,0.46,0.37,0.35,0.15,,0.35,0.18,0.4,0.09,0.24,0.36,0.32,0.21,0.19,0.26,,0.21,0.31,0.33,0.18,0.33,0.3,0.36,0.2,0.3,0.09,0.2,,0.17,0.22,0.21,0.46,0.19,0.23,0.32,0.2,0.18,0.45,0.36,0.16,0.34,0.08,0.19,0.23,0.2,0.26,,0.29,0.17,0.21,0.21,0.23,0.18,0.37,0.25,0.29,0.26,0.22,0.34,0.45,0.32,0.36,,0.32,0.24,0.18,0.13,0.19,0.34,0.26,0.21,0.21,0.21,0.45,0.19,0.34,0.19,0.22,0.27,0.39,0.19,0.35,0.16,0.17,0.18,0.45,0.22,0.2,0.34,0.08,0.38,,0.23,0.31,0.19,0.36,,0.08,0.19,0.2,0.35,0.31,0.17,0.35,0.21,0.08,0.33,0.25,0.34,0.43,0.22,0.27,0.43,0.07,0.3,0.28,0.33,,0.19,0.2,,0.2,0.19,0.2,0.35,0.34,,0.2,0.21,0.45,0.22,0.31,0.21,0.12,0.43,0.47,0.43,0.24,,0.21,0.33,0.23,0.31,0.16,,0.2,0.23,0.19,0.35,,0.09,0.29,0.37,0.4,0.24,0.46,0.18,0.31,0.2,0.22,0.33,0.09,0.12
"Togo","Q1 2018",0.17,0.22,0.2,0.39,0.18,0.18,0.33,0.2,0.3,0.31,0.29,0.21,0.21,0.48,0.2,0.36,0.15,0.17,0.34,0.19,0.18,0.2,0.2,0.2,0.34,0.35,0.16,0.33,0.47,0.37,0.37,0.15,,0.36,0.18,0.38,0.09,0.24,0.36,0.31,0.22,0.2,0.25,,0.17,0.32,0.33,0.18,0.34,0.31,0.37,0.21,0.31,0.09,0.21,,0.17,0.22,0.22,0.47,0.19,0.23,0.31,0.2,0.18,0.46,0.36,0.16,0.35,0.08,0.19,0.23,0.2,0.28,,0.28,0.18,0.22,0.2,0.23,0.18,0.37,0.3,0.33,0.28,0.23,0.35,0.46,0.33,0.36,,0.32,0.24,0.18,0.14,0.21,0.34,0.26,0.23,0.25,0.21,0.46,0.19,0.35,0.19,0.23,0.24,0.38,0.19,0.36,0.16,0.16,0.18,0.46,0.23,0.21,0.32,0.08,0.46,,0.23,0.3,0.2,0.37,,0.08,0.18,0.2,0.36,0.32,0.17,0.36,0.21,0.08,0.33,0.26,0.34,0.44,0.22,0.31,0.45,0.08,0.3,0.3,0.41,,0.2,0.2,,0.2,0.19,0.19,0.36,0.36,,0.2,0.22,0.46,0.23,0.31,0.21,0.12,0.43,0.48,0.44,0.22,,0.21,0.33,0.22,0.32,0.16,,0.2,0.24,0.2,0.36,,0.09,0.31,0.37,0.47,0.24,0.47,0.19,0.32,0.2,0.22,0.34,0.09,0.1
"Togo","Q1 2019",0.17,0.21,0.2,0.36,0.18,0.18,0.31,0.21,0.31,0.3,0.28,0.21,0.2,0.47,0.21,0.36,0.15,0.17,0.32,0.19,0.2,0.19,0.19,0.21,0.37,0.36,0.15,0.33,0.47,0.37,0.44,0.15,,0.35,0.19,0.3,0.09,0.24,0.35,0.3,0.21,0.21,0.25,,0.2,0.32,0.32,0.19,0.33,0.31,0.37,0.2,0.31,0.1,0.21,,0.17,0.21,0.22,0.47,0.19,0.22,0.31,0.19,0.18,0.39,0.36,0.16,0.35,0.08,0.19,0.23,0.2,0.28,,0.3,0.17,0.21,0.2,0.22,0.18,0.36,0.31,0.26,0.27,0.23,0.34,0.46,0.32,0.36,,0.32,0.28,0.09,0.21,0.21,0.33,0.26,0.22,0.27,0.2,0.46,0.2,0.36,0.18,0.22,0.21,0.39,0.19,0.36,0.17,0.16,0.18,0.45,0.22,0.2,0.32,0.09,0.46,,0.22,0.29,0.19,0.36,,0.07,0.18,0.21,0.35,0.31,0.17,0.35,0.22,0.08,0.33,0.26,0.35,0.45,0.22,0.32,0.45,0.08,0.26,0.29,0.41,,0.19,0.19,,0.19,0.2,0.19,0.36,0.33,,0.21,0.19,0.46,0.22,0.31,0.21,0.12,0.43,0.47,0.44,0.13,,0.21,0.33,0.22,0.34,0.16,,0.2,0.24,0.19,0.37,0.15,0.09,0.3,0.37,0.41,0.28,0.47,0.18,0.31,0.2,0.22,0.41,0.09,0.11
"Togo","Q1 2020",0.19,0.22,0.2,0.4,0.18,0.18,0.31,0.2,0.31,0.31,0.13,0.21,0.2,0.47,0.2,0.34,0.15,0.17,0.33,0.19,0.2,0.19,0.17,0.2,0.33,0.36,0.15,0.32,0.46,0.37,0.44,0.15,,0.36,0.19,0.32,0.1,0.27,0.36,0.31,0.2,0.2,0.25,,0.19,0.32,0.33,0.19,0.33,0.33,0.37,0.2,0.3,0.1,0.21,,0.17,0.21,0.22,0.47,0.19,0.23,0.32,0.18,0.18,0.39,0.43,0.17,0.36,0.08,0.19,0.26,0.2,0.27,,0.3,0.17,0.21,0.21,0.21,0.18,0.36,0.33,0.24,0.3,0.21,0.35,0.45,0.32,0.36,,0.32,0.25,0.19,0.21,0.21,0.33,0.27,0.22,0.22,0.21,0.45,0.2,0.35,0.19,0.25,0.2,0.4,0.19,0.37,0.18,0.18,0.18,0.46,0.24,0.21,0.32,0.08,0.46,,0.22,0.29,0.19,0.36,,0.07,0.19,0.21,0.36,0.34,0.17,0.36,0.21,0.09,0.33,0.24,0.34,0.44,0.22,0.33,0.45,0.07,0.29,0.29,0.38,,0.19,0.19,,0.19,0.2,0.18,0.36,0.33,,0.21,0.26,0.46,0.22,0.31,0.2,0.13,0.43,0.48,0.44,0.13,,0.21,0.33,0.21,0.34,0.16,,0.19,0.24,0.19,0.37,0.15,0.09,0.3,0.37,0.41,0.25,0.47,0.18,0.31,0.2,0.21,0.34,0.09,0.12
"Togo","Q1 2021",0.17,0.22,0.2,0.36,0.18,0.18,0.32,0.2,0.32,0.32,0.29,0.22,0.21,0.48,0.19,0.37,0.15,0.17,0.33,0.18,0.19,0.19,0.16,0.21,0.35,0.36,0.15,0.33,0.48,0.38,0.45,0.15,,0.36,0.19,0.3,0.09,0.27,0.35,0.32,0.2,0.2,0.25,,0.19,0.33,0.33,0.19,0.34,0.33,0.37,0.2,0.3,0.11,0.2,,0.11,0.21,0.22,0.47,0.19,0.23,0.3,0.19,0.18,0.4,0.45,0.16,0.37,0.1,0.19,0.26,0.2,0.3,,0.26,0.16,0.21,0.2,0.21,0.19,0.44,0.26,0.3,0.33,0.22,0.36,0.46,0.33,0.36,,0.34,0.25,0.19,0.21,0.2,0.35,0.26,0.22,0.23,0.19,0.47,0.19,0.36,0.19,0.25,0.2,0.39,0.19,0.37,0.18,0.18,0.18,0.46,0.26,0.21,0.32,,0.4,,0.22,0.3,0.21,0.37,0.09,0.07,0.18,0.21,0.37,0.43,0.16,0.36,0.22,0.09,0.33,0.24,0.35,0.38,0.22,0.35,0.46,0.07,0.28,0.3,0.31,,0.18,0.18,,0.19,0.2,0.18,0.37,0.33,,0.2,0.26,0.47,0.22,0.32,0.21,0.21,0.44,0.49,0.45,0.12,,0.21,0.33,0.21,0.36,0.16,,0.2,0.24,0.18,0.37,0.15,0.08,0.31,0.45,0.41,0.25,0.48,0.19,0.32,0.2,0.2,0.35,,0.18
"Tonga","Q1 2016",0.1,0.12,0.28,0.19,0.1,0.1,0.19,0.11,0.28,0.2,0.18,0.18,0.12,0.23,0.11,0.19,0.08,0.11,0.19,0.09,0.17,0.1,0.1,0.18,0.19,0.21,0.08,0.19,0.31,0.22,0.29,,,0.21,0.1,0.19,0.23,0.12,0.19,0.19,0.11,0.11,0.11,,0.11,0.18,0.2,0.11,0.21,0.2,0.21,0.1,0.11,0.08,0.11,,0.09,0.28,0.19,0.23,0.1,0.27,0.12,0.11,0.1,0.22,0.19,0.08,0.2,0.08,0.12,0.12,0.19,0.19,,0.11,0.1,0.12,0.12,0.11,0.1,0.21,0.19,0.19,0.1,0.11,0.2,0.22,0.21,0.3,,0.19,0.19,0.26,0.1,0.11,0.2,0.1,0.11,0.11,0.11,0.22,0.1,0.2,0.26,0.11,0.1,0.2,0.11,0.21,0.16,0.1,0.09,0.21,0.18,0.18,0.19,0.16,0.23,,0.28,0.28,0.1,0.2,,0.14,0.17,0.19,0.21,0.2,,0.22,0.2,0.08,0.19,0.2,0.19,0.2,0.11,0.18,0.3,0.07,0.19,0.18,0.21,,0.11,0.12,,0.12,0.28,0.1,0.21,0.12,,0.11,0.11,0.23,0.12,0.19,0.28,0.1,0.21,0.23,0.21,0.18,,0.12,0.19,0.11,0.21,0.16,0.19,,0.2,0.11,0.2,,0.17,0.19,0.21,0.23,0.19,0.24,0.11,0.18,0.27,0.12,0.2,0.17,0.18
"Tonga","Q1 2017",0.1,0.19,0.28,0.2,0.17,0.17,0.2,0.18,0.29,0.2,0.11,0.18,0.19,0.24,0.18,0.2,0.15,0.16,0.2,0.17,0.17,0.11,0.1,0.18,0.2,0.22,0.15,0.2,0.31,0.22,0.3,0.15,,0.23,0.1,0.2,0.23,0.19,0.19,0.19,0.18,0.18,0.12,,0.11,0.19,0.2,0.17,0.21,0.2,0.22,0.18,0.18,0.08,0.11,,0.1,0.28,0.11,0.24,0.1,0.27,0.19,0.11,0.1,0.23,0.2,0.09,0.2,0.08,0.18,0.2,0.2,0.2,,0.12,0.09,0.19,0.19,0.19,0.17,0.22,0.2,0.19,0.18,0.11,0.21,0.23,0.22,0.3,,0.19,0.19,0.26,0.11,0.11,0.2,0.1,0.11,0.11,0.18,0.23,0.1,0.21,0.26,0.19,0.11,0.2,0.11,0.21,0.16,0.09,0.17,0.22,0.19,0.18,0.19,0.15,0.23,,0.29,0.29,0.18,0.2,,0.14,0.19,0.18,0.21,0.2,0.16,0.22,0.2,0.08,0.21,0.2,0.2,0.21,0.19,0.18,0.31,0.07,0.19,0.19,0.21,,0.18,0.18,,0.19,0.27,0.1,0.21,0.19,,0.11,0.11,0.24,0.2,0.19,0.27,0.11,0.21,0.23,0.21,0.11,,0.18,0.19,0.11,0.21,0.16,0.2,,0.2,0.1,0.21,,0.16,0.19,0.22,0.24,0.19,0.31,0.17,0.19,0.27,0.19,0.21,0.16,0.1
"Tonga","Q1 2018",0.1,0.12,0.28,0.2,0.17,0.17,0.2,0.18,0.29,0.2,0.18,0.18,0.19,0.24,0.18,0.2,0.15,0.17,0.2,0.18,0.17,0.11,0.11,0.18,0.19,0.22,0.15,0.2,0.31,0.23,0.31,0.15,,0.23,0.1,0.2,0.23,0.2,0.19,0.19,0.18,0.18,0.12,,0.09,0.19,0.2,0.17,0.22,0.2,0.22,0.18,0.19,0.08,0.11,,0.1,0.29,0.11,0.24,0.11,0.27,0.19,0.11,0.1,0.23,0.2,0.09,0.21,0.08,0.18,0.19,0.19,0.2,,0.12,0.1,0.19,0.18,0.19,0.17,0.22,0.2,0.2,0.19,0.12,0.2,0.23,0.21,0.3,,0.19,0.19,0.26,0.11,0.11,0.2,0.1,0.12,0.11,0.11,0.23,0.11,0.21,0.27,0.19,0.18,0.2,0.11,0.22,0.16,0.09,0.17,0.22,0.19,0.18,0.19,0.15,0.24,,0.29,0.29,0.18,0.2,,0.15,0.18,0.11,0.21,0.21,0.16,0.22,0.2,0.08,0.21,0.2,0.2,0.21,0.19,0.19,0.31,0.07,0.2,0.19,0.22,,0.18,0.19,,0.18,0.28,0.1,0.21,0.2,,0.11,0.11,0.24,0.2,0.19,0.28,0.1,0.21,0.23,0.22,0.11,,0.19,0.19,0.11,0.22,0.16,0.2,,0.2,0.1,0.21,,0.16,0.2,0.22,0.24,0.19,0.31,0.18,0.2,0.27,0.19,0.21,0.16,0.09
"Tonga","Q1 2019",0.09,0.12,0.27,0.2,0.17,0.17,0.2,0.19,0.29,0.2,0.19,0.18,0.19,0.23,0.18,0.2,0.15,0.16,0.2,0.17,0.18,0.11,0.11,0.18,0.2,0.21,0.15,0.2,0.31,0.22,0.3,0.15,,0.23,0.11,0.19,0.22,0.19,0.19,0.19,0.18,0.19,0.12,,0.11,0.19,0.2,0.17,0.21,0.2,0.21,0.18,0.19,0.09,0.11,,0.1,0.28,0.12,0.24,0.1,0.28,0.19,0.1,0.1,0.23,0.2,0.08,0.21,0.08,0.18,0.19,0.18,0.2,,0.11,0.09,0.19,0.19,0.19,0.17,0.21,0.2,0.19,0.19,0.12,0.2,0.23,0.21,0.29,,0.19,0.19,0.15,0.18,0.11,0.19,0.11,0.12,0.19,0.11,0.23,0.1,0.21,0.17,0.18,0.11,0.19,0.11,0.22,0.17,0.09,0.17,0.22,0.19,0.18,0.19,0.15,0.24,,0.28,0.29,0.17,0.2,,0.14,0.18,0.11,0.21,0.2,0.16,0.22,0.2,0.08,0.21,0.2,0.2,0.22,0.19,0.2,0.31,0.07,0.19,0.19,0.21,,0.18,0.18,,0.18,0.28,0.1,0.21,0.19,,0.11,0.1,0.24,0.19,0.19,0.28,0.11,0.21,0.23,0.21,0.1,,0.19,0.19,0.11,0.22,0.15,0.2,,0.2,0.11,0.21,0.14,0.15,0.2,0.22,0.24,0.19,0.31,0.17,0.19,0.27,0.19,0.21,0.15,0.1
"Tonga","Q1 2020",0.09,0.11,0.27,0.19,0.16,0.17,0.18,0.17,0.28,0.19,0.1,0.1,0.18,0.22,0.17,0.18,0.15,0.16,0.19,0.17,0.1,0.1,0.08,0.17,0.18,0.2,0.15,0.19,0.23,0.21,0.22,0.15,,0.21,0.1,0.18,0.23,0.19,0.12,0.18,0.17,0.17,0.11,,0.1,0.18,0.19,0.17,0.2,0.19,0.2,0.17,0.18,0.09,0.11,,0.09,0.27,0.11,0.22,0.1,0.26,0.18,0.09,0.09,0.21,0.19,0.09,0.2,0.08,0.18,0.18,0.17,0.19,,0.1,0.08,0.18,0.18,0.17,0.17,0.2,0.19,0.11,0.18,0.11,0.19,0.21,0.2,0.28,,0.18,0.11,0.18,0.17,0.1,0.18,0.1,0.11,0.11,0.1,0.21,0.1,0.19,0.18,0.18,0.1,0.19,0.1,0.2,0.17,0.09,0.16,0.21,0.18,0.17,0.18,0.15,0.22,,0.27,0.27,0.17,0.19,,0.14,0.17,0.11,0.2,0.19,0.09,0.21,0.19,0.08,0.19,0.18,0.19,0.2,0.18,0.19,0.29,0.07,0.18,0.18,0.2,,0.17,0.17,,0.17,0.27,0.09,0.2,0.18,,0.1,0.09,0.22,0.19,0.18,0.26,0.1,0.2,0.22,0.2,0.1,,0.18,0.18,0.11,0.2,0.15,0.19,,0.19,0.1,0.2,0.14,0.15,0.19,0.2,0.22,0.11,0.29,0.17,0.18,0.26,0.18,0.19,0.15,0.1
"Tonga","Q1 2021",0.1,0.12,0.28,0.19,0.17,0.17,0.2,0.18,0.29,0.2,0.18,0.18,0.19,0.23,0.17,0.2,0.15,0.16,0.2,0.17,0.18,0.11,0.09,0.19,0.2,0.22,0.15,0.2,0.32,0.23,0.31,0.15,,0.23,0.1,0.19,0.23,0.2,0.19,0.19,0.18,0.18,0.12,,0.1,0.19,0.2,0.18,0.22,0.2,0.21,0.18,0.19,0.09,0.11,,0.1,0.29,0.12,0.24,0.1,0.27,0.18,0.1,0.1,0.23,0.21,0.09,0.21,0.1,0.18,0.2,0.18,0.2,,0.1,0.09,0.19,0.18,0.18,0.17,0.22,0.2,0.18,0.19,0.19,0.21,0.23,0.22,0.3,,0.19,0.19,0.26,0.11,0.11,0.2,0.1,0.12,0.11,0.1,0.23,0.1,0.21,0.27,0.19,0.11,0.19,0.1,0.22,0.18,0.1,0.17,0.22,0.19,0.18,0.19,,0.24,,0.29,0.29,0.18,0.2,0.22,0.14,0.18,0.12,0.21,0.21,0.16,0.23,0.21,0.08,0.2,0.19,0.2,0.21,0.19,0.2,0.31,0.07,0.19,0.19,0.21,,0.17,0.18,,0.18,0.29,0.1,0.22,0.19,,0.11,0.1,0.24,0.2,0.19,0.28,0.11,0.21,0.24,0.22,0.1,,0.19,0.19,0.12,0.22,0.16,0.2,,0.2,0.1,0.21,0.15,0.15,0.2,0.22,0.24,0.19,0.32,0.18,0.2,0.27,0.19,0.21,,0.1
"Trinidad and Tobago","Q1 2016",0.18,0.24,0.2,0.28,0.27,0.28,0.27,0.3,0.29,0.29,0.25,0.21,0.32,0.42,0.29,0.28,0.15,0.28,0.35,0.19,0.19,0.19,0.18,0.21,0.26,0.31,0.16,0.28,0.4,0.38,0.37,,,0.39,0.19,0.26,0.1,0.28,0.27,0.25,0.22,0.31,0.25,,0.2,0.26,0.28,0.29,0.4,0.29,0.31,0.21,0.2,0.09,0.21,,0.18,0.23,0.24,0.42,0.27,0.25,0.23,0.21,0.11,0.33,0.28,0.17,0.28,0.09,0.32,0.33,0.22,0.36,,0.23,0.18,0.33,0.32,0.31,0.19,0.3,0.25,0.27,0.14,0.23,0.28,0.33,0.4,0.31,,0.26,0.24,0.19,0.21,0.21,0.29,0.2,0.23,0.24,0.21,0.32,0.13,0.3,0.2,0.29,0.19,0.28,0.21,0.38,0.17,0.17,0.19,0.31,0.23,0.21,0.26,0.09,0.41,,0.26,0.28,0.21,0.29,,0.08,0.18,0.23,0.29,0.28,,0.41,0.22,0.08,0.29,0.25,0.26,0.3,0.32,0.22,0.39,0.08,0.25,0.25,0.37,,0.29,0.32,,0.32,0.2,0.19,0.29,0.25,,0.14,0.21,0.31,0.33,0.26,0.22,0.12,0.3,0.41,0.29,0.23,,0.33,0.26,0.23,0.27,0.09,0.27,0.2,,0.21,0.29,,0.1,0.27,0.3,0.43,0.24,0.44,0.28,0.27,0.21,0.33,0.28,0.1,0.22
"Trinidad and Tobago","Q1 2017",0.11,0.23,0.2,0.24,0.28,0.27,0.24,0.27,0.25,0.26,0.2,0.13,0.33,0.37,0.29,0.23,0.15,0.18,0.32,0.28,0.12,0.13,0.17,0.13,0.23,0.27,0.16,0.25,0.29,0.27,0.27,0.08,,0.37,0.18,0.23,0.09,0.26,0.23,0.22,0.23,0.27,0.22,,0.2,0.22,0.24,0.28,0.37,0.25,0.27,0.22,0.21,0.09,0.2,,0.17,0.21,0.21,0.37,0.27,0.23,0.22,0.2,0.11,0.29,0.24,0.16,0.24,0.08,0.3,0.34,0.2,0.33,,0.21,0.17,0.32,0.31,0.32,0.18,0.26,0.22,0.22,0.13,0.22,0.24,0.29,0.36,0.26,,0.22,0.22,0.12,0.12,0.2,0.25,0.19,0.2,0.2,0.2,0.27,0.12,0.26,0.12,0.31,0.2,0.22,0.19,0.27,0.1,0.1,0.27,0.28,0.21,0.13,0.22,0.08,0.37,,0.24,0.24,0.2,0.24,,0.08,0.13,0.21,0.25,0.24,0.1,0.35,0.14,0.08,0.25,0.15,0.24,0.26,0.31,0.21,0.28,0.01,0.22,0.14,0.26,,0.3,0.3,,0.31,0.19,0.19,0.25,0.23,,0.12,0.2,0.28,0.34,0.22,0.14,0.12,0.25,0.37,0.25,0.12,,0.31,0.23,0.21,0.23,0.09,0.23,0.2,,0.18,0.26,,0.09,0.22,0.26,0.38,0.22,0.4,0.28,0.24,0.13,0.33,0.24,0.09,0.11
"Trinidad and Tobago","Q1 2018",0.1,0.21,0.19,0.25,0.28,0.28,0.25,0.22,0.26,0.25,0.14,0.13,0.32,0.37,0.22,0.24,0.15,0.18,0.33,0.29,0.11,0.12,0.19,0.13,0.24,0.34,0.16,0.25,0.3,0.28,0.28,0.08,,0.37,0.18,0.24,0.09,0.26,0.24,0.23,0.22,0.22,0.23,,0.1,0.22,0.24,0.28,0.38,0.25,0.26,0.22,0.22,0.09,0.2,,0.17,0.22,0.21,0.37,0.28,0.23,0.23,0.19,0.12,0.29,0.24,0.16,0.26,0.08,0.29,0.34,0.19,0.27,,0.21,0.17,0.33,0.28,0.25,0.19,0.26,0.23,0.23,0.22,0.22,0.25,0.29,0.36,0.27,,0.23,0.22,0.11,0.14,0.2,0.24,0.18,0.22,0.21,0.2,0.28,0.12,0.26,0.12,0.32,0.22,0.22,0.19,0.34,0.09,0.1,0.27,0.29,0.22,0.13,0.22,0.08,0.38,,0.23,0.25,0.21,0.24,,0.08,0.11,0.2,0.26,0.25,0.1,0.35,0.14,0.08,0.26,0.16,0.24,0.27,0.31,0.15,0.29,0.08,0.23,0.22,0.27,,0.3,0.3,,0.3,0.19,0.18,0.26,0.24,,0.12,0.21,0.29,0.34,0.22,0.14,0.12,0.25,0.37,0.26,0.13,,0.32,0.24,0.21,0.25,0.09,0.24,0.2,,0.19,0.27,,0.09,0.24,0.27,0.38,0.22,0.4,0.28,0.25,0.13,0.32,0.25,0.09,0.1
"Trinidad and Tobago","Q1 2019",0.17,0.21,0.19,0.24,0.27,0.26,0.25,0.22,0.25,0.24,0.21,0.13,0.31,0.37,0.22,0.24,0.15,0.17,0.33,0.28,0.12,0.12,0.19,0.13,0.24,0.34,0.16,0.25,0.29,0.27,0.28,0.08,,0.37,0.19,0.23,0.09,0.25,0.23,0.21,0.22,0.22,0.22,,0.19,0.22,0.24,0.29,0.37,0.25,0.26,0.21,0.23,0.1,0.21,,0.17,0.14,0.22,0.36,0.27,0.22,0.22,0.18,0.11,0.28,0.24,0.16,0.25,0.08,0.29,0.34,0.19,0.26,,0.21,0.17,0.32,0.22,0.24,0.19,0.26,0.23,0.22,0.15,0.23,0.24,0.29,0.35,0.26,,0.22,0.22,0.02,0.14,0.21,0.24,0.19,0.22,0.23,0.2,0.27,0.13,0.26,0.17,0.31,0.2,0.23,0.19,0.34,0.1,0.1,0.27,0.28,0.21,0.12,0.23,0.09,0.38,,0.22,0.24,0.2,0.24,,0.07,0.11,0.21,0.25,0.25,0.1,0.35,0.14,0.08,0.26,0.16,0.24,0.27,0.31,0.23,0.29,0.01,0.22,0.15,0.26,,0.3,0.28,,0.29,0.2,0.18,0.26,0.23,,0.14,0.19,0.29,0.33,0.22,0.14,0.12,0.25,0.37,0.26,0.13,,0.31,0.23,0.21,0.24,0.09,0.24,0.2,,0.18,0.26,0.15,0.02,0.24,0.26,0.38,0.23,0.4,0.28,0.24,0.13,0.32,0.25,0.02,0.11
"Trinidad and Tobago","Q1 2020",0.19,0.22,0.2,0.24,0.27,0.27,0.24,0.22,0.26,0.25,0.13,0.13,0.31,0.37,0.21,0.23,0.15,0.17,0.33,0.29,0.12,0.19,0.17,0.13,0.23,0.34,0.16,0.24,0.29,0.28,0.28,0.08,,0.37,0.19,0.23,0.1,0.26,0.24,0.15,0.2,0.22,0.23,,0.19,0.23,0.24,0.29,0.37,0.25,0.26,0.21,0.22,0.1,0.21,,0.17,0.14,0.22,0.36,0.27,0.23,0.23,0.18,0.11,0.28,0.24,0.17,0.26,0.08,0.29,0.34,0.2,0.25,,0.21,0.17,0.31,0.22,0.22,0.19,0.26,0.23,0.21,0.15,0.22,0.25,0.29,0.36,0.26,,0.22,0.22,0.11,0.14,0.21,0.24,0.19,0.22,0.22,0.2,0.27,0.13,0.26,0.19,0.32,0.19,0.23,0.19,0.35,0.11,0.11,0.27,0.28,0.22,0.13,0.22,0.02,0.38,,0.22,0.25,0.2,0.24,,0.07,0.11,0.2,0.26,0.25,0.1,0.35,0.14,0.09,0.25,0.15,0.24,0.27,0.31,0.24,0.29,0.08,0.23,0.22,0.26,,0.29,0.27,,0.29,0.2,0.1,0.26,0.23,,0.14,0.18,0.29,0.34,0.15,0.13,0.13,0.25,0.37,0.26,0.13,,0.32,0.23,0.21,0.24,0.09,0.24,0.19,,0.18,0.26,0.15,0.02,0.23,0.27,0.38,0.22,0.4,0.28,0.24,0.13,0.31,0.24,0.02,0.12
"Trinidad and Tobago","Q1 2021",0.17,0.22,0.2,0.23,0.27,0.27,0.24,0.22,0.25,0.25,0.14,0.13,0.31,0.36,0.2,0.23,0.15,0.17,0.33,0.28,0.11,0.19,0.16,0.13,0.24,0.26,0.15,0.24,0.29,0.27,0.28,0.08,,0.37,0.11,0.22,0.09,0.25,0.23,0.15,0.2,0.22,0.22,,0.18,0.22,0.24,0.29,0.36,0.25,0.25,0.21,0.22,0.11,0.2,,0.18,0.14,0.22,0.36,0.27,0.23,0.22,0.18,0.11,0.28,0.25,0.17,0.26,0.1,0.29,0.34,0.2,0.25,,0.19,0.16,0.31,0.21,0.22,0.19,0.26,0.22,0.13,0.22,0.22,0.24,0.28,0.35,0.26,,0.22,0.22,0.11,0.14,0.2,0.24,0.18,0.22,0.22,0.12,0.27,0.12,0.26,0.19,0.33,0.2,0.14,0.12,0.34,0.11,0.11,0.27,0.27,0.23,0.13,0.22,,0.37,,0.22,0.24,0.22,0.24,0.09,0.07,0.11,0.2,0.25,0.25,0.09,0.34,0.14,0.09,0.25,0.14,0.25,0.26,0.24,0.23,0.28,0.07,0.22,0.22,0.26,,0.28,0.27,,0.29,0.2,0.1,0.26,0.23,,0.13,0.18,0.29,0.33,0.15,0.13,0.13,0.25,0.37,0.26,0.12,,0.31,0.23,0.21,0.24,0.1,0.24,0.2,,0.18,0.26,0.15,0.02,0.23,0.26,0.38,0.22,0.39,0.28,0.24,0.13,0.3,0.24,,0.11
"Tunisia","Q1 2016",0.24,0.28,0.11,0.21,0.1,0.17,0.2,0.18,0.21,0.2,0.19,0.12,0.18,0.31,0.11,0.21,0.08,0.11,0.21,0.09,0.11,0.18,0.17,0.12,0.2,0.22,0.08,0.2,0.24,0.22,0.22,,,0.22,0.17,0.2,0.09,0.21,0.2,0.2,0.18,0.18,0.21,,0.18,0.2,0.22,0.17,0.22,0.21,0.29,0.11,0.17,0.08,0.18,,0.09,0.12,0.2,0.31,0.17,0.19,0.19,0.19,0.17,0.24,0.21,0.15,0.29,0.08,0.18,0.19,0.11,0.21,,0.2,0.17,0.19,0.12,0.19,0.1,0.22,0.19,0.2,0.11,0.2,0.22,0.31,0.22,0.22,,0.21,0.2,0.1,0.11,0.18,0.22,0.17,0.28,0.19,0.19,0.23,0.1,0.29,0.1,0.18,0.18,0.2,0.18,0.23,0.09,0.17,0.09,0.3,0.19,0.12,0.19,0.08,0.24,,0.2,0.2,0.11,0.21,,0.07,0.1,0.2,0.22,0.22,,0.23,0.12,0.07,0.2,0.12,0.2,0.22,0.19,0.19,0.23,0.07,0.2,0.21,0.23,,0.1,0.18,,0.18,0.11,0.17,0.22,0.2,,0.11,0.18,0.23,0.19,0.21,0.11,0.1,0.22,0.31,0.22,0.19,,0.2,0.2,0.19,0.21,0.09,0.21,0.11,0.21,,0.29,,0.09,0.21,0.23,0.24,0.2,0.24,0.1,0.2,0.11,0.21,0.21,0.09,0.18
"Tunisia","Q1 2017",0.17,0.26,0.1,0.19,0.1,0.09,0.19,0.17,0.19,0.18,0.17,0.1,0.11,0.22,0.1,0.19,0.08,0.09,0.19,0.1,0.1,0.18,0.16,0.17,0.19,0.2,0.08,0.19,0.21,0.2,0.2,0.08,,0.21,0.09,0.18,0.02,0.19,0.19,0.19,0.17,0.17,0.18,,0.1,0.18,0.19,0.1,0.2,0.19,0.21,0.1,0.18,0.08,0.17,,0.09,0.11,0.17,0.22,0.16,0.11,0.18,0.17,0.17,0.22,0.19,0.15,0.27,0.08,0.1,0.18,0.1,0.19,,0.17,0.16,0.18,0.11,0.11,0.09,0.2,0.18,0.18,0.1,0.18,0.19,0.28,0.2,0.2,,0.18,0.18,0.09,0.1,0.17,0.2,0.16,0.25,0.17,0.1,0.21,0.1,0.27,0.1,0.18,0.17,0.18,0.1,0.2,0.09,0.16,0.09,0.28,0.18,0.17,0.18,0.01,0.21,,0.11,0.12,0.1,0.19,,0.01,0.1,0.17,0.2,0.19,0.09,0.2,0.11,0.07,0.19,0.18,0.18,0.2,0.11,0.17,0.21,0.07,0.18,0.19,0.27,,0.1,0.11,,0.11,0.1,0.09,0.2,0.19,,0.1,0.17,0.21,0.18,0.19,0.11,0.1,0.19,0.28,0.2,0.1,,0.18,0.18,0.18,0.19,0.08,0.19,0.1,0.18,,0.27,,0.01,0.19,0.2,0.22,0.18,0.22,0.1,0.18,0.1,0.19,0.19,0.01,0.09
"Tunisia","Q1 2018",0.16,0.26,0.1,0.2,0.1,0.1,0.2,0.17,0.2,0.18,0.11,0.11,0.11,0.23,0.1,0.2,0.08,0.09,0.2,0.1,0.1,0.18,0.17,0.11,0.19,0.21,0.08,0.2,0.23,0.21,0.21,0.08,,0.21,0.09,0.19,0.02,0.2,0.2,0.2,0.17,0.17,0.19,,0.09,0.19,0.21,0.1,0.21,0.2,0.28,0.11,0.18,0.08,0.18,,0.09,0.11,0.18,0.23,0.16,0.11,0.18,0.17,0.17,0.23,0.2,0.15,0.28,0.08,0.1,0.18,0.1,0.2,,0.18,0.16,0.19,0.11,0.12,0.1,0.21,0.19,0.2,0.19,0.19,0.2,0.29,0.21,0.21,,0.2,0.18,0.1,0.11,0.17,0.21,0.17,0.27,0.18,0.1,0.22,0.1,0.28,0.1,0.18,0.18,0.18,0.1,0.21,0.08,0.16,0.09,0.29,0.19,0.18,0.18,0.01,0.23,,0.11,0.12,0.1,0.2,,0.08,0.1,0.18,0.21,0.21,0.09,0.21,0.11,0.07,0.2,0.19,0.19,0.21,0.11,0.19,0.22,0.07,0.19,0.2,0.28,,0.11,0.11,,0.1,0.1,0.09,0.21,0.2,,0.1,0.18,0.23,0.19,0.19,0.11,0.09,0.2,0.3,0.21,0.1,,0.18,0.2,0.2,0.2,0.08,0.2,0.1,0.19,,0.28,,0.01,0.21,0.22,0.23,0.19,0.23,0.1,0.2,0.1,0.18,0.2,0.01,0.09
"Tunisia","Q1 2019",0.24,0.26,0.1,0.18,0.09,0.1,0.19,0.18,0.19,0.18,0.1,0.1,0.11,0.22,0.1,0.19,0.08,0.09,0.19,0.1,0.1,0.18,0.17,0.1,0.19,0.2,0.08,0.19,0.22,0.2,0.2,0.08,,0.21,0.1,0.18,0.02,0.18,0.19,0.18,0.17,0.18,0.18,,0.17,0.18,0.19,0.1,0.2,0.19,0.21,0.1,0.18,0.09,0.17,,0.09,0.11,0.17,0.22,0.16,0.11,0.18,0.16,0.17,0.22,0.19,0.15,0.27,0.08,0.1,0.18,0.09,0.19,,0.18,0.16,0.18,0.11,0.11,0.1,0.2,0.18,0.18,0.11,0.18,0.19,0.28,0.2,0.19,,0.18,0.18,0.01,0.1,0.17,0.19,0.17,0.26,0.18,0.1,0.21,0.1,0.27,0.09,0.18,0.17,0.18,0.1,0.2,0.09,0.16,0.09,0.28,0.18,0.1,0.18,0.08,0.22,,0.11,0.11,0.1,0.19,,0,0.09,0.18,0.2,0.19,0.09,0.2,0.11,0.08,0.19,0.18,0.19,0.21,0.11,0.19,0.21,0.07,0.18,0.19,0.27,,0.11,0.1,,0.1,0.11,0.09,0.2,0.18,,0.1,0.17,0.22,0.18,0.18,0.11,0.1,0.19,0.29,0.2,0.1,,0.18,0.18,0.18,0.19,0.08,0.19,0.11,0.18,,0.27,0.07,0.01,0.19,0.21,0.22,0.18,0.22,0.1,0.19,0.1,0.18,0.19,0.01,0.09
"Tunisia","Q1 2020",0.17,0.25,0.1,0.18,0.09,0.1,0.18,0.17,0.19,0.18,0.1,0.1,0.11,0.21,0.1,0.18,0.08,0.09,0.19,0.1,0.1,0.17,0.15,0.1,0.18,0.19,0.08,0.18,0.21,0.2,0.2,0.08,,0.2,0.16,0.18,0.09,0.19,0.19,0.18,0.16,0.17,0.18,,0.17,0.17,0.19,0.1,0.19,0.19,0.2,0.1,0.17,0.09,0.17,,0.09,0.11,0.17,0.28,0.16,0.17,0.18,0.16,0.16,0.21,0.19,0.15,0.2,0.08,0.1,0.18,0.1,0.18,,0.17,0.15,0.11,0.1,0.1,0.09,0.2,0.18,0.17,0.1,0.18,0.19,0.27,0.19,0.19,,0.18,0.18,0.09,0.1,0.17,0.19,0.17,0.25,0.17,0.17,0.2,0.09,0.26,0.1,0.18,0.17,0.18,0.16,0.2,0.09,0.16,0.09,0.27,0.18,0.1,0.17,0.01,0.21,,0.18,0.18,0.1,0.19,,0.07,0.09,0.18,0.19,0.19,0.09,0.2,0.1,0.08,0.18,0.1,0.18,0.2,0.11,0.19,0.21,0.07,0.18,0.19,0.2,,0.1,0.1,,0.1,0.1,0.09,0.2,0.18,,0.1,0.16,0.21,0.18,0.18,0.1,0.1,0.19,0.28,0.2,0.1,,0.11,0.18,0.18,0.18,0.08,0.19,0.1,0.18,,0.27,0.07,0.01,0.19,0.2,0.21,0.18,0.21,0.1,0.18,0.1,0.11,0.18,0.01,0.09
"Tunisia","Q1 2021",0.17,0.25,0.1,0.17,0.09,0.1,0.18,0.17,0.18,0.18,0.1,0.1,0.17,0.2,0.09,0.18,0.08,0.09,0.18,0.09,0.09,0.17,0.15,0.1,0.18,0.19,0.08,0.1,0.2,0.19,0.19,0.07,,0.19,0.09,0.17,0.02,0.18,0.18,0.17,0.16,0.17,0.17,,0.16,0.17,0.18,0.1,0.19,0.18,0.19,0.1,0.17,0.08,0.1,,0.09,0.1,0.1,0.2,0.16,0.1,0.17,0.16,0.16,0.2,0.18,0.15,0.19,0.09,0.1,0.18,0.09,0.18,,0.16,0.15,0.17,0.1,0.1,0.09,0.19,0.1,0.09,0.1,0.17,0.18,0.26,0.19,0.18,,0.18,0.18,0.09,0.09,0.1,0.19,0.16,0.25,0.1,0.09,0.2,0.09,0.26,0.1,0.18,0.17,0.1,0.09,0.19,0.09,0.16,0.09,0.26,0.18,0.1,0.17,,0.2,,0.1,0.11,0.1,0.18,0.01,0,0.09,0.17,0.19,0.19,0.08,0.19,0.1,0.08,0.1,0.1,0.18,0.19,0.1,0.18,0.2,0.07,0.17,0.18,0.19,,0.09,0.1,,0.1,0.1,0.09,0.19,0.18,,0.09,0.16,0.2,0.18,0.17,0.1,0.1,0.18,0.27,0.19,0.09,,0.17,0.17,0.17,0.18,0.09,0.18,0.1,0.18,,0.26,0.07,0.01,0.18,0.19,0.2,0.18,0.2,0.1,0.18,0.1,0.1,0.18,,0.09
"Turkiye","Q1 2016",0.2,0.34,0.2,0.33,0.19,0.19,0.35,0.22,0.35,0.33,0.29,0.22,0.22,0.56,0.22,0.29,0.15,0.2,0.36,0.18,0.19,0.27,0.19,0.22,0.27,0.4,0.16,0.35,0.54,0.45,0.44,,,0.49,0.2,0.31,0.1,0.36,0.29,0.41,0.22,0.23,0.36,,0.2,0.35,0.36,0.2,0.42,0.42,0.54,0.21,0.2,0.09,0.21,,0.18,0.23,0.28,0.55,0.2,0.25,0.24,0.22,0.25,0.55,0.31,0.24,0.48,0.09,0.22,0.24,0.21,0.38,,0.24,0.18,0.23,0.23,0.26,0.19,0.46,0.29,0.39,0.22,0.31,0.45,0.56,0.33,0.44,,0.33,0.26,0.19,0.22,0.21,0.49,0.2,0.33,0.25,0.23,0.53,0.2,0.5,0.2,0.22,0.19,0.34,0.22,0.5,0.17,0.18,0.18,0.53,0.24,0.23,0.31,0.09,0.54,,0.26,0.3,0.21,0.32,,0.08,0.18,0.24,0.5,0.38,,0.51,0.22,0.08,0.36,0.28,0.36,0.5,0.24,0.24,0.53,0.15,0.28,0.38,0.51,,0.2,0.22,,0.22,0.2,0.2,0.5,0.27,,0.22,0.21,0.52,0.23,0.42,0.22,0.2,0.38,0.57,0.42,0.27,,0.24,0.37,0.31,0.37,0.16,0.35,0.2,0.29,0.29,,,0.1,0.4,0.5,0.55,0.26,0.55,0.2,0.34,0.21,0.33,0.42,0.1,0.25
"Turkiye","Q1 2017",0.2,0.34,0.21,0.34,0.2,0.19,0.35,0.21,0.37,0.34,0.24,0.22,0.24,0.59,0.23,0.29,0.15,0.18,0.36,0.2,0.2,0.28,0.18,0.22,0.29,0.43,0.16,0.38,0.58,0.47,0.45,0.16,,0.5,0.19,0.33,0.1,0.36,0.3,0.42,0.24,0.21,0.36,,0.21,0.37,0.44,0.2,0.46,0.42,0.56,0.23,0.24,0.16,0.22,,0.18,0.23,0.25,0.57,0.2,0.25,0.25,0.21,0.26,0.57,0.31,0.24,0.51,0.08,0.21,0.26,0.22,0.39,,0.23,0.18,0.23,0.24,0.27,0.19,0.5,0.3,0.41,0.28,0.31,0.46,0.58,0.36,0.47,,0.36,0.34,0.19,0.22,0.21,0.48,0.2,0.3,0.23,0.22,0.55,0.2,0.51,0.2,0.25,0.21,0.34,0.21,0.48,0.17,0.18,0.19,0.55,0.31,0.23,0.27,0.09,0.57,,0.26,0.36,0.21,0.31,,0.08,0.21,0.22,0.51,0.38,0.17,0.5,0.22,0.08,0.38,0.29,0.4,0.52,0.25,0.29,0.56,0.15,0.32,0.39,0.47,,0.21,0.21,,0.22,0.2,0.2,0.53,0.28,,0.22,0.21,0.56,0.25,0.43,0.22,0.21,0.45,0.59,0.46,0.26,,0.23,0.4,0.33,0.37,0.16,0.35,0.21,0.26,0.27,,,0.09,0.41,0.53,0.58,0.33,0.58,0.2,0.35,0.21,0.32,0.42,0.09,0.19
"Turkiye","Q1 2018",0.19,0.32,0.21,0.32,0.2,0.2,0.37,0.23,0.36,0.35,0.32,0.24,0.23,0.59,0.23,0.31,0.15,0.18,0.38,0.21,0.19,0.28,0.21,0.22,0.28,0.5,0.16,0.38,0.58,0.47,0.53,0.16,,0.5,0.19,0.32,0.1,0.36,0.29,0.42,0.24,0.23,0.35,,0.18,0.36,0.45,0.2,0.47,0.43,0.58,0.23,0.24,0.16,0.22,,0.19,0.24,0.25,0.57,0.21,0.25,0.25,0.21,0.27,0.57,0.3,0.24,0.54,0.08,0.21,0.26,0.21,0.33,,0.3,0.19,0.24,0.23,0.27,0.2,0.51,0.35,0.46,0.32,0.32,0.48,0.59,0.38,0.44,,0.44,0.34,0.2,0.22,0.22,0.48,0.2,0.34,0.26,0.22,0.56,0.21,0.52,0.21,0.26,0.26,0.34,0.21,0.42,0.17,0.17,0.19,0.57,0.32,0.24,0.26,0.09,0.57,,0.26,0.35,0.22,0.31,,0.09,0.2,0.21,0.51,0.47,0.18,0.5,0.23,0.08,0.39,0.31,0.38,0.51,0.24,0.42,0.56,0.15,0.32,0.41,0.49,,0.22,0.22,,0.22,0.21,0.19,0.54,0.3,,0.22,0.29,0.57,0.26,0.43,0.23,0.2,0.46,0.6,0.53,0.24,,0.24,0.45,0.32,0.39,0.17,0.36,0.21,0.27,0.28,,,0.09,0.44,0.54,0.58,0.35,0.56,0.21,0.36,0.21,0.24,0.49,0.09,0.18
"Turkiye","Q1 2019",0.26,0.32,0.21,0.3,0.19,0.19,0.35,0.23,0.36,0.34,0.3,0.24,0.23,0.56,0.23,0.3,0.15,0.18,0.36,0.2,0.21,0.28,0.2,0.22,0.31,0.49,0.16,0.37,0.56,0.45,0.52,0.16,,0.48,0.21,0.3,0.1,0.28,0.29,0.4,0.23,0.23,0.35,,0.2,0.35,0.44,0.21,0.39,0.42,0.56,0.22,0.24,0.17,0.22,,0.18,0.23,0.25,0.56,0.2,0.24,0.25,0.2,0.27,0.54,0.31,0.16,0.52,0.08,0.21,0.25,0.21,0.32,,0.31,0.18,0.23,0.22,0.26,0.2,0.5,0.35,0.36,0.31,0.32,0.47,0.57,0.37,0.43,,0.38,0.38,0.09,0.24,0.22,0.47,0.27,0.33,0.3,0.21,0.54,0.21,0.51,0.19,0.24,0.21,0.35,0.2,0.41,0.18,0.18,0.19,0.54,0.31,0.21,0.27,0.09,0.55,,0.24,0.33,0.2,0.31,,0.08,0.19,0.23,0.5,0.38,0.17,0.48,0.23,0.09,0.38,0.3,0.38,0.52,0.24,0.44,0.55,0.15,0.29,0.4,0.47,,0.21,0.21,,0.21,0.21,0.2,0.53,0.27,,0.23,0.27,0.56,0.24,0.41,0.23,0.21,0.47,0.58,0.51,0.21,,0.23,0.37,0.31,0.4,0.17,0.37,0.21,0.26,0.27,,0.15,0.09,0.43,0.52,0.56,0.38,0.56,0.2,0.34,0.21,0.24,0.49,0.09,0.18
"Turkiye","Q1 2020",0.27,0.33,0.21,0.34,0.19,0.19,0.34,0.22,0.36,0.35,0.21,0.24,0.22,0.57,0.22,0.29,0.15,0.18,0.36,0.2,0.2,0.28,0.17,0.22,0.26,0.49,0.16,0.36,0.57,0.46,0.53,0.16,,0.49,0.21,0.33,0.1,0.31,0.37,0.35,0.21,0.22,0.35,,0.2,0.37,0.44,0.21,0.38,0.44,0.56,0.21,0.24,0.17,0.23,,0.18,0.23,0.25,0.57,0.2,0.25,0.26,0.19,0.26,0.55,0.38,0.18,0.53,0.08,0.21,0.28,0.21,0.31,,0.3,0.17,0.23,0.23,0.23,0.2,0.5,0.37,0.33,0.34,0.31,0.48,0.57,0.36,0.44,,0.36,0.35,0.2,0.23,0.23,0.48,0.27,0.34,0.24,0.22,0.55,0.21,0.49,0.21,0.27,0.2,0.36,0.21,0.42,0.19,0.2,0.19,0.55,0.33,0.22,0.27,0.09,0.56,,0.24,0.33,0.2,0.31,,0.08,0.19,0.22,0.51,0.41,0.17,0.49,0.23,0.09,0.37,0.28,0.39,0.5,0.23,0.44,0.55,0.15,0.31,0.4,0.43,,0.2,0.2,,0.21,0.21,0.18,0.53,0.27,,0.23,0.2,0.56,0.24,0.43,0.22,0.22,0.47,0.59,0.52,0.21,,0.23,0.38,0.3,0.4,0.17,0.37,0.2,0.26,0.27,,0.15,0.09,0.42,0.54,0.57,0.34,0.56,0.2,0.34,0.21,0.23,0.41,0.09,0.2
"Turkiye","Q1 2021",0.25,0.33,0.21,0.3,0.19,0.19,0.34,0.22,0.37,0.35,0.3,0.24,0.23,0.59,0.21,0.3,0.15,0.17,0.36,0.19,0.19,0.28,0.17,0.22,0.28,0.49,0.16,0.36,0.58,0.47,0.55,0.16,,0.49,0.19,0.3,0.1,0.31,0.29,0.35,0.22,0.22,0.35,,0.19,0.38,0.43,0.21,0.38,0.44,0.56,0.21,0.23,0.18,0.22,,0.19,0.22,0.25,0.58,0.2,0.25,0.23,0.19,0.26,0.57,0.38,0.17,0.55,0.11,0.21,0.29,0.21,0.34,,0.2,0.17,0.23,0.21,0.24,0.2,0.5,0.29,0.31,0.36,0.31,0.48,0.59,0.36,0.45,,0.37,0.34,0.19,0.22,0.22,0.49,0.19,0.33,0.24,0.2,0.56,0.2,0.51,0.21,0.28,0.21,0.33,0.2,0.42,0.19,0.19,0.19,0.56,0.35,0.22,0.26,,0.58,,0.24,0.33,0.23,0.3,0.09,0.08,0.19,0.22,0.52,0.42,0.17,0.48,0.23,0.09,0.36,0.26,0.41,0.54,0.23,0.46,0.57,0.15,0.3,0.39,0.42,,0.19,0.2,,0.21,0.21,0.18,0.55,0.27,,0.22,0.19,0.58,0.24,0.42,0.22,0.23,0.47,0.61,0.54,0.19,,0.23,0.39,0.3,0.44,0.17,0.37,0.21,0.26,0.26,,0.15,0.09,0.43,0.55,0.59,0.34,0.58,0.2,0.34,0.21,0.22,0.44,,0.19
"Turks and Caicos Islands","Q1 2016",,,,,,,,,,,,,,,,,,,,,,,,,,,,,,,,,,,,,,,,,,,,,,,,,,,,,,,,,,,,,,,,,,,,,,,,,,,,,,,,,,,,,,,,,,,,,,,,,,,,,,,,,,,,,,,,,,,,,,,,,,,,,,,,,,,,,,,,,,,,,,,,,,,,,,,,,,,,,,,,,,,,,,,,,,,,,,,,,,,,,,,,,,,,,,,
"Turks and Caicos Islands","Q1 2017",,,,,,,,,,,,,,,,,,,,,,,,,,,,,,,,,,,,,,,,,,,,,,,,,,,,,,,,,,,,,,,,,,,,,,,,,,,,,,,,,,,,,,,,,,,,,,,,,,,,,,,,,,,,,,,,,,,,,,,,,,,,,,,,,,,,,,,,,,,,,,,,,,,,,,,,,,,,,,,,,,,,,,,,,,,,,,,,,,,,,,,,,,,,,,,
"Turks and Caicos Islands","Q1 2018",,,,,,,,,,,,,,,,,,,,,,,,,,,,,,,,,,,,,,,,,,,,,,,,,,,,,,,,,,,,,,,,,,,,,,,,,,,,,,,,,,,,,,,,,,,,,,,,,,,,,,,,,,,,,,,,,,,,,,,,,,,,,,,,,,,,,,,,,,,,,,,,,,,,,,,,,,,,,,,,,,,,,,,,,,,,,,,,,,,,,,,,,,,,,,,
"Turks and Caicos Islands","Q1 2019",0.07,0.08,0.14,0.15,0.14,0.14,0.15,0.15,0.15,0.22,0.14,0.07,0.15,0.16,0.15,0.15,0.14,0.14,0.15,0.15,0.07,0.07,0.07,0.07,0.15,0.15,0.14,0.15,0.16,0.16,0.16,0.07,,0.15,0.08,0.08,0.07,0.15,0.08,0.14,0.15,0.15,0.08,,0.08,0.08,0.15,0.15,0.16,0.15,0.15,0.14,0.15,0.07,0.07,,0.07,0.08,0.08,0.16,0.08,0.15,0.15,0.07,0.07,0.16,0.15,0.07,0.15,0,0.15,0.15,0.14,0.15,,0.08,0.07,0.15,0.15,0.15,0.14,0.15,0.15,0.08,0.08,0.08,0.15,0.16,0.15,0.15,,0.08,0.08,0,0.07,0.07,0.08,0.07,0.08,0.08,0.07,0.16,0.07,0.15,0.14,0.15,0.08,0.08,0.07,0.15,0.07,0.07,0.14,0.16,0.15,0.07,0.15,0.07,0.16,,0.15,0.15,0.14,0.15,,0.07,0.07,0.08,0.15,0.15,0.07,0.15,0.08,0.07,0.15,0.08,0.15,0.16,0.15,0.15,0.16,0,0.08,0.08,0.15,,0.15,0.15,,0.15,0.14,0.07,0.15,0.15,,0.08,0.07,0.16,0.15,0.15,0.08,0.08,0.15,0.16,0.16,0.07,,0.15,0.08,0.08,0.15,0.07,0.15,0.14,0.15,0.07,0.15,,0,0.15,0.16,0.16,0.08,0.23,0.14,0.15,0.08,0.15,0.15,0,0.07
"Turks and Caicos Islands","Q1 2020",0.07,0.08,0.15,0.15,0.14,0.14,0.15,0.15,0.15,0.22,0.07,0.07,0.15,0.16,0.15,0.15,0.14,0.14,0.15,0.15,0.07,0.07,0.07,0.07,0.15,0.15,0.14,0.15,0.16,0.16,0.16,0.07,,0.16,0.08,0.08,0.07,0.15,0.08,0.08,0.14,0.15,0.08,,0.07,0.08,0.15,0.15,0.16,0.15,0.15,0.14,0.15,0.07,0.08,,0.07,0.08,0.08,0.16,0.07,0.15,0.15,0.07,0.07,0.16,0.15,0.07,0.15,0,0.15,0.15,0.14,0.15,,0.08,0.07,0.15,0.15,0.14,0.14,0.16,0.15,0.08,0.08,0.08,0.15,0.16,0.15,0.15,,0.08,0.08,0.08,0.07,0.08,0.08,0.07,0.08,0.08,0.08,0.16,0.07,0.15,0.15,0.15,0.07,0.08,0.07,0.16,0.07,0.07,0.14,0.16,0.15,0.08,0.15,0,0.16,,0.15,0.15,0.14,0.15,,0.07,0.07,0.08,0.15,0.15,0.07,0.15,0.08,0.07,0.15,0.08,0.15,0.15,0.15,0.15,0.16,0,0.08,0.08,0.15,,0.15,0.14,,0.15,0.15,0.07,0.15,0.15,,0.08,0.07,0.16,0.15,0.08,0.08,0.08,0.15,0.16,0.15,0.07,,0.15,0.08,0.08,0.15,0.07,0.15,0.14,0.15,0.07,0.15,,0,0.15,0.16,0.16,0.08,0.23,0.14,0.15,0.08,0.15,0.15,0,0.07
"Turks and Caicos Islands","Q1 2021",0.07,0.08,0.15,0.15,0.14,0.14,0.15,0.15,0.15,0.22,0.07,0.07,0.15,0.16,0.14,0.15,0.14,0.14,0.15,0.15,0.07,0.07,0.07,0.07,0.15,0.15,0.14,0.15,0.16,0.16,0.16,0.07,,0.16,0.07,0.08,0.07,0.15,0.08,0.08,0.14,0.15,0.08,,0.07,0.08,0.15,0.15,0.15,0.15,0.15,0.14,0.15,0.07,0.08,,0.07,0.08,0.08,0.16,0.07,0.15,0.15,0.07,0.07,0.16,0.15,0.07,0.15,0.07,0.15,0.15,0.14,0.15,,0.07,0.07,0.15,0.15,0.14,0.14,0.16,0.15,0.07,0.15,0.14,0.15,0.16,0.15,0.15,,0.08,0.08,0.08,0.07,0.07,0.08,0.07,0.08,0.08,0.07,0.16,0.07,0.15,0.15,0.15,0.07,0.08,0.07,0.15,0.08,0.07,0.14,0.15,0.15,0.08,0.15,,0.16,,0.15,0.15,0.14,0.15,0.07,0.07,0.07,0.08,0.15,0.15,0.07,0.16,0.08,0.07,0.15,0.08,0.15,0.15,0.15,0.08,0.16,0,0.08,0.08,0.15,,0.15,0.14,,0.15,0.15,0.07,0.15,0.15,,0.08,0.07,0.16,0.15,0.08,0.08,0.08,0.15,0.16,0.15,0.07,,0.15,0.08,0.08,0.15,0.07,0.15,0.15,0.15,0.07,0.15,,0,0.15,0.16,0.16,0.08,0.23,0.15,0.15,0.08,0.15,0.15,,0.07
"Tuvalu","Q1 2016",0.02,0.09,0.17,0.1,0.09,0.09,0.09,0.09,0.18,0.1,0.09,0.09,0.09,0.19,0.09,0.1,0.07,0.09,0.1,0.08,0.08,0.02,0.02,0.09,0.1,0.17,0.08,0.09,0.19,0.18,0.18,,,0.17,0.09,0.1,0.15,0.1,0.1,0.09,0.09,0.09,0.09,,0.09,0.09,0.1,0.09,0.1,0.1,0.11,0.08,0.09,0.01,0.09,,0.08,0.24,0.09,0.19,0.09,0.17,0.09,0.09,0.02,0.11,0.1,0.08,0.1,0.01,0.09,0.1,0.16,0.1,,0.09,0.02,0.09,0.09,0.09,0.09,0.11,0.16,0.1,0.02,0.09,0.1,0.11,0.17,0.18,,0.09,0.1,0.23,0.08,0.09,0.1,0.09,0.09,0.09,0.09,0.18,0.08,0.1,0.23,0.09,0.08,0.1,0.09,0.11,0.15,0.02,0.08,0.11,0.09,0.09,0.09,0.15,0.18,,0.24,0.24,0.08,0.1,,0.07,0.15,0.09,0.1,0.1,,0.18,0.16,0.01,0.1,0.16,0.09,0.1,0.09,0.09,0.19,0,0.1,0.09,0.11,,0.09,0.09,,0.09,0.17,0.09,0.1,0.09,,0.09,0.09,0.18,0.1,0.09,0.17,0.02,0.1,0.12,0.1,0.09,,0.09,0.09,0.09,0.17,0.08,0.1,0.17,0.1,0.09,0.1,,,0.1,0.11,0.19,0.09,0.19,0.09,0.09,0.24,0.09,0.17,0.23,0.09
"Tuvalu","Q1 2017",0.01,0.09,0.15,0.09,0.08,0.08,0.09,0.08,0.16,0.09,0.01,0.08,0.09,0.1,0.08,0.09,0.07,0.08,0.09,0.08,0.08,0.01,0.01,0.08,0.09,0.16,0.07,0.09,0.17,0.1,0.17,0.07,,0.1,0.01,0.09,0.14,0.09,0.09,0.09,0.08,0.08,0.02,,0.01,0.08,0.09,0.08,0.09,0.09,0.1,0.08,0.08,0.01,0.01,,0.01,0.22,0.02,0.1,0.01,0.15,0.08,0.01,0.01,0.1,0.09,0.01,0.09,0.01,0.08,0.09,0.15,0.09,,0.02,0.01,0.09,0.09,0.09,0.08,0.09,0.08,0.09,0.08,0.02,0.09,0.1,0.09,0.17,,0.08,0.09,0.22,0.01,0.01,0.09,0.01,0.02,0.01,0.08,0.1,0.08,0.09,0.22,0.09,0.01,0.09,0.01,0.09,0.14,0.01,0.08,0.1,0.08,0.08,0.09,0.14,0.1,,0.16,0.16,0.08,0.09,,0.07,0.15,0.08,0.09,0.09,0.08,0.09,0.15,0,0.09,0.15,0.09,0.09,0.08,0.08,0.17,0,0.09,0.08,0.09,,0.08,0.08,,0.09,0.15,0.01,0.09,0.09,,0.08,0.01,0.17,0.09,0.09,0.15,0.01,0.09,0.1,0.09,0.08,,0.08,0.09,0.01,0.16,0.07,0.09,0.16,0.09,0.01,0.09,,,0.08,0.09,0.1,0.09,0.17,0.08,0.09,0.16,0.09,0.09,0.21,0.01
"Tuvalu","Q1 2018",0.01,0.02,0.15,0.09,0.08,0.08,0.09,0.08,0.16,0.09,0.08,0.08,0.09,0.1,0.08,0.09,0.07,0.08,0.09,0.08,0.08,0.01,0.01,0.08,0.09,0.16,0.07,0.09,0.17,0.17,0.17,0.07,,0.1,0.01,0.09,0.14,0.09,0.09,0.08,0.08,0.08,0.02,,0.01,0.08,0.09,0.08,0.1,0.09,0.09,0.08,0.08,0.01,0.01,,0.01,0.23,0.02,0.1,0.01,0.15,0.08,0.01,0.01,0.1,0.09,0.01,0.09,0.01,0.08,0.09,0.15,0.09,,0.02,0.01,0.09,0.08,0.09,0.08,0.09,0.09,0.09,0.08,0.02,0.09,0.1,0.09,0.17,,0.09,0.08,0.22,0.01,0.01,0.09,0.01,0.02,0.01,0.08,0.1,0.08,0.09,0.22,0.09,0.08,0.09,0.01,0.09,0.14,0.01,0.08,0.1,0.08,0.08,0.08,0.14,0.1,,0.16,0.16,0.08,0.09,,0.07,0.15,0.01,0.09,0.09,0.08,0.09,0.15,0,0.09,0.15,0.09,0.09,0.08,0.08,0.17,0,0.09,0.09,0.09,,0.08,0.08,,0.08,0.15,0.01,0.09,0.09,,0.08,0.02,0.17,0.09,0.08,0.15,0.01,0.09,0.1,0.09,0.08,,0.08,0.09,0.02,0.16,0.07,0.09,0.16,0.09,0.01,0.09,,,0.09,0.09,0.1,0.09,0.17,0.08,0.09,0.15,0.09,0.09,0.21,0.01
"Tuvalu","Q1 2019",0.01,0.02,0.15,0.09,0.01,0.01,0.09,0.01,0.16,0.09,0.08,0.08,0.02,0.1,0.01,0.09,0,0.01,0.09,0.01,0.08,0.01,0.01,0.08,0.09,0.09,0.01,0.09,0.17,0.16,0.16,0.07,,0.09,0.01,0.08,0.14,0.02,0.08,0.08,0.01,0.01,0.01,,0.01,0.08,0.09,0.02,0.09,0.09,0.09,0.01,0.02,0.01,0.01,,0.01,0.22,0.01,0.1,0.01,0.15,0.02,0.01,0.01,0.1,0.09,0.01,0.09,0.01,0.02,0.02,0.08,0.09,,0.02,0.01,0.02,0.02,0.02,0.01,0.09,0.08,0.08,0.08,0.01,0.09,0.1,0.09,0.16,,0.08,0.08,0.21,0.08,0.01,0.08,0.01,0.02,0.08,0.08,0.1,0.08,0.09,0.15,0.02,0.01,0.09,0.01,0.09,0.15,0.01,0.01,0.09,0.08,0.08,0.08,0.14,0.1,,0.15,0.15,0.01,0.09,,0.07,0.08,0.02,0.09,0.09,0.08,0.09,0.15,0,0.09,0.15,0.09,0.09,0.02,0.08,0.17,0,0.08,0.08,0.09,,0.02,0.01,,0.02,0.15,0.01,0.09,0.01,,0.08,0.01,0.17,0.02,0.08,0.15,0.01,0.09,0.1,0.09,0.01,,0.02,0.08,0.01,0.16,0.07,0.09,0.15,0.02,0.01,0.09,0,,0.09,0.09,0.1,0.08,0.1,0.01,0.08,0.15,0.02,0.09,0.21,0.01
"Tuvalu","Q1 2020",0.01,0.02,0.15,0.09,0.01,0.01,0.08,0.01,0.16,0.09,0.01,0.08,0.02,0.1,0.01,0.08,0,0.01,0.09,0.02,0.08,0.01,0.01,0.08,0.02,0.09,0.01,0.08,0.17,0.16,0.16,0.07,,0.09,0.01,0.08,0.14,0.02,0.09,0.08,0.01,0.01,0.01,,0.01,0.08,0.09,0.02,0.09,0.09,0.09,0.01,0.02,0.01,0.01,,0.01,0.22,0.01,0.1,0.01,0.15,0.02,0.01,0.01,0.09,0.09,0.01,0.09,0.01,0.02,0.02,0.08,0.09,,0.02,0.01,0.02,0.01,0.01,0.01,0.09,0.15,0.08,0.08,0.01,0.09,0.1,0.09,0.16,,0.08,0.08,0.22,0.08,0.01,0.08,0.01,0.02,0.01,0.08,0.1,0.08,0.09,0.15,0.02,0.01,0.09,0.01,0.09,0.15,0.01,0.01,0.09,0.08,0.08,0.08,0.14,0.1,,0.15,0.15,0.01,0.09,,0.07,0.08,0.02,0.09,0.09,0.08,0.09,0.15,0.01,0.08,0.08,0.09,0.09,0.02,0.09,0.17,0,0.08,0.08,0.09,,0.02,0.01,,0.02,0.15,0.01,0.09,0.02,,0.08,0.01,0.17,0.02,0.08,0.15,0.01,0.09,0.1,0.09,0.01,,0.02,0.08,0.01,0.16,0.07,0.09,0.15,0.02,0.01,0.09,0,,0.08,0.09,0.1,0.08,0.1,0.01,0.08,0.15,0.02,0.09,0.21,0.01
"Tuvalu","Q1 2021",0.01,0.01,0.15,0.08,0.01,0.01,0.08,0.01,0.15,0.08,0.08,0.08,0.02,0.09,0.01,0.08,0,0.01,0.08,0.01,0.08,0.01,0.01,0.08,0.08,0.09,0.01,0.08,0.16,0.16,0.16,0.07,,0.09,0.01,0.08,0.14,0.02,0.08,0.08,0.01,0.01,0.01,,0.01,0.08,0.08,0.01,0.09,0.08,0.09,0.01,0.01,0.01,0.01,,0.01,0.22,0.01,0.09,0.01,0.15,0.01,0.01,0.01,0.09,0.08,0.01,0.09,0.01,0.01,0.02,0.08,0.08,,0.01,0.01,0.01,0.01,0.01,0.01,0.09,0.08,0.08,0.08,0.01,0.08,0.09,0.09,0.16,,0.08,0.08,0.21,0.01,0.01,0.08,0.01,0.01,0.01,0.01,0.09,0.08,0.09,0.15,0.02,0.01,0.08,0.01,0.09,0.15,0.01,0.01,0.09,0.08,0.08,0.08,,0.09,,0.15,0.15,0.01,0.08,0.14,0.07,0.08,0.01,0.09,0.09,0.08,0.09,0.15,0,0.08,0.08,0.08,0.09,0.01,0.08,0.16,0,0.08,0.08,0.09,,0.01,0.01,,0.01,0.15,0.01,0.09,0.01,,0.08,0.01,0.16,0.02,0.08,0.15,0.01,0.09,0.09,0.09,0.01,,0.01,0.08,0.01,0.15,0.07,0.08,0.15,0.02,0.01,0.09,0,,0.08,0.09,0.09,0.08,0.09,0.01,0.08,0.15,0.01,0.08,,0.01
"Ukraine","Q1 2016",0.18,0.24,0.19,0.3,0.18,0.11,0.3,0.2,0.3,0.29,0.28,0.22,0.2,0.44,0.2,0.27,0.08,0.19,0.31,0.17,0.19,0.27,0.18,0.21,0.25,0.33,0.09,0.31,0.43,0.41,0.34,,,0.4,0.19,0.29,0.1,0.25,0.27,0.3,0.2,0.21,0.27,,0.19,0.29,0.32,0.19,0.37,0.38,0.41,0.2,0.19,0.09,0.2,,0.17,0.22,0.31,0.36,0.19,0.23,0.22,0.2,0.25,0.43,0.27,0.16,0.39,0.08,0.2,0.22,0.21,0.28,,0.22,0.18,0.21,0.22,0.22,0.18,0.4,0.25,0.3,0.14,0.23,0.38,0.43,0.29,0.4,,0.29,0.24,0.18,0.14,0.2,0.39,0.19,0.24,0.24,0.21,0.42,0.19,0.41,0.19,0.21,0.18,0.3,0.21,0.33,0.16,0.17,0.17,0.41,0.23,0.21,0.29,0.09,0.36,,0.24,0.26,0.2,0.29,,0.08,0.17,0.3,0.33,0.32,,0.4,0.21,0.08,0.31,0.26,0.3,0.33,0.22,0.22,0.43,0.14,0.26,0.37,0.42,,0.19,0.2,,0.2,0.19,0.18,0.33,0.25,,0.21,0.2,0.42,0.21,0.3,0.21,0.12,0.33,0.44,0.32,0.26,,0.22,0.3,0.23,0.31,0.16,0.31,0.19,0.27,0.21,0.4,,0.1,,0.34,0.37,0.24,0.37,0.18,0.29,0.2,0.24,0.39,0.1,0.23
"Ukraine","Q1 2017",0.18,0.23,0.19,0.29,0.18,0.1,0.31,0.19,0.31,0.28,0.21,0.2,0.2,0.36,0.2,0.25,0.08,0.17,0.31,0.18,0.19,0.27,0.17,0.2,0.24,0.33,0.08,0.31,0.43,0.34,0.34,0.08,,0.4,0.1,0.29,0.09,0.24,0.26,0.3,0.2,0.19,0.26,,0.11,0.29,0.37,0.18,0.4,0.37,0.41,0.2,0.21,0.15,0.2,,0.1,0.21,0.22,0.36,0.18,0.22,0.22,0.18,0.25,0.36,0.26,0.16,0.39,0.08,0.19,0.22,0.2,0.27,,0.2,0.17,0.2,0.21,0.23,0.1,0.4,0.25,0.29,0.26,0.22,0.39,0.43,0.31,0.34,,0.29,0.23,0.18,0.2,0.18,0.32,0.18,0.2,0.21,0.19,0.41,0.19,0.4,0.18,0.21,0.19,0.28,0.19,0.33,0.16,0.17,0.17,0.35,0.21,0.21,0.23,0.08,0.36,,0.22,0.31,0.19,0.26,,0.08,0.19,0.19,0.33,0.31,0.16,0.4,0.2,0.08,0.31,0.25,0.3,0.33,0.22,0.26,0.42,0.14,0.28,0.37,0.4,,0.19,0.19,,0.19,0.18,0.11,0.33,0.24,,0.19,0.19,0.35,0.21,0.37,0.2,0.19,0.31,0.42,0.33,0.24,,0.2,0.3,0.23,0.31,0.09,0.29,0.19,0.22,0.19,0.41,,0.08,,0.33,0.36,0.22,0.37,0.18,0.31,0.19,0.22,0.32,0.08,0.18
"Ukraine","Q1 2018",0.17,0.29,0.2,0.29,0.19,0.12,0.32,0.2,0.31,0.31,0.28,0.22,0.21,0.39,0.2,0.27,0.08,0.17,0.32,0.19,0.18,0.27,0.19,0.21,0.24,0.41,0.09,0.32,0.45,0.36,0.43,0.15,,0.41,0.18,0.29,0.09,0.25,0.26,0.31,0.21,0.2,0.25,,0.1,0.3,0.39,0.19,0.41,0.39,0.43,0.22,0.22,0.16,0.2,,0.1,0.23,0.22,0.38,0.19,0.23,0.22,0.19,0.26,0.38,0.27,0.17,0.42,0.08,0.19,0.23,0.2,0.29,,0.21,0.18,0.22,0.21,0.23,0.18,0.41,0.3,0.31,0.29,0.23,0.4,0.45,0.34,0.34,,0.32,0.25,0.19,0.21,0.2,0.4,0.18,0.25,0.24,0.2,0.44,0.19,0.42,0.2,0.23,0.24,0.29,0.19,0.34,0.16,0.17,0.18,0.44,0.23,0.22,0.23,0.08,0.39,,0.23,0.3,0.2,0.27,,0.08,0.19,0.19,0.42,0.33,0.17,0.41,0.21,0.08,0.32,0.26,0.31,0.35,0.22,0.31,0.44,0.14,0.29,0.39,0.42,,0.2,0.2,,0.2,0.19,0.11,0.42,0.26,,0.2,0.21,0.45,0.22,0.31,0.21,0.19,0.33,0.45,0.35,0.23,,0.21,0.31,0.29,0.33,0.16,0.31,0.2,0.24,0.21,0.44,,0.09,,0.42,0.39,0.25,0.39,0.19,0.31,0.2,0.22,0.4,0.09,0.17
"Ukraine","Q1 2019",0.18,0.22,0.2,0.28,0.18,0.18,0.31,0.21,0.31,0.31,0.28,0.21,0.2,0.38,0.21,0.27,0.15,0.17,0.32,0.19,0.2,0.27,0.18,0.21,0.28,0.41,0.15,0.31,0.45,0.35,0.36,0.15,,0.41,0.18,0.27,0.09,0.25,0.26,0.3,0.21,0.21,0.26,,0.18,0.29,0.39,0.19,0.33,0.38,0.42,0.21,0.22,0.17,0.21,,0.1,0.21,0.23,0.38,0.19,0.21,0.22,0.18,0.26,0.37,0.27,0.15,0.41,0.08,0.19,0.23,0.19,0.28,,0.22,0.17,0.21,0.21,0.23,0.18,0.41,0.3,0.26,0.28,0.23,0.39,0.45,0.33,0.33,,0.31,0.29,0.09,0.23,0.2,0.39,0.2,0.24,0.27,0.19,0.43,0.2,0.42,0.18,0.22,0.2,0.29,0.19,0.34,0.17,0.16,0.18,0.43,0.22,0.2,0.23,0.09,0.38,,0.22,0.3,0.19,0.27,,0.07,0.18,0.2,0.41,0.33,0.16,0.4,0.21,0.08,0.32,0.27,0.31,0.35,0.22,0.39,0.44,0.14,0.26,0.38,0.42,,0.19,0.19,,0.19,0.2,0.11,0.42,0.24,,0.21,0.19,0.44,0.22,0.31,0.21,0.2,0.33,0.45,0.35,0.2,,0.21,0.3,0.22,0.32,0.16,0.3,0.2,0.24,0.19,0.43,0.15,0.09,,0.42,0.38,0.29,0.45,0.18,0.31,0.19,0.22,0.39,0.09,0.18
"Ukraine","Q1 2020",0.19,0.23,0.2,0.3,0.18,0.18,0.3,0.2,0.3,0.31,0.2,0.21,0.2,0.37,0.2,0.26,0.15,0.17,0.32,0.19,0.19,0.27,0.16,0.2,0.23,0.34,0.15,0.3,0.44,0.35,0.35,0.15,,0.4,0.19,0.29,0.1,0.27,0.27,0.29,0.19,0.2,0.25,,0.18,0.29,0.38,0.19,0.33,0.38,0.42,0.2,0.22,0.17,0.2,,0.1,0.21,0.22,0.37,0.18,0.23,0.23,0.18,0.26,0.36,0.31,0.16,0.42,0.08,0.19,0.26,0.2,0.28,,0.21,0.16,0.21,0.21,0.22,0.18,0.41,0.3,0.24,0.3,0.21,0.39,0.43,0.32,0.33,,0.31,0.26,0.18,0.22,0.21,0.38,0.19,0.24,0.22,0.2,0.42,0.2,0.4,0.19,0.25,0.19,0.29,0.19,0.34,0.17,0.18,0.18,0.43,0.24,0.21,0.23,0.08,0.37,,0.22,0.3,0.19,0.27,,0.07,0.18,0.2,0.41,0.33,0.16,0.4,0.21,0.09,0.3,0.25,0.31,0.33,0.22,0.39,0.43,0.14,0.28,0.38,0.39,,0.19,0.18,,0.19,0.2,0.1,0.41,0.24,,0.21,0.18,0.43,0.22,0.3,0.2,0.21,0.33,0.44,0.34,0.2,,0.21,0.3,0.21,0.32,0.16,0.3,0.19,0.23,0.19,0.42,0.15,0.08,,0.42,0.37,0.25,0.44,0.18,0.31,0.2,0.21,0.31,0.08,0.19
"Ukraine","Q1 2021",0.18,0.23,0.2,0.28,0.18,0.18,0.31,0.2,0.32,0.31,0.28,0.22,0.21,0.38,0.19,0.27,0.15,0.17,0.32,0.18,0.18,0.27,0.16,0.21,0.26,0.34,0.15,0.3,0.45,0.36,0.36,0.15,,0.41,0.18,0.27,0.09,0.28,0.26,0.29,0.2,0.2,0.25,,0.18,0.29,0.38,0.19,0.33,0.38,0.42,0.2,0.22,0.18,0.2,,0.11,0.21,0.23,0.38,0.18,0.23,0.21,0.18,0.26,0.37,0.32,0.16,0.42,0.1,0.19,0.26,0.2,0.31,,0.19,0.16,0.21,0.2,0.22,0.18,0.42,0.27,0.27,0.3,0.22,0.4,0.44,0.32,0.34,,0.32,0.26,0.18,0.21,0.2,0.39,0.18,0.23,0.22,0.18,0.43,0.19,0.4,0.19,0.25,0.19,0.28,0.18,0.34,0.18,0.18,0.18,0.43,0.25,0.21,0.23,,0.38,,0.22,0.3,0.21,0.27,0.09,0.07,0.18,0.2,0.41,0.35,0.16,0.41,0.22,0.09,0.31,0.24,0.31,0.35,0.22,0.39,0.44,0.14,0.27,0.38,0.39,,0.18,0.18,,0.19,0.2,0.1,0.42,0.25,,0.2,0.18,0.44,0.22,0.3,0.21,0.21,0.33,0.45,0.35,0.19,,0.21,0.3,0.21,0.32,0.16,0.31,0.2,0.23,0.18,0.43,0.15,0.08,,0.42,0.38,0.25,0.45,0.19,0.31,0.2,0.21,0.33,,0.18
"United Arab Emirates","Q1 2016",0.19,0.27,0.21,0.43,0.19,0.2,0.36,0.23,0.39,0.4,0.38,0.24,0.23,0.64,0.22,0.4,0.15,0.2,0.38,0.19,0.2,0.21,0.19,0.23,0.29,0.5,0.17,0.37,0.64,0.59,0.54,,,0.45,0.29,0.41,0.1,0.29,0.32,0.34,0.23,0.23,0.3,,0.22,0.39,0.47,0.21,0.36,0.36,0.56,0.21,0.22,0.16,0.22,,0.18,0.25,0.29,0.62,0.21,0.25,0.26,0.23,0.19,0.62,0.41,0.17,0.48,0.09,0.23,0.25,0.23,0.32,,0.26,0.19,0.24,0.23,0.26,0.2,0.55,0.32,0.5,0.3,0.25,0.46,0.59,0.33,0.55,,0.42,0.36,0.2,0.3,0.22,0.48,0.21,0.34,0.26,0.32,0.63,0.21,0.53,0.21,0.22,0.2,0.45,0.31,0.53,0.17,0.18,0.18,0.57,0.34,0.25,0.41,0.1,0.6,,0.27,0.32,0.21,0.43,,0.08,0.19,0.26,0.56,0.51,,0.46,0.24,0.09,0.37,0.31,0.41,0.52,0.24,0.32,0.61,0.08,0.39,0.32,0.53,,0.21,0.23,,0.23,0.21,0.21,0.57,0.29,,0.32,0.23,0.63,0.24,0.36,0.24,0.27,0.51,0.63,0.56,0.36,,0.24,0.41,0.25,0.48,0.17,0.45,0.21,0.3,0.23,0.5,,0.11,0.34,,0.62,0.36,0.63,0.21,0.35,0.22,0.26,0.52,0.11,0.33
"United Arab Emirates","Q1 2017",0.2,0.26,0.21,0.42,0.2,0.19,0.35,0.21,0.39,0.4,0.32,0.23,0.23,0.63,0.22,0.37,0.15,0.18,0.36,0.2,0.2,0.21,0.18,0.23,0.37,0.5,0.16,0.37,0.63,0.58,0.53,0.16,,0.43,0.26,0.41,0.1,0.28,0.32,0.35,0.23,0.21,0.29,,0.21,0.39,0.46,0.2,0.39,0.35,0.54,0.22,0.25,0.16,0.22,,0.18,0.24,0.25,0.62,0.2,0.25,0.26,0.21,0.2,0.61,0.39,0.17,0.49,0.08,0.21,0.25,0.22,0.32,,0.24,0.18,0.23,0.23,0.27,0.19,0.55,0.31,0.42,0.36,0.24,0.47,0.58,0.36,0.55,,0.43,0.35,0.2,0.29,0.21,0.46,0.2,0.23,0.23,0.3,0.61,0.21,0.51,0.21,0.24,0.21,0.44,0.28,0.42,0.17,0.18,0.19,0.58,0.26,0.24,0.29,0.09,0.6,,0.26,0.36,0.21,0.4,,0.08,0.21,0.23,0.57,0.48,0.18,0.43,0.23,0.08,0.38,0.31,0.5,0.46,0.24,0.37,0.6,0.08,0.41,0.32,0.47,,0.21,0.22,,0.22,0.21,0.21,0.57,0.29,,0.29,0.21,0.62,0.25,0.36,0.23,0.29,0.48,0.62,0.58,0.33,,0.23,0.43,0.26,0.46,0.17,0.37,0.22,0.26,0.2,0.53,,0.09,0.33,,0.62,0.35,0.6,0.2,0.34,0.22,0.25,0.5,0.09,0.2
"United Arab Emirates","Q1 2018",0.18,0.26,0.22,0.33,0.2,0.2,0.36,0.22,0.37,0.41,0.39,0.24,0.23,0.64,0.22,0.38,0.15,0.18,0.37,0.21,0.19,0.21,0.21,0.22,0.28,0.51,0.16,0.38,0.65,0.6,0.55,0.16,,0.43,0.26,0.39,0.1,0.29,0.3,0.35,0.23,0.22,0.28,,0.18,0.4,0.46,0.2,0.4,0.36,0.56,0.23,0.25,0.16,0.22,,0.18,0.25,0.25,0.63,0.21,0.25,0.26,0.21,0.2,0.62,0.37,0.17,0.56,0.08,0.2,0.25,0.21,0.32,,0.23,0.18,0.24,0.22,0.26,0.2,0.55,0.37,0.46,0.39,0.25,0.47,0.6,0.37,0.52,,0.44,0.34,0.2,0.29,0.22,0.47,0.2,0.33,0.26,0.23,0.64,0.21,0.51,0.21,0.25,0.26,0.42,0.28,0.5,0.17,0.17,0.19,0.6,0.33,0.25,0.27,0.09,0.62,,0.26,0.35,0.21,0.38,,0.09,0.2,0.21,0.57,0.5,0.18,0.43,0.23,0.08,0.38,0.32,0.49,0.44,0.24,0.43,0.62,0.15,0.39,0.4,0.41,,0.21,0.22,,0.22,0.21,0.19,0.57,0.3,,0.29,0.23,0.65,0.25,0.36,0.23,0.27,0.48,0.64,0.6,0.3,,0.23,0.42,0.25,0.47,0.17,0.37,0.22,0.27,0.22,0.54,,0.09,0.42,,0.63,0.35,0.58,0.21,0.35,0.21,0.24,0.5,0.09,0.18
"United Arab Emirates","Q1 2019",0.19,0.25,0.21,0.31,0.19,0.19,0.35,0.23,0.37,0.41,0.37,0.24,0.22,0.62,0.23,0.37,0.15,0.18,0.36,0.2,0.21,0.21,0.2,0.23,0.32,0.5,0.17,0.37,0.63,0.57,0.58,0.16,,0.42,0.28,0.37,0.1,0.28,0.29,0.33,0.23,0.23,0.28,,0.2,0.39,0.45,0.2,0.39,0.36,0.57,0.22,0.25,0.18,0.22,,0.18,0.24,0.25,0.62,0.2,0.24,0.25,0.19,0.2,0.6,0.37,0.16,0.55,0.08,0.21,0.25,0.21,0.32,,0.24,0.18,0.23,0.22,0.26,0.2,0.54,0.37,0.36,0.39,0.25,0.47,0.58,0.36,0.52,,0.45,0.39,0.09,0.31,0.22,0.48,0.21,0.33,0.3,0.22,0.62,0.21,0.52,0.19,0.24,0.21,0.43,0.28,0.49,0.19,0.17,0.19,0.58,0.25,0.22,0.27,0.09,0.61,,0.25,0.34,0.2,0.38,,0.08,0.2,0.23,0.58,0.48,0.18,0.42,0.24,0.09,0.38,0.32,0.43,0.5,0.24,0.45,0.62,0.15,0.36,0.39,0.41,,0.21,0.21,,0.21,0.22,0.2,0.56,0.27,,0.31,0.2,0.64,0.24,0.34,0.23,0.29,0.48,0.62,0.59,0.28,,0.23,0.41,0.24,0.49,0.17,0.37,0.22,0.26,0.21,0.52,0.16,0.09,0.42,,0.62,0.39,0.6,0.2,0.34,0.21,0.24,0.52,0.09,0.18
"United Arab Emirates","Q1 2020",0.21,0.26,0.22,0.35,0.19,0.2,0.35,0.22,0.37,0.42,0.28,0.24,0.22,0.63,0.22,0.36,0.16,0.18,0.37,0.21,0.21,0.21,0.17,0.23,0.27,0.52,0.17,0.37,0.64,0.58,0.59,0.16,,0.43,0.29,0.4,0.1,0.31,0.31,0.35,0.22,0.22,0.28,,0.2,0.4,0.45,0.21,0.39,0.39,0.57,0.21,0.25,0.18,0.23,,0.18,0.24,0.25,0.62,0.2,0.25,0.26,0.19,0.2,0.6,0.45,0.18,0.55,0.08,0.21,0.29,0.22,0.32,,0.24,0.17,0.23,0.23,0.24,0.2,0.55,0.4,0.34,0.42,0.24,0.48,0.61,0.36,0.54,,0.43,0.36,0.2,0.31,0.23,0.49,0.21,0.34,0.25,0.3,0.63,0.21,0.53,0.21,0.27,0.2,0.44,0.29,0.51,0.19,0.19,0.19,0.6,0.34,0.23,0.27,0.09,0.61,,0.25,0.34,0.2,0.39,,0.08,0.2,0.23,0.56,0.51,0.18,0.44,0.24,0.09,0.37,0.3,0.43,0.44,0.24,0.45,0.63,0.15,0.39,0.4,0.44,,0.21,0.2,,0.21,0.22,0.18,0.6,0.28,,0.31,0.2,0.64,0.25,0.36,0.23,0.3,0.49,0.63,0.59,0.28,,0.23,0.41,0.24,0.49,0.17,0.37,0.2,0.27,0.2,0.54,0.16,0.09,0.42,,0.62,0.35,0.61,0.2,0.35,0.22,0.24,0.49,0.09,0.27
"United Arab Emirates","Q1 2021",0.19,0.26,0.22,0.32,0.19,0.2,0.35,0.22,0.38,0.43,0.38,0.26,0.23,0.64,0.21,0.38,0.16,0.18,0.36,0.2,0.2,0.21,0.17,0.23,0.37,0.51,0.16,0.36,0.66,0.6,0.62,0.16,,0.44,0.27,0.38,0.1,0.32,0.3,0.34,0.22,0.22,0.28,,0.2,0.4,0.45,0.21,0.39,0.38,0.6,0.21,0.25,0.19,0.22,,0.19,0.24,0.25,0.63,0.2,0.25,0.25,0.19,0.2,0.62,0.47,0.18,0.56,0.11,0.21,0.29,0.22,0.34,,0.21,0.17,0.23,0.22,0.24,0.21,0.56,0.31,0.38,0.44,0.24,0.49,0.63,0.37,0.57,,0.44,0.36,0.2,0.29,0.22,0.49,0.2,0.33,0.25,0.21,0.64,0.21,0.55,0.21,0.28,0.21,0.42,0.27,0.5,0.2,0.19,0.19,0.61,0.36,0.23,0.27,,0.63,,0.25,0.34,0.23,0.38,0.1,0.08,0.2,0.23,0.58,0.52,0.18,0.44,0.24,0.09,0.37,0.28,0.44,0.48,0.24,0.48,0.63,0.08,0.38,0.33,0.44,,0.2,0.2,,0.21,0.22,0.18,0.62,0.29,,0.3,0.2,0.66,0.25,0.35,0.23,0.31,0.5,0.65,0.62,0.2,,0.23,0.41,0.24,0.52,0.17,0.45,0.22,0.26,0.19,0.55,0.16,0.09,0.42,,0.64,0.35,0.65,0.21,0.35,0.22,0.22,0.56,,0.26
"United Kingdom","Q1 2016",0.21,0.36,0.24,0.47,0.23,0.3,0.46,0.33,0.48,0.44,0.39,0.25,0.33,0.81,0.31,0.43,0.16,0.24,0.49,0.21,0.21,0.22,0.21,0.24,0.39,0.54,0.17,0.46,0.69,0.65,0.58,,,0.57,0.22,0.44,0.18,0.4,0.42,0.37,0.25,0.34,0.38,,0.3,0.49,0.48,0.31,0.49,0.4,0.61,0.23,0.31,0.17,0.3,,0.26,0.27,0.39,0.74,0.3,0.35,0.35,0.32,0.2,0.78,0.44,0.19,0.51,0.17,0.34,0.37,0.24,0.36,,0.35,0.21,0.35,0.29,0.29,0.28,0.55,0.33,0.45,0.24,0.34,0.49,0.68,0.47,0.59,,0.43,0.31,0.22,0.24,0.3,0.52,0.24,0.36,0.34,0.26,0.68,0.22,0.58,0.23,0.32,0.21,0.47,0.25,0.58,0.18,0.19,0.21,0.66,0.28,0.26,0.36,0.17,0.77,,0.37,0.42,0.23,0.47,,0.15,0.2,0.35,0.56,0.5,,0.59,0.26,0.16,0.47,0.33,0.51,0.59,0.28,0.34,0.67,0.08,0.4,0.34,0.59,,0.25,0.34,,0.34,0.24,0.29,0.57,0.38,,0.26,0.32,0.67,0.36,0.39,0.26,0.21,0.54,0.75,0.57,0.3,,0.36,0.51,0.33,0.43,0.18,0.48,0.23,0.43,0.24,0.55,,0.19,0.37,0.62,,0.3,0.72,0.24,0.44,0.24,0.37,0.54,0.19,0.27
"United Kingdom","Q1 2017",0.21,0.36,0.24,0.47,0.23,0.22,0.46,0.23,0.49,0.45,0.33,0.24,0.35,0.81,0.33,0.4,0.16,0.19,0.48,0.24,0.21,0.22,0.19,0.24,0.41,0.55,0.18,0.48,0.69,0.64,0.58,0.17,,0.59,0.2,0.45,0.18,0.4,0.42,0.38,0.33,0.23,0.38,,0.3,0.49,0.48,0.23,0.53,0.4,0.6,0.25,0.34,0.17,0.31,,0.26,0.27,0.35,0.73,0.3,0.35,0.36,0.3,0.21,0.77,0.43,0.19,0.53,0.16,0.25,0.37,0.24,0.45,,0.33,0.19,0.34,0.28,0.38,0.28,0.57,0.33,0.37,0.3,0.33,0.5,0.66,0.5,0.6,,0.44,0.3,0.22,0.23,0.3,0.51,0.22,0.32,0.32,0.25,0.65,0.21,0.56,0.23,0.36,0.23,0.46,0.22,0.56,0.18,0.19,0.22,0.67,0.27,0.25,0.32,0.09,0.77,,0.36,0.47,0.23,0.44,,0.15,0.23,0.32,0.58,0.49,0.19,0.58,0.26,0.16,0.49,0.33,0.54,0.59,0.35,0.38,0.66,0.08,0.42,0.34,0.53,,0.25,0.32,,0.33,0.23,0.29,0.59,0.39,,0.24,0.31,0.67,0.37,0.39,0.25,0.23,0.52,0.73,0.61,0.28,,0.34,0.53,0.34,0.42,0.18,0.4,0.24,0.38,0.22,0.58,,0.1,0.36,0.62,,0.29,0.71,0.24,0.45,0.24,0.37,0.53,0.1,0.2
"United Kingdom","Q1 2018",0.19,0.33,0.24,0.44,0.23,0.23,0.47,0.26,0.47,0.44,0.34,0.25,0.34,0.79,0.32,0.42,0.16,0.19,0.49,0.24,0.2,0.22,0.22,0.23,0.38,0.57,0.18,0.48,0.71,0.65,0.59,0.17,,0.57,0.2,0.43,0.17,0.4,0.4,0.37,0.33,0.26,0.36,,0.19,0.5,0.47,0.23,0.54,0.4,0.6,0.26,0.34,0.17,0.31,,0.26,0.28,0.34,0.73,0.3,0.34,0.35,0.3,0.21,0.77,0.41,0.18,0.59,0.16,0.24,0.3,0.23,0.44,,0.32,0.19,0.35,0.26,0.36,0.28,0.56,0.45,0.41,0.33,0.34,0.5,0.68,0.5,0.56,,0.45,0.29,0.21,0.23,0.31,0.5,0.21,0.36,0.35,0.23,0.67,0.22,0.56,0.23,0.36,0.28,0.43,0.22,0.57,0.18,0.18,0.22,0.69,0.27,0.26,0.29,0.09,0.79,,0.35,0.45,0.24,0.42,,0.16,0.21,0.23,0.58,0.5,0.19,0.57,0.26,0.16,0.49,0.34,0.53,0.58,0.28,0.37,0.68,0.08,0.41,0.35,0.54,,0.25,0.32,,0.32,0.23,0.2,0.58,0.41,,0.23,0.32,0.7,0.37,0.38,0.26,0.21,0.51,0.74,0.62,0.25,,0.34,0.52,0.33,0.49,0.18,0.47,0.24,0.38,0.23,0.58,,0.1,0.39,0.63,,0.3,0.68,0.24,0.46,0.24,0.34,0.52,0.1,0.18
"United Kingdom","Q1 2019",0.2,0.33,0.24,0.42,0.22,0.22,0.45,0.32,0.48,0.38,0.32,0.25,0.34,0.77,0.32,0.41,0.16,0.19,0.48,0.24,0.22,0.22,0.22,0.24,0.42,0.55,0.17,0.49,0.7,0.62,0.63,0.17,,0.57,0.22,0.41,0.17,0.39,0.39,0.35,0.26,0.32,0.37,,0.3,0.49,0.46,0.31,0.53,0.47,0.61,0.25,0.35,0.18,0.32,,0.26,0.26,0.35,0.73,0.3,0.33,0.35,0.2,0.21,0.74,0.41,0.24,0.58,0.16,0.31,0.37,0.23,0.43,,0.27,0.19,0.34,0.26,0.36,0.28,0.54,0.39,0.31,0.33,0.35,0.5,0.66,0.5,0.57,,0.39,0.33,0.1,0.25,0.31,0.5,0.22,0.35,0.4,0.23,0.66,0.22,0.56,0.21,0.35,0.24,0.45,0.22,0.56,0.2,0.18,0.22,0.66,0.26,0.23,0.36,0.17,0.79,,0.34,0.44,0.22,0.42,,0.15,0.21,0.33,0.58,0.48,0.19,0.56,0.26,0.16,0.5,0.34,0.55,0.64,0.28,0.4,0.68,0.08,0.37,0.35,0.53,,0.25,0.31,,0.31,0.24,0.22,0.57,0.36,,0.25,0.22,0.69,0.36,0.36,0.26,0.23,0.52,0.74,0.61,0.22,,0.34,0.52,0.32,0.51,0.17,0.41,0.24,0.38,0.22,0.56,0.16,0.1,0.38,0.62,,0.33,0.71,0.23,0.44,0.23,0.36,0.54,0.1,0.19
"United Kingdom","Q1 2020",0.22,0.34,0.24,0.45,0.22,0.23,0.44,0.31,0.47,0.4,0.23,0.26,0.33,0.78,0.31,0.39,0.16,0.19,0.48,0.25,0.22,0.22,0.18,0.24,0.37,0.56,0.17,0.47,0.71,0.65,0.63,0.17,,0.58,0.22,0.43,0.18,0.42,0.4,0.36,0.24,0.31,0.37,,0.29,0.5,0.46,0.31,0.53,0.49,0.6,0.24,0.34,0.18,0.32,,0.26,0.26,0.34,0.71,0.29,0.34,0.36,0.2,0.21,0.73,0.48,0.25,0.59,0.16,0.32,0.4,0.23,0.42,,0.27,0.18,0.34,0.26,0.26,0.28,0.55,0.41,0.28,0.36,0.33,0.51,0.66,0.51,0.58,,0.38,0.3,0.21,0.25,0.32,0.51,0.23,0.35,0.34,0.24,0.67,0.22,0.56,0.23,0.39,0.22,0.46,0.22,0.57,0.2,0.2,0.22,0.68,0.28,0.25,0.29,0.09,0.78,,0.34,0.44,0.22,0.42,,0.15,0.21,0.33,0.56,0.5,0.19,0.57,0.26,0.17,0.48,0.31,0.56,0.56,0.27,0.39,0.7,0.08,0.4,0.35,0.49,,0.25,0.3,,0.32,0.24,0.2,0.6,0.37,,0.25,0.21,0.7,0.36,0.38,0.25,0.24,0.51,0.74,0.6,0.22,,0.34,0.51,0.32,0.51,0.17,0.41,0.22,0.38,0.21,0.57,0.16,0.1,0.37,0.62,,0.29,0.7,0.23,0.44,0.24,0.35,0.51,0.1,0.21
"United Kingdom","Q1 2021",0.2,0.28,0.24,0.41,0.22,0.23,0.45,0.31,0.48,0.41,0.32,0.26,0.34,0.78,0.3,0.4,0.16,0.19,0.48,0.23,0.21,0.22,0.18,0.24,0.4,0.55,0.17,0.46,0.71,0.64,0.66,0.17,,0.58,0.21,0.41,0.18,0.43,0.39,0.36,0.24,0.31,0.37,,0.28,0.5,0.45,0.31,0.52,0.48,0.62,0.24,0.34,0.19,0.31,,0.27,0.26,0.34,0.73,0.29,0.34,0.33,0.2,0.21,0.73,0.5,0.25,0.59,0.19,0.31,0.41,0.23,0.45,,0.22,0.18,0.33,0.24,0.27,0.29,0.55,0.32,0.32,0.38,0.33,0.51,0.68,0.51,0.61,,0.39,0.3,0.21,0.23,0.31,0.51,0.21,0.35,0.33,0.21,0.67,0.21,0.58,0.23,0.4,0.23,0.36,0.21,0.56,0.21,0.2,0.22,0.67,0.31,0.24,0.29,,0.78,,0.34,0.44,0.32,0.41,0.17,0.15,0.21,0.33,0.59,0.52,0.18,0.56,0.26,0.17,0.47,0.29,0.55,0.59,0.27,0.42,0.68,0.08,0.39,0.34,0.48,,0.23,0.3,,0.31,0.24,0.2,0.62,0.37,,0.23,0.21,0.69,0.36,0.37,0.25,0.24,0.52,0.74,0.63,0.2,,0.34,0.51,0.32,0.54,0.18,0.41,0.24,0.38,0.2,0.59,0.16,0.09,0.38,0.64,,0.29,0.74,0.24,0.44,0.24,0.26,0.57,,0.2
"United Republic of Tanzania","Q1 2016",0.18,0.21,0.19,0.25,0.11,0.18,0.23,0.2,0.26,0.24,0.24,0.21,0.2,0.37,0.13,0.25,0.08,0.12,0.24,0.1,0.18,0.19,0.18,0.2,0.24,0.26,0.09,0.24,0.37,0.28,0.28,,,0.26,0.27,0.24,0.1,0.23,0.24,0.23,0.2,0.2,0.22,,0.19,0.23,0.34,0.19,0.25,0.23,0.35,0.13,0.18,0.15,0.19,,0.1,0.22,0.22,0.37,0.19,0.22,0.22,0.2,0.11,0.29,0.25,0.16,0.25,0.08,0.2,0.22,0.2,0.24,,0.21,0.17,0.21,0.14,0.21,0.11,0.36,0.23,0.32,0.2,0.21,0.26,0.36,0.25,0.28,,0.31,0.33,0.18,0.2,0.19,0.26,0.19,0.23,0.21,0.29,0.37,0.27,0.27,0.19,0.2,0.18,0.27,0.29,0.26,0.09,0.17,0.1,0.27,0.32,0.2,0.24,0.09,0.29,,0.23,0.24,0.13,0.26,,0.08,0.1,0.21,0.35,0.35,,0.26,0.21,0.08,0.24,0.23,0.23,0.26,0.21,0.22,0.29,0.07,0.26,0.23,0.27,,0.12,0.2,,0.2,0.19,0.18,0.35,0.22,,0.3,0.2,0.37,0.21,0.24,0.21,0.19,0.35,0.37,0.34,0.3,,0.21,0.23,0.21,0.33,0.16,0.25,0.19,0.24,0.2,0.26,,0.09,0.24,0.36,0.3,,0.3,0.12,0.23,0.2,0.22,0.26,0.09,0.29
"United Republic of Tanzania","Q1 2017",0.18,0.21,0.19,0.24,0.11,0.11,0.23,0.18,0.26,0.25,0.22,0.2,0.2,0.36,0.13,0.24,0.08,0.1,0.24,0.11,0.19,0.19,0.17,0.2,0.24,0.26,0.09,0.23,0.36,0.28,0.27,0.15,,0.26,0.18,0.24,0.09,0.22,0.24,0.23,0.2,0.18,0.22,,0.19,0.22,0.26,0.11,0.25,0.23,0.34,0.13,0.22,0.15,0.19,,0.1,0.22,0.2,0.36,0.19,0.22,0.22,0.19,0.18,0.29,0.24,0.16,0.25,0.08,0.12,0.22,0.2,0.24,,0.21,0.17,0.2,0.14,0.21,0.11,0.35,0.22,0.31,0.22,0.21,0.25,0.36,0.24,0.27,,0.24,0.33,0.18,0.21,0.19,0.32,0.18,0.2,0.2,0.22,0.36,0.26,0.26,0.19,0.21,0.19,0.25,0.26,0.25,0.09,0.17,0.11,0.27,0.3,0.2,0.23,0.08,0.28,,0.22,0.24,0.12,0.25,,0.08,0.19,0.19,0.34,0.33,0.17,0.25,0.21,0.08,0.23,0.3,0.24,0.26,0.21,0.22,0.29,0.07,0.24,0.22,0.27,,0.12,0.19,,0.2,0.12,0.18,0.34,0.22,,0.27,0.19,0.36,0.22,0.23,0.2,0.27,0.33,0.36,0.34,0.21,,0.2,0.23,0.21,0.32,0.16,0.24,0.19,0.22,0.18,0.33,,0.09,0.22,0.35,0.29,,0.3,0.11,0.23,0.19,0.22,0.25,0.09,0.19
"United Republic of Tanzania","Q1 2018",0.17,0.2,0.19,0.24,0.11,0.11,0.24,0.19,0.26,0.24,0.22,0.2,0.13,0.37,0.13,0.25,0.08,0.1,0.25,0.12,0.18,0.19,0.19,0.19,0.23,0.26,0.08,0.23,0.37,0.28,0.28,0.15,,0.26,0.18,0.24,0.09,0.22,0.24,0.24,0.2,0.19,0.23,,0.17,0.22,0.33,0.11,0.26,0.24,0.34,0.13,0.21,0.15,0.19,,0.1,0.21,0.2,0.29,0.18,0.22,0.21,0.18,0.18,0.29,0.25,0.16,0.27,0.08,0.12,0.21,0.19,0.24,,0.2,0.17,0.2,0.13,0.21,0.11,0.35,0.24,0.32,0.24,0.21,0.26,0.36,0.25,0.27,,0.25,0.33,0.18,0.2,0.19,0.25,0.18,0.22,0.21,0.21,0.36,0.26,0.27,0.19,0.21,0.23,0.25,0.26,0.26,0.09,0.16,0.11,0.28,0.29,0.2,0.23,0.08,0.29,,0.22,0.24,0.13,0.25,,0.08,0.18,0.18,0.34,0.33,0.17,0.26,0.21,0.08,0.24,0.3,0.24,0.27,0.21,0.24,0.29,0.07,0.25,0.24,0.26,,0.12,0.12,,0.12,0.12,0.17,0.34,0.24,,0.27,0.2,0.37,0.21,0.23,0.2,0.19,0.34,0.36,0.35,0.22,,0.2,0.24,0.21,0.33,0.16,0.24,0.19,0.22,0.19,0.35,,0.09,0.25,0.35,0.3,,0.3,0.11,0.24,0.19,0.21,0.26,0.09,0.17
"United Republic of Tanzania","Q1 2019",0.17,0.21,0.19,0.27,0.11,0.11,0.28,0.2,0.29,0.29,0.26,0.2,0.13,0.34,0.13,0.26,0.08,0.1,0.28,0.11,0.19,0.19,0.18,0.2,0.27,0.3,0.08,0.27,0.4,0.31,0.32,0.15,,0.3,0.26,0.27,0.09,0.23,0.25,0.27,0.2,0.2,0.24,,0.18,0.26,0.37,0.11,0.29,0.27,0.38,0.13,0.21,0.17,0.13,,0.1,0.21,0.21,0.33,0.18,0.2,0.22,0.18,0.18,0.33,0.26,0.15,0.3,0.08,0.12,0.22,0.19,0.26,,0.21,0.17,0.2,0.13,0.14,0.11,0.39,0.27,0.33,0.27,0.22,0.29,0.4,0.29,0.3,,0.35,0.38,0.08,0.22,0.13,0.28,0.19,0.23,0.26,0.2,0.4,0.27,0.31,0.17,0.21,0.19,0.28,0.19,0.3,0.17,0.16,0.11,0.32,0.29,0.2,0.23,0.08,0.33,,0.21,0.28,0.12,0.26,,0.07,0.18,0.2,0.38,0.38,0.17,0.29,0.21,0.08,0.28,0.32,0.28,0.31,0.15,0.29,0.33,0.07,0.26,0.28,0.3,,0.12,0.12,,0.12,0.19,0.11,0.39,0.23,,0.29,0.19,0.41,0.21,0.27,0.21,0.27,0.37,0.4,0.39,0.2,,0.2,0.27,0.21,0.36,0.16,0.28,0.19,0.23,0.18,0.38,0.08,0.08,0.29,0.39,0.33,,0.34,0.11,0.27,0.19,0.21,0.29,0.08,0.18
"United Republic of Tanzania","Q1 2020",0.19,0.21,0.19,0.24,0.1,0.11,0.24,0.19,0.25,0.25,0.2,0.2,0.12,0.3,0.12,0.25,0.08,0.1,0.25,0.11,0.19,0.19,0.16,0.2,0.22,0.27,0.08,0.23,0.36,0.27,0.28,0.15,,0.26,0.26,0.24,0.09,0.24,0.25,0.23,0.19,0.19,0.23,,0.18,0.23,0.33,0.12,0.25,0.24,0.34,0.12,0.21,0.16,0.13,,0.1,0.2,0.21,0.29,0.18,0.15,0.22,0.17,0.18,0.28,0.25,0.16,0.26,0.08,0.12,0.23,0.19,0.24,,0.21,0.16,0.13,0.13,0.13,0.11,0.35,0.24,0.3,0.24,0.2,0.26,0.35,0.25,0.26,,0.24,0.34,0.18,0.21,0.2,0.25,0.19,0.22,0.14,0.21,0.36,0.26,0.26,0.18,0.22,0.18,0.25,0.19,0.26,0.17,0.17,0.1,0.28,0.31,0.2,0.23,0.08,0.29,,0.21,0.24,0.12,0.25,,0.07,0.18,0.19,0.34,0.34,0.16,0.26,0.2,0.08,0.23,0.23,0.24,0.26,0.14,0.26,0.29,0.07,0.25,0.25,0.27,,0.11,0.11,,0.12,0.19,0.1,0.34,0.23,,0.28,0.18,0.36,0.21,0.24,0.19,0.21,0.34,0.36,0.35,0.2,,0.13,0.24,0.2,0.25,0.16,0.25,0.11,0.22,0.18,0.34,0.08,0.08,0.25,0.35,0.29,,0.3,0.11,0.24,0.19,0.13,0.25,0.08,0.19
"United Republic of Tanzania","Q1 2021",0.17,0.21,0.19,0.24,0.1,0.11,0.24,0.19,0.25,0.25,0.23,0.2,0.2,0.29,0.12,0.25,0.08,0.1,0.25,0.11,0.18,0.19,0.16,0.19,0.25,0.26,0.08,0.23,0.36,0.27,0.28,0.15,,0.26,0.25,0.24,0.09,0.24,0.24,0.23,0.19,0.19,0.23,,0.18,0.23,0.33,0.12,0.25,0.24,0.34,0.12,0.21,0.17,0.13,,0.11,0.2,0.21,0.29,0.18,0.15,0.21,0.18,0.18,0.28,0.25,0.16,0.27,0.1,0.12,0.23,0.19,0.24,,0.18,0.16,0.19,0.13,0.13,0.11,0.35,0.23,0.29,0.24,0.21,0.26,0.35,0.25,0.26,,0.25,0.33,0.18,0.21,0.13,0.25,0.18,0.22,0.15,0.19,0.36,0.26,0.26,0.18,0.23,0.19,0.24,0.19,0.26,0.17,0.17,0.1,0.28,0.32,0.2,0.23,,0.29,,0.21,0.24,0.13,0.25,0.09,0.07,0.18,0.19,0.34,0.34,0.16,0.26,0.21,0.08,0.23,0.22,0.24,0.27,0.14,0.26,0.28,0.07,0.24,0.24,0.26,,0.11,0.11,,0.12,0.19,0.1,0.34,0.23,,0.27,0.18,0.36,0.21,0.24,0.2,0.22,0.34,0.36,0.35,0.19,,0.2,0.24,0.2,0.25,0.16,0.25,0.19,0.22,0.18,0.34,0.08,0.08,0.25,0.35,0.29,,0.3,0.11,0.24,0.19,0.13,0.25,,0.18
"United States","Q1 2016",0.21,0.36,0.31,0.46,0.3,0.31,0.46,0.34,0.49,0.46,0.4,0.25,0.35,0.72,0.32,0.42,0.22,0.31,0.49,0.28,0.21,0.22,0.2,0.25,0.38,0.57,0.24,0.47,0.71,0.66,0.61,,,0.59,0.22,0.37,0.19,0.41,0.35,0.43,0.32,0.35,0.32,,0.24,0.42,0.48,0.33,0.52,0.47,0.6,0.3,0.3,0.17,0.23,,0.2,0.34,0.32,0.7,0.23,0.35,0.35,0.25,0.2,0.69,0.43,0.19,0.51,0.16,0.36,0.37,0.31,0.44,,0.28,0.2,0.36,0.36,0.37,0.28,0.56,0.41,0.45,0.24,0.27,0.49,0.65,0.49,0.62,,0.36,0.31,0.22,0.31,0.23,0.52,0.29,0.29,0.27,0.25,0.67,0.22,0.57,0.24,0.25,0.21,0.4,0.25,0.6,0.18,0.2,0.28,0.63,0.28,0.26,0.42,0.17,0.69,,0.38,0.43,0.3,0.45,,0.15,0.2,0.35,0.57,0.51,,0.62,0.26,0.16,0.47,0.33,0.44,0.57,0.35,0.34,0.69,0.08,0.33,0.34,0.58,,0.32,0.36,,0.36,0.31,0.22,0.58,0.38,,0.25,0.25,0.68,0.37,0.45,0.27,0.21,0.53,0.71,0.58,0.3,,0.36,0.5,0.26,0.51,0.18,0.4,0.24,0.44,0.24,0.55,,0.19,0.37,0.63,0.72,0.3,,0.32,0.45,0.25,0.38,0.56,0.19,0.27
"United States","Q1 2017",0.21,0.36,0.31,0.46,0.31,0.3,0.46,0.3,0.5,0.46,0.26,0.24,0.37,0.71,0.33,0.4,0.22,0.26,0.48,0.32,0.21,0.23,0.19,0.25,0.4,0.58,0.24,0.49,0.68,0.63,0.6,0.17,,0.61,0.2,0.38,0.18,0.41,0.35,0.45,0.34,0.3,0.31,,0.23,0.4,0.48,0.31,0.55,0.47,0.59,0.32,0.34,0.17,0.24,,0.2,0.35,0.27,0.69,0.23,0.36,0.35,0.23,0.21,0.68,0.43,0.19,0.53,0.09,0.33,0.39,0.31,0.46,,0.27,0.19,0.35,0.36,0.39,0.28,0.57,0.4,0.37,0.3,0.27,0.5,0.66,0.52,0.62,,0.38,0.3,0.22,0.23,0.23,0.51,0.21,0.25,0.25,0.25,0.64,0.22,0.55,0.23,0.36,0.23,0.39,0.22,0.57,0.19,0.19,0.3,0.64,0.27,0.26,0.38,0.16,0.69,,0.37,0.48,0.3,0.44,,0.15,0.24,0.31,0.56,0.49,0.2,0.59,0.26,0.16,0.5,0.34,0.51,0.58,0.36,0.32,0.66,0.08,0.36,0.34,0.53,,0.33,0.33,,0.35,0.3,0.22,0.59,0.38,,0.24,0.24,0.66,0.39,0.45,0.27,0.23,0.52,0.69,0.59,0.28,,0.34,0.5,0.28,0.49,0.18,0.46,0.31,0.4,0.22,0.58,,0.17,0.37,0.6,0.71,0.3,,0.32,0.45,0.25,0.39,0.54,0.17,0.2
"United States","Q1 2018",0.2,0.27,0.31,0.44,0.31,0.31,0.47,0.33,0.48,0.46,0.34,0.26,0.36,0.68,0.32,0.42,0.22,0.26,0.49,0.32,0.2,0.23,0.22,0.23,0.38,0.58,0.24,0.5,0.66,0.61,0.6,0.17,,0.61,0.2,0.36,0.18,0.41,0.33,0.44,0.34,0.33,0.3,,0.19,0.38,0.47,0.31,0.56,0.48,0.57,0.33,0.34,0.17,0.23,,0.2,0.35,0.27,0.66,0.24,0.35,0.35,0.23,0.21,0.64,0.41,0.19,0.54,0.09,0.32,0.39,0.29,0.45,,0.26,0.2,0.36,0.33,0.38,0.27,0.56,0.46,0.41,0.33,0.28,0.5,0.65,0.52,0.58,,0.39,0.29,0.22,0.23,0.23,0.42,0.21,0.29,0.27,0.23,0.62,0.22,0.54,0.24,0.37,0.28,0.37,0.22,0.59,0.18,0.18,0.3,0.62,0.33,0.26,0.36,0.16,0.68,,0.36,0.47,0.31,0.42,,0.16,0.22,0.23,0.53,0.5,0.2,0.58,0.26,0.16,0.5,0.35,0.47,0.57,0.35,0.37,0.65,0.08,0.35,0.35,0.53,,0.34,0.34,,0.33,0.3,0.2,0.56,0.4,,0.23,0.25,0.65,0.39,0.44,0.27,0.21,0.51,0.67,0.57,0.25,,0.35,0.4,0.26,0.5,0.18,0.47,0.31,0.4,0.23,0.56,,0.17,0.39,0.58,0.68,0.3,,0.32,0.46,0.25,0.36,0.54,0.17,0.19
"United States","Q1 2019",0.2,0.26,0.31,0.41,0.3,0.29,0.46,0.33,0.49,0.46,0.39,0.25,0.35,0.69,0.33,0.41,0.22,0.26,0.48,0.32,0.22,0.22,0.22,0.24,0.42,0.57,0.24,0.49,0.69,0.61,0.63,0.17,,0.6,0.22,0.35,0.18,0.4,0.33,0.42,0.33,0.33,0.3,,0.23,0.4,0.46,0.32,0.56,0.47,0.58,0.32,0.35,0.18,0.24,,0.2,0.28,0.27,0.68,0.24,0.34,0.35,0.21,0.21,0.65,0.42,0.17,0.56,0.09,0.32,0.39,0.29,0.45,,0.27,0.19,0.35,0.34,0.37,0.28,0.55,0.46,0.31,0.34,0.28,0.5,0.66,0.52,0.59,,0.4,0.34,0.1,0.26,0.24,0.44,0.23,0.28,0.32,0.23,0.65,0.22,0.57,0.27,0.35,0.24,0.39,0.22,0.58,0.21,0.19,0.3,0.62,0.32,0.23,0.37,0.17,0.7,,0.35,0.45,0.29,0.42,,0.15,0.22,0.26,0.57,0.49,0.19,0.58,0.27,0.16,0.51,0.35,0.5,0.61,0.35,0.47,0.68,0.08,0.31,0.35,0.52,,0.33,0.32,,0.32,0.31,0.22,0.59,0.36,,0.25,0.22,0.67,0.37,0.43,0.27,0.23,0.52,0.69,0.6,0.22,,0.35,0.42,0.26,0.52,0.18,0.47,0.31,0.4,0.22,0.56,0.23,0.1,0.45,0.6,0.71,0.34,,0.31,0.44,0.24,0.38,0.56,0.1,0.19
"United States","Q1 2020",0.22,0.28,0.32,0.45,0.3,0.3,0.45,0.32,0.48,0.48,0.23,0.26,0.34,0.69,0.32,0.39,0.22,0.26,0.48,0.32,0.22,0.22,0.18,0.24,0.36,0.58,0.24,0.47,0.68,0.62,0.63,0.17,,0.6,0.22,0.37,0.19,0.43,0.35,0.36,0.31,0.32,0.3,,0.22,0.4,0.46,0.33,0.55,0.49,0.58,0.31,0.34,0.18,0.25,,0.2,0.28,0.27,0.67,0.23,0.35,0.36,0.2,0.21,0.64,0.49,0.19,0.56,0.09,0.33,0.42,0.3,0.43,,0.27,0.18,0.34,0.33,0.34,0.28,0.56,0.49,0.28,0.37,0.26,0.5,0.65,0.52,0.6,,0.39,0.3,0.22,0.25,0.25,0.44,0.23,0.28,0.26,0.24,0.64,0.22,0.54,0.3,0.39,0.22,0.4,0.22,0.6,0.21,0.2,0.3,0.62,0.35,0.25,0.36,0.09,0.69,,0.35,0.45,0.29,0.42,,0.15,0.22,0.25,0.56,0.51,0.19,0.59,0.26,0.17,0.49,0.32,0.5,0.55,0.35,0.46,0.67,0.08,0.34,0.35,0.49,,0.32,0.3,,0.33,0.32,0.2,0.58,0.37,,0.25,0.21,0.66,0.37,0.38,0.26,0.24,0.52,0.68,0.6,0.22,,0.35,0.42,0.25,0.52,0.18,0.47,0.29,0.4,0.21,0.56,0.23,0.1,0.44,0.61,0.7,0.3,,0.3,0.45,0.25,0.36,0.52,0.1,0.21
"United States","Q1 2021",0.2,0.28,0.32,0.41,0.3,0.3,0.45,0.32,0.49,0.49,0.32,0.27,0.35,0.73,0.3,0.41,0.22,0.26,0.48,0.31,0.21,0.22,0.18,0.25,0.4,0.58,0.24,0.47,0.73,0.66,0.68,0.17,,0.61,0.21,0.34,0.19,0.44,0.33,0.36,0.31,0.32,0.3,,0.21,0.42,0.46,0.33,0.55,0.49,0.61,0.3,0.34,0.19,0.24,,0.21,0.27,0.27,0.71,0.23,0.35,0.33,0.2,0.21,0.68,0.5,0.19,0.59,0.19,0.33,0.43,0.3,0.46,,0.22,0.18,0.34,0.31,0.34,0.28,0.57,0.39,0.32,0.45,0.33,0.51,0.68,0.53,0.63,,0.39,0.3,0.22,0.24,0.24,0.44,0.21,0.28,0.26,0.21,0.68,0.21,0.58,0.31,0.41,0.23,0.37,0.21,0.6,0.22,0.2,0.3,0.66,0.38,0.25,0.36,,0.73,,0.35,0.45,0.33,0.42,0.18,0.15,0.22,0.25,0.59,0.53,0.19,0.59,0.27,0.17,0.48,0.3,0.54,0.59,0.34,0.42,0.7,0.08,0.33,0.35,0.48,,0.31,0.3,,0.33,0.32,0.2,0.63,0.38,,0.24,0.21,0.7,0.38,0.37,0.26,0.25,0.53,0.73,0.64,0.2,,0.34,0.44,0.25,0.56,0.18,0.48,0.32,0.39,0.2,0.58,0.23,0.09,0.45,0.65,0.74,0.3,,0.32,0.45,0.25,0.34,0.59,,0.2
"United States Virgin Islands","Q1 2016",0.1,0.18,0.18,0.19,0.26,0.26,0.19,0.19,0.2,0.27,0.18,0.1,0.27,0.23,0.18,0.19,0.15,0.18,0.2,0.24,0.09,0.1,0.1,0.1,0.18,0.27,0.15,0.19,0.22,0.21,0.21,,,0.21,0.1,0.12,0.09,0.2,0.12,0.18,0.18,0.19,0.11,,0.1,0.11,0.19,0.27,0.29,0.19,0.21,0.17,0.17,0.08,0.1,,0.09,0.18,0.11,0.24,0.17,0.18,0.18,0.11,0.09,0.22,0.19,0.09,0.19,0.08,0.27,0.27,0.17,0.2,,0.11,0.1,0.27,0.2,0.19,0.17,0.2,0.18,0.12,0.1,0.11,0.19,0.22,0.22,0.2,,0.11,0.12,0.1,0.17,0.1,0.19,0.17,0.11,0.1,0.11,0.21,0.1,0.2,0.11,0.18,0.09,0.12,0.1,0.21,0.09,0.09,0.18,0.21,0.11,0.1,0.18,0.08,0.22,,0.19,0.19,0.17,0.19,,0.08,0.09,0.18,0.2,0.2,,0.22,0.11,0.08,0.19,0.11,0.11,0.21,0.26,0.17,0.22,0.01,0.12,0.11,0.21,,0.27,0.27,,0.27,0.18,0.1,0.2,0.18,,0.11,0.11,0.22,0.28,0.18,0.11,0.09,0.2,0.23,0.2,0.1,,0.2,0.18,0.1,0.19,0.08,0.12,0.11,0.28,0.1,0.2,,0.09,0.18,0.21,0.24,0.12,0.32,,0.18,0.11,0.2,0.19,0.09,0.1
"United States Virgin Islands","Q1 2017",0.1,0.18,0.17,0.19,0.26,0.25,0.19,0.17,0.2,0.27,0.1,0.1,0.28,0.23,0.18,0.18,0.15,0.16,0.19,0.27,0.09,0.1,0.09,0.1,0.19,0.27,0.15,0.19,0.22,0.21,0.21,0.08,,0.23,0.1,0.12,0.09,0.2,0.12,0.18,0.18,0.17,0.11,,0.1,0.11,0.19,0.26,0.29,0.19,0.21,0.17,0.18,0.08,0.1,,0.09,0.18,0.1,0.23,0.17,0.18,0.18,0.1,0.1,0.22,0.19,0.09,0.19,0.01,0.27,0.28,0.17,0.2,,0.11,0.09,0.27,0.19,0.19,0.17,0.2,0.18,0.11,0.1,0.11,0.19,0.22,0.22,0.2,,0.11,0.11,0.1,0.1,0.1,0.19,0.1,0.11,0.1,0.1,0.21,0.1,0.2,0.1,0.2,0.1,0.12,0.1,0.2,0.09,0.09,0.19,0.21,0.11,0.1,0.18,0.08,0.23,,0.18,0.19,0.17,0.19,,0.08,0.1,0.17,0.2,0.19,0.09,0.21,0.11,0.08,0.19,0.11,0.19,0.2,0.26,0.11,0.21,0.01,0.11,0.11,0.2,,0.27,0.27,,0.27,0.17,0.1,0.2,0.18,,0.1,0.1,0.22,0.28,0.18,0.11,0.1,0.2,0.23,0.2,0.1,,0.2,0.18,0.1,0.19,0.08,0.18,0.17,0.28,0.1,0.2,,0.08,0.18,0.2,0.24,0.11,0.32,,0.18,0.11,0.21,0.19,0.08,0.09
"United States Virgin Islands","Q1 2018",0.09,0.11,0.18,0.19,0.26,0.26,0.19,0.19,0.2,0.27,0.1,0.1,0.28,0.23,0.18,0.19,0.15,0.16,0.2,0.27,0.09,0.1,0.1,0.1,0.18,0.28,0.15,0.19,0.22,0.21,0.21,0.08,,0.23,0.1,0.12,0.09,0.2,0.12,0.18,0.18,0.19,0.11,,0.09,0.11,0.19,0.26,0.3,0.19,0.2,0.18,0.18,0.08,0.1,,0.1,0.19,0.11,0.23,0.18,0.18,0.18,0.1,0.1,0.22,0.19,0.09,0.2,0.01,0.27,0.28,0.17,0.2,,0.11,0.09,0.27,0.18,0.19,0.17,0.2,0.19,0.12,0.11,0.11,0.19,0.22,0.29,0.2,,0.11,0.11,0.1,0.1,0.1,0.12,0.1,0.11,0.1,0.1,0.21,0.1,0.2,0.11,0.2,0.11,0.11,0.1,0.21,0.08,0.09,0.19,0.22,0.18,0.1,0.18,0.08,0.24,,0.18,0.19,0.17,0.19,,0.08,0.1,0.1,0.2,0.19,0.09,0.21,0.11,0.08,0.19,0.11,0.18,0.21,0.2,0.11,0.22,0.01,0.11,0.11,0.21,,0.27,0.27,,0.27,0.17,0.1,0.2,0.19,,0.1,0.11,0.22,0.29,0.18,0.11,0.1,0.2,0.23,0.2,0.1,,0.2,0.12,0.11,0.19,0.08,0.19,0.18,0.28,0.1,0.21,,0.08,0.19,0.21,0.24,0.11,0.32,,0.19,0.11,0.21,0.19,0.08,0.09
"United States Virgin Islands","Q1 2019",0.09,0.11,0.17,0.18,0.19,0.25,0.18,0.18,0.19,0.19,0.17,0.1,0.27,0.22,0.17,0.18,0.15,0.16,0.19,0.26,0.09,0.1,0.1,0.1,0.18,0.27,0.15,0.18,0.21,0.2,0.2,0.08,,0.22,0.1,0.11,0.09,0.19,0.11,0.17,0.18,0.18,0.11,,0.1,0.11,0.18,0.26,0.28,0.18,0.2,0.17,0.18,0.09,0.1,,0.09,0.11,0.1,0.22,0.17,0.18,0.18,0.09,0.1,0.21,0.18,0.08,0.19,0.01,0.26,0.27,0.17,0.19,,0.11,0.09,0.19,0.18,0.18,0.17,0.19,0.18,0.11,0.1,0.11,0.19,0.21,0.21,0.19,,0.11,0.11,0.01,0.1,0.1,0.11,0.1,0.11,0.11,0.1,0.21,0.1,0.2,0.16,0.19,0.1,0.11,0.1,0.2,0.09,0.09,0.19,0.2,0.17,0.1,0.18,0.08,0.23,,0.18,0.18,0.16,0.18,,0.07,0.1,0.11,0.19,0.19,0.09,0.2,0.11,0.08,0.19,0.11,0.18,0.2,0.26,0.18,0.21,0.01,0.11,0.11,0.2,,0.26,0.26,,0.26,0.17,0.1,0.2,0.17,,0.1,0.1,0.21,0.27,0.17,0.11,0.1,0.19,0.22,0.2,0.09,,0.19,0.11,0.1,0.19,0.08,0.18,0.17,0.28,0.1,0.2,0.14,0.01,0.18,0.2,0.23,0.11,0.31,,0.18,0.1,0.2,0.19,0.01,0.09
"United States Virgin Islands","Q1 2020",0.1,0.11,0.17,0.18,0.19,0.25,0.18,0.18,0.19,0.19,0.1,0.1,0.26,0.22,0.17,0.18,0.15,0.16,0.19,0.26,0.1,0.1,0.09,0.1,0.18,0.27,0.15,0.18,0.21,0.2,0.2,0.08,,0.22,0.1,0.11,0.09,0.19,0.11,0.1,0.17,0.18,0.11,,0.1,0.11,0.18,0.26,0.28,0.18,0.2,0.17,0.18,0.09,0.1,,0.09,0.11,0.1,0.22,0.17,0.18,0.18,0.09,0.1,0.21,0.18,0.09,0.19,0.01,0.26,0.27,0.17,0.19,,0.11,0.09,0.19,0.17,0.17,0.17,0.2,0.18,0.1,0.1,0.1,0.19,0.21,0.22,0.2,,0.11,0.11,0.1,0.1,0.1,0.11,0.1,0.11,0.1,0.1,0.21,0.09,0.19,0.17,0.2,0.1,0.11,0.1,0.2,0.1,0.1,0.19,0.2,0.18,0.1,0.18,0.01,0.23,,0.18,0.19,0.16,0.18,,0.07,0.1,0.1,0.19,0.19,0.09,0.2,0.11,0.08,0.18,0.11,0.18,0.2,0.25,0.18,0.21,0.01,0.11,0.11,0.19,,0.26,0.25,,0.26,0.17,0.09,0.2,0.18,,0.1,0.1,0.21,0.27,0.11,0.11,0.1,0.19,0.22,0.2,0.09,,0.19,0.11,0.1,0.19,0.08,0.18,0.17,0.28,0.1,0.2,0.14,0.01,0.18,0.2,0.23,0.11,0.3,,0.18,0.1,0.2,0.19,0.01,0.09
"United States Virgin Islands","Q1 2021",0.1,0.11,0.18,0.18,0.19,0.26,0.19,0.19,0.2,0.27,0.1,0.1,0.27,0.23,0.17,0.19,0.15,0.16,0.2,0.26,0.1,0.1,0.09,0.1,0.19,0.27,0.15,0.19,0.23,0.21,0.22,0.08,,0.24,0.1,0.12,0.09,0.2,0.12,0.11,0.18,0.19,0.11,,0.1,0.11,0.19,0.27,0.3,0.19,0.2,0.17,0.18,0.09,0.11,,0.1,0.12,0.11,0.23,0.17,0.18,0.18,0.1,0.1,0.22,0.19,0.09,0.2,0.09,0.27,0.28,0.17,0.2,,0.1,0.09,0.19,0.25,0.18,0.17,0.21,0.18,0.1,0.18,0.18,0.2,0.22,0.29,0.2,,0.11,0.11,0.1,0.1,0.1,0.12,0.1,0.11,0.11,0.1,0.22,0.1,0.2,0.18,0.21,0.1,0.11,0.1,0.22,0.1,0.1,0.19,0.21,0.19,0.11,0.18,,0.24,,0.19,0.19,0.18,0.19,0.08,0.07,0.1,0.11,0.2,0.2,0.09,0.22,0.11,0.08,0.19,0.11,0.19,0.21,0.26,0.12,0.22,0.01,0.11,0.11,0.2,,0.26,0.26,,0.27,0.18,0.09,0.21,0.18,,0.11,0.1,0.22,0.29,0.11,0.11,0.11,0.2,0.24,0.21,0.09,,0.2,0.12,0.11,0.19,0.09,0.19,0.18,0.28,0.1,0.2,0.15,0.01,0.19,0.21,0.24,0.11,0.32,,0.19,0.11,0.2,0.19,,0.09
"Uruguay","Q1 2016",0.17,0.23,0.19,0.31,0.18,0.18,0.41,0.2,0.31,0.36,0.27,0.21,0.2,0.45,0.2,0.27,0.15,0.19,0.41,0.17,0.19,0.18,0.18,0.2,0.25,0.35,0.15,0.33,0.44,0.43,0.35,,,0.42,0.19,0.29,0.09,0.26,0.27,0.29,0.2,0.21,0.26,,0.19,0.3,0.32,0.19,0.38,0.33,0.36,0.19,0.19,0.08,0.2,,0.17,0.21,0.25,0.44,0.19,0.23,0.22,0.2,0.1,0.44,0.28,0.16,0.33,0.08,0.2,0.22,0.2,0.28,,0.22,0.17,0.21,0.21,0.24,0.18,0.35,0.26,0.32,0.14,0.22,0.33,0.44,0.29,0.36,,0.3,0.23,0.18,0.2,0.2,0.33,0.19,0.23,0.23,0.21,0.43,0.19,0.34,0.18,0.2,0.18,0.31,0.2,0.42,0.16,0.17,0.17,0.42,0.22,0.22,0.29,0.09,0.44,,0.23,0.28,0.2,0.29,,0.08,0.17,0.22,0.35,0.33,,0.36,0.21,0.21,0.33,0.26,0.31,0.35,0.22,0.22,0.44,0.07,0.25,0.28,0.36,,0.18,0.2,,0.2,0.19,0.18,0.35,0.25,,0.2,0.2,0.43,0.22,0.31,0.2,0.12,0.41,0.44,0.34,0.25,,0.22,0.32,0.22,0.32,0.16,0.32,0.18,0.27,0.2,0.34,,0.09,0.29,0.35,0.44,0.23,0.45,0.18,,0.19,0.23,0.33,0.09,0.23
"Uruguay","Q1 2017",0.18,0.24,0.19,0.32,0.18,0.18,0.42,0.19,0.32,0.3,0.22,0.21,0.21,0.45,0.21,0.27,0.15,0.17,0.42,0.19,0.19,0.19,0.17,0.21,0.26,0.35,0.16,0.33,0.44,0.42,0.35,0.15,,0.42,0.17,0.31,0.09,0.26,0.28,0.3,0.22,0.19,0.26,,0.19,0.3,0.32,0.18,0.42,0.32,0.35,0.21,0.22,0.09,0.21,,0.17,0.22,0.23,0.44,0.19,0.23,0.23,0.27,0.18,0.44,0.29,0.16,0.33,0.08,0.19,0.23,0.2,0.29,,0.29,0.17,0.21,0.21,0.25,0.18,0.35,0.26,0.3,0.26,0.22,0.33,0.44,0.33,0.35,,0.3,0.24,0.18,0.13,0.19,0.34,0.19,0.21,0.22,0.21,0.42,0.19,0.34,0.19,0.23,0.2,0.29,0.19,0.41,0.16,0.17,0.18,0.43,0.22,0.21,0.25,0.08,0.44,,0.24,0.33,0.2,0.29,,0.08,0.19,0.21,0.34,0.32,0.17,0.42,0.21,0.21,0.33,0.26,0.32,0.35,0.23,0.27,0.43,0.07,0.29,0.29,0.34,,0.19,0.2,,0.2,0.19,0.18,0.34,0.33,,0.19,0.27,0.43,0.23,0.3,0.2,0.12,0.39,0.45,0.34,0.24,,0.21,0.32,0.23,0.32,0.16,0.31,0.19,0.24,0.18,0.35,,0.09,0.31,0.34,0.45,0.23,0.45,0.18,,0.19,0.23,0.32,0.09,0.12
"Uruguay","Q1 2018",0.17,0.23,0.2,0.3,0.19,0.18,0.43,0.21,0.31,0.31,0.27,0.22,0.21,0.46,0.21,0.28,0.15,0.17,0.44,0.19,0.18,0.19,0.19,0.2,0.26,0.35,0.16,0.34,0.45,0.43,0.36,0.15,,0.43,0.18,0.3,0.09,0.26,0.27,0.3,0.22,0.21,0.25,,0.17,0.31,0.33,0.19,0.43,0.34,0.36,0.22,0.23,0.09,0.2,,0.17,0.22,0.23,0.45,0.2,0.23,0.23,0.27,0.18,0.45,0.28,0.16,0.35,0.08,0.19,0.23,0.2,0.3,,0.29,0.18,0.23,0.21,0.25,0.18,0.35,0.31,0.32,0.29,0.23,0.33,0.45,0.34,0.36,,0.32,0.24,0.18,0.14,0.2,0.33,0.18,0.23,0.24,0.2,0.44,0.19,0.42,0.19,0.23,0.24,0.29,0.19,0.42,0.16,0.16,0.18,0.45,0.22,0.22,0.24,0.08,0.45,,0.24,0.32,0.2,0.28,,0.08,0.18,0.2,0.35,0.33,0.17,0.43,0.21,0.21,0.34,0.26,0.32,0.43,0.22,0.3,0.44,0.07,0.29,0.3,0.35,,0.2,0.2,,0.2,0.19,0.18,0.35,0.35,,0.19,0.28,0.45,0.23,0.3,0.21,0.11,0.4,0.46,0.35,0.22,,0.22,0.32,0.22,0.33,0.16,0.32,0.2,0.25,0.2,0.36,,0.09,0.31,0.35,0.46,0.24,0.46,0.19,,0.19,0.23,0.33,0.09,0.1
"Uruguay","Q1 2019",0.17,0.22,0.19,0.28,0.18,0.17,0.41,0.21,0.31,0.37,0.27,0.21,0.2,0.43,0.21,0.27,0.15,0.17,0.41,0.19,0.19,0.19,0.19,0.21,0.29,0.34,0.16,0.33,0.43,0.41,0.35,0.15,,0.41,0.18,0.28,0.09,0.25,0.26,0.29,0.21,0.21,0.25,,0.19,0.3,0.32,0.19,0.41,0.33,0.34,0.21,0.22,0.1,0.21,,0.17,0.21,0.23,0.43,0.19,0.21,0.23,0.18,0.18,0.43,0.27,0.16,0.33,0.08,0.19,0.23,0.19,0.29,,0.21,0.17,0.22,0.21,0.23,0.18,0.34,0.3,0.25,0.27,0.23,0.32,0.43,0.34,0.33,,0.3,0.27,0.08,0.21,0.21,0.32,0.19,0.23,0.28,0.2,0.42,0.19,0.4,0.18,0.22,0.2,0.3,0.19,0.41,0.17,0.16,0.18,0.42,0.21,0.2,0.24,0.08,0.43,,0.22,0.3,0.19,0.28,,0.07,0.18,0.21,0.33,0.32,0.16,0.34,0.21,0.22,0.33,0.26,0.32,0.42,0.22,0.31,0.43,0.07,0.25,0.29,0.34,,0.19,0.19,,0.19,0.19,0.18,0.34,0.25,,0.2,0.19,0.43,0.22,0.29,0.21,0.12,0.4,0.44,0.34,0.13,,0.22,0.31,0.22,0.32,0.16,0.31,0.19,0.24,0.19,0.34,0.15,0.08,0.31,0.34,0.44,0.27,0.44,0.18,,0.19,0.22,0.32,0.08,0.1
"Uruguay","Q1 2020",0.19,0.23,0.2,0.32,0.18,0.18,0.41,0.2,0.31,0.39,0.13,0.21,0.2,0.44,0.2,0.26,0.15,0.17,0.42,0.19,0.19,0.19,0.17,0.2,0.24,0.35,0.16,0.32,0.44,0.42,0.35,0.15,,0.42,0.19,0.31,0.09,0.28,0.27,0.29,0.2,0.2,0.25,,0.18,0.31,0.32,0.19,0.41,0.33,0.35,0.2,0.22,0.1,0.21,,0.17,0.21,0.22,0.44,0.19,0.23,0.23,0.18,0.18,0.43,0.32,0.17,0.34,0.08,0.2,0.26,0.2,0.28,,0.21,0.17,0.21,0.21,0.22,0.18,0.35,0.31,0.23,0.3,0.21,0.33,0.43,0.33,0.34,,0.3,0.24,0.18,0.21,0.21,0.32,0.19,0.23,0.23,0.2,0.43,0.19,0.4,0.19,0.25,0.19,0.31,0.19,0.42,0.17,0.18,0.18,0.42,0.22,0.21,0.24,0.08,0.44,,0.22,0.3,0.19,0.28,,0.07,0.18,0.2,0.34,0.34,0.16,0.35,0.21,0.22,0.32,0.25,0.32,0.41,0.22,0.31,0.44,0.07,0.28,0.29,0.3,,0.19,0.19,,0.19,0.2,0.17,0.35,0.25,,0.2,0.18,0.44,0.22,0.3,0.2,0.13,0.41,0.44,0.34,0.13,,0.21,0.31,0.21,0.32,0.16,0.31,0.18,0.24,0.18,0.34,0.15,0.08,0.31,0.35,0.44,0.24,0.45,0.18,,0.19,0.21,0.33,0.08,0.12
"Uruguay","Q1 2021",0.17,0.23,0.2,0.29,0.18,0.18,0.42,0.21,0.32,0.39,0.27,0.21,0.21,0.44,0.2,0.28,0.15,0.17,0.42,0.18,0.19,0.19,0.16,0.21,0.26,0.34,0.15,0.32,0.44,0.42,0.35,0.15,,0.42,0.11,0.28,0.09,0.28,0.27,0.29,0.2,0.21,0.25,,0.18,0.31,0.31,0.19,0.41,0.33,0.34,0.2,0.22,0.11,0.2,,0.18,0.21,0.23,0.44,0.19,0.23,0.22,0.18,0.18,0.43,0.33,0.17,0.34,0.1,0.2,0.26,0.2,0.31,,0.19,0.16,0.21,0.21,0.22,0.19,0.35,0.26,0.27,0.3,0.22,0.33,0.43,0.34,0.34,,0.3,0.24,0.18,0.13,0.2,0.32,0.18,0.22,0.23,0.11,0.43,0.19,0.33,0.19,0.26,0.2,0.28,0.11,0.42,0.18,0.17,0.18,0.42,0.25,0.21,0.24,,0.44,,0.22,0.3,0.22,0.28,0.09,0.07,0.18,0.2,0.34,0.34,0.16,0.35,0.22,0.22,0.32,0.23,0.33,0.42,0.22,0.31,0.43,0.07,0.27,0.29,0.3,,0.18,0.19,,0.19,0.2,0.17,0.35,0.32,,0.19,0.18,0.44,0.22,0.29,0.2,0.13,0.4,0.44,0.35,0.12,,0.22,0.31,0.21,0.33,0.16,0.32,0.2,0.24,0.18,0.34,0.15,0.08,0.31,0.35,0.44,0.24,0.45,0.19,,0.19,0.2,0.32,,0.11
"Vanuatu","Q1 2016",0.1,0.12,0.27,0.2,0.1,0.1,0.2,0.12,0.29,0.21,0.19,0.18,0.12,0.25,0.12,0.2,0.08,0.11,0.2,0.1,0.17,0.11,0.1,0.19,0.2,0.22,0.08,0.2,0.32,0.23,0.3,,,0.22,0.11,0.2,0.17,0.13,0.2,0.19,0.12,0.12,0.12,,0.11,0.19,0.21,0.11,0.21,0.2,0.22,0.11,0.11,0.08,0.11,,0.1,0.29,0.2,0.24,0.11,0.27,0.12,0.12,0.1,0.23,0.2,0.09,0.21,0.08,0.12,0.13,0.26,0.2,,0.12,0.1,0.12,0.12,0.12,0.11,0.22,0.2,0.2,0.11,0.12,0.2,0.23,0.22,0.31,,0.19,0.2,0.26,0.11,0.11,0.2,0.11,0.12,0.11,0.12,0.24,0.11,0.21,0.27,0.12,0.1,0.21,0.11,0.22,0.16,0.1,0.09,0.22,0.19,0.18,0.2,0.16,0.24,,0.3,0.3,0.11,0.21,,0.14,0.17,0.19,0.22,0.21,,0.23,0.27,0.08,0.2,0.21,0.19,0.21,0.12,0.19,0.32,0.07,0.2,0.19,0.22,,0.11,0.12,,0.12,0.27,0.11,0.22,0.12,,0.12,0.12,0.24,0.13,0.2,0.29,0.11,0.22,0.24,0.22,0.18,,0.12,0.19,0.11,0.22,0.16,0.2,0.27,0.21,0.11,0.21,,0.24,0.2,0.22,0.24,0.2,0.25,0.11,0.19,,0.13,0.21,0.24,0.18
"Vanuatu","Q1 2017",0.1,0.12,0.27,0.2,0.11,0.1,0.2,0.11,0.29,0.2,0.11,0.18,0.12,0.24,0.12,0.2,0.08,0.1,0.2,0.11,0.17,0.11,0.1,0.19,0.2,0.22,0.08,0.2,0.32,0.23,0.31,0.15,,0.23,0.1,0.2,0.16,0.13,0.2,0.19,0.12,0.11,0.12,,0.1,0.19,0.2,0.11,0.21,0.2,0.22,0.11,0.12,0.08,0.11,,0.1,0.28,0.12,0.24,0.11,0.27,0.12,0.11,0.1,0.23,0.2,0.09,0.2,0.08,0.11,0.13,0.27,0.2,,0.12,0.1,0.12,0.12,0.12,0.1,0.22,0.2,0.2,0.18,0.12,0.21,0.23,0.22,0.31,,0.19,0.19,0.26,0.11,0.11,0.2,0.11,0.11,0.11,0.18,0.23,0.11,0.21,0.27,0.12,0.11,0.2,0.11,0.21,0.17,0.1,0.1,0.22,0.19,0.18,0.19,0.15,0.24,,0.29,0.29,0.11,0.2,,0.14,0.26,0.11,0.21,0.2,0.17,0.22,0.27,0.08,0.21,0.21,0.2,0.21,0.12,0.19,0.32,0.07,0.2,0.19,0.22,,0.11,0.11,,0.12,0.26,0.11,0.22,0.12,,0.11,0.11,0.24,0.13,0.19,0.28,0.11,0.21,0.23,0.22,0.11,,0.11,0.19,0.11,0.22,0.16,0.2,0.27,0.13,0.1,0.21,,0.16,0.19,0.22,0.24,0.19,0.25,0.11,0.19,,0.13,0.21,0.16,0.1
"Vanuatu","Q1 2018",0.1,0.11,0.27,0.2,0.1,0.11,0.2,0.12,0.29,0.2,0.18,0.18,0.12,0.24,0.12,0.2,0.08,0.1,0.2,0.11,0.17,0.11,0.11,0.18,0.19,0.21,0.08,0.2,0.31,0.23,0.3,0.15,,0.22,0.1,0.2,0.16,0.13,0.19,0.19,0.12,0.12,0.12,,0.09,0.19,0.2,0.1,0.21,0.2,0.22,0.11,0.12,0.08,0.11,,0.1,0.28,0.11,0.23,0.11,0.27,0.12,0.11,0.11,0.23,0.19,0.08,0.21,0.08,0.11,0.13,0.19,0.2,,0.12,0.1,0.12,0.11,0.12,0.1,0.21,0.2,0.19,0.19,0.12,0.2,0.23,0.21,0.3,,0.19,0.19,0.25,0.11,0.11,0.2,0.1,0.12,0.11,0.11,0.23,0.11,0.2,0.27,0.12,0.18,0.19,0.11,0.21,0.16,0.09,0.1,0.22,0.12,0.18,0.19,0.15,0.23,,0.28,0.28,0.11,0.2,,0.15,0.18,0.1,0.21,0.2,0.16,0.22,0.27,0.08,0.2,0.2,0.19,0.21,0.12,0.19,0.31,0.07,0.19,0.19,0.21,,0.11,0.11,,0.11,0.26,0.1,0.21,0.19,,0.11,0.11,0.24,0.13,0.19,0.28,0.11,0.21,0.23,0.21,0.11,,0.12,0.19,0.11,0.22,0.16,0.2,0.27,0.13,0.1,0.21,,0.15,0.2,0.21,0.24,0.19,0.25,0.11,0.19,,0.12,0.21,0.15,0.1
"Vanuatu","Q1 2019",0.09,0.11,0.27,0.2,0.1,0.1,0.2,0.12,0.29,0.2,0.18,0.18,0.12,0.23,0.11,0.2,0.08,0.09,0.2,0.11,0.18,0.11,0.11,0.18,0.19,0.21,0.08,0.2,0.31,0.22,0.3,0.15,,0.22,0.11,0.19,0.16,0.12,0.19,0.18,0.12,0.12,0.12,,0.1,0.19,0.2,0.1,0.21,0.2,0.21,0.11,0.12,0.09,0.11,,0.09,0.28,0.11,0.23,0.11,0.27,0.12,0.1,0.1,0.22,0.2,0.08,0.21,0.08,0.11,0.12,0.18,0.2,,0.11,0.09,0.12,0.12,0.12,0.1,0.21,0.2,0.19,0.19,0.12,0.2,0.22,0.21,0.29,,0.19,0.19,0.15,0.18,0.11,0.19,0.11,0.12,0.19,0.11,0.23,0.11,0.21,0.17,0.12,0.11,0.2,0.11,0.21,0.17,0.09,0.1,0.21,0.12,0.17,0.19,0.15,0.23,,0.28,0.28,0.11,0.2,,0.14,0.18,0.11,0.2,0.2,0.16,0.22,0.27,0.08,0.21,0.2,0.2,0.21,0.12,0.19,0.31,0.07,0.19,0.19,0.21,,0.11,0.11,,0.11,0.27,0.1,0.21,0.12,,0.11,0.11,0.24,0.12,0.19,0.28,0.11,0.21,0.23,0.21,0.1,,0.12,0.19,0.11,0.21,0.15,0.2,0.27,0.13,0.1,0.21,0.08,0.15,0.19,0.21,0.23,0.19,0.24,0.1,0.19,,0.12,0.2,0.15,0.1
"Vanuatu","Q1 2020",0.1,0.12,0.27,0.2,0.1,0.1,0.19,0.11,0.29,0.2,0.11,0.18,0.11,0.23,0.11,0.19,0.08,0.1,0.2,0.11,0.18,0.11,0.09,0.19,0.12,0.22,0.08,0.2,0.31,0.23,0.3,0.15,,0.22,0.11,0.19,0.17,0.13,0.2,0.19,0.11,0.11,0.12,,0.1,0.19,0.2,0.11,0.21,0.2,0.21,0.11,0.12,0.09,0.11,,0.1,0.29,0.12,0.23,0.11,0.27,0.12,0.1,0.11,0.22,0.2,0.09,0.21,0.08,0.11,0.13,0.19,0.2,,0.12,0.09,0.12,0.12,0.11,0.11,0.21,0.21,0.18,0.19,0.12,0.2,0.23,0.22,0.3,,0.19,0.19,0.25,0.18,0.11,0.2,0.11,0.12,0.11,0.12,0.23,0.11,0.2,0.26,0.12,0.11,0.2,0.11,0.21,0.18,0.1,0.1,0.22,0.12,0.19,0.19,0.15,0.24,,0.29,0.29,0.11,0.2,,0.14,0.18,0.11,0.21,0.2,0.16,0.22,0.27,0.08,0.2,0.19,0.2,0.21,0.12,0.2,0.31,0.07,0.19,0.19,0.21,,0.11,0.11,,0.11,0.27,0.1,0.21,0.12,,0.11,0.1,0.24,0.13,0.19,0.28,0.11,0.21,0.23,0.22,0.1,,0.12,0.19,0.12,0.21,0.16,0.2,0.26,0.13,0.1,0.21,0.08,0.15,0.2,0.22,0.24,0.19,0.25,0.1,0.19,,0.12,0.2,0.15,0.1
"Vanuatu","Q1 2021",0.1,0.12,0.27,0.19,0.1,0.1,0.2,0.11,0.29,0.2,0.18,0.18,0.12,0.23,0.11,0.2,0.08,0.1,0.2,0.1,0.18,0.11,0.09,0.19,0.2,0.21,0.08,0.2,0.32,0.23,0.31,0.15,,0.22,0.1,0.19,0.16,0.13,0.19,0.19,0.11,0.11,0.12,,0.1,0.19,0.2,0.11,0.21,0.2,0.21,0.11,0.12,0.1,0.11,,0.11,0.28,0.12,0.23,0.11,0.27,0.12,0.1,0.11,0.22,0.2,0.09,0.21,0.1,0.11,0.13,0.18,0.2,,0.11,0.09,0.12,0.11,0.12,0.11,0.21,0.2,0.18,0.19,0.12,0.2,0.22,0.22,0.3,,0.19,0.19,0.26,0.11,0.11,0.2,0.1,0.12,0.11,0.11,0.23,0.11,0.21,0.27,0.12,0.11,0.19,0.1,0.21,0.18,0.1,0.1,0.22,0.13,0.18,0.19,,0.24,,0.28,0.29,0.12,0.2,0.16,0.14,0.18,0.11,0.21,0.21,0.16,0.22,0.27,0.08,0.2,0.19,0.2,0.21,0.12,0.2,0.31,0.07,0.19,0.19,0.21,,0.1,0.11,,0.11,0.28,0.1,0.21,0.12,,0.11,0.1,0.24,0.13,0.19,0.28,0.12,0.21,0.23,0.22,0.1,,0.12,0.19,0.12,0.21,0.16,0.2,0.27,0.13,0.1,0.21,0.08,0.15,0.2,0.22,0.24,0.19,0.25,0.11,0.19,,0.12,0.21,,0.1
"Venezuela (Bolivarian Rep. of)","Q1 2016",0.18,0.3,0.19,0.24,0.19,0.2,0.23,0.3,0.25,0.24,0.22,0.13,0.22,0.37,0.21,0.24,0.15,0.28,0.25,0.17,0.12,0.19,0.18,0.13,0.22,0.26,0.16,0.24,0.29,0.27,0.27,,,0.35,0.18,0.22,0.1,0.32,0.23,0.23,0.22,0.3,0.23,,0.19,0.22,0.24,0.2,0.35,0.25,0.33,0.2,0.19,0.09,0.2,,0.17,0.21,0.22,0.3,0.2,0.22,0.22,0.2,0.17,0.29,0.24,0.17,0.25,0.08,0.29,0.24,0.2,0.32,,0.22,0.17,0.31,0.31,0.23,0.18,0.26,0.22,0.23,0.13,0.22,0.24,0.35,0.35,0.26,,0.23,0.22,0.11,0.2,0.2,0.32,0.19,0.23,0.21,0.2,0.28,0.12,0.26,0.12,0.21,0.18,0.23,0.2,0.34,0.09,0.17,0.18,0.27,0.21,0.13,0.22,0.09,0.36,,0.23,0.24,0.2,0.24,,0.08,0.1,0.21,0.26,0.25,,0.36,0.13,0.08,0.24,0.15,0.23,0.27,0.23,0.22,0.28,0.07,0.22,0.23,0.27,,0.2,0.29,,0.29,0.19,0.18,0.25,0.23,,0.13,0.2,0.27,0.3,0.23,0.13,0.12,0.26,0.37,0.25,0.2,,0.31,0.23,0.21,0.24,0.09,0.23,0.12,0.33,0.21,0.33,,0.09,0.24,0.26,0.37,0.22,0.38,0.2,0.23,0.13,,0.24,0.09,0.19
"Venezuela (Bolivarian Rep. of)","Q1 2017",0.18,0.3,0.19,0.23,0.28,0.2,0.23,0.27,0.25,0.25,0.2,0.12,0.3,0.36,0.22,0.23,0.15,0.24,0.24,0.28,0.11,0.19,0.17,0.13,0.23,0.26,0.16,0.24,0.28,0.26,0.26,0.08,,0.37,0.18,0.22,0.09,0.25,0.23,0.22,0.22,0.27,0.22,,0.19,0.21,0.23,0.27,0.35,0.24,0.33,0.21,0.21,0.09,0.2,,0.17,0.21,0.21,0.29,0.2,0.22,0.22,0.19,0.18,0.28,0.23,0.17,0.24,0.08,0.29,0.33,0.2,0.33,,0.21,0.17,0.3,0.24,0.24,0.18,0.25,0.21,0.22,0.13,0.22,0.24,0.35,0.34,0.26,,0.22,0.22,0.11,0.12,0.19,0.31,0.19,0.21,0.2,0.2,0.26,0.12,0.26,0.12,0.24,0.2,0.22,0.19,0.33,0.1,0.17,0.27,0.27,0.21,0.12,0.22,0.08,0.36,,0.23,0.23,0.2,0.24,,0.08,0.13,0.2,0.25,0.24,0.1,0.34,0.14,0.08,0.24,0.14,0.23,0.26,0.23,0.21,0.28,0.08,0.22,0.21,0.26,,0.29,0.22,,0.3,0.19,0.19,0.25,0.22,,0.12,0.2,0.28,0.32,0.22,0.13,0.12,0.25,0.37,0.25,0.19,,0.29,0.22,0.21,0.23,0.09,0.22,0.19,0.33,0.19,0.32,,0.09,0.22,0.25,0.37,0.22,0.39,0.21,0.23,0.13,,0.23,0.09,0.11
"Venezuela (Bolivarian Rep. of)","Q1 2018",0.1,0.2,0.19,0.22,0.27,0.2,0.23,0.28,0.23,0.23,0.12,0.12,0.3,0.34,0.21,0.22,0.15,0.24,0.24,0.28,0.11,0.12,0.19,0.12,0.22,0.25,0.16,0.23,0.27,0.25,0.25,0.08,,0.35,0.17,0.22,0.09,0.24,0.22,0.21,0.22,0.28,0.21,,0.1,0.21,0.22,0.27,0.34,0.23,0.24,0.2,0.21,0.09,0.19,,0.17,0.21,0.2,0.28,0.2,0.21,0.21,0.19,0.11,0.26,0.22,0.16,0.23,0.08,0.28,0.32,0.19,0.24,,0.2,0.17,0.3,0.21,0.23,0.18,0.24,0.21,0.21,0.2,0.21,0.22,0.26,0.33,0.24,,0.21,0.21,0.11,0.12,0.2,0.22,0.18,0.21,0.2,0.19,0.25,0.12,0.24,0.12,0.24,0.2,0.21,0.19,0.31,0.09,0.09,0.26,0.26,0.21,0.12,0.21,0.08,0.35,,0.22,0.23,0.2,0.22,,0.08,0.11,0.19,0.23,0.23,0.1,0.32,0.13,0.08,0.23,0.14,0.22,0.24,0.23,0.14,0.26,0.07,0.21,0.21,0.24,,0.29,0.22,,0.29,0.19,0.17,0.24,0.22,,0.12,0.2,0.26,0.32,0.2,0.13,0.11,0.23,0.35,0.24,0.12,,0.29,0.22,0.2,0.23,0.09,0.22,0.19,0.32,0.18,0.24,,0.09,0.22,0.24,0.34,0.21,0.36,0.21,0.23,0.12,,0.22,0.09,0.1
"Venezuela (Bolivarian Rep. of)","Q1 2019",0.17,0.2,0.19,0.22,0.27,0.19,0.23,0.29,0.24,0.23,0.2,0.12,0.3,0.35,0.21,0.22,0.15,0.24,0.25,0.28,0.12,0.12,0.18,0.12,0.22,0.25,0.16,0.31,0.27,0.26,0.26,0.08,,0.35,0.18,0.22,0.09,0.24,0.22,0.2,0.22,0.29,0.21,,0.19,0.21,0.23,0.28,0.35,0.24,0.24,0.21,0.21,0.1,0.2,,0.17,0.14,0.2,0.28,0.2,0.21,0.21,0.18,0.11,0.27,0.22,0.16,0.23,0.08,0.28,0.32,0.19,0.24,,0.2,0.17,0.29,0.29,0.22,0.18,0.24,0.21,0.21,0.13,0.21,0.23,0.27,0.33,0.24,,0.21,0.21,0.02,0.13,0.2,0.22,0.19,0.21,0.21,0.19,0.25,0.12,0.25,0.17,0.23,0.19,0.22,0.19,0.32,0.1,0.09,0.27,0.26,0.2,0.12,0.22,0.09,0.36,,0.22,0.23,0.19,0.23,,0.07,0.11,0.2,0.23,0.23,0.1,0.33,0.14,0.08,0.31,0.14,0.22,0.26,0.23,0.21,0.27,0.01,0.21,0.14,0.24,,0.29,0.21,,0.28,0.19,0.18,0.24,0.21,,0.13,0.19,0.27,0.31,0.2,0.14,0.12,0.23,0.35,0.24,0.12,,0.29,0.22,0.2,0.23,0.09,0.22,0.19,0.32,0.18,0.24,0.15,0.02,0.22,0.24,0.36,0.21,0.38,0.2,0.22,0.12,,0.23,0.02,0.11
"Venezuela (Bolivarian Rep. of)","Q1 2020",0.11,0.2,0.19,0.22,0.26,0.2,0.22,0.28,0.23,0.22,0.12,0.12,0.29,0.34,0.2,0.21,0.15,0.24,0.24,0.28,0.11,0.12,0.1,0.12,0.21,0.25,0.15,0.22,0.26,0.24,0.25,0.08,,0.34,0.19,0.21,0.09,0.23,0.21,0.13,0.2,0.28,0.2,,0.18,0.2,0.21,0.28,0.33,0.22,0.23,0.2,0.21,0.1,0.2,,0.17,0.13,0.2,0.26,0.19,0.21,0.21,0.11,0.11,0.25,0.21,0.16,0.23,0.08,0.28,0.31,0.19,0.22,,0.2,0.1,0.29,0.21,0.2,0.18,0.23,0.21,0.19,0.13,0.2,0.22,0.25,0.32,0.23,,0.13,0.13,0.11,0.12,0.2,0.21,0.12,0.2,0.2,0.19,0.24,0.11,0.23,0.18,0.23,0.18,0.21,0.19,0.31,0.1,0.11,0.26,0.24,0.2,0.12,0.2,0.02,0.34,,0.21,0.22,0.19,0.22,,0.07,0.11,0.19,0.23,0.22,0.09,0.32,0.13,0.09,0.22,0.13,0.22,0.23,0.22,0.21,0.25,0.01,0.21,0.13,0.23,,0.28,0.2,,0.28,0.19,0.1,0.23,0.21,,0.12,0.11,0.25,0.3,0.13,0.13,0.12,0.22,0.27,0.23,0.11,,0.29,0.21,0.2,0.22,0.09,0.21,0.18,0.31,0.11,0.23,0.15,0.02,0.21,0.24,0.35,0.13,0.36,0.2,0.21,0.12,,0.22,0.02,0.11
"Venezuela (Bolivarian Rep. of)","Q1 2021",0.1,0.13,0.19,0.2,0.26,0.19,0.21,0.27,0.21,0.22,0.12,0.12,0.28,0.25,0.19,0.2,0.15,0.24,0.22,0.26,0.11,0.11,0.09,0.11,0.2,0.23,0.15,0.21,0.25,0.23,0.23,0.08,,0.32,0.11,0.13,0.09,0.22,0.13,0.12,0.2,0.27,0.12,,0.1,0.13,0.2,0.27,0.32,0.21,0.22,0.19,0.2,0.1,0.12,,0.11,0.13,0.12,0.25,0.18,0.2,0.19,0.11,0.11,0.23,0.21,0.09,0.22,0.1,0.28,0.3,0.18,0.21,,0.11,0.09,0.2,0.2,0.2,0.18,0.22,0.19,0.11,0.19,0.19,0.21,0.24,0.3,0.22,,0.13,0.13,0.11,0.11,0.12,0.14,0.11,0.13,0.12,0.11,0.23,0.11,0.22,0.18,0.22,0.12,0.12,0.11,0.3,0.1,0.1,0.26,0.23,0.2,0.12,0.2,,0.26,,0.2,0.21,0.2,0.21,0.09,0.07,0.11,0.11,0.21,0.21,0.09,0.3,0.13,0.08,0.21,0.12,0.21,0.22,0.21,0.13,0.24,0.01,0.13,0.13,0.22,,0.26,0.19,,0.27,0.19,0.1,0.22,0.2,,0.12,0.11,0.24,0.29,0.12,0.13,0.12,0.21,0.26,0.22,0.1,,0.21,0.13,0.12,0.21,0.09,0.2,0.19,0.3,0.1,0.22,0.15,0.01,0.21,0.22,0.26,0.13,0.34,0.2,0.2,0.12,,0.21,,0.11
"Viet Nam","Q1 2016",0.19,0.25,0.21,0.33,0.18,0.19,0.34,0.22,0.44,0.31,0.29,0.3,0.21,0.55,0.21,0.29,0.15,0.19,0.35,0.18,0.2,0.2,0.18,0.29,0.26,0.48,0.16,0.35,0.6,0.58,0.56,,,0.42,0.2,0.31,0.1,0.27,0.29,0.4,0.21,0.22,0.28,,0.2,0.36,0.43,0.2,0.33,0.34,0.52,0.2,0.2,0.16,0.21,,0.18,0.24,0.35,0.54,0.2,0.25,0.23,0.21,0.18,0.54,0.3,0.17,0.46,0.09,0.21,0.23,0.22,0.3,,0.23,0.18,0.23,0.22,0.24,0.19,0.45,0.39,0.39,0.22,0.24,0.44,0.54,0.32,0.57,,0.33,0.26,0.19,0.22,0.21,0.46,0.2,0.25,0.25,0.22,0.59,0.2,0.48,0.2,0.21,0.19,0.34,0.22,0.42,0.17,0.18,0.17,0.44,0.24,0.3,0.31,0.16,0.53,,0.33,0.31,0.2,0.32,,0.15,0.18,0.31,0.5,0.39,,0.43,0.3,0.08,0.35,0.36,0.37,0.42,0.22,0.24,0.59,0.08,0.28,0.31,0.51,,0.19,0.21,,0.21,0.21,0.19,0.52,0.27,,0.22,0.21,0.6,0.23,0.41,0.23,0.2,0.38,0.55,0.54,0.27,,0.23,0.38,0.24,0.48,0.17,0.34,0.2,0.28,0.21,0.42,,0.17,0.39,0.52,0.54,0.26,0.56,0.19,0.33,0.21,0.24,,0.17,0.25
"Viet Nam","Q1 2017",0.19,0.24,0.2,0.32,0.19,0.18,0.33,0.19,0.43,0.38,0.23,0.29,0.22,0.53,0.21,0.28,0.15,0.17,0.33,0.19,0.2,0.2,0.1,0.29,0.27,0.48,0.16,0.35,0.58,0.56,0.55,0.16,,0.4,0.18,0.31,0.09,0.26,0.28,0.4,0.21,0.19,0.28,,0.2,0.34,0.36,0.19,0.36,0.33,0.5,0.21,0.23,0.09,0.21,,0.18,0.23,0.24,0.52,0.19,0.24,0.23,0.19,0.18,0.52,0.29,0.16,0.46,0.08,0.19,0.23,0.22,0.3,,0.22,0.1,0.22,0.22,0.25,0.19,0.52,0.39,0.33,0.27,0.23,0.45,0.52,0.34,0.56,,0.34,0.26,0.19,0.21,0.2,0.37,0.12,0.21,0.22,0.21,0.56,0.2,0.39,0.2,0.22,0.2,0.34,0.2,0.39,0.17,0.17,0.18,0.44,0.22,0.3,0.26,0.08,0.52,,0.25,0.35,0.2,0.3,,0.08,0.21,0.21,0.48,0.43,0.18,0.41,0.23,0.08,0.36,0.36,0.37,0.41,0.23,0.28,0.57,0.08,0.31,0.3,0.45,,0.2,0.2,,0.21,0.2,0.19,0.5,0.26,,0.21,0.2,0.57,0.23,0.41,0.22,0.2,0.37,0.46,0.53,0.25,,0.21,0.37,0.24,0.47,0.16,0.33,0.21,0.24,0.19,0.42,,0.09,0.32,0.5,0.53,0.25,0.54,0.19,0.32,0.21,0.23,,0.09,0.19
"Viet Nam","Q1 2018",0.18,0.23,0.21,0.3,0.19,0.19,0.34,0.21,0.42,0.39,0.31,0.3,0.22,0.53,0.21,0.29,0.15,0.17,0.34,0.2,0.19,0.2,0.19,0.28,0.26,0.49,0.16,0.36,0.59,0.57,0.56,0.16,,0.41,0.18,0.3,0.09,0.27,0.27,0.4,0.22,0.21,0.26,,0.1,0.33,0.36,0.19,0.37,0.35,0.49,0.21,0.23,0.09,0.21,,0.18,0.24,0.24,0.52,0.2,0.24,0.23,0.19,0.19,0.52,0.28,0.17,0.42,0.08,0.19,0.23,0.21,0.3,,0.22,0.11,0.22,0.21,0.25,0.19,0.52,0.45,0.37,0.3,0.23,0.46,0.52,0.35,0.55,,0.34,0.26,0.19,0.21,0.21,0.37,0.11,0.25,0.25,0.21,0.57,0.2,0.46,0.21,0.23,0.24,0.33,0.2,0.41,0.16,0.17,0.18,0.44,0.23,0.3,0.25,0.08,0.52,,0.25,0.34,0.2,0.29,,0.15,0.19,0.2,0.47,0.45,0.18,0.41,0.29,0.08,0.37,0.38,0.35,0.41,0.22,0.34,0.59,0.08,0.3,0.32,0.45,,0.2,0.21,,0.2,0.2,0.18,0.49,0.28,,0.21,0.21,0.58,0.23,0.41,0.23,0.19,0.38,0.46,0.52,0.23,,0.22,0.35,0.23,0.47,0.17,0.34,0.21,0.25,0.2,0.49,,0.09,0.4,0.5,0.52,0.26,0.54,0.19,0.33,0.21,0.22,,0.09,0.17
"Viet Nam","Q1 2019",0.18,0.23,0.2,0.29,0.18,0.18,0.33,0.21,0.35,0.38,0.29,0.23,0.21,0.54,0.22,0.35,0.15,0.17,0.33,0.19,0.2,0.2,0.19,0.28,0.3,0.48,0.16,0.36,0.61,0.57,0.58,0.16,,0.39,0.19,0.29,0.09,0.26,0.28,0.39,0.21,0.21,0.27,,0.19,0.36,0.35,0.19,0.36,0.34,0.5,0.21,0.23,0.17,0.22,,0.18,0.23,0.24,0.54,0.19,0.23,0.24,0.12,0.19,0.53,0.35,0.16,0.43,0.08,0.2,0.23,0.21,0.3,,0.23,0.1,0.22,0.21,0.24,0.19,0.5,0.44,0.27,0.3,0.24,0.45,0.54,0.34,0.55,,0.35,0.29,0.09,0.23,0.21,0.39,0.2,0.24,0.28,0.2,0.59,0.2,0.48,0.18,0.23,0.2,0.34,0.19,0.4,0.18,0.17,0.18,0.45,0.22,0.28,0.32,0.09,0.54,,0.24,0.33,0.19,0.29,,0.08,0.19,0.21,0.44,0.36,0.17,0.4,0.23,0.08,0.36,0.38,0.38,0.44,0.23,0.36,0.6,0.08,0.27,0.31,0.45,,0.2,0.2,,0.2,0.21,0.19,0.51,0.25,,0.22,0.19,0.59,0.23,0.4,0.22,0.2,0.39,0.48,0.54,0.2,,0.22,0.37,0.22,0.49,0.16,0.41,0.21,0.25,0.19,0.49,0.15,0.09,0.39,0.52,0.54,0.29,0.56,0.19,0.32,0.2,0.23,,0.09,0.18
"Viet Nam","Q1 2020",0.19,0.23,0.2,0.32,0.18,0.18,0.32,0.21,0.34,0.39,0.2,0.3,0.2,0.51,0.2,0.27,0.15,0.17,0.34,0.19,0.27,0.19,0.17,0.28,0.24,0.48,0.16,0.35,0.58,0.56,0.55,0.15,,0.39,0.19,0.31,0.1,0.29,0.28,0.32,0.2,0.21,0.26,,0.19,0.34,0.34,0.2,0.36,0.36,0.41,0.2,0.22,0.17,0.22,,0.17,0.22,0.23,0.5,0.19,0.24,0.24,0.11,0.18,0.5,0.35,0.17,0.46,0.08,0.2,0.26,0.21,0.29,,0.22,0.17,0.21,0.21,0.22,0.19,0.49,0.46,0.25,0.33,0.22,0.38,0.5,0.33,0.54,,0.34,0.25,0.19,0.22,0.22,0.37,0.12,0.24,0.23,0.21,0.55,0.2,0.37,0.2,0.25,0.19,0.34,0.2,0.41,0.18,0.18,0.18,0.42,0.23,0.29,0.25,0.08,0.5,,0.23,0.32,0.19,0.28,,0.07,0.19,0.2,0.4,0.38,0.17,0.47,0.22,0.09,0.36,0.35,0.36,0.46,0.22,0.34,0.57,0.07,0.29,0.3,0.39,,0.19,0.19,,0.2,0.2,0.17,0.47,0.25,,0.21,0.12,0.56,0.22,0.34,0.21,0.2,0.37,0.44,0.5,0.2,,0.21,0.35,0.22,0.49,0.16,0.34,0.19,0.24,0.18,0.41,0.15,0.09,0.31,0.49,0.51,0.25,0.52,0.19,0.33,0.2,0.22,,0.09,0.19
"Viet Nam","Q1 2021",0.17,0.23,0.21,0.28,0.18,0.18,0.33,0.21,0.42,0.4,0.3,0.31,0.21,0.57,0.2,0.28,0.15,0.17,0.34,0.18,0.26,0.19,0.1,0.29,0.27,0.47,0.16,0.35,0.65,0.63,0.62,0.16,,0.41,0.19,0.28,0.09,0.29,0.27,0.32,0.2,0.21,0.25,,0.18,0.38,0.34,0.2,0.36,0.36,0.47,0.2,0.22,0.18,0.21,,0.19,0.22,0.23,0.5,0.19,0.24,0.22,0.18,0.18,0.56,0.36,0.17,0.51,0.1,0.2,0.26,0.21,0.32,,0.19,0.1,0.21,0.21,0.23,0.19,0.5,0.38,0.3,0.42,0.22,0.39,0.49,0.34,0.61,,0.34,0.25,0.19,0.22,0.21,0.39,0.18,0.23,0.23,0.19,0.62,0.19,0.44,0.2,0.26,0.2,0.32,0.19,0.4,0.19,0.18,0.18,0.55,0.26,0.29,0.24,,0.57,,0.23,0.33,0.22,0.28,0.09,0.07,0.19,0.21,0.52,0.46,0.17,0.47,0.23,0.09,0.35,0.34,0.41,0.44,0.22,0.37,0.63,0.08,0.28,0.3,0.4,,0.18,0.19,,0.2,0.21,0.1,0.55,0.26,,0.21,0.18,0.63,0.22,0.33,0.22,0.21,0.38,0.51,0.58,0.19,,0.21,0.39,0.21,0.55,0.17,0.35,0.21,0.24,0.18,0.44,0.15,0.08,0.33,0.56,0.57,0.25,0.59,0.19,0.32,0.21,0.21,,,0.18
"Wallis and Futuna Islands","Q1 2016",0.02,0.09,0.17,0.1,0.09,0.09,0.09,0.09,0.18,0.1,0.09,0.09,0.09,0.19,0.09,0.1,0.07,0.09,0.1,0.08,0.08,0.02,0.02,0.09,0.1,0.17,0.08,0.09,0.19,0.18,0.18,,,0.17,0.09,0.1,0.15,0.1,0.1,0.09,0.09,0.09,0.09,,0.09,0.09,0.1,0.09,0.1,0.1,0.11,0.08,0.09,0.01,0.09,,0.08,0.24,0.09,0.19,0.09,0.17,0.09,0.09,0.02,0.11,0.1,0.08,0.1,0.01,0.09,0.1,0.16,0.1,,0.09,0.02,0.09,0.09,0.09,0.09,0.11,0.16,0.1,0.02,0.09,0.1,0.11,0.17,0.18,,0.09,0.1,0.23,0.08,0.09,0.1,0.09,0.09,0.09,0.09,0.18,0.08,0.1,0.23,0.09,0.08,0.1,0.09,0.11,0.15,0.02,0.08,0.11,0.09,0.09,0.09,0.15,0.18,,0.24,0.24,0.08,0.1,,0.07,0.15,0.09,0.1,0.1,,0.18,0.16,0.01,0.1,0.16,0.09,0.1,0.09,0.09,0.19,0,0.1,0.09,0.11,,0.09,0.09,,0.09,0.17,0.09,0.1,0.09,,0.09,0.09,0.18,0.1,0.09,0.17,0.02,0.1,0.12,0.1,0.09,,0.09,0.09,0.09,0.17,0.08,0.1,0.17,0.1,0.09,0.1,,0.23,0.1,0.11,0.19,0.09,0.19,0.09,0.09,0.24,0.09,0.17,,0.09
"Wallis and Futuna Islands","Q1 2017",0.01,0.09,0.15,0.09,0.08,0.08,0.09,0.08,0.16,0.09,0.01,0.08,0.09,0.1,0.08,0.09,0.07,0.08,0.09,0.08,0.08,0.01,0.01,0.08,0.09,0.16,0.07,0.09,0.17,0.1,0.17,0.07,,0.1,0.01,0.09,0.14,0.09,0.09,0.09,0.08,0.08,0.02,,0.01,0.08,0.09,0.08,0.09,0.09,0.1,0.08,0.08,0.01,0.01,,0.01,0.22,0.02,0.1,0.01,0.15,0.08,0.01,0.01,0.1,0.09,0.01,0.09,0.01,0.08,0.09,0.15,0.09,,0.02,0.01,0.09,0.09,0.09,0.08,0.09,0.08,0.09,0.08,0.02,0.09,0.1,0.09,0.17,,0.08,0.09,0.22,0.01,0.01,0.09,0.01,0.02,0.01,0.08,0.1,0.08,0.09,0.22,0.09,0.01,0.09,0.01,0.09,0.14,0.01,0.08,0.1,0.08,0.08,0.09,0.14,0.1,,0.16,0.16,0.08,0.09,,0.07,0.15,0.08,0.09,0.09,0.08,0.09,0.15,0,0.09,0.15,0.09,0.09,0.08,0.08,0.17,0,0.09,0.08,0.09,,0.08,0.08,,0.09,0.15,0.01,0.09,0.09,,0.08,0.01,0.17,0.09,0.09,0.15,0.01,0.09,0.1,0.09,0.08,,0.08,0.09,0.01,0.16,0.07,0.09,0.16,0.09,0.01,0.09,,0.21,0.08,0.09,0.1,0.09,0.17,0.08,0.09,0.16,0.09,0.09,,0.01
"Wallis and Futuna Islands","Q1 2018",0.01,0.02,0.15,0.09,0.08,0.08,0.09,0.08,0.16,0.09,0.08,0.08,0.09,0.1,0.08,0.09,0.07,0.08,0.09,0.08,0.08,0.01,0.01,0.08,0.09,0.16,0.07,0.09,0.17,0.17,0.17,0.07,,0.1,0.01,0.09,0.14,0.09,0.09,0.08,0.08,0.08,0.02,,0.01,0.08,0.09,0.08,0.1,0.09,0.09,0.08,0.08,0.01,0.01,,0.01,0.23,0.02,0.1,0.01,0.15,0.08,0.01,0.01,0.1,0.09,0.01,0.09,0.01,0.08,0.09,0.15,0.09,,0.02,0.01,0.09,0.08,0.09,0.08,0.09,0.09,0.09,0.08,0.02,0.09,0.1,0.09,0.17,,0.09,0.08,0.22,0.01,0.01,0.09,0.01,0.02,0.01,0.08,0.1,0.08,0.09,0.22,0.09,0.08,0.09,0.01,0.09,0.14,0.01,0.08,0.1,0.08,0.08,0.08,0.14,0.1,,0.16,0.16,0.08,0.09,,0.07,0.15,0.01,0.09,0.09,0.08,0.09,0.15,0,0.09,0.15,0.09,0.09,0.08,0.08,0.17,0,0.09,0.09,0.09,,0.08,0.08,,0.08,0.15,0.01,0.09,0.09,,0.08,0.02,0.17,0.09,0.08,0.15,0.01,0.09,0.1,0.09,0.08,,0.08,0.09,0.02,0.16,0.07,0.09,0.16,0.09,0.01,0.09,,0.21,0.09,0.09,0.1,0.09,0.17,0.08,0.09,0.15,0.09,0.09,,0.01
"Wallis and Futuna Islands","Q1 2019",0.01,0.02,0.15,0.09,0.01,0.01,0.09,0.01,0.16,0.09,0.08,0.08,0.02,0.1,0.01,0.09,0,0.01,0.09,0.01,0.08,0.01,0.01,0.08,0.09,0.09,0.01,0.09,0.17,0.16,0.16,0.07,,0.09,0.01,0.08,0.14,0.02,0.08,0.08,0.01,0.01,0.01,,0.01,0.08,0.09,0.02,0.09,0.09,0.09,0.01,0.02,0.01,0.01,,0.01,0.22,0.01,0.1,0.01,0.15,0.02,0.01,0.01,0.1,0.09,0.01,0.09,0.01,0.02,0.02,0.08,0.09,,0.02,0.01,0.02,0.02,0.02,0.01,0.09,0.08,0.08,0.08,0.01,0.09,0.1,0.09,0.16,,0.08,0.08,0.21,0.08,0.01,0.08,0.01,0.02,0.08,0.08,0.1,0.08,0.09,0.15,0.02,0.01,0.09,0.01,0.09,0.15,0.01,0.01,0.09,0.08,0.08,0.08,0.14,0.1,,0.15,0.15,0.01,0.09,,0.07,0.08,0.02,0.09,0.09,0.08,0.09,0.15,0,0.09,0.15,0.09,0.09,0.02,0.08,0.17,0,0.08,0.08,0.09,,0.02,0.01,,0.02,0.15,0.01,0.09,0.01,,0.08,0.01,0.17,0.02,0.08,0.15,0.01,0.09,0.1,0.09,0.01,,0.02,0.08,0.01,0.16,0.07,0.09,0.15,0.02,0.01,0.09,0,0.21,0.09,0.09,0.1,0.08,0.1,0.01,0.08,0.15,0.02,0.09,,0.01
"Wallis and Futuna Islands","Q1 2020",0.01,0.02,0.15,0.09,0.01,0.01,0.08,0.01,0.16,0.09,0.01,0.08,0.02,0.1,0.01,0.08,0,0.01,0.09,0.02,0.08,0.01,0.01,0.08,0.02,0.09,0.01,0.08,0.17,0.16,0.16,0.07,,0.09,0.01,0.08,0.14,0.02,0.09,0.08,0.01,0.01,0.01,,0.01,0.08,0.09,0.02,0.09,0.09,0.09,0.01,0.02,0.01,0.01,,0.01,0.22,0.01,0.1,0.01,0.15,0.02,0.01,0.01,0.09,0.09,0.01,0.09,0.01,0.02,0.02,0.08,0.09,,0.02,0.01,0.02,0.01,0.01,0.01,0.09,0.15,0.08,0.08,0.01,0.09,0.1,0.09,0.16,,0.08,0.08,0.22,0.08,0.01,0.08,0.01,0.02,0.01,0.08,0.1,0.08,0.09,0.15,0.02,0.01,0.09,0.01,0.09,0.15,0.01,0.01,0.09,0.08,0.08,0.08,0.14,0.1,,0.15,0.15,0.01,0.09,,0.07,0.08,0.02,0.09,0.09,0.08,0.09,0.15,0.01,0.08,0.08,0.09,0.09,0.02,0.09,0.17,0,0.08,0.08,0.09,,0.02,0.01,,0.02,0.15,0.01,0.09,0.02,,0.08,0.01,0.17,0.02,0.08,0.15,0.01,0.09,0.1,0.09,0.01,,0.02,0.08,0.01,0.16,0.07,0.09,0.15,0.02,0.01,0.09,0,0.21,0.08,0.09,0.1,0.08,0.1,0.01,0.08,0.15,0.02,0.09,,0.01
"Wallis and Futuna Islands","Q1 2021",,,,,,,,,,,,,,,,,,,,,,,,,,,,,,,,,,,,,,,,,,,,,,,,,,,,,,,,,,,,,,,,,,,,,,,,,,,,,,,,,,,,,,,,,,,,,,,,,,,,,,,,,,,,,,,,,,,,,,,,,,,,,,,,,,,,,,,,,,,,,,,,,,,,,,,,,,,,,,,,,,,,,,,,,,,,,,,,,,,,,,,,,,,,,,,
"Yemen","Q1 2016",0.1,0.19,0.18,0.24,0.1,0.1,0.23,0.11,0.25,0.24,0.24,0.19,0.11,0.28,0.12,0.23,0.08,0.11,0.23,0.09,0.17,0.1,0.1,0.18,0.21,0.25,0.08,0.23,0.34,0.26,0.26,,,0.24,0.18,0.23,0.09,0.13,0.22,0.23,0.11,0.12,0.22,,0.1,0.23,0.32,0.11,0.24,0.23,0.33,0.11,0.1,0.15,0.11,,0.09,0.2,0.19,0.27,0.11,0.13,0.12,0.11,0.1,0.27,0.23,0.08,0.24,0.08,0.11,0.13,0.19,0.23,,0.12,0.1,0.12,0.12,0.12,0.1,0.33,0.21,0.25,0.19,0.19,0.25,0.27,0.23,0.26,,0.31,0.29,0.17,0.19,0.11,0.25,0.11,0.2,0.14,0.2,0.27,0.18,0.26,0.17,0.12,0.1,0.25,0.19,0.25,0.09,0.09,0.09,0.26,0.21,0.18,0.23,0.08,0.27,,0.2,0.22,0.11,0.23,,0.07,0.1,0.18,0.33,0.32,,0.25,0.19,0.07,0.23,0.22,0.23,0.25,0.13,0.2,0.27,0.07,0.23,0.23,0.26,,0.1,0.11,,0.11,0.18,0.1,0.33,0.14,,0.2,0.11,0.34,0.12,0.23,0.19,0.18,0.26,0.28,0.26,0.31,,0.12,0.23,0.2,0.26,0.15,0.24,0.18,0.22,0.18,0.25,,0.09,0.23,0.33,0.27,0.29,0.27,0.1,0.23,0.18,0.19,0.25,0.09,
"Yemen","Q1 2017",0.09,0.1,0.1,0.12,0.09,0.09,0.12,0.1,0.19,0.19,0.18,0.1,0.1,0.2,0.1,0.12,0.08,0.09,0.12,0.09,0.09,0.09,0.09,0.1,0.12,0.19,0.07,0.12,0.2,0.2,0.2,0.07,,0.13,0.09,0.12,0.01,0.11,0.12,0.19,0.1,0.1,0.11,,0.09,0.11,0.26,0.09,0.12,0.12,0.2,0.1,0.11,0.15,0.1,,0.09,0.11,0.1,0.2,0.1,0.11,0.11,0.1,0.09,0.2,0.12,0.07,0.19,0.01,0.09,0.11,0.11,0.12,,0.11,0.09,0.1,0.11,0.11,0.09,0.2,0.11,0.19,0.18,0.1,0.19,0.2,0.12,0.19,,0.19,0.19,0.09,0.18,0.09,0.19,0.1,0.09,0.11,0.17,0.2,0.1,0.19,0.09,0.11,0.1,0.19,0.1,0.12,0.08,0.09,0.08,0.2,0.18,0.09,0.12,0.01,0.2,,0.11,0.12,0.1,0.12,,0,0.1,0.09,0.26,0.19,0.08,0.12,0.1,0,0.12,0.12,0.19,0.19,0.11,0.19,0.2,0,0.19,0.11,0.19,,0.09,0.09,,0.1,0.09,0.09,0.26,0.12,,0.17,0.1,0.2,0.11,0.19,0.1,0.18,0.19,0.2,0.19,0.18,,0.09,0.12,0.11,0.19,0.08,0.12,0.1,0.11,0.09,0.19,,0.01,0.18,0.2,0.2,0.19,0.2,0.09,0.12,0.1,0.11,0.19,0.01,
"Yemen","Q1 2018",0.09,0.09,0.09,0.1,0.09,0.09,0.1,0.1,0.11,0.17,0.17,0.1,0.09,0.18,0.1,0.1,0.08,0.09,0.11,0.09,0.09,0.09,0.09,0.1,0.1,0.11,0.07,0.1,0.18,0.18,0.18,0.07,,0.11,0.09,0.1,0.01,0.1,0.1,0.17,0.1,0.1,0.1,,0.08,0.1,0.24,0.09,0.11,0.1,0.18,0.1,0.1,0.15,0.09,,0.09,0.1,0.1,0.18,0.09,0.1,0.1,0.09,0.09,0.18,0.1,0.07,0.18,0.01,0.09,0.1,0.1,0.1,,0.1,0.09,0.1,0.1,0.1,0.09,0.18,0.1,0.17,0.17,0.1,0.17,0.18,0.11,0.18,,0.17,0.17,0.09,0.1,0.1,0.17,0.09,0.17,0.1,0.1,0.18,0.1,0.18,0.09,0.1,0.1,0.1,0.1,0.18,0.07,0.08,0.08,0.18,0.17,0.1,0.1,0.01,0.18,,0.1,0.1,0.1,0.1,,0,0.09,0.09,0.18,0.18,0.08,0.11,0.1,0,0.1,0.1,0.17,0.18,0.1,0.17,0.18,0.07,0.1,0.17,0.11,,0.09,0.09,,0.09,0.09,0.09,0.24,0.1,,0.1,0.1,0.18,0.1,0.17,0.1,0.17,0.18,0.18,0.18,0.17,,0.09,0.1,0.1,0.18,0.08,0.1,0.09,0.1,0.09,0.18,,0.01,0.17,0.18,0.18,0.17,0.19,0.09,0.1,0.1,0.1,0.17,0.01,
"Yemen","Q1 2019",0.08,0.1,0.1,0.11,0.08,0.08,0.11,0.1,0.11,0.18,0.17,0.1,0.1,0.19,0.1,0.11,0.08,0.09,0.11,0.09,0.1,0.1,0.09,0.1,0.11,0.18,0.07,0.11,0.19,0.18,0.18,0.07,,0.11,0.09,0.11,0.01,0.11,0.11,0.17,0.1,0.1,0.1,,0.09,0.1,0.24,0.09,0.11,0.11,0.18,0.1,0.1,0.16,0.1,,0.09,0.1,0.1,0.19,0.09,0.1,0.1,0.1,0.09,0.18,0.11,0.07,0.18,0.01,0.09,0.1,0.1,0.11,,0.1,0.09,0.1,0.1,0.1,0.09,0.18,0.1,0.17,0.17,0.1,0.18,0.19,0.11,0.18,,0.17,0.18,0.01,0.17,0.1,0.17,0.1,0.17,0.1,0.1,0.18,0.1,0.18,0.08,0.1,0.1,0.11,0.1,0.18,0.08,0.08,0.08,0.18,0.17,0.09,0.1,0.01,0.19,,0.1,0.11,0.1,0.11,,0,0.09,0.09,0.18,0.18,0.08,0.11,0.1,0.01,0.11,0.1,0.11,0.18,0.1,0.17,0.18,0.07,0.1,0.17,0.11,,0.09,0.09,,0.09,0.1,0.09,0.25,0.1,,0.1,0.1,0.19,0.1,0.17,0.1,0.17,0.18,0.19,0.18,0.17,,0.1,0.1,0.1,0.18,0.08,0.11,0.1,0.11,0.09,0.18,0.07,0.01,0.18,0.18,0.19,0.18,0.19,0.09,0.1,0.1,0.11,0.18,0.01,
"Yemen","Q1 2020",0.1,0.11,0.1,0.12,0.09,0.09,0.12,0.1,0.12,0.19,0.18,0.11,0.1,0.21,0.1,0.19,0.08,0.09,0.12,0.09,0.1,0.11,0.09,0.1,0.12,0.2,0.07,0.12,0.21,0.2,0.2,0.07,,0.13,0.17,0.19,0.02,0.12,0.12,0.18,0.1,0.1,0.11,,0.09,0.12,0.26,0.09,0.13,0.12,0.2,0.11,0.11,0.16,0.11,,0.09,0.11,0.11,0.2,0.1,0.12,0.12,0.1,0.1,0.2,0.19,0.08,0.19,0.01,0.1,0.11,0.11,0.12,,0.11,0.09,0.1,0.11,0.11,0.1,0.2,0.12,0.18,0.18,0.11,0.19,0.2,0.12,0.2,,0.19,0.19,0.09,0.18,0.11,0.19,0.1,0.19,0.11,0.17,0.2,0.11,0.19,0.09,0.11,0.1,0.18,0.17,0.2,0.09,0.09,0.09,0.2,0.19,0.1,0.11,0.01,0.21,,0.11,0.12,0.11,0.19,,0,0.09,0.1,0.2,0.2,0.08,0.13,0.11,0.01,0.12,0.11,0.12,0.12,0.12,0.19,0.2,0.07,0.19,0.19,0.2,,0.09,0.09,,0.1,0.1,0.09,0.26,0.12,,0.18,0.1,0.2,0.11,0.18,0.1,0.25,0.2,0.21,0.2,0.18,,0.1,0.12,0.11,0.19,0.08,0.12,0.1,0.12,0.09,0.2,0.07,0.01,0.19,0.27,0.21,0.19,0.21,0.09,0.12,0.1,0.11,0.19,0.01,
"Yemen","Q1 2021",0.09,0.1,0.1,0.11,0.09,0.09,0.11,0.11,0.11,0.18,0.17,0.1,0.1,0.2,0.1,0.18,0.08,0.09,0.11,0.09,0.1,0.1,0.08,0.1,0.18,0.19,0.07,0.11,0.2,0.19,0.19,0.07,,0.12,0.16,0.18,0.01,0.11,0.11,0.17,0.1,0.11,0.11,,0.09,0.11,0.25,0.09,0.12,0.11,0.19,0.1,0.11,0.17,0.1,,0.1,0.1,0.11,0.2,0.1,0.11,0.11,0.1,0.1,0.19,0.18,0.08,0.19,0.03,0.09,0.11,0.1,0.11,,0.1,0.08,0.1,0.1,0.11,0.1,0.19,0.11,0.17,0.18,0.11,0.18,0.19,0.12,0.19,,0.18,0.18,0.09,0.17,0.1,0.18,0.1,0.18,0.1,0.1,0.19,0.1,0.19,0.1,0.11,0.1,0.18,0.17,0.19,0.09,0.09,0.09,0.19,0.19,0.1,0.11,,0.2,,0.11,0.11,0.11,0.18,0.01,0,0.09,0.09,0.19,0.19,0.08,0.12,0.11,0.01,0.11,0.11,0.11,0.19,0.11,0.18,0.19,0.07,0.18,0.18,0.19,,0.09,0.09,,0.1,0.1,0.09,0.26,0.11,,0.17,0.1,0.2,0.11,0.18,0.1,0.25,0.19,0.2,0.19,0.17,,0.1,0.11,0.1,0.18,0.08,0.18,0.1,0.11,0.09,0.19,0.07,0.01,0.18,0.26,0.2,0.18,0.2,0.09,0.11,0.1,0.11,0.18,,
